#1;Time;Voltage(V);Curent(A);Capacity(mAh);Batt.Temp(C);#2;Time;Voltage(V);Curent(A);Capacity(mAh);Batt.Temp(C);#3;Time;Voltage(V);Curent(A);Capacity(mAh);Batt.Temp(C);#4;Time;Voltage(V);Curent(A);Capacity(mAh);Batt.Temp(C)
 ;00:00:00;3.343;0.000;0.0;29.2;;;;;;;;;;;;;;;;;;
 ;00:00:01;3.315;0.000;0.0;29.2;;;;;;;;;;;;;;;;;;
 ;00:00:02;3.261;0.010;0.0;29.2;;;;;;;;;;;;;;;;;;
 ;00:00:03;3.341;0.077;0.0;29.2;;;;;;;;;;;;;;;;;;
 ;00:00:04;3.440;0.185;0.0;29.2;;;;;;;;;;;;;;;;;;
 ;00:00:05;3.563;0.369;0.1;29.2;;;;;;;;;;;;;;;;;;
 ;00:00:06;3.707;0.559;0.3;29.2;;;;;;;;;;;;;;;;;;
 ;00:00:07;3.870;0.821;0.6;29.2;;;;;;;;;;;;;;;;;;
 ;00:00:08;4.015;1.022;0.8;29.2;;;;;;;;;;;;;;;;;;
 ;00:00:09;4.091;1.101;1.1;29.2;;;;;;;;;;;;;;;;;;
 ;00:00:10;4.149;1.156;1.5;29.2;;;;;;;;;;;;;;;;;;
 ;00:00:11;4.191;1.186;1.8;29.2;;;;;;;;;;;;;;;;;;
 ;00:00:12;4.201;1.169;2.1;29.2;;;;;;;;;;;;;;;;;;
 ;00:00:13;4.201;1.144;2.4;29.2;;;;;;;;;;;;;;;;;;
 ;00:00:14;4.201;1.122;2.8;29.2;;;;;;;;;;;;;;;;;;
 ;00:00:15;4.200;1.102;3.1;29.2;;;;;;;;;;;;;;;;;;
 ;00:00:16;4.200;1.083;3.4;29.2;;;;;;;;;;;;;;;;;;
 ;00:00:17;4.200;1.067;3.7;29.2;;;;;;;;;;;;;;;;;;
 ;00:00:18;4.200;1.050;3.9;29.2;;;;;;;;;;;;;;;;;;
 ;00:00:19;4.200;1.036;4.2;29.2;;;;;;;;;;;;;;;;;;
 ;00:00:20;4.200;1.022;4.5;29.2;;;;;;;;;;;;;;;;;;
 ;00:00:21;4.200;1.002;4.8;29.2;;;;;;;;;;;;;;;;;;
 ;00:00:22;4.200;0.984;5.1;29.2;;;;;;;;;;;;;;;;;;
 ;00:00:23;4.200;0.972;5.3;29.3;;;;;;;;;;;;;;;;;;
 ;00:00:24;4.200;0.961;5.6;29.3;;;;;;;;;;;;;;;;;;
 ;00:00:25;4.200;0.951;5.9;29.3;;;;;;;;;;;;;;;;;;
 ;00:00:26;4.200;0.940;6.1;29.3;;;;;;;;;;;;;;;;;;
 ;00:00:27;4.200;0.931;6.4;29.3;;;;;;;;;;;;;;;;;;
 ;00:00:28;4.200;0.922;6.6;29.3;;;;;;;;;;;;;;;;;;
 ;00:00:29;4.200;0.913;6.9;29.3;;;;;;;;;;;;;;;;;;
 ;00:00:30;4.200;0.904;7.1;29.3;;;;;;;;;;;;;;;;;;
 ;00:00:31;4.200;0.896;7.4;29.3;;;;;;;;;;;;;;;;;;
 ;00:00:32;4.200;0.889;7.6;29.3;;;;;;;;;;;;;;;;;;
 ;00:00:33;4.200;0.882;7.9;29.3;;;;;;;;;;;;;;;;;;
 ;00:00:34;4.200;0.875;8.1;29.4;;;;;;;;;;;;;;;;;;
 ;00:00:35;4.200;0.868;8.4;29.4;;;;;;;;;;;;;;;;;;
 ;00:00:36;4.200;0.861;8.6;29.4;;;;;;;;;;;;;;;;;;
 ;00:00:37;4.200;0.855;8.8;29.4;;;;;;;;;;;;;;;;;;
 ;00:00:38;4.200;0.849;9.1;29.4;;;;;;;;;;;;;;;;;;
 ;00:00:39;4.200;0.843;9.3;29.4;;;;;;;;;;;;;;;;;;
 ;00:00:40;4.200;0.838;9.6;29.4;;;;;;;;;;;;;;;;;;
 ;00:00:41;4.200;0.832;9.8;29.4;;;;;;;;;;;;;;;;;;
 ;00:00:42;4.200;0.828;10.0;29.4;;;;;;;;;;;;;;;;;;
 ;00:00:43;4.200;0.823;10.2;29.4;;;;;;;;;;;;;;;;;;
 ;00:00:44;4.200;0.817;10.5;29.5;;;;;;;;;;;;;;;;;;
 ;00:00:45;4.200;0.813;10.7;29.5;;;;;;;;;;;;;;;;;;
 ;00:00:46;4.200;0.808;10.9;29.5;;;;;;;;;;;;;;;;;;
 ;00:00:47;4.200;0.803;11.1;29.5;;;;;;;;;;;;;;;;;;
 ;00:00:48;4.200;0.799;11.4;29.5;;;;;;;;;;;;;;;;;;
 ;00:00:49;4.200;0.795;11.6;29.5;;;;;;;;;;;;;;;;;;
 ;00:00:50;4.200;0.791;11.8;29.5;;;;;;;;;;;;;;;;;;
 ;00:00:51;4.200;0.787;12.0;29.5;;;;;;;;;;;;;;;;;;
 ;00:00:52;4.200;0.783;12.2;29.5;;;;;;;;;;;;;;;;;;
 ;00:00:53;4.200;0.779;12.5;29.6;;;;;;;;;;;;;;;;;;
 ;00:00:54;4.200;0.775;12.7;29.6;;;;;;;;;;;;;;;;;;
 ;00:00:55;4.200;0.772;12.9;29.6;;;;;;;;;;;;;;;;;;
 ;00:00:56;4.200;0.768;13.1;29.6;;;;;;;;;;;;;;;;;;
 ;00:00:57;4.200;0.765;13.3;29.6;;;;;;;;;;;;;;;;;;
 ;00:00:58;4.200;0.761;13.5;29.6;;;;;;;;;;;;;;;;;;
 ;00:00:59;4.200;0.758;13.7;29.6;;;;;;;;;;;;;;;;;;
 ;00:01:00;4.200;0.755;13.9;29.6;;;;;;;;;;;;;;;;;;
 ;00:01:01;4.200;0.752;14.2;29.6;;;;;;;;;;;;;;;;;;
 ;00:01:02;4.200;0.748;14.4;29.6;;;;;;;;;;;;;;;;;;
 ;00:01:03;4.200;0.744;14.6;29.7;;;;;;;;;;;;;;;;;;
 ;00:01:04;4.200;0.741;14.8;29.7;;;;;;;;;;;;;;;;;;
 ;00:01:05;4.200;0.738;15.0;29.7;;;;;;;;;;;;;;;;;;
 ;00:01:06;4.200;0.735;15.2;29.7;;;;;;;;;;;;;;;;;;
 ;00:01:07;4.200;0.733;15.4;29.7;;;;;;;;;;;;;;;;;;
 ;00:01:08;4.200;0.730;15.6;29.7;;;;;;;;;;;;;;;;;;
 ;00:01:09;4.200;0.727;15.8;29.7;;;;;;;;;;;;;;;;;;
 ;00:01:10;4.200;0.724;16.0;29.7;;;;;;;;;;;;;;;;;;
 ;00:01:11;4.200;0.722;16.2;29.8;;;;;;;;;;;;;;;;;;
 ;00:01:12;4.200;0.720;16.4;29.8;;;;;;;;;;;;;;;;;;
 ;00:01:13;4.200;0.717;16.6;29.8;;;;;;;;;;;;;;;;;;
 ;00:01:14;4.200;0.714;16.8;29.8;;;;;;;;;;;;;;;;;;
 ;00:01:15;4.200;0.712;17.0;29.8;;;;;;;;;;;;;;;;;;
 ;00:01:16;4.200;0.710;17.2;29.8;;;;;;;;;;;;;;;;;;
 ;00:01:17;4.200;0.707;17.4;29.8;;;;;;;;;;;;;;;;;;
 ;00:01:18;4.200;0.705;17.6;29.8;;;;;;;;;;;;;;;;;;
 ;00:01:19;4.200;0.703;17.8;29.8;;;;;;;;;;;;;;;;;;
 ;00:01:20;4.200;0.700;18.0;29.9;;;;;;;;;;;;;;;;;;
 ;00:01:21;4.200;0.698;18.2;29.9;;;;;;;;;;;;;;;;;;
 ;00:01:22;4.200;0.696;18.4;29.9;;;;;;;;;;;;;;;;;;
 ;00:01:23;4.200;0.694;18.5;29.9;;;;;;;;;;;;;;;;;;
 ;00:01:24;4.200;0.692;18.7;29.9;;;;;;;;;;;;;;;;;;
 ;00:01:25;4.200;0.690;18.9;29.9;;;;;;;;;;;;;;;;;;
 ;00:01:26;4.200;0.688;19.1;29.9;;;;;;;;;;;;;;;;;;
 ;00:01:27;4.200;0.686;19.3;29.9;;;;;;;;;;;;;;;;;;
 ;00:01:28;4.200;0.684;19.5;29.9;;;;;;;;;;;;;;;;;;
 ;00:01:29;4.200;0.682;19.7;30.0;;;;;;;;;;;;;;;;;;
 ;00:01:30;4.200;0.680;19.9;30.0;;;;;;;;;;;;;;;;;;
 ;00:01:31;4.200;0.678;20.1;30.0;;;;;;;;;;;;;;;;;;
 ;00:01:32;4.200;0.676;20.3;30.0;;;;;;;;;;;;;;;;;;
 ;00:01:33;4.200;0.674;20.4;30.0;;;;;;;;;;;;;;;;;;
 ;00:01:34;4.200;0.672;20.6;30.0;;;;;;;;;;;;;;;;;;
 ;00:01:35;4.200;0.670;20.8;30.0;;;;;;;;;;;;;;;;;;
 ;00:01:36;4.200;0.668;21.0;30.0;;;;;;;;;;;;;;;;;;
 ;00:01:37;4.200;0.666;21.2;30.0;;;;;;;;;;;;;;;;;;
 ;00:01:38;4.200;0.665;21.4;30.0;;;;;;;;;;;;;;;;;;
 ;00:01:39;4.200;0.663;21.6;30.0;;;;;;;;;;;;;;;;;;
 ;00:01:40;4.200;0.662;21.7;30.1;;;;;;;;;;;;;;;;;;
 ;00:01:41;4.200;0.660;21.9;30.1;;;;;;;;;;;;;;;;;;
 ;00:01:42;4.200;0.658;22.1;30.1;;;;;;;;;;;;;;;;;;
 ;00:01:43;4.200;0.656;22.3;30.1;;;;;;;;;;;;;;;;;;
 ;00:01:44;4.200;0.655;22.5;30.1;;;;;;;;;;;;;;;;;;
 ;00:01:45;4.200;0.653;22.7;30.1;;;;;;;;;;;;;;;;;;
 ;00:01:46;4.200;0.651;22.8;30.1;;;;;;;;;;;;;;;;;;
 ;00:01:47;4.200;0.650;23.0;30.1;;;;;;;;;;;;;;;;;;
 ;00:01:48;4.200;0.648;23.2;30.1;;;;;;;;;;;;;;;;;;
 ;00:01:49;4.200;0.646;23.4;30.2;;;;;;;;;;;;;;;;;;
 ;00:01:50;4.200;0.645;23.6;30.2;;;;;;;;;;;;;;;;;;
 ;00:01:51;4.200;0.644;23.7;30.2;;;;;;;;;;;;;;;;;;
 ;00:01:52;4.200;0.642;23.9;30.2;;;;;;;;;;;;;;;;;;
 ;00:01:53;4.200;0.640;24.1;30.2;;;;;;;;;;;;;;;;;;
 ;00:01:54;4.200;0.639;24.3;30.2;;;;;;;;;;;;;;;;;;
 ;00:01:55;4.200;0.638;24.4;30.2;;;;;;;;;;;;;;;;;;
 ;00:01:56;4.200;0.637;24.6;30.2;;;;;;;;;;;;;;;;;;
 ;00:01:57;4.200;0.635;24.8;30.2;;;;;;;;;;;;;;;;;;
 ;00:01:58;4.200;0.634;25.0;30.2;;;;;;;;;;;;;;;;;;
 ;00:01:59;4.200;0.632;25.1;30.2;;;;;;;;;;;;;;;;;;
 ;00:02:00;4.200;0.630;25.3;30.2;;;;;;;;;;;;;;;;;;
 ;00:02:01;4.200;0.629;25.5;30.3;;;;;;;;;;;;;;;;;;
 ;00:02:02;4.200;0.628;25.7;30.3;;;;;;;;;;;;;;;;;;
 ;00:02:03;4.200;0.626;25.8;30.3;;;;;;;;;;;;;;;;;;
 ;00:02:04;4.200;0.625;26.0;30.3;;;;;;;;;;;;;;;;;;
 ;00:02:05;4.200;0.623;26.2;30.3;;;;;;;;;;;;;;;;;;
 ;00:02:06;4.200;0.622;26.4;30.3;;;;;;;;;;;;;;;;;;
 ;00:02:07;4.200;0.621;26.5;30.3;;;;;;;;;;;;;;;;;;
 ;00:02:08;4.200;0.620;26.7;30.3;;;;;;;;;;;;;;;;;;
 ;00:02:09;4.200;0.619;26.9;30.3;;;;;;;;;;;;;;;;;;
 ;00:02:10;4.200;0.617;27.1;30.3;;;;;;;;;;;;;;;;;;
 ;00:02:11;4.200;0.617;27.2;30.4;;;;;;;;;;;;;;;;;;
 ;00:02:12;4.200;0.615;27.4;30.4;;;;;;;;;;;;;;;;;;
 ;00:02:13;4.200;0.614;27.6;30.4;;;;;;;;;;;;;;;;;;
 ;00:02:14;4.200;0.613;27.7;30.4;;;;;;;;;;;;;;;;;;
 ;00:02:15;4.200;0.612;27.9;30.4;;;;;;;;;;;;;;;;;;
 ;00:02:16;4.200;0.610;28.1;30.4;;;;;;;;;;;;;;;;;;
 ;00:02:17;4.200;0.609;28.2;30.4;;;;;;;;;;;;;;;;;;
 ;00:02:18;4.200;0.608;28.4;30.4;;;;;;;;;;;;;;;;;;
 ;00:02:19;4.200;0.607;28.6;30.4;;;;;;;;;;;;;;;;;;
 ;00:02:20;4.200;0.605;28.8;30.4;;;;;;;;;;;;;;;;;;
 ;00:02:21;4.200;0.604;28.9;30.5;;;;;;;;;;;;;;;;;;
 ;00:02:22;4.200;0.603;29.1;30.5;;;;;;;;;;;;;;;;;;
 ;00:02:23;4.200;0.602;29.3;30.5;;;;;;;;;;;;;;;;;;
 ;00:02:24;4.200;0.601;29.4;30.5;;;;;;;;;;;;;;;;;;
 ;00:02:25;4.200;0.599;29.6;30.5;;;;;;;;;;;;;;;;;;
 ;00:02:26;4.200;0.598;29.8;30.5;;;;;;;;;;;;;;;;;;
 ;00:02:27;4.200;0.597;29.9;30.5;;;;;;;;;;;;;;;;;;
 ;00:02:28;4.200;0.596;30.1;30.5;;;;;;;;;;;;;;;;;;
 ;00:02:29;4.200;0.596;30.3;30.5;;;;;;;;;;;;;;;;;;
 ;00:02:30;4.200;0.595;30.4;30.5;;;;;;;;;;;;;;;;;;
 ;00:02:31;4.200;0.593;30.6;30.5;;;;;;;;;;;;;;;;;;
 ;00:02:32;4.200;0.592;30.7;30.5;;;;;;;;;;;;;;;;;;
 ;00:02:33;4.200;0.591;30.9;30.5;;;;;;;;;;;;;;;;;;
 ;00:02:34;4.200;0.590;31.1;30.6;;;;;;;;;;;;;;;;;;
 ;00:02:35;4.200;0.589;31.2;30.6;;;;;;;;;;;;;;;;;;
 ;00:02:36;4.200;0.587;31.4;30.6;;;;;;;;;;;;;;;;;;
 ;00:02:37;4.200;0.587;31.6;30.6;;;;;;;;;;;;;;;;;;
 ;00:02:38;4.200;0.586;31.7;30.6;;;;;;;;;;;;;;;;;;
 ;00:02:39;4.200;0.585;31.9;30.6;;;;;;;;;;;;;;;;;;
 ;00:02:40;4.200;0.583;32.1;30.6;;;;;;;;;;;;;;;;;;
 ;00:02:41;4.200;0.582;32.2;30.6;;;;;;;;;;;;;;;;;;
 ;00:02:42;4.200;0.581;32.4;30.6;;;;;;;;;;;;;;;;;;
 ;00:02:43;4.200;0.581;32.5;30.6;;;;;;;;;;;;;;;;;;
 ;00:02:44;4.200;0.580;32.7;30.6;;;;;;;;;;;;;;;;;;
 ;00:02:45;4.200;0.579;32.9;30.7;;;;;;;;;;;;;;;;;;
 ;00:02:46;4.200;0.578;33.0;30.7;;;;;;;;;;;;;;;;;;
 ;00:02:47;4.200;0.577;33.2;30.7;;;;;;;;;;;;;;;;;;
 ;00:02:48;4.200;0.576;33.3;30.7;;;;;;;;;;;;;;;;;;
 ;00:02:49;4.200;0.575;33.5;30.7;;;;;;;;;;;;;;;;;;
 ;00:02:50;4.200;0.574;33.7;30.7;;;;;;;;;;;;;;;;;;
 ;00:02:51;4.200;0.573;33.8;30.7;;;;;;;;;;;;;;;;;;
 ;00:02:52;4.200;0.572;34.0;30.7;;;;;;;;;;;;;;;;;;
 ;00:02:53;4.200;0.571;34.1;30.7;;;;;;;;;;;;;;;;;;
 ;00:02:54;4.200;0.570;34.3;30.7;;;;;;;;;;;;;;;;;;
 ;00:02:55;4.200;0.570;34.5;30.7;;;;;;;;;;;;;;;;;;
 ;00:02:56;4.200;0.569;34.6;30.7;;;;;;;;;;;;;;;;;;
 ;00:02:57;4.200;0.568;34.8;30.7;;;;;;;;;;;;;;;;;;
 ;00:02:58;4.200;0.567;34.9;30.7;;;;;;;;;;;;;;;;;;
 ;00:02:59;4.200;0.566;35.1;30.8;;;;;;;;;;;;;;;;;;
 ;00:03:00;4.200;0.565;35.2;30.8;;;;;;;;;;;;;;;;;;
 ;00:03:01;4.200;0.564;35.4;30.8;;;;;;;;;;;;;;;;;;
 ;00:03:02;4.200;0.563;35.6;30.8;;;;;;;;;;;;;;;;;;
 ;00:03:03;4.200;0.562;35.7;30.8;;;;;;;;;;;;;;;;;;
 ;00:03:04;4.200;0.562;35.9;30.8;;;;;;;;;;;;;;;;;;
 ;00:03:05;4.200;0.561;36.0;30.8;;;;;;;;;;;;;;;;;;
 ;00:03:06;4.200;0.560;36.2;30.8;;;;;;;;;;;;;;;;;;
 ;00:03:07;4.200;0.559;36.3;30.8;;;;;;;;;;;;;;;;;;
 ;00:03:08;4.200;0.558;36.5;30.8;;;;;;;;;;;;;;;;;;
 ;00:03:09;4.200;0.557;36.6;30.8;;;;;;;;;;;;;;;;;;
 ;00:03:10;4.200;0.556;36.8;30.8;;;;;;;;;;;;;;;;;;
 ;00:03:11;4.200;0.555;37.0;30.8;;;;;;;;;;;;;;;;;;
 ;00:03:12;4.200;0.555;37.1;30.9;;;;;;;;;;;;;;;;;;
 ;00:03:13;4.200;0.554;37.3;30.9;;;;;;;;;;;;;;;;;;
 ;00:03:14;4.200;0.553;37.4;30.9;;;;;;;;;;;;;;;;;;
 ;00:03:15;4.200;0.552;37.6;30.9;;;;;;;;;;;;;;;;;;
 ;00:03:16;4.200;0.551;37.7;30.9;;;;;;;;;;;;;;;;;;
 ;00:03:17;4.200;0.551;37.9;30.9;;;;;;;;;;;;;;;;;;
 ;00:03:18;4.200;0.550;38.0;30.9;;;;;;;;;;;;;;;;;;
 ;00:03:19;4.200;0.549;38.2;30.9;;;;;;;;;;;;;;;;;;
 ;00:03:20;4.200;0.548;38.3;30.9;;;;;;;;;;;;;;;;;;
 ;00:03:21;4.200;0.548;38.5;30.9;;;;;;;;;;;;;;;;;;
 ;00:03:22;4.200;0.546;38.6;30.9;;;;;;;;;;;;;;;;;;
 ;00:03:23;4.200;0.546;38.8;30.9;;;;;;;;;;;;;;;;;;
 ;00:03:24;4.200;0.545;38.9;31.0;;;;;;;;;;;;;;;;;;
 ;00:03:25;4.200;0.545;39.1;31.0;;;;;;;;;;;;;;;;;;
 ;00:03:26;4.200;0.544;39.2;31.0;;;;;;;;;;;;;;;;;;
 ;00:03:27;4.200;0.543;39.4;31.0;;;;;;;;;;;;;;;;;;
 ;00:03:28;4.200;0.542;39.5;31.0;;;;;;;;;;;;;;;;;;
 ;00:03:29;4.200;0.541;39.7;31.0;;;;;;;;;;;;;;;;;;
 ;00:03:30;4.200;0.540;39.8;31.0;;;;;;;;;;;;;;;;;;
 ;00:03:31;4.200;0.540;40.0;31.0;;;;;;;;;;;;;;;;;;
 ;00:03:32;4.200;0.539;40.1;31.0;;;;;;;;;;;;;;;;;;
 ;00:03:33;4.200;0.538;40.3;31.0;;;;;;;;;;;;;;;;;;
 ;00:03:34;4.200;0.537;40.4;31.0;;;;;;;;;;;;;;;;;;
 ;00:03:35;4.200;0.536;40.6;31.0;;;;;;;;;;;;;;;;;;
 ;00:03:36;4.200;0.536;40.7;31.0;;;;;;;;;;;;;;;;;;
 ;00:03:37;4.200;0.535;40.9;31.0;;;;;;;;;;;;;;;;;;
 ;00:03:38;4.200;0.535;41.0;31.1;;;;;;;;;;;;;;;;;;
 ;00:03:39;4.200;0.534;41.2;31.1;;;;;;;;;;;;;;;;;;
 ;00:03:40;4.200;0.534;41.3;31.1;;;;;;;;;;;;;;;;;;
 ;00:03:41;4.200;0.533;41.5;31.1;;;;;;;;;;;;;;;;;;
 ;00:03:42;4.200;0.532;41.6;31.1;;;;;;;;;;;;;;;;;;
 ;00:03:43;4.200;0.531;41.8;31.1;;;;;;;;;;;;;;;;;;
 ;00:03:44;4.200;0.530;41.9;31.1;;;;;;;;;;;;;;;;;;
 ;00:03:45;4.200;0.529;42.1;31.1;;;;;;;;;;;;;;;;;;
 ;00:03:46;4.200;0.529;42.2;31.1;;;;;;;;;;;;;;;;;;
 ;00:03:47;4.200;0.528;42.4;31.1;;;;;;;;;;;;;;;;;;
 ;00:03:48;4.200;0.528;42.5;31.1;;;;;;;;;;;;;;;;;;
 ;00:03:49;4.200;0.527;42.7;31.1;;;;;;;;;;;;;;;;;;
 ;00:03:50;4.200;0.526;42.8;31.1;;;;;;;;;;;;;;;;;;
 ;00:03:51;4.200;0.525;43.0;31.1;;;;;;;;;;;;;;;;;;
 ;00:03:52;4.200;0.525;43.1;31.1;;;;;;;;;;;;;;;;;;
 ;00:03:53;4.200;0.524;43.2;31.2;;;;;;;;;;;;;;;;;;
 ;00:03:54;4.200;0.524;43.4;31.2;;;;;;;;;;;;;;;;;;
 ;00:03:55;4.200;0.523;43.5;31.2;;;;;;;;;;;;;;;;;;
 ;00:03:56;4.200;0.522;43.7;31.2;;;;;;;;;;;;;;;;;;
 ;00:03:57;4.200;0.521;43.8;31.2;;;;;;;;;;;;;;;;;;
 ;00:03:58;4.200;0.520;44.0;31.2;;;;;;;;;;;;;;;;;;
 ;00:03:59;4.200;0.520;44.1;31.2;;;;;;;;;;;;;;;;;;
 ;00:04:00;4.200;0.519;44.3;31.2;;;;;;;;;;;;;;;;;;
 ;00:04:01;4.200;0.519;44.4;31.2;;;;;;;;;;;;;;;;;;
 ;00:04:02;4.200;0.518;44.5;31.2;;;;;;;;;;;;;;;;;;
 ;00:04:03;4.200;0.517;44.7;31.2;;;;;;;;;;;;;;;;;;
 ;00:04:04;4.200;0.516;44.8;31.2;;;;;;;;;;;;;;;;;;
 ;00:04:05;4.200;0.515;45.0;31.2;;;;;;;;;;;;;;;;;;
 ;00:04:06;4.200;0.515;45.1;31.2;;;;;;;;;;;;;;;;;;
 ;00:04:07;4.200;0.514;45.3;31.2;;;;;;;;;;;;;;;;;;
 ;00:04:08;4.200;0.514;45.4;31.2;;;;;;;;;;;;;;;;;;
 ;00:04:09;4.200;0.513;45.5;31.3;;;;;;;;;;;;;;;;;;
 ;00:04:10;4.200;0.513;45.7;31.3;;;;;;;;;;;;;;;;;;
 ;00:04:11;4.200;0.513;45.8;31.3;;;;;;;;;;;;;;;;;;
 ;00:04:12;4.200;0.512;46.0;31.3;;;;;;;;;;;;;;;;;;
 ;00:04:13;4.200;0.510;46.1;31.3;;;;;;;;;;;;;;;;;;
 ;00:04:14;4.200;0.510;46.3;31.3;;;;;;;;;;;;;;;;;;
 ;00:04:15;4.200;0.509;46.4;31.3;;;;;;;;;;;;;;;;;;
 ;00:04:16;4.200;0.509;46.5;31.3;;;;;;;;;;;;;;;;;;
 ;00:04:17;4.200;0.508;46.7;31.3;;;;;;;;;;;;;;;;;;
 ;00:04:18;4.200;0.507;46.8;31.3;;;;;;;;;;;;;;;;;;
 ;00:04:19;4.200;0.506;47.0;31.3;;;;;;;;;;;;;;;;;;
 ;00:04:20;4.200;0.506;47.1;31.3;;;;;;;;;;;;;;;;;;
 ;00:04:21;4.200;0.505;47.2;31.3;;;;;;;;;;;;;;;;;;
 ;00:04:22;4.200;0.504;47.4;31.3;;;;;;;;;;;;;;;;;;
 ;00:04:23;4.200;0.504;47.5;31.3;;;;;;;;;;;;;;;;;;
 ;00:04:24;4.200;0.503;47.7;31.3;;;;;;;;;;;;;;;;;;
 ;00:04:25;4.200;0.503;47.8;31.3;;;;;;;;;;;;;;;;;;
 ;00:04:26;4.200;0.503;47.9;31.4;;;;;;;;;;;;;;;;;;
 ;00:04:27;4.200;0.502;48.1;31.4;;;;;;;;;;;;;;;;;;
 ;00:04:28;4.200;0.501;48.2;31.4;;;;;;;;;;;;;;;;;;
 ;00:04:29;4.200;0.500;48.4;31.4;;;;;;;;;;;;;;;;;;
 ;00:04:30;4.200;0.499;48.5;31.4;;;;;;;;;;;;;;;;;;
 ;00:04:31;4.200;0.499;48.6;31.4;;;;;;;;;;;;;;;;;;
 ;00:04:32;4.200;0.497;48.8;31.4;;;;;;;;;;;;;;;;;;
 ;00:04:33;4.200;0.497;48.9;31.4;;;;;;;;;;;;;;;;;;
 ;00:04:34;4.200;0.497;49.1;31.4;;;;;;;;;;;;;;;;;;
 ;00:04:35;4.200;0.496;49.2;31.4;;;;;;;;;;;;;;;;;;
 ;00:04:36;4.200;0.495;49.3;31.4;;;;;;;;;;;;;;;;;;
 ;00:04:37;4.200;0.495;49.5;31.4;;;;;;;;;;;;;;;;;;
 ;00:04:38;4.200;0.494;49.6;31.4;;;;;;;;;;;;;;;;;;
 ;00:04:39;4.200;0.493;49.7;31.4;;;;;;;;;;;;;;;;;;
 ;00:04:40;4.200;0.493;49.9;31.4;;;;;;;;;;;;;;;;;;
 ;00:04:41;4.200;0.493;50.0;31.4;;;;;;;;;;;;;;;;;;
 ;00:04:42;4.200;0.492;50.2;31.4;;;;;;;;;;;;;;;;;;
 ;00:04:43;4.200;0.491;50.3;31.4;;;;;;;;;;;;;;;;;;
 ;00:04:44;4.200;0.491;50.4;31.4;;;;;;;;;;;;;;;;;;
 ;00:04:45;4.200;0.490;50.6;31.4;;;;;;;;;;;;;;;;;;
 ;00:04:46;4.200;0.489;50.7;31.5;;;;;;;;;;;;;;;;;;
 ;00:04:47;4.200;0.489;50.8;31.5;;;;;;;;;;;;;;;;;;
 ;00:04:48;4.200;0.488;51.0;31.5;;;;;;;;;;;;;;;;;;
 ;00:04:49;4.200;0.487;51.1;31.5;;;;;;;;;;;;;;;;;;
 ;00:04:50;4.200;0.487;51.2;31.5;;;;;;;;;;;;;;;;;;
 ;00:04:51;4.200;0.487;51.4;31.5;;;;;;;;;;;;;;;;;;
 ;00:04:52;4.200;0.485;51.5;31.5;;;;;;;;;;;;;;;;;;
 ;00:04:53;4.200;0.485;51.7;31.5;;;;;;;;;;;;;;;;;;
 ;00:04:54;4.200;0.485;51.8;31.5;;;;;;;;;;;;;;;;;;
 ;00:04:55;4.200;0.484;51.9;31.5;;;;;;;;;;;;;;;;;;
 ;00:04:56;4.200;0.483;52.0;31.5;;;;;;;;;;;;;;;;;;
 ;00:04:57;4.200;0.483;52.2;31.5;;;;;;;;;;;;;;;;;;
 ;00:04:58;4.200;0.483;52.3;31.5;;;;;;;;;;;;;;;;;;
 ;00:04:59;4.200;0.482;52.5;31.5;;;;;;;;;;;;;;;;;;
 ;00:05:00;4.200;0.481;52.6;31.5;;;;;;;;;;;;;;;;;;
 ;00:05:01;4.200;0.481;52.7;31.5;;;;;;;;;;;;;;;;;;
 ;00:05:02;4.200;0.480;52.9;31.5;;;;;;;;;;;;;;;;;;
 ;00:05:03;4.200;0.479;53.0;31.5;;;;;;;;;;;;;;;;;;
 ;00:05:04;4.200;0.479;53.1;31.5;;;;;;;;;;;;;;;;;;
 ;00:05:05;4.200;0.479;53.3;31.5;;;;;;;;;;;;;;;;;;
 ;00:05:06;4.200;0.478;53.4;31.5;;;;;;;;;;;;;;;;;;
 ;00:05:07;4.200;0.477;53.5;31.5;;;;;;;;;;;;;;;;;;
 ;00:05:08;4.200;0.477;53.6;31.6;;;;;;;;;;;;;;;;;;
 ;00:05:09;4.200;0.476;53.8;31.6;;;;;;;;;;;;;;;;;;
 ;00:05:10;4.200;0.476;53.9;31.6;;;;;;;;;;;;;;;;;;
 ;00:05:11;4.200;0.476;54.1;31.6;;;;;;;;;;;;;;;;;;
 ;00:05:12;4.200;0.475;54.2;31.6;;;;;;;;;;;;;;;;;;
 ;00:05:13;4.200;0.474;54.3;31.6;;;;;;;;;;;;;;;;;;
 ;00:05:14;4.200;0.473;54.4;31.6;;;;;;;;;;;;;;;;;;
 ;00:05:15;4.200;0.473;54.6;31.6;;;;;;;;;;;;;;;;;;
 ;00:05:16;4.200;0.473;54.7;31.6;;;;;;;;;;;;;;;;;;
 ;00:05:17;4.200;0.471;54.8;31.6;;;;;;;;;;;;;;;;;;
 ;00:05:18;4.200;0.471;55.0;31.6;;;;;;;;;;;;;;;;;;
 ;00:05:19;4.200;0.471;55.1;31.6;;;;;;;;;;;;;;;;;;
 ;00:05:20;4.200;0.470;55.2;31.6;;;;;;;;;;;;;;;;;;
 ;00:05:21;4.200;0.469;55.4;31.6;;;;;;;;;;;;;;;;;;
 ;00:05:22;4.200;0.469;55.5;31.6;;;;;;;;;;;;;;;;;;
 ;00:05:23;4.200;0.469;55.6;31.6;;;;;;;;;;;;;;;;;;
 ;00:05:24;4.200;0.468;55.7;31.6;;;;;;;;;;;;;;;;;;
 ;00:05:25;4.200;0.467;55.9;31.6;;;;;;;;;;;;;;;;;;
 ;00:05:26;4.200;0.467;56.0;31.6;;;;;;;;;;;;;;;;;;
 ;00:05:27;4.200;0.467;56.1;31.6;;;;;;;;;;;;;;;;;;
 ;00:05:28;4.200;0.465;56.3;31.6;;;;;;;;;;;;;;;;;;
 ;00:05:29;4.200;0.464;56.4;31.6;;;;;;;;;;;;;;;;;;
 ;00:05:30;4.200;0.464;56.5;31.6;;;;;;;;;;;;;;;;;;
 ;00:05:31;4.200;0.464;56.7;31.7;;;;;;;;;;;;;;;;;;
 ;00:05:32;4.200;0.463;56.8;31.7;;;;;;;;;;;;;;;;;;
 ;00:05:33;4.200;0.463;56.9;31.7;;;;;;;;;;;;;;;;;;
 ;00:05:34;4.200;0.463;57.0;31.7;;;;;;;;;;;;;;;;;;
 ;00:05:35;4.200;0.462;57.2;31.7;;;;;;;;;;;;;;;;;;
 ;00:05:36;4.200;0.461;57.3;31.7;;;;;;;;;;;;;;;;;;
 ;00:05:37;4.200;0.461;57.4;31.7;;;;;;;;;;;;;;;;;;
 ;00:05:38;4.200;0.461;57.6;31.7;;;;;;;;;;;;;;;;;;
 ;00:05:39;4.200;0.460;57.7;31.7;;;;;;;;;;;;;;;;;;
 ;00:05:40;4.200;0.458;57.8;31.7;;;;;;;;;;;;;;;;;;
 ;00:05:41;4.200;0.458;57.9;31.7;;;;;;;;;;;;;;;;;;
 ;00:05:42;4.200;0.458;58.1;31.7;;;;;;;;;;;;;;;;;;
 ;00:05:43;4.200;0.457;58.2;31.7;;;;;;;;;;;;;;;;;;
 ;00:05:44;4.200;0.457;58.3;31.7;;;;;;;;;;;;;;;;;;
 ;00:05:45;4.200;0.457;58.5;31.7;;;;;;;;;;;;;;;;;;
 ;00:05:46;4.200;0.457;58.6;31.7;;;;;;;;;;;;;;;;;;
 ;00:05:47;4.200;0.455;58.7;31.7;;;;;;;;;;;;;;;;;;
 ;00:05:48;4.200;0.455;58.8;31.7;;;;;;;;;;;;;;;;;;
 ;00:05:49;4.200;0.455;59.0;31.7;;;;;;;;;;;;;;;;;;
 ;00:05:50;4.200;0.454;59.1;31.7;;;;;;;;;;;;;;;;;;
 ;00:05:51;4.200;0.453;59.2;31.7;;;;;;;;;;;;;;;;;;
 ;00:05:52;4.200;0.453;59.3;31.7;;;;;;;;;;;;;;;;;;
 ;00:05:53;4.200;0.453;59.5;31.7;;;;;;;;;;;;;;;;;;
 ;00:05:54;4.200;0.452;59.6;31.7;;;;;;;;;;;;;;;;;;
 ;00:05:55;4.200;0.451;59.7;31.7;;;;;;;;;;;;;;;;;;
 ;00:05:56;4.200;0.451;59.8;31.7;;;;;;;;;;;;;;;;;;
 ;00:05:57;4.200;0.451;60.0;31.7;;;;;;;;;;;;;;;;;;
 ;00:05:58;4.200;0.449;60.1;31.7;;;;;;;;;;;;;;;;;;
 ;00:05:59;4.200;0.448;60.2;31.8;;;;;;;;;;;;;;;;;;
 ;00:06:00;4.200;0.448;60.3;31.8;;;;;;;;;;;;;;;;;;
 ;00:06:01;4.200;0.447;60.5;31.8;;;;;;;;;;;;;;;;;;
 ;00:06:02;4.200;0.447;60.6;31.8;;;;;;;;;;;;;;;;;;
 ;00:06:03;4.200;0.447;60.7;31.8;;;;;;;;;;;;;;;;;;
 ;00:06:04;4.200;0.447;60.8;31.8;;;;;;;;;;;;;;;;;;
 ;00:06:05;4.200;0.446;61.0;31.8;;;;;;;;;;;;;;;;;;
 ;00:06:06;4.200;0.445;61.1;31.8;;;;;;;;;;;;;;;;;;
 ;00:06:07;4.200;0.445;61.2;31.8;;;;;;;;;;;;;;;;;;
 ;00:06:08;4.200;0.445;61.3;31.8;;;;;;;;;;;;;;;;;;
 ;00:06:09;4.200;0.443;61.5;31.8;;;;;;;;;;;;;;;;;;
 ;00:06:10;4.200;0.443;61.6;31.8;;;;;;;;;;;;;;;;;;
 ;00:06:11;4.200;0.443;61.7;31.8;;;;;;;;;;;;;;;;;;
 ;00:06:12;4.200;0.442;61.8;31.8;;;;;;;;;;;;;;;;;;
 ;00:06:13;4.200;0.441;61.9;31.8;;;;;;;;;;;;;;;;;;
 ;00:06:14;4.200;0.441;62.1;31.8;;;;;;;;;;;;;;;;;;
 ;00:06:15;4.200;0.441;62.2;31.8;;;;;;;;;;;;;;;;;;
 ;00:06:16;4.200;0.440;62.3;31.8;;;;;;;;;;;;;;;;;;
 ;00:06:17;4.200;0.440;62.4;31.8;;;;;;;;;;;;;;;;;;
 ;00:06:18;4.200;0.440;62.6;31.8;;;;;;;;;;;;;;;;;;
 ;00:06:19;4.200;0.440;62.7;31.8;;;;;;;;;;;;;;;;;;
 ;00:06:20;4.200;0.438;62.8;31.8;;;;;;;;;;;;;;;;;;
 ;00:06:21;4.200;0.437;62.9;31.8;;;;;;;;;;;;;;;;;;
 ;00:06:22;4.200;0.437;63.0;31.8;;;;;;;;;;;;;;;;;;
 ;00:06:23;4.200;0.436;63.2;31.8;;;;;;;;;;;;;;;;;;
 ;00:06:24;4.200;0.436;63.3;31.8;;;;;;;;;;;;;;;;;;
 ;00:06:25;4.200;0.436;63.4;31.8;;;;;;;;;;;;;;;;;;
 ;00:06:26;4.200;0.436;63.5;31.8;;;;;;;;;;;;;;;;;;
 ;00:06:27;4.200;0.435;63.7;31.8;;;;;;;;;;;;;;;;;;
 ;00:06:28;4.200;0.434;63.8;31.8;;;;;;;;;;;;;;;;;;
 ;00:06:29;4.200;0.434;63.9;31.8;;;;;;;;;;;;;;;;;;
 ;00:06:30;4.200;0.434;64.0;31.8;;;;;;;;;;;;;;;;;;
 ;00:06:31;4.200;0.432;64.1;31.8;;;;;;;;;;;;;;;;;;
 ;00:06:32;4.200;0.432;64.3;31.8;;;;;;;;;;;;;;;;;;
 ;00:06:33;4.200;0.432;64.4;31.8;;;;;;;;;;;;;;;;;;
 ;00:06:34;4.200;0.431;64.5;31.8;;;;;;;;;;;;;;;;;;
 ;00:06:35;4.200;0.430;64.6;31.9;;;;;;;;;;;;;;;;;;
 ;00:06:36;4.200;0.430;64.7;31.9;;;;;;;;;;;;;;;;;;
 ;00:06:37;4.200;0.430;64.9;31.9;;;;;;;;;;;;;;;;;;
 ;00:06:38;4.200;0.429;65.0;31.9;;;;;;;;;;;;;;;;;;
 ;00:06:39;4.200;0.429;65.1;31.9;;;;;;;;;;;;;;;;;;
 ;00:06:40;4.200;0.429;65.2;31.9;;;;;;;;;;;;;;;;;;
 ;00:06:41;4.200;0.428;65.3;31.9;;;;;;;;;;;;;;;;;;
 ;00:06:42;4.200;0.427;65.4;31.9;;;;;;;;;;;;;;;;;;
 ;00:06:43;4.200;0.426;65.6;31.9;;;;;;;;;;;;;;;;;;
 ;00:06:44;4.200;0.427;65.7;31.9;;;;;;;;;;;;;;;;;;
 ;00:06:45;4.200;0.426;65.8;31.9;;;;;;;;;;;;;;;;;;
 ;00:06:46;4.200;0.425;65.9;31.9;;;;;;;;;;;;;;;;;;
 ;00:06:47;4.200;0.425;66.0;31.9;;;;;;;;;;;;;;;;;;
 ;00:06:48;4.200;0.425;66.2;31.9;;;;;;;;;;;;;;;;;;
 ;00:06:49;4.200;0.424;66.3;31.9;;;;;;;;;;;;;;;;;;
 ;00:06:50;4.200;0.424;66.4;31.9;;;;;;;;;;;;;;;;;;
 ;00:06:51;4.200;0.424;66.5;31.9;;;;;;;;;;;;;;;;;;
 ;00:06:52;4.200;0.424;66.6;31.9;;;;;;;;;;;;;;;;;;
 ;00:06:53;4.200;0.421;66.7;31.9;;;;;;;;;;;;;;;;;;
 ;00:06:54;4.200;0.421;66.9;31.9;;;;;;;;;;;;;;;;;;
 ;00:06:55;4.200;0.421;67.0;31.9;;;;;;;;;;;;;;;;;;
 ;00:06:56;4.200;0.420;67.1;31.9;;;;;;;;;;;;;;;;;;
 ;00:06:57;4.200;0.420;67.2;31.9;;;;;;;;;;;;;;;;;;
 ;00:06:58;4.200;0.420;67.3;31.9;;;;;;;;;;;;;;;;;;
 ;00:06:59;4.200;0.420;67.4;31.9;;;;;;;;;;;;;;;;;;
 ;00:07:00;4.200;0.419;67.6;31.9;;;;;;;;;;;;;;;;;;
 ;00:07:01;4.200;0.417;67.7;31.9;;;;;;;;;;;;;;;;;;
 ;00:07:02;4.200;0.417;67.8;31.9;;;;;;;;;;;;;;;;;;
 ;00:07:03;4.200;0.417;67.9;31.9;;;;;;;;;;;;;;;;;;
 ;00:07:04;4.200;0.416;68.0;31.9;;;;;;;;;;;;;;;;;;
 ;00:07:05;4.200;0.416;68.1;31.9;;;;;;;;;;;;;;;;;;
 ;00:07:06;4.200;0.416;68.3;31.9;;;;;;;;;;;;;;;;;;
 ;00:07:07;4.200;0.415;68.4;31.9;;;;;;;;;;;;;;;;;;
 ;00:07:08;4.200;0.414;68.5;31.9;;;;;;;;;;;;;;;;;;
 ;00:07:09;4.200;0.414;68.6;31.9;;;;;;;;;;;;;;;;;;
 ;00:07:10;4.200;0.414;68.7;31.9;;;;;;;;;;;;;;;;;;
 ;00:07:11;4.200;0.414;68.8;31.9;;;;;;;;;;;;;;;;;;
 ;00:07:12;4.200;0.413;68.9;31.9;;;;;;;;;;;;;;;;;;
 ;00:07:13;4.200;0.413;69.1;31.9;;;;;;;;;;;;;;;;;;
 ;00:07:14;4.200;0.413;69.2;31.9;;;;;;;;;;;;;;;;;;
 ;00:07:15;4.200;0.412;69.3;31.9;;;;;;;;;;;;;;;;;;
 ;00:07:16;4.200;0.410;69.4;31.9;;;;;;;;;;;;;;;;;;
 ;00:07:17;4.200;0.410;69.5;31.9;;;;;;;;;;;;;;;;;;
 ;00:07:18;4.200;0.410;69.6;32.0;;;;;;;;;;;;;;;;;;
 ;00:07:19;4.200;0.410;69.7;32.0;;;;;;;;;;;;;;;;;;
 ;00:07:20;4.200;0.409;69.9;32.0;;;;;;;;;;;;;;;;;;
 ;00:07:21;4.200;0.409;70.0;32.0;;;;;;;;;;;;;;;;;;
 ;00:07:22;4.200;0.409;70.1;32.0;;;;;;;;;;;;;;;;;;
 ;00:07:23;4.200;0.408;70.2;32.0;;;;;;;;;;;;;;;;;;
 ;00:07:24;4.200;0.406;70.3;32.0;;;;;;;;;;;;;;;;;;
 ;00:07:25;4.200;0.406;70.4;32.0;;;;;;;;;;;;;;;;;;
 ;00:07:26;4.200;0.406;70.5;32.0;;;;;;;;;;;;;;;;;;
 ;00:07:27;4.200;0.405;70.7;32.0;;;;;;;;;;;;;;;;;;
 ;00:07:28;4.200;0.405;70.8;32.0;;;;;;;;;;;;;;;;;;
 ;00:07:29;4.200;0.405;70.9;32.0;;;;;;;;;;;;;;;;;;
 ;00:07:30;4.200;0.405;71.0;32.0;;;;;;;;;;;;;;;;;;
 ;00:07:31;4.200;0.404;71.1;32.0;;;;;;;;;;;;;;;;;;
 ;00:07:32;4.200;0.403;71.2;32.0;;;;;;;;;;;;;;;;;;
 ;00:07:33;4.200;0.403;71.3;32.0;;;;;;;;;;;;;;;;;;
 ;00:07:34;4.200;0.403;71.4;32.0;;;;;;;;;;;;;;;;;;
 ;00:07:35;4.200;0.403;71.5;32.0;;;;;;;;;;;;;;;;;;
 ;00:07:36;4.200;0.401;71.7;32.0;;;;;;;;;;;;;;;;;;
 ;00:07:37;4.200;0.400;71.8;32.0;;;;;;;;;;;;;;;;;;
 ;00:07:38;4.200;0.400;71.9;32.0;;;;;;;;;;;;;;;;;;
 ;00:07:39;4.200;0.400;72.0;32.0;;;;;;;;;;;;;;;;;;
 ;00:07:40;4.200;0.399;72.1;32.0;;;;;;;;;;;;;;;;;;
 ;00:07:41;4.200;0.399;72.2;32.0;;;;;;;;;;;;;;;;;;
 ;00:07:42;4.200;0.399;72.3;32.0;;;;;;;;;;;;;;;;;;
 ;00:07:43;4.200;0.399;72.4;32.0;;;;;;;;;;;;;;;;;;
 ;00:07:44;4.200;0.397;72.5;32.0;;;;;;;;;;;;;;;;;;
 ;00:07:45;4.200;0.396;72.7;32.0;;;;;;;;;;;;;;;;;;
 ;00:07:46;4.200;0.396;72.8;32.0;;;;;;;;;;;;;;;;;;
 ;00:07:47;4.200;0.396;72.9;32.0;;;;;;;;;;;;;;;;;;
 ;00:07:48;4.200;0.395;73.0;32.0;;;;;;;;;;;;;;;;;;
 ;00:07:49;4.200;0.395;73.1;32.0;;;;;;;;;;;;;;;;;;
 ;00:07:50;4.200;0.395;73.2;32.0;;;;;;;;;;;;;;;;;;
 ;00:07:51;4.200;0.395;73.3;32.0;;;;;;;;;;;;;;;;;;
 ;00:07:52;4.200;0.394;73.4;32.0;;;;;;;;;;;;;;;;;;
 ;00:07:53;4.200;0.393;73.5;32.0;;;;;;;;;;;;;;;;;;
 ;00:07:54;4.200;0.393;73.6;32.0;;;;;;;;;;;;;;;;;;
 ;00:07:55;4.200;0.393;73.8;32.0;;;;;;;;;;;;;;;;;;
 ;00:07:56;4.200;0.392;73.9;32.0;;;;;;;;;;;;;;;;;;
 ;00:07:57;4.200;0.391;74.0;32.0;;;;;;;;;;;;;;;;;;
 ;00:07:58;4.200;0.391;74.1;32.0;;;;;;;;;;;;;;;;;;
 ;00:07:59;4.200;0.391;74.2;32.0;;;;;;;;;;;;;;;;;;
 ;00:08:00;4.200;0.390;74.3;32.0;;;;;;;;;;;;;;;;;;
 ;00:08:01;4.200;0.389;74.4;32.0;;;;;;;;;;;;;;;;;;
 ;00:08:02;4.200;0.389;74.5;32.0;;;;;;;;;;;;;;;;;;
 ;00:08:03;4.200;0.389;74.6;32.0;;;;;;;;;;;;;;;;;;
 ;00:08:04;4.200;0.388;74.7;32.0;;;;;;;;;;;;;;;;;;
 ;00:08:05;4.200;0.388;74.8;32.0;;;;;;;;;;;;;;;;;;
 ;00:08:06;4.200;0.388;74.9;32.0;;;;;;;;;;;;;;;;;;
 ;00:08:07;4.200;0.388;75.1;32.0;;;;;;;;;;;;;;;;;;
 ;00:08:08;4.200;0.387;75.2;32.0;;;;;;;;;;;;;;;;;;
 ;00:08:09;4.200;0.386;75.3;32.0;;;;;;;;;;;;;;;;;;
 ;00:08:10;4.200;0.386;75.4;32.0;;;;;;;;;;;;;;;;;;
 ;00:08:11;4.200;0.386;75.5;32.0;;;;;;;;;;;;;;;;;;
 ;00:08:12;4.200;0.385;75.6;32.0;;;;;;;;;;;;;;;;;;
 ;00:08:13;4.200;0.384;75.7;32.0;;;;;;;;;;;;;;;;;;
 ;00:08:14;4.200;0.384;75.8;32.0;;;;;;;;;;;;;;;;;;
 ;00:08:15;4.200;0.384;75.9;32.0;;;;;;;;;;;;;;;;;;
 ;00:08:16;4.200;0.383;76.0;32.0;;;;;;;;;;;;;;;;;;
 ;00:08:17;4.200;0.383;76.1;32.0;;;;;;;;;;;;;;;;;;
 ;00:08:18;4.200;0.383;76.2;32.0;;;;;;;;;;;;;;;;;;
 ;00:08:19;4.200;0.383;76.3;32.0;;;;;;;;;;;;;;;;;;
 ;00:08:20;4.200;0.381;76.4;32.0;;;;;;;;;;;;;;;;;;
 ;00:08:21;4.200;0.380;76.5;32.0;;;;;;;;;;;;;;;;;;
 ;00:08:22;4.200;0.380;76.7;32.0;;;;;;;;;;;;;;;;;;
 ;00:08:23;4.200;0.380;76.8;32.0;;;;;;;;;;;;;;;;;;
 ;00:08:24;4.200;0.379;76.9;32.0;;;;;;;;;;;;;;;;;;
 ;00:08:25;4.200;0.379;77.0;32.0;;;;;;;;;;;;;;;;;;
 ;00:08:26;4.200;0.379;77.1;32.0;;;;;;;;;;;;;;;;;;
 ;00:08:27;4.200;0.378;77.2;32.0;;;;;;;;;;;;;;;;;;
 ;00:08:28;4.200;0.378;77.3;32.0;;;;;;;;;;;;;;;;;;
 ;00:08:29;4.200;0.377;77.4;32.0;;;;;;;;;;;;;;;;;;
 ;00:08:30;4.200;0.377;77.5;32.0;;;;;;;;;;;;;;;;;;
 ;00:08:31;4.200;0.377;77.6;32.0;;;;;;;;;;;;;;;;;;
 ;00:08:32;4.200;0.375;77.7;32.0;;;;;;;;;;;;;;;;;;
 ;00:08:33;4.200;0.375;77.8;32.0;;;;;;;;;;;;;;;;;;
 ;00:08:34;4.200;0.375;77.9;32.0;;;;;;;;;;;;;;;;;;
 ;00:08:35;4.200;0.374;78.0;32.0;;;;;;;;;;;;;;;;;;
 ;00:08:36;4.200;0.374;78.1;32.0;;;;;;;;;;;;;;;;;;
 ;00:08:37;4.200;0.374;78.2;32.0;;;;;;;;;;;;;;;;;;
 ;00:08:38;4.200;0.374;78.3;32.0;;;;;;;;;;;;;;;;;;
 ;00:08:39;4.200;0.373;78.4;32.0;;;;;;;;;;;;;;;;;;
 ;00:08:40;4.200;0.372;78.5;32.0;;;;;;;;;;;;;;;;;;
 ;00:08:41;4.200;0.372;78.6;32.0;;;;;;;;;;;;;;;;;;
 ;00:08:42;4.200;0.372;78.7;32.0;;;;;;;;;;;;;;;;;;
 ;00:08:43;4.200;0.371;78.8;32.0;;;;;;;;;;;;;;;;;;
 ;00:08:44;4.200;0.370;78.9;32.0;;;;;;;;;;;;;;;;;;
 ;00:08:45;4.200;0.370;79.0;32.0;;;;;;;;;;;;;;;;;;
 ;00:08:46;4.200;0.370;79.2;32.0;;;;;;;;;;;;;;;;;;
 ;00:08:47;4.200;0.369;79.3;32.0;;;;;;;;;;;;;;;;;;
 ;00:08:48;4.200;0.369;79.4;32.0;;;;;;;;;;;;;;;;;;
 ;00:08:49;4.200;0.369;79.5;32.0;;;;;;;;;;;;;;;;;;
 ;00:08:50;4.200;0.369;79.6;32.0;;;;;;;;;;;;;;;;;;
 ;00:08:51;4.200;0.367;79.7;32.0;;;;;;;;;;;;;;;;;;
 ;00:08:52;4.200;0.367;79.8;32.0;;;;;;;;;;;;;;;;;;
 ;00:08:53;4.200;0.367;79.9;32.0;;;;;;;;;;;;;;;;;;
 ;00:08:54;4.200;0.367;80.0;32.0;;;;;;;;;;;;;;;;;;
 ;00:08:55;4.200;0.366;80.1;32.0;;;;;;;;;;;;;;;;;;
 ;00:08:56;4.200;0.366;80.2;32.0;;;;;;;;;;;;;;;;;;
 ;00:08:57;4.200;0.366;80.3;32.0;;;;;;;;;;;;;;;;;;
 ;00:08:58;4.200;0.366;80.4;32.0;;;;;;;;;;;;;;;;;;
 ;00:08:59;4.200;0.364;80.5;32.0;;;;;;;;;;;;;;;;;;
 ;00:09:00;4.200;0.364;80.6;32.0;;;;;;;;;;;;;;;;;;
 ;00:09:01;4.200;0.364;80.7;32.0;;;;;;;;;;;;;;;;;;
 ;00:09:02;4.200;0.364;80.8;32.0;;;;;;;;;;;;;;;;;;
 ;00:09:03;4.200;0.362;80.9;32.0;;;;;;;;;;;;;;;;;;
 ;00:09:04;4.200;0.362;81.0;32.1;;;;;;;;;;;;;;;;;;
 ;00:09:05;4.200;0.362;81.1;32.1;;;;;;;;;;;;;;;;;;
 ;00:09:06;4.200;0.362;81.2;32.1;;;;;;;;;;;;;;;;;;
 ;00:09:07;4.200;0.361;81.3;32.0;;;;;;;;;;;;;;;;;;
 ;00:09:08;4.200;0.361;81.4;32.1;;;;;;;;;;;;;;;;;;
 ;00:09:09;4.200;0.361;81.5;32.1;;;;;;;;;;;;;;;;;;
 ;00:09:10;4.200;0.360;81.6;32.1;;;;;;;;;;;;;;;;;;
 ;00:09:11;4.200;0.358;81.7;32.1;;;;;;;;;;;;;;;;;;
 ;00:09:12;4.200;0.358;81.8;32.1;;;;;;;;;;;;;;;;;;
 ;00:09:13;4.200;0.358;81.9;32.1;;;;;;;;;;;;;;;;;;
 ;00:09:14;4.200;0.358;82.0;32.1;;;;;;;;;;;;;;;;;;
 ;00:09:15;4.200;0.357;82.1;32.1;;;;;;;;;;;;;;;;;;
 ;00:09:16;4.200;0.357;82.2;32.1;;;;;;;;;;;;;;;;;;
 ;00:09:17;4.200;0.357;82.3;32.1;;;;;;;;;;;;;;;;;;
 ;00:09:18;4.200;0.357;82.4;32.1;;;;;;;;;;;;;;;;;;
 ;00:09:19;4.200;0.356;82.5;32.1;;;;;;;;;;;;;;;;;;
 ;00:09:20;4.200;0.356;82.6;32.1;;;;;;;;;;;;;;;;;;
 ;00:09:21;4.200;0.356;82.7;32.1;;;;;;;;;;;;;;;;;;
 ;00:09:22;4.200;0.356;82.8;32.1;;;;;;;;;;;;;;;;;;
 ;00:09:23;4.200;0.354;82.9;32.1;;;;;;;;;;;;;;;;;;
 ;00:09:24;4.200;0.353;83.0;32.1;;;;;;;;;;;;;;;;;;
 ;00:09:25;4.200;0.353;83.1;32.1;;;;;;;;;;;;;;;;;;
 ;00:09:26;4.200;0.353;83.2;32.1;;;;;;;;;;;;;;;;;;
 ;00:09:27;4.200;0.352;83.3;32.1;;;;;;;;;;;;;;;;;;
 ;00:09:28;4.200;0.352;83.4;32.1;;;;;;;;;;;;;;;;;;
 ;00:09:29;4.200;0.352;83.5;32.1;;;;;;;;;;;;;;;;;;
 ;00:09:30;4.200;0.352;83.6;32.1;;;;;;;;;;;;;;;;;;
 ;00:09:31;4.200;0.351;83.7;32.1;;;;;;;;;;;;;;;;;;
 ;00:09:32;4.200;0.350;83.8;32.1;;;;;;;;;;;;;;;;;;
 ;00:09:33;4.200;0.350;83.9;32.1;;;;;;;;;;;;;;;;;;
 ;00:09:34;4.200;0.350;83.9;32.1;;;;;;;;;;;;;;;;;;
 ;00:09:35;4.200;0.350;84.0;32.1;;;;;;;;;;;;;;;;;;
 ;00:09:36;4.200;0.348;84.1;32.1;;;;;;;;;;;;;;;;;;
 ;00:09:37;4.200;0.348;84.2;32.1;;;;;;;;;;;;;;;;;;
 ;00:09:38;4.200;0.348;84.3;32.1;;;;;;;;;;;;;;;;;;
 ;00:09:39;4.200;0.348;84.4;32.1;;;;;;;;;;;;;;;;;;
 ;00:09:40;4.200;0.347;84.5;32.1;;;;;;;;;;;;;;;;;;
 ;00:09:41;4.200;0.347;84.6;32.1;;;;;;;;;;;;;;;;;;
 ;00:09:42;4.200;0.347;84.7;32.1;;;;;;;;;;;;;;;;;;
 ;00:09:43;4.200;0.347;84.8;32.1;;;;;;;;;;;;;;;;;;
 ;00:09:44;4.200;0.345;84.9;32.1;;;;;;;;;;;;;;;;;;
 ;00:09:45;4.200;0.345;85.0;32.1;;;;;;;;;;;;;;;;;;
 ;00:09:46;4.200;0.345;85.1;32.1;;;;;;;;;;;;;;;;;;
 ;00:09:47;4.200;0.345;85.2;32.1;;;;;;;;;;;;;;;;;;
 ;00:09:48;4.200;0.344;85.3;32.1;;;;;;;;;;;;;;;;;;
 ;00:09:49;4.200;0.343;85.4;32.1;;;;;;;;;;;;;;;;;;
 ;00:09:50;4.200;0.343;85.5;32.1;;;;;;;;;;;;;;;;;;
 ;00:09:51;4.200;0.343;85.6;32.1;;;;;;;;;;;;;;;;;;
 ;00:09:52;4.200;0.342;85.7;32.1;;;;;;;;;;;;;;;;;;
 ;00:09:53;4.200;0.341;85.8;32.1;;;;;;;;;;;;;;;;;;
 ;00:09:54;4.200;0.341;85.9;32.1;;;;;;;;;;;;;;;;;;
 ;00:09:55;4.200;0.341;86.0;32.1;;;;;;;;;;;;;;;;;;
 ;00:09:56;4.200;0.341;86.1;32.1;;;;;;;;;;;;;;;;;;
 ;00:09:57;4.200;0.340;86.2;32.1;;;;;;;;;;;;;;;;;;
 ;00:09:58;4.200;0.340;86.2;32.1;;;;;;;;;;;;;;;;;;
 ;00:09:59;4.200;0.340;86.3;32.1;;;;;;;;;;;;;;;;;;
 ;00:10:00;4.200;0.340;86.4;32.1;;;;;;;;;;;;;;;;;;
 ;00:10:01;4.200;0.339;86.5;32.1;;;;;;;;;;;;;;;;;;
 ;00:10:02;4.200;0.338;86.6;32.1;;;;;;;;;;;;;;;;;;
 ;00:10:03;4.200;0.338;86.7;32.1;;;;;;;;;;;;;;;;;;
 ;00:10:04;4.200;0.338;86.8;32.1;;;;;;;;;;;;;;;;;;
 ;00:10:05;4.200;0.337;86.9;32.1;;;;;;;;;;;;;;;;;;
 ;00:10:06;4.200;0.336;87.0;32.1;;;;;;;;;;;;;;;;;;
 ;00:10:07;4.200;0.336;87.1;32.1;;;;;;;;;;;;;;;;;;
 ;00:10:08;4.200;0.336;87.2;32.1;;;;;;;;;;;;;;;;;;
 ;00:10:09;4.200;0.336;87.3;32.1;;;;;;;;;;;;;;;;;;
 ;00:10:10;4.200;0.335;87.4;32.1;;;;;;;;;;;;;;;;;;
 ;00:10:11;4.200;0.335;87.5;32.1;;;;;;;;;;;;;;;;;;
 ;00:10:12;4.200;0.335;87.6;32.1;;;;;;;;;;;;;;;;;;
 ;00:10:13;4.200;0.335;87.7;32.1;;;;;;;;;;;;;;;;;;
 ;00:10:14;4.200;0.334;87.7;32.1;;;;;;;;;;;;;;;;;;
 ;00:10:15;4.200;0.333;87.8;32.1;;;;;;;;;;;;;;;;;;
 ;00:10:16;4.200;0.333;87.9;32.1;;;;;;;;;;;;;;;;;;
 ;00:10:17;4.200;0.333;88.0;32.1;;;;;;;;;;;;;;;;;;
 ;00:10:18;4.200;0.332;88.1;32.1;;;;;;;;;;;;;;;;;;
 ;00:10:19;4.200;0.331;88.2;32.1;;;;;;;;;;;;;;;;;;
 ;00:10:20;4.200;0.331;88.3;32.1;;;;;;;;;;;;;;;;;;
 ;00:10:21;4.200;0.331;88.4;32.1;;;;;;;;;;;;;;;;;;
 ;00:10:22;4.200;0.331;88.5;32.1;;;;;;;;;;;;;;;;;;
 ;00:10:23;4.200;0.330;88.6;32.1;;;;;;;;;;;;;;;;;;
 ;00:10:24;4.200;0.330;88.7;32.1;;;;;;;;;;;;;;;;;;
 ;00:10:25;4.200;0.330;88.8;32.1;;;;;;;;;;;;;;;;;;
 ;00:10:26;4.200;0.330;88.8;32.1;;;;;;;;;;;;;;;;;;
 ;00:10:27;4.200;0.329;88.9;32.1;;;;;;;;;;;;;;;;;;
 ;00:10:28;4.200;0.328;89.0;32.1;;;;;;;;;;;;;;;;;;
 ;00:10:29;4.200;0.328;89.1;32.1;;;;;;;;;;;;;;;;;;
 ;00:10:30;4.200;0.327;89.2;32.1;;;;;;;;;;;;;;;;;;
 ;00:10:31;4.200;0.327;89.3;32.1;;;;;;;;;;;;;;;;;;
 ;00:10:32;4.200;0.326;89.4;32.1;;;;;;;;;;;;;;;;;;
 ;00:10:33;4.200;0.326;89.5;32.1;;;;;;;;;;;;;;;;;;
 ;00:10:34;4.200;0.326;89.6;32.1;;;;;;;;;;;;;;;;;;
 ;00:10:35;4.200;0.326;89.7;32.1;;;;;;;;;;;;;;;;;;
 ;00:10:36;4.200;0.325;89.8;32.1;;;;;;;;;;;;;;;;;;
 ;00:10:37;4.200;0.325;89.8;32.1;;;;;;;;;;;;;;;;;;
 ;00:10:38;4.200;0.325;89.9;32.1;;;;;;;;;;;;;;;;;;
 ;00:10:39;4.200;0.325;90.0;32.1;;;;;;;;;;;;;;;;;;
 ;00:10:40;4.200;0.324;90.1;32.1;;;;;;;;;;;;;;;;;;
 ;00:10:41;4.200;0.323;90.2;32.1;;;;;;;;;;;;;;;;;;
 ;00:10:42;4.200;0.322;90.3;32.1;;;;;;;;;;;;;;;;;;
 ;00:10:43;4.200;0.322;90.4;32.1;;;;;;;;;;;;;;;;;;
 ;00:10:44;4.200;0.322;90.5;32.1;;;;;;;;;;;;;;;;;;
 ;00:10:45;4.200;0.321;90.6;32.1;;;;;;;;;;;;;;;;;;
 ;00:10:46;4.200;0.321;90.7;32.1;;;;;;;;;;;;;;;;;;
 ;00:10:47;4.200;0.321;90.7;32.1;;;;;;;;;;;;;;;;;;
 ;00:10:48;4.200;0.320;90.8;32.1;;;;;;;;;;;;;;;;;;
 ;00:10:49;4.200;0.320;90.9;32.1;;;;;;;;;;;;;;;;;;
 ;00:10:50;4.200;0.320;91.0;32.1;;;;;;;;;;;;;;;;;;
 ;00:10:51;4.200;0.320;91.1;32.1;;;;;;;;;;;;;;;;;;
 ;00:10:52;4.200;0.320;91.2;32.1;;;;;;;;;;;;;;;;;;
 ;00:10:53;4.200;0.319;91.3;32.0;;;;;;;;;;;;;;;;;;
 ;00:10:54;4.200;0.319;91.4;32.0;;;;;;;;;;;;;;;;;;
 ;00:10:55;4.200;0.319;91.5;32.1;;;;;;;;;;;;;;;;;;
 ;00:10:56;4.200;0.319;91.5;32.1;;;;;;;;;;;;;;;;;;
 ;00:10:57;4.200;0.317;91.6;32.0;;;;;;;;;;;;;;;;;;
 ;00:10:58;4.200;0.316;91.7;32.0;;;;;;;;;;;;;;;;;;
 ;00:10:59;4.200;0.316;91.8;32.0;;;;;;;;;;;;;;;;;;
 ;00:11:00;4.200;0.316;91.9;32.0;;;;;;;;;;;;;;;;;;
 ;00:11:01;4.200;0.316;92.0;32.0;;;;;;;;;;;;;;;;;;
 ;00:11:02;4.200;0.315;92.1;32.0;;;;;;;;;;;;;;;;;;
 ;00:11:03;4.200;0.315;92.2;32.0;;;;;;;;;;;;;;;;;;
 ;00:11:04;4.200;0.315;92.2;32.0;;;;;;;;;;;;;;;;;;
 ;00:11:05;4.200;0.315;92.3;32.0;;;;;;;;;;;;;;;;;;
 ;00:11:06;4.200;0.314;92.4;32.0;;;;;;;;;;;;;;;;;;
 ;00:11:07;4.200;0.314;92.5;32.0;;;;;;;;;;;;;;;;;;
 ;00:11:08;4.200;0.314;92.6;32.0;;;;;;;;;;;;;;;;;;
 ;00:11:09;4.200;0.314;92.7;32.0;;;;;;;;;;;;;;;;;;
 ;00:11:10;4.200;0.313;92.8;32.0;;;;;;;;;;;;;;;;;;
 ;00:11:11;4.200;0.312;92.9;32.0;;;;;;;;;;;;;;;;;;
 ;00:11:12;4.200;0.312;92.9;32.0;;;;;;;;;;;;;;;;;;
 ;00:11:13;4.200;0.312;93.0;32.0;;;;;;;;;;;;;;;;;;
 ;00:11:14;4.200;0.311;93.1;32.0;;;;;;;;;;;;;;;;;;
 ;00:11:15;4.200;0.310;93.2;32.0;;;;;;;;;;;;;;;;;;
 ;00:11:16;4.200;0.310;93.3;32.0;;;;;;;;;;;;;;;;;;
 ;00:11:17;4.200;0.310;93.4;32.0;;;;;;;;;;;;;;;;;;
 ;00:11:18;4.200;0.309;93.5;32.0;;;;;;;;;;;;;;;;;;
 ;00:11:19;4.200;0.309;93.5;32.0;;;;;;;;;;;;;;;;;;
 ;00:11:20;4.200;0.309;93.6;32.0;;;;;;;;;;;;;;;;;;
 ;00:11:21;4.200;0.309;93.7;32.0;;;;;;;;;;;;;;;;;;
 ;00:11:22;4.200;0.309;93.8;32.0;;;;;;;;;;;;;;;;;;
 ;00:11:23;4.200;0.307;93.9;32.0;;;;;;;;;;;;;;;;;;
 ;00:11:24;4.200;0.307;94.0;32.0;;;;;;;;;;;;;;;;;;
 ;00:11:25;4.200;0.307;94.1;32.0;;;;;;;;;;;;;;;;;;
 ;00:11:26;4.200;0.307;94.1;32.0;;;;;;;;;;;;;;;;;;
 ;00:11:27;4.200;0.306;94.2;32.0;;;;;;;;;;;;;;;;;;
 ;00:11:28;4.200;0.306;94.3;32.0;;;;;;;;;;;;;;;;;;
 ;00:11:29;4.200;0.306;94.4;32.0;;;;;;;;;;;;;;;;;;
 ;00:11:30;4.200;0.306;94.5;32.0;;;;;;;;;;;;;;;;;;
 ;00:11:31;4.200;0.305;94.6;32.0;;;;;;;;;;;;;;;;;;
 ;00:11:32;4.200;0.305;94.7;32.0;;;;;;;;;;;;;;;;;;
 ;00:11:33;4.200;0.304;94.7;32.0;;;;;;;;;;;;;;;;;;
 ;00:11:34;4.200;0.304;94.8;32.0;;;;;;;;;;;;;;;;;;
 ;00:11:35;4.200;0.304;94.9;32.0;;;;;;;;;;;;;;;;;;
 ;00:11:36;4.200;0.303;95.0;32.0;;;;;;;;;;;;;;;;;;
 ;00:11:37;4.200;0.302;95.1;32.0;;;;;;;;;;;;;;;;;;
 ;00:11:38;4.200;0.302;95.2;32.0;;;;;;;;;;;;;;;;;;
 ;00:11:39;4.200;0.302;95.2;32.0;;;;;;;;;;;;;;;;;;
 ;00:11:40;4.200;0.301;95.3;32.0;;;;;;;;;;;;;;;;;;
 ;00:11:41;4.200;0.301;95.4;32.0;;;;;;;;;;;;;;;;;;
 ;00:11:42;4.200;0.301;95.5;32.0;;;;;;;;;;;;;;;;;;
 ;00:11:43;4.200;0.301;95.6;32.0;;;;;;;;;;;;;;;;;;
 ;00:11:44;4.200;0.301;95.7;32.0;;;;;;;;;;;;;;;;;;
 ;00:11:45;4.200;0.300;95.7;32.0;;;;;;;;;;;;;;;;;;
 ;00:11:46;4.200;0.300;95.8;32.0;;;;;;;;;;;;;;;;;;
 ;00:11:47;4.200;0.300;95.9;32.0;;;;;;;;;;;;;;;;;;
 ;00:11:48;4.200;0.300;96.0;32.0;;;;;;;;;;;;;;;;;;
 ;00:11:49;4.200;0.299;96.1;32.0;;;;;;;;;;;;;;;;;;
 ;00:11:50;4.200;0.298;96.2;32.0;;;;;;;;;;;;;;;;;;
 ;00:11:51;4.200;0.298;96.2;32.0;;;;;;;;;;;;;;;;;;
 ;00:11:52;4.200;0.298;96.3;32.0;;;;;;;;;;;;;;;;;;
 ;00:11:53;4.200;0.298;96.4;32.0;;;;;;;;;;;;;;;;;;
 ;00:11:54;4.200;0.297;96.5;32.0;;;;;;;;;;;;;;;;;;
 ;00:11:55;4.200;0.296;96.6;32.0;;;;;;;;;;;;;;;;;;
 ;00:11:56;4.200;0.296;96.7;32.0;;;;;;;;;;;;;;;;;;
 ;00:11:57;4.200;0.296;96.7;32.0;;;;;;;;;;;;;;;;;;
 ;00:11:58;4.200;0.295;96.8;32.0;;;;;;;;;;;;;;;;;;
 ;00:11:59;4.200;0.295;96.9;32.0;;;;;;;;;;;;;;;;;;
 ;00:12:00;4.200;0.295;97.0;32.0;;;;;;;;;;;;;;;;;;
 ;00:12:01;4.200;0.295;97.1;32.0;;;;;;;;;;;;;;;;;;
 ;00:12:02;4.200;0.295;97.1;32.0;;;;;;;;;;;;;;;;;;
 ;00:12:03;4.200;0.294;97.2;32.0;;;;;;;;;;;;;;;;;;
 ;00:12:04;4.200;0.293;97.3;32.0;;;;;;;;;;;;;;;;;;
 ;00:12:05;4.200;0.293;97.4;32.0;;;;;;;;;;;;;;;;;;
 ;00:12:06;4.200;0.293;97.5;32.0;;;;;;;;;;;;;;;;;;
 ;00:12:07;4.200;0.293;97.6;32.0;;;;;;;;;;;;;;;;;;
 ;00:12:08;4.200;0.292;97.6;32.0;;;;;;;;;;;;;;;;;;
 ;00:12:09;4.200;0.291;97.7;32.0;;;;;;;;;;;;;;;;;;
 ;00:12:10;4.200;0.291;97.8;32.0;;;;;;;;;;;;;;;;;;
 ;00:12:11;4.200;0.291;97.9;32.0;;;;;;;;;;;;;;;;;;
 ;00:12:12;4.200;0.291;98.0;32.0;;;;;;;;;;;;;;;;;;
 ;00:12:13;4.200;0.290;98.0;32.0;;;;;;;;;;;;;;;;;;
 ;00:12:14;4.200;0.290;98.1;32.0;;;;;;;;;;;;;;;;;;
 ;00:12:15;4.200;0.290;98.2;32.0;;;;;;;;;;;;;;;;;;
 ;00:12:16;4.200;0.290;98.3;32.0;;;;;;;;;;;;;;;;;;
 ;00:12:17;4.200;0.289;98.4;32.0;;;;;;;;;;;;;;;;;;
 ;00:12:18;4.200;0.289;98.4;32.0;;;;;;;;;;;;;;;;;;
 ;00:12:19;4.200;0.289;98.5;32.0;;;;;;;;;;;;;;;;;;
 ;00:12:20;4.200;0.289;98.6;32.0;;;;;;;;;;;;;;;;;;
 ;00:12:21;4.200;0.289;98.7;32.0;;;;;;;;;;;;;;;;;;
 ;00:12:22;4.200;0.288;98.8;32.0;;;;;;;;;;;;;;;;;;
 ;00:12:23;4.200;0.286;98.8;32.0;;;;;;;;;;;;;;;;;;
 ;00:12:24;4.200;0.286;98.9;32.0;;;;;;;;;;;;;;;;;;
 ;00:12:25;4.200;0.286;99.0;32.0;;;;;;;;;;;;;;;;;;
 ;00:12:26;4.200;0.286;99.1;32.0;;;;;;;;;;;;;;;;;;
 ;00:12:27;4.200;0.285;99.2;32.0;;;;;;;;;;;;;;;;;;
 ;00:12:28;4.200;0.285;99.2;32.0;;;;;;;;;;;;;;;;;;
 ;00:12:29;4.200;0.285;99.3;32.0;;;;;;;;;;;;;;;;;;
 ;00:12:30;4.200;0.285;99.4;32.0;;;;;;;;;;;;;;;;;;
 ;00:12:31;4.200;0.285;99.5;32.0;;;;;;;;;;;;;;;;;;
 ;00:12:32;4.200;0.284;99.6;32.0;;;;;;;;;;;;;;;;;;
 ;00:12:33;4.200;0.284;99.6;32.0;;;;;;;;;;;;;;;;;;
 ;00:12:34;4.200;0.284;99.7;32.0;;;;;;;;;;;;;;;;;;
 ;00:12:35;4.200;0.284;99.8;32.0;;;;;;;;;;;;;;;;;;
 ;00:12:36;4.200;0.284;99.9;32.0;;;;;;;;;;;;;;;;;;
 ;00:12:37;4.200;0.283;100.0;32.0;;;;;;;;;;;;;;;;;;
 ;00:12:38;4.200;0.283;100.0;32.0;;;;;;;;;;;;;;;;;;
 ;00:12:39;4.200;0.282;100.1;32.0;;;;;;;;;;;;;;;;;;
 ;00:12:40;4.200;0.282;100.2;32.0;;;;;;;;;;;;;;;;;;
 ;00:12:41;4.200;0.282;100.3;32.0;;;;;;;;;;;;;;;;;;
 ;00:12:42;4.200;0.280;100.3;32.0;;;;;;;;;;;;;;;;;;
 ;00:12:43;4.200;0.280;100.4;32.0;;;;;;;;;;;;;;;;;;
 ;00:12:44;4.200;0.280;100.5;32.0;;;;;;;;;;;;;;;;;;
 ;00:12:45;4.200;0.280;100.6;32.0;;;;;;;;;;;;;;;;;;
 ;00:12:46;4.200;0.279;100.7;32.0;;;;;;;;;;;;;;;;;;
 ;00:12:47;4.200;0.279;100.7;32.0;;;;;;;;;;;;;;;;;;
 ;00:12:48;4.200;0.279;100.8;32.0;;;;;;;;;;;;;;;;;;
 ;00:12:49;4.200;0.279;100.9;32.0;;;;;;;;;;;;;;;;;;
 ;00:12:50;4.200;0.279;101.0;32.0;;;;;;;;;;;;;;;;;;
 ;00:12:51;4.200;0.278;101.0;32.0;;;;;;;;;;;;;;;;;;
 ;00:12:52;4.200;0.278;101.1;32.0;;;;;;;;;;;;;;;;;;
 ;00:12:53;4.200;0.278;101.2;32.0;;;;;;;;;;;;;;;;;;
 ;00:12:54;4.200;0.278;101.3;32.0;;;;;;;;;;;;;;;;;;
 ;00:12:55;4.200;0.278;101.4;32.0;;;;;;;;;;;;;;;;;;
 ;00:12:56;4.200;0.276;101.4;32.0;;;;;;;;;;;;;;;;;;
 ;00:12:57;4.200;0.276;101.5;32.0;;;;;;;;;;;;;;;;;;
 ;00:12:58;4.200;0.276;101.6;32.0;;;;;;;;;;;;;;;;;;
 ;00:12:59;4.200;0.276;101.7;32.0;;;;;;;;;;;;;;;;;;
 ;00:13:00;4.200;0.276;101.7;32.0;;;;;;;;;;;;;;;;;;
 ;00:13:01;4.200;0.275;101.8;32.0;;;;;;;;;;;;;;;;;;
 ;00:13:02;4.200;0.274;101.9;32.0;;;;;;;;;;;;;;;;;;
 ;00:13:03;4.200;0.274;102.0;32.0;;;;;;;;;;;;;;;;;;
 ;00:13:04;4.200;0.274;102.0;32.0;;;;;;;;;;;;;;;;;;
 ;00:13:05;4.200;0.274;102.1;32.0;;;;;;;;;;;;;;;;;;
 ;00:13:06;4.200;0.273;102.2;32.0;;;;;;;;;;;;;;;;;;
 ;00:13:07;4.200;0.273;102.3;32.0;;;;;;;;;;;;;;;;;;
 ;00:13:08;4.200;0.273;102.3;32.0;;;;;;;;;;;;;;;;;;
 ;00:13:09;4.200;0.273;102.4;32.0;;;;;;;;;;;;;;;;;;
 ;00:13:10;4.200;0.272;102.5;32.0;;;;;;;;;;;;;;;;;;
 ;00:13:11;4.200;0.272;102.6;32.0;;;;;;;;;;;;;;;;;;
 ;00:13:12;4.200;0.272;102.6;32.0;;;;;;;;;;;;;;;;;;
 ;00:13:13;4.200;0.272;102.7;32.0;;;;;;;;;;;;;;;;;;
 ;00:13:14;4.200;0.272;102.8;32.0;;;;;;;;;;;;;;;;;;
 ;00:13:15;4.200;0.271;102.9;32.0;;;;;;;;;;;;;;;;;;
 ;00:13:16;4.200;0.270;102.9;32.0;;;;;;;;;;;;;;;;;;
 ;00:13:17;4.200;0.270;103.0;32.0;;;;;;;;;;;;;;;;;;
 ;00:13:18;4.200;0.270;103.1;32.0;;;;;;;;;;;;;;;;;;
 ;00:13:19;4.200;0.270;103.2;32.0;;;;;;;;;;;;;;;;;;
 ;00:13:20;4.200;0.269;103.2;32.0;;;;;;;;;;;;;;;;;;
 ;00:13:21;4.200;0.269;103.3;32.0;;;;;;;;;;;;;;;;;;
 ;00:13:22;4.200;0.269;103.4;32.0;;;;;;;;;;;;;;;;;;
 ;00:13:23;4.200;0.269;103.5;32.0;;;;;;;;;;;;;;;;;;
 ;00:13:24;4.200;0.269;103.5;32.0;;;;;;;;;;;;;;;;;;
 ;00:13:25;4.200;0.268;103.6;32.0;;;;;;;;;;;;;;;;;;
 ;00:13:26;4.200;0.267;103.7;32.0;;;;;;;;;;;;;;;;;;
 ;00:13:27;4.200;0.267;103.8;32.0;;;;;;;;;;;;;;;;;;
 ;00:13:28;4.200;0.267;103.8;31.9;;;;;;;;;;;;;;;;;;
 ;00:13:29;4.200;0.267;103.9;31.9;;;;;;;;;;;;;;;;;;
 ;00:13:30;4.200;0.266;104.0;31.9;;;;;;;;;;;;;;;;;;
 ;00:13:31;4.200;0.265;104.1;31.9;;;;;;;;;;;;;;;;;;
 ;00:13:32;4.200;0.265;104.1;31.9;;;;;;;;;;;;;;;;;;
 ;00:13:33;4.200;0.265;104.2;31.9;;;;;;;;;;;;;;;;;;
 ;00:13:34;4.200;0.264;104.3;31.9;;;;;;;;;;;;;;;;;;
 ;00:13:35;4.200;0.264;104.4;31.9;;;;;;;;;;;;;;;;;;
 ;00:13:36;4.200;0.264;104.4;31.9;;;;;;;;;;;;;;;;;;
 ;00:13:37;4.200;0.264;104.5;31.9;;;;;;;;;;;;;;;;;;
 ;00:13:38;4.200;0.264;104.6;31.9;;;;;;;;;;;;;;;;;;
 ;00:13:39;4.200;0.263;104.7;31.9;;;;;;;;;;;;;;;;;;
 ;00:13:40;4.200;0.263;104.7;31.9;;;;;;;;;;;;;;;;;;
 ;00:13:41;4.200;0.263;104.8;31.9;;;;;;;;;;;;;;;;;;
 ;00:13:42;4.200;0.263;104.9;31.9;;;;;;;;;;;;;;;;;;
 ;00:13:43;4.200;0.263;104.9;31.9;;;;;;;;;;;;;;;;;;
 ;00:13:44;4.200;0.262;105.0;31.9;;;;;;;;;;;;;;;;;;
 ;00:13:45;4.200;0.262;105.1;31.9;;;;;;;;;;;;;;;;;;
 ;00:13:46;4.200;0.262;105.2;31.9;;;;;;;;;;;;;;;;;;
 ;00:13:47;4.200;0.262;105.2;31.9;;;;;;;;;;;;;;;;;;
 ;00:13:48;4.200;0.262;105.3;31.9;;;;;;;;;;;;;;;;;;
 ;00:13:49;4.200;0.261;105.4;31.9;;;;;;;;;;;;;;;;;;
 ;00:13:50;4.200;0.260;105.5;31.9;;;;;;;;;;;;;;;;;;
 ;00:13:51;4.200;0.260;105.5;31.9;;;;;;;;;;;;;;;;;;
 ;00:13:52;4.200;0.260;105.6;31.9;;;;;;;;;;;;;;;;;;
 ;00:13:53;4.200;0.260;105.7;31.9;;;;;;;;;;;;;;;;;;
 ;00:13:54;4.200;0.259;105.7;31.9;;;;;;;;;;;;;;;;;;
 ;00:13:55;4.200;0.258;105.8;31.9;;;;;;;;;;;;;;;;;;
 ;00:13:56;4.200;0.258;105.9;31.9;;;;;;;;;;;;;;;;;;
 ;00:13:57;4.200;0.258;106.0;31.9;;;;;;;;;;;;;;;;;;
 ;00:13:58;4.200;0.258;106.0;31.9;;;;;;;;;;;;;;;;;;
 ;00:13:59;4.200;0.258;106.1;31.9;;;;;;;;;;;;;;;;;;
 ;00:14:00;4.200;0.257;106.2;31.9;;;;;;;;;;;;;;;;;;
 ;00:14:01;4.200;0.257;106.2;31.9;;;;;;;;;;;;;;;;;;
 ;00:14:02;4.200;0.257;106.3;31.9;;;;;;;;;;;;;;;;;;
 ;00:14:03;4.200;0.257;106.4;31.9;;;;;;;;;;;;;;;;;;
 ;00:14:04;4.200;0.256;106.5;31.9;;;;;;;;;;;;;;;;;;
 ;00:14:05;4.200;0.255;106.5;31.9;;;;;;;;;;;;;;;;;;
 ;00:14:06;4.200;0.255;106.6;31.9;;;;;;;;;;;;;;;;;;
 ;00:14:07;4.200;0.255;106.7;31.9;;;;;;;;;;;;;;;;;;
 ;00:14:08;4.200;0.255;106.7;31.9;;;;;;;;;;;;;;;;;;
 ;00:14:09;4.200;0.254;106.8;31.9;;;;;;;;;;;;;;;;;;
 ;00:14:10;4.200;0.254;106.9;31.9;;;;;;;;;;;;;;;;;;
 ;00:14:11;4.200;0.254;107.0;31.9;;;;;;;;;;;;;;;;;;
 ;00:14:12;4.200;0.254;107.0;31.9;;;;;;;;;;;;;;;;;;
 ;00:14:13;4.200;0.254;107.1;31.9;;;;;;;;;;;;;;;;;;
 ;00:14:14;4.200;0.253;107.2;31.9;;;;;;;;;;;;;;;;;;
 ;00:14:15;4.200;0.253;107.2;31.9;;;;;;;;;;;;;;;;;;
 ;00:14:16;4.200;0.253;107.3;31.9;;;;;;;;;;;;;;;;;;
 ;00:14:17;4.200;0.253;107.4;31.9;;;;;;;;;;;;;;;;;;
 ;00:14:18;4.200;0.253;107.4;31.9;;;;;;;;;;;;;;;;;;
 ;00:14:19;4.200;0.252;107.5;31.9;;;;;;;;;;;;;;;;;;
 ;00:14:20;4.200;0.252;107.6;31.9;;;;;;;;;;;;;;;;;;
 ;00:14:21;4.200;0.252;107.7;31.9;;;;;;;;;;;;;;;;;;
 ;00:14:22;4.200;0.252;107.7;31.9;;;;;;;;;;;;;;;;;;
 ;00:14:23;4.200;0.252;107.8;31.9;;;;;;;;;;;;;;;;;;
 ;00:14:24;4.200;0.251;107.9;31.9;;;;;;;;;;;;;;;;;;
 ;00:14:25;4.200;0.250;107.9;31.9;;;;;;;;;;;;;;;;;;
 ;00:14:26;4.200;0.248;108.0;31.9;;;;;;;;;;;;;;;;;;
 ;00:14:27;4.200;0.247;108.1;31.9;;;;;;;;;;;;;;;;;;
 ;00:14:28;4.200;0.247;108.1;31.9;;;;;;;;;;;;;;;;;;
 ;00:14:29;4.200;0.247;108.2;31.9;;;;;;;;;;;;;;;;;;
 ;00:14:30;4.200;0.247;108.3;31.9;;;;;;;;;;;;;;;;;;
 ;00:14:31;4.200;0.247;108.3;31.9;;;;;;;;;;;;;;;;;;
 ;00:14:32;4.200;0.247;108.4;31.9;;;;;;;;;;;;;;;;;;
 ;00:14:33;4.200;0.246;108.5;31.9;;;;;;;;;;;;;;;;;;
 ;00:14:34;4.200;0.246;108.6;31.9;;;;;;;;;;;;;;;;;;
 ;00:14:35;4.200;0.246;108.6;31.9;;;;;;;;;;;;;;;;;;
 ;00:14:36;4.200;0.246;108.7;31.9;;;;;;;;;;;;;;;;;;
 ;00:14:37;4.200;0.246;108.8;31.9;;;;;;;;;;;;;;;;;;
 ;00:14:38;4.200;0.246;108.8;31.9;;;;;;;;;;;;;;;;;;
 ;00:14:39;4.200;0.245;108.9;31.9;;;;;;;;;;;;;;;;;;
 ;00:14:40;4.200;0.244;109.0;31.9;;;;;;;;;;;;;;;;;;
 ;00:14:41;4.200;0.244;109.0;31.9;;;;;;;;;;;;;;;;;;
 ;00:14:42;4.200;0.244;109.1;31.9;;;;;;;;;;;;;;;;;;
 ;00:14:43;4.200;0.244;109.2;31.9;;;;;;;;;;;;;;;;;;
 ;00:14:44;4.200;0.244;109.2;31.9;;;;;;;;;;;;;;;;;;
 ;00:14:45;4.200;0.243;109.3;31.8;;;;;;;;;;;;;;;;;;
 ;00:14:46;4.200;0.243;109.4;31.9;;;;;;;;;;;;;;;;;;
 ;00:14:47;4.200;0.243;109.4;31.8;;;;;;;;;;;;;;;;;;
 ;00:14:48;4.200;0.243;109.5;31.8;;;;;;;;;;;;;;;;;;
 ;00:14:49;4.200;0.243;109.6;31.8;;;;;;;;;;;;;;;;;;
 ;00:14:50;4.200;0.242;109.6;31.8;;;;;;;;;;;;;;;;;;
 ;00:14:51;4.200;0.242;109.7;31.8;;;;;;;;;;;;;;;;;;
 ;00:14:52;4.200;0.242;109.8;31.8;;;;;;;;;;;;;;;;;;
 ;00:14:53;4.200;0.242;109.8;31.8;;;;;;;;;;;;;;;;;;
 ;00:14:54;4.200;0.242;109.9;31.8;;;;;;;;;;;;;;;;;;
 ;00:14:55;4.200;0.242;110.0;31.8;;;;;;;;;;;;;;;;;;
 ;00:14:56;4.200;0.241;110.0;31.8;;;;;;;;;;;;;;;;;;
 ;00:14:57;4.200;0.240;110.1;31.8;;;;;;;;;;;;;;;;;;
 ;00:14:58;4.200;0.240;110.2;31.8;;;;;;;;;;;;;;;;;;
 ;00:14:59;4.200;0.240;110.2;31.8;;;;;;;;;;;;;;;;;;
 ;00:15:00;4.200;0.240;110.3;31.8;;;;;;;;;;;;;;;;;;
 ;00:15:01;4.200;0.240;110.4;31.8;;;;;;;;;;;;;;;;;;
 ;00:15:02;4.200;0.238;110.4;31.8;;;;;;;;;;;;;;;;;;
 ;00:15:03;4.200;0.238;110.5;31.8;;;;;;;;;;;;;;;;;;
 ;00:15:04;4.200;0.238;110.6;31.8;;;;;;;;;;;;;;;;;;
 ;00:15:05;4.200;0.238;110.6;31.8;;;;;;;;;;;;;;;;;;
 ;00:15:06;4.200;0.238;110.7;31.8;;;;;;;;;;;;;;;;;;
 ;00:15:07;4.200;0.237;110.8;31.8;;;;;;;;;;;;;;;;;;
 ;00:15:08;4.200;0.237;110.8;31.8;;;;;;;;;;;;;;;;;;
 ;00:15:09;4.200;0.237;110.9;31.8;;;;;;;;;;;;;;;;;;
 ;00:15:10;4.200;0.237;111.0;31.8;;;;;;;;;;;;;;;;;;
 ;00:15:11;4.200;0.237;111.0;31.8;;;;;;;;;;;;;;;;;;
 ;00:15:12;4.200;0.237;111.1;31.8;;;;;;;;;;;;;;;;;;
 ;00:15:13;4.200;0.236;111.2;31.8;;;;;;;;;;;;;;;;;;
 ;00:15:14;4.200;0.236;111.2;31.8;;;;;;;;;;;;;;;;;;
 ;00:15:15;4.200;0.236;111.3;31.8;;;;;;;;;;;;;;;;;;
 ;00:15:16;4.200;0.236;111.4;31.8;;;;;;;;;;;;;;;;;;
 ;00:15:17;4.200;0.236;111.4;31.8;;;;;;;;;;;;;;;;;;
 ;00:15:18;4.200;0.235;111.5;31.8;;;;;;;;;;;;;;;;;;
 ;00:15:19;4.200;0.234;111.6;31.8;;;;;;;;;;;;;;;;;;
 ;00:15:20;4.200;0.234;111.6;31.8;;;;;;;;;;;;;;;;;;
 ;00:15:21;4.200;0.234;111.7;31.8;;;;;;;;;;;;;;;;;;
 ;00:15:22;4.200;0.234;111.8;31.8;;;;;;;;;;;;;;;;;;
 ;00:15:23;4.200;0.234;111.8;31.8;;;;;;;;;;;;;;;;;;
 ;00:15:24;4.200;0.233;111.9;31.8;;;;;;;;;;;;;;;;;;
 ;00:15:25;4.200;0.233;112.0;31.8;;;;;;;;;;;;;;;;;;
 ;00:15:26;4.200;0.233;112.0;31.8;;;;;;;;;;;;;;;;;;
 ;00:15:27;4.200;0.233;112.1;31.8;;;;;;;;;;;;;;;;;;
 ;00:15:28;4.200;0.233;112.1;31.8;;;;;;;;;;;;;;;;;;
 ;00:15:29;4.200;0.233;112.2;31.8;;;;;;;;;;;;;;;;;;
 ;00:15:30;4.200;0.232;112.3;31.8;;;;;;;;;;;;;;;;;;
 ;00:15:31;4.200;0.232;112.3;31.8;;;;;;;;;;;;;;;;;;
 ;00:15:32;4.200;0.232;112.4;31.8;;;;;;;;;;;;;;;;;;
 ;00:15:33;4.200;0.232;112.5;31.8;;;;;;;;;;;;;;;;;;
 ;00:15:34;4.200;0.232;112.5;31.8;;;;;;;;;;;;;;;;;;
 ;00:15:35;4.200;0.232;112.6;31.8;;;;;;;;;;;;;;;;;;
 ;00:15:36;4.200;0.231;112.7;31.8;;;;;;;;;;;;;;;;;;
 ;00:15:37;4.200;0.230;112.7;31.8;;;;;;;;;;;;;;;;;;
 ;00:15:38;4.200;0.231;112.8;31.8;;;;;;;;;;;;;;;;;;
 ;00:15:39;4.200;0.230;112.9;31.8;;;;;;;;;;;;;;;;;;
 ;00:15:40;4.200;0.230;112.9;31.8;;;;;;;;;;;;;;;;;;
 ;00:15:41;4.200;0.230;113.0;31.8;;;;;;;;;;;;;;;;;;
 ;00:15:42;4.200;0.229;113.0;31.8;;;;;;;;;;;;;;;;;;
 ;00:15:43;4.200;0.228;113.1;31.8;;;;;;;;;;;;;;;;;;
 ;00:15:44;4.200;0.228;113.2;31.8;;;;;;;;;;;;;;;;;;
 ;00:15:45;4.200;0.228;113.2;31.8;;;;;;;;;;;;;;;;;;
 ;00:15:46;4.200;0.228;113.3;31.8;;;;;;;;;;;;;;;;;;
 ;00:15:47;4.200;0.227;113.4;31.8;;;;;;;;;;;;;;;;;;
 ;00:15:48;4.200;0.227;113.4;31.8;;;;;;;;;;;;;;;;;;
 ;00:15:49;4.200;0.227;113.5;31.8;;;;;;;;;;;;;;;;;;
 ;00:15:50;4.200;0.227;113.6;31.8;;;;;;;;;;;;;;;;;;
 ;00:15:51;4.200;0.227;113.6;31.8;;;;;;;;;;;;;;;;;;
 ;00:15:52;4.200;0.227;113.7;31.8;;;;;;;;;;;;;;;;;;
 ;00:15:53;4.200;0.226;113.7;31.8;;;;;;;;;;;;;;;;;;
 ;00:15:54;4.200;0.226;113.8;31.8;;;;;;;;;;;;;;;;;;
 ;00:15:55;4.200;0.226;113.9;31.8;;;;;;;;;;;;;;;;;;
 ;00:15:56;4.200;0.226;113.9;31.8;;;;;;;;;;;;;;;;;;
 ;00:15:57;4.200;0.226;114.0;31.8;;;;;;;;;;;;;;;;;;
 ;00:15:58;4.200;0.226;114.1;31.7;;;;;;;;;;;;;;;;;;
 ;00:15:59;4.200;0.225;114.1;31.8;;;;;;;;;;;;;;;;;;
 ;00:16:00;4.200;0.225;114.2;31.7;;;;;;;;;;;;;;;;;;
 ;00:16:01;4.200;0.225;114.2;31.7;;;;;;;;;;;;;;;;;;
 ;00:16:02;4.200;0.225;114.3;31.7;;;;;;;;;;;;;;;;;;
 ;00:16:03;4.200;0.225;114.4;31.7;;;;;;;;;;;;;;;;;;
 ;00:16:04;4.200;0.225;114.4;31.7;;;;;;;;;;;;;;;;;;
 ;00:16:05;4.200;0.223;114.5;31.7;;;;;;;;;;;;;;;;;;
 ;00:16:06;4.200;0.223;114.6;31.7;;;;;;;;;;;;;;;;;;
 ;00:16:07;4.200;0.223;114.6;31.7;;;;;;;;;;;;;;;;;;
 ;00:16:08;4.200;0.223;114.7;31.7;;;;;;;;;;;;;;;;;;
 ;00:16:09;4.200;0.223;114.7;31.7;;;;;;;;;;;;;;;;;;
 ;00:16:10;4.200;0.222;114.8;31.7;;;;;;;;;;;;;;;;;;
 ;00:16:11;4.200;0.222;114.9;31.7;;;;;;;;;;;;;;;;;;
 ;00:16:12;4.200;0.222;114.9;31.7;;;;;;;;;;;;;;;;;;
 ;00:16:13;4.200;0.222;115.0;31.7;;;;;;;;;;;;;;;;;;
 ;00:16:14;4.200;0.222;115.0;31.7;;;;;;;;;;;;;;;;;;
 ;00:16:15;4.200;0.222;115.1;31.7;;;;;;;;;;;;;;;;;;
 ;00:16:16;4.200;0.221;115.2;31.7;;;;;;;;;;;;;;;;;;
 ;00:16:17;4.200;0.221;115.2;31.7;;;;;;;;;;;;;;;;;;
 ;00:16:18;4.200;0.221;115.3;31.7;;;;;;;;;;;;;;;;;;
 ;00:16:19;4.200;0.221;115.4;31.7;;;;;;;;;;;;;;;;;;
 ;00:16:20;4.200;0.221;115.4;31.7;;;;;;;;;;;;;;;;;;
 ;00:16:21;4.200;0.221;115.5;31.7;;;;;;;;;;;;;;;;;;
 ;00:16:22;4.200;0.220;115.5;31.7;;;;;;;;;;;;;;;;;;
 ;00:16:23;4.200;0.220;115.6;31.7;;;;;;;;;;;;;;;;;;
 ;00:16:24;4.200;0.220;115.7;31.7;;;;;;;;;;;;;;;;;;
 ;00:16:25;4.200;0.220;115.7;31.7;;;;;;;;;;;;;;;;;;
 ;00:16:26;4.200;0.220;115.8;31.7;;;;;;;;;;;;;;;;;;
 ;00:16:27;4.200;0.220;115.8;31.7;;;;;;;;;;;;;;;;;;
 ;00:16:28;4.200;0.219;115.9;31.7;;;;;;;;;;;;;;;;;;
 ;00:16:29;4.200;0.218;116.0;31.7;;;;;;;;;;;;;;;;;;
 ;00:16:30;4.200;0.218;116.0;31.7;;;;;;;;;;;;;;;;;;
 ;00:16:31;4.200;0.218;116.1;31.7;;;;;;;;;;;;;;;;;;
 ;00:16:32;4.200;0.218;116.1;31.7;;;;;;;;;;;;;;;;;;
 ;00:16:33;4.200;0.218;116.2;31.7;;;;;;;;;;;;;;;;;;
 ;00:16:34;4.200;0.217;116.3;31.7;;;;;;;;;;;;;;;;;;
 ;00:16:35;4.200;0.217;116.3;31.7;;;;;;;;;;;;;;;;;;
 ;00:16:36;4.200;0.217;116.4;31.7;;;;;;;;;;;;;;;;;;
 ;00:16:37;4.200;0.217;116.5;31.7;;;;;;;;;;;;;;;;;;
 ;00:16:38;4.200;0.217;116.5;31.7;;;;;;;;;;;;;;;;;;
 ;00:16:39;4.200;0.217;116.6;31.7;;;;;;;;;;;;;;;;;;
 ;00:16:40;4.200;0.216;116.6;31.7;;;;;;;;;;;;;;;;;;
 ;00:16:41;4.200;0.216;116.7;31.7;;;;;;;;;;;;;;;;;;
 ;00:16:42;4.200;0.216;116.8;31.7;;;;;;;;;;;;;;;;;;
 ;00:16:43;4.200;0.216;116.8;31.7;;;;;;;;;;;;;;;;;;
 ;00:16:44;4.200;0.216;116.9;31.7;;;;;;;;;;;;;;;;;;
 ;00:16:45;4.200;0.216;116.9;31.7;;;;;;;;;;;;;;;;;;
 ;00:16:46;4.200;0.215;117.0;31.7;;;;;;;;;;;;;;;;;;
 ;00:16:47;4.200;0.214;117.1;31.7;;;;;;;;;;;;;;;;;;
 ;00:16:48;4.200;0.214;117.1;31.7;;;;;;;;;;;;;;;;;;
 ;00:16:49;4.200;0.214;117.2;31.7;;;;;;;;;;;;;;;;;;
 ;00:16:50;4.200;0.214;117.2;31.7;;;;;;;;;;;;;;;;;;
 ;00:16:51;4.200;0.214;117.3;31.7;;;;;;;;;;;;;;;;;;
 ;00:16:52;4.200;0.212;117.3;31.7;;;;;;;;;;;;;;;;;;
 ;00:16:53;4.200;0.212;117.4;31.7;;;;;;;;;;;;;;;;;;
 ;00:16:54;4.200;0.212;117.5;31.7;;;;;;;;;;;;;;;;;;
 ;00:16:55;4.200;0.212;117.5;31.7;;;;;;;;;;;;;;;;;;
 ;00:16:56;4.200;0.212;117.6;31.7;;;;;;;;;;;;;;;;;;
 ;00:16:57;4.200;0.212;117.6;31.7;;;;;;;;;;;;;;;;;;
 ;00:16:58;4.200;0.211;117.7;31.7;;;;;;;;;;;;;;;;;;
 ;00:16:59;4.200;0.211;117.8;31.7;;;;;;;;;;;;;;;;;;
 ;00:17:00;4.200;0.211;117.8;31.7;;;;;;;;;;;;;;;;;;
 ;00:17:01;4.200;0.211;117.9;31.7;;;;;;;;;;;;;;;;;;
 ;00:17:02;4.200;0.211;117.9;31.7;;;;;;;;;;;;;;;;;;
 ;00:17:03;4.200;0.211;118.0;31.7;;;;;;;;;;;;;;;;;;
 ;00:17:04;4.200;0.210;118.1;31.7;;;;;;;;;;;;;;;;;;
 ;00:17:05;4.200;0.210;118.1;31.7;;;;;;;;;;;;;;;;;;
 ;00:17:06;4.200;0.210;118.2;31.6;;;;;;;;;;;;;;;;;;
 ;00:17:07;4.200;0.210;118.2;31.6;;;;;;;;;;;;;;;;;;
 ;00:17:08;4.200;0.210;118.3;31.6;;;;;;;;;;;;;;;;;;
 ;00:17:09;4.200;0.210;118.3;31.6;;;;;;;;;;;;;;;;;;
 ;00:17:10;4.200;0.208;118.4;31.6;;;;;;;;;;;;;;;;;;
 ;00:17:11;4.200;0.208;118.5;31.6;;;;;;;;;;;;;;;;;;
 ;00:17:12;4.200;0.208;118.5;31.6;;;;;;;;;;;;;;;;;;
 ;00:17:13;4.200;0.208;118.6;31.6;;;;;;;;;;;;;;;;;;
 ;00:17:14;4.200;0.208;118.6;31.6;;;;;;;;;;;;;;;;;;
 ;00:17:15;4.200;0.208;118.7;31.6;;;;;;;;;;;;;;;;;;
 ;00:17:16;4.200;0.207;118.7;31.6;;;;;;;;;;;;;;;;;;
 ;00:17:17;4.200;0.207;118.8;31.6;;;;;;;;;;;;;;;;;;
 ;00:17:18;4.200;0.207;118.9;31.6;;;;;;;;;;;;;;;;;;
 ;00:17:19;4.200;0.207;118.9;31.6;;;;;;;;;;;;;;;;;;
 ;00:17:20;4.200;0.207;119.0;31.6;;;;;;;;;;;;;;;;;;
 ;00:17:21;4.200;0.207;119.0;31.6;;;;;;;;;;;;;;;;;;
 ;00:17:22;4.200;0.206;119.1;31.6;;;;;;;;;;;;;;;;;;
 ;00:17:23;4.200;0.206;119.2;31.6;;;;;;;;;;;;;;;;;;
 ;00:17:24;4.200;0.206;119.2;31.6;;;;;;;;;;;;;;;;;;
 ;00:17:25;4.200;0.206;119.3;31.6;;;;;;;;;;;;;;;;;;
 ;00:17:26;4.200;0.206;119.3;31.6;;;;;;;;;;;;;;;;;;
 ;00:17:27;4.200;0.206;119.4;31.6;;;;;;;;;;;;;;;;;;
 ;00:17:28;4.200;0.205;119.4;31.6;;;;;;;;;;;;;;;;;;
 ;00:17:29;4.200;0.205;119.5;31.6;;;;;;;;;;;;;;;;;;
 ;00:17:30;4.200;0.205;119.6;31.6;;;;;;;;;;;;;;;;;;
 ;00:17:31;4.200;0.205;119.6;31.6;;;;;;;;;;;;;;;;;;
 ;00:17:32;4.200;0.205;119.7;31.6;;;;;;;;;;;;;;;;;;
 ;00:17:33;4.200;0.205;119.7;31.6;;;;;;;;;;;;;;;;;;
 ;00:17:34;4.200;0.204;119.8;31.6;;;;;;;;;;;;;;;;;;
 ;00:17:35;4.200;0.204;119.8;31.6;;;;;;;;;;;;;;;;;;
 ;00:17:36;4.200;0.204;119.9;31.6;;;;;;;;;;;;;;;;;;
 ;00:17:37;4.200;0.204;119.9;31.6;;;;;;;;;;;;;;;;;;
 ;00:17:38;4.200;0.204;120.0;31.6;;;;;;;;;;;;;;;;;;
 ;00:17:39;4.200;0.204;120.1;31.6;;;;;;;;;;;;;;;;;;
 ;00:17:40;4.200;0.204;120.1;31.6;;;;;;;;;;;;;;;;;;
 ;00:17:41;4.200;0.203;120.2;31.6;;;;;;;;;;;;;;;;;;
 ;00:17:42;4.200;0.202;120.2;31.6;;;;;;;;;;;;;;;;;;
 ;00:17:43;4.200;0.202;120.3;31.6;;;;;;;;;;;;;;;;;;
 ;00:17:44;4.200;0.202;120.3;31.6;;;;;;;;;;;;;;;;;;
 ;00:17:45;4.200;0.202;120.4;31.6;;;;;;;;;;;;;;;;;;
 ;00:17:46;4.200;0.202;120.5;31.6;;;;;;;;;;;;;;;;;;
 ;00:17:47;4.200;0.201;120.5;31.6;;;;;;;;;;;;;;;;;;
 ;00:17:48;4.200;0.201;120.6;31.6;;;;;;;;;;;;;;;;;;
 ;00:17:49;4.200;0.201;120.6;31.6;;;;;;;;;;;;;;;;;;
 ;00:17:50;4.200;0.201;120.7;31.6;;;;;;;;;;;;;;;;;;
 ;00:17:51;4.200;0.201;120.7;31.6;;;;;;;;;;;;;;;;;;
 ;00:17:52;4.200;0.201;120.8;31.6;;;;;;;;;;;;;;;;;;
 ;00:17:53;4.200;0.201;120.8;31.6;;;;;;;;;;;;;;;;;;
 ;00:17:54;4.200;0.200;120.9;31.6;;;;;;;;;;;;;;;;;;
 ;00:17:55;4.200;0.200;121.0;31.6;;;;;;;;;;;;;;;;;;
 ;00:17:56;4.200;0.200;121.0;31.6;;;;;;;;;;;;;;;;;;
 ;00:17:57;4.200;0.200;121.1;31.6;;;;;;;;;;;;;;;;;;
 ;00:17:58;4.200;0.200;121.1;31.6;;;;;;;;;;;;;;;;;;
 ;00:17:59;4.200;0.200;121.2;31.6;;;;;;;;;;;;;;;;;;
 ;00:18:00;4.200;0.199;121.2;31.6;;;;;;;;;;;;;;;;;;
 ;00:18:01;4.200;0.199;121.3;31.6;;;;;;;;;;;;;;;;;;
 ;00:18:02;4.200;0.199;121.3;31.6;;;;;;;;;;;;;;;;;;
 ;00:18:03;4.200;0.199;121.4;31.6;;;;;;;;;;;;;;;;;;
 ;00:18:04;4.200;0.199;121.5;31.6;;;;;;;;;;;;;;;;;;
 ;00:18:05;4.200;0.199;121.5;31.6;;;;;;;;;;;;;;;;;;
 ;00:18:06;4.200;0.199;121.6;31.6;;;;;;;;;;;;;;;;;;
 ;00:18:07;4.200;0.198;121.6;31.6;;;;;;;;;;;;;;;;;;
 ;00:18:08;4.200;0.197;121.7;31.5;;;;;;;;;;;;;;;;;;
 ;00:18:09;4.200;0.197;121.7;31.5;;;;;;;;;;;;;;;;;;
 ;00:18:10;4.200;0.197;121.8;31.5;;;;;;;;;;;;;;;;;;
 ;00:18:11;4.200;0.197;121.8;31.5;;;;;;;;;;;;;;;;;;
 ;00:18:12;4.200;0.197;121.9;31.5;;;;;;;;;;;;;;;;;;
 ;00:18:13;4.200;0.196;122.0;31.5;;;;;;;;;;;;;;;;;;
 ;00:18:14;4.200;0.196;122.0;31.5;;;;;;;;;;;;;;;;;;
 ;00:18:15;4.200;0.196;122.1;31.5;;;;;;;;;;;;;;;;;;
 ;00:18:16;4.200;0.196;122.1;31.5;;;;;;;;;;;;;;;;;;
 ;00:18:17;4.200;0.196;122.2;31.5;;;;;;;;;;;;;;;;;;
 ;00:18:18;4.200;0.196;122.2;31.5;;;;;;;;;;;;;;;;;;
 ;00:18:19;4.200;0.196;122.3;31.5;;;;;;;;;;;;;;;;;;
 ;00:18:20;4.200;0.196;122.3;31.5;;;;;;;;;;;;;;;;;;
 ;00:18:21;4.200;0.195;122.4;31.5;;;;;;;;;;;;;;;;;;
 ;00:18:22;4.200;0.195;122.4;31.5;;;;;;;;;;;;;;;;;;
 ;00:18:23;4.200;0.195;122.5;31.5;;;;;;;;;;;;;;;;;;
 ;00:18:24;4.200;0.195;122.5;31.5;;;;;;;;;;;;;;;;;;
 ;00:18:25;4.200;0.195;122.6;31.5;;;;;;;;;;;;;;;;;;
 ;00:18:26;4.200;0.195;122.7;31.5;;;;;;;;;;;;;;;;;;
 ;00:18:27;4.200;0.194;122.7;31.5;;;;;;;;;;;;;;;;;;
 ;00:18:28;4.200;0.194;122.8;31.5;;;;;;;;;;;;;;;;;;
 ;00:18:29;4.200;0.194;122.8;31.5;;;;;;;;;;;;;;;;;;
 ;00:18:30;4.200;0.194;122.9;31.5;;;;;;;;;;;;;;;;;;
 ;00:18:31;4.200;0.194;122.9;31.5;;;;;;;;;;;;;;;;;;
 ;00:18:32;4.200;0.194;123.0;31.5;;;;;;;;;;;;;;;;;;
 ;00:18:33;4.200;0.194;123.0;31.5;;;;;;;;;;;;;;;;;;
 ;00:18:34;4.200;0.193;123.1;31.5;;;;;;;;;;;;;;;;;;
 ;00:18:35;4.200;0.192;123.1;31.5;;;;;;;;;;;;;;;;;;
 ;00:18:36;4.200;0.192;123.2;31.5;;;;;;;;;;;;;;;;;;
 ;00:18:37;4.200;0.192;123.2;31.5;;;;;;;;;;;;;;;;;;
 ;00:18:38;4.200;0.192;123.3;31.5;;;;;;;;;;;;;;;;;;
 ;00:18:39;4.200;0.192;123.4;31.5;;;;;;;;;;;;;;;;;;
 ;00:18:40;4.200;0.192;123.4;31.5;;;;;;;;;;;;;;;;;;
 ;00:18:41;4.200;0.191;123.5;31.5;;;;;;;;;;;;;;;;;;
 ;00:18:42;4.200;0.191;123.5;31.5;;;;;;;;;;;;;;;;;;
 ;00:18:43;4.200;0.191;123.6;31.5;;;;;;;;;;;;;;;;;;
 ;00:18:44;4.200;0.191;123.6;31.5;;;;;;;;;;;;;;;;;;
 ;00:18:45;4.200;0.191;123.7;31.5;;;;;;;;;;;;;;;;;;
 ;00:18:46;4.200;0.191;123.7;31.5;;;;;;;;;;;;;;;;;;
 ;00:18:47;4.200;0.191;123.8;31.5;;;;;;;;;;;;;;;;;;
 ;00:18:48;4.200;0.190;123.8;31.5;;;;;;;;;;;;;;;;;;
 ;00:18:49;4.200;0.190;123.9;31.5;;;;;;;;;;;;;;;;;;
 ;00:18:50;4.200;0.190;123.9;31.5;;;;;;;;;;;;;;;;;;
 ;00:18:51;4.200;0.190;124.0;31.5;;;;;;;;;;;;;;;;;;
 ;00:18:52;4.200;0.190;124.0;31.5;;;;;;;;;;;;;;;;;;
 ;00:18:53;4.200;0.190;124.1;31.5;;;;;;;;;;;;;;;;;;
 ;00:18:54;4.200;0.189;124.1;31.5;;;;;;;;;;;;;;;;;;
 ;00:18:55;4.200;0.189;124.2;31.5;;;;;;;;;;;;;;;;;;
 ;00:18:56;4.200;0.189;124.3;31.5;;;;;;;;;;;;;;;;;;
 ;00:18:57;4.200;0.189;124.3;31.5;;;;;;;;;;;;;;;;;;
 ;00:18:58;4.200;0.189;124.4;31.5;;;;;;;;;;;;;;;;;;
 ;00:18:59;4.200;0.189;124.4;31.5;;;;;;;;;;;;;;;;;;
 ;00:19:00;4.200;0.189;124.5;31.5;;;;;;;;;;;;;;;;;;
 ;00:19:01;4.200;0.189;124.5;31.5;;;;;;;;;;;;;;;;;;
 ;00:19:02;4.200;0.188;124.6;31.5;;;;;;;;;;;;;;;;;;
 ;00:19:03;4.200;0.187;124.6;31.5;;;;;;;;;;;;;;;;;;
 ;00:19:04;4.200;0.187;124.7;31.5;;;;;;;;;;;;;;;;;;
 ;00:19:05;4.200;0.187;124.7;31.5;;;;;;;;;;;;;;;;;;
 ;00:19:06;4.200;0.187;124.8;31.5;;;;;;;;;;;;;;;;;;
 ;00:19:07;4.200;0.187;124.8;31.5;;;;;;;;;;;;;;;;;;
 ;00:19:08;4.200;0.186;124.9;31.5;;;;;;;;;;;;;;;;;;
 ;00:19:09;4.200;0.186;124.9;31.5;;;;;;;;;;;;;;;;;;
 ;00:19:10;4.200;0.186;125.0;31.5;;;;;;;;;;;;;;;;;;
 ;00:19:11;4.200;0.186;125.0;31.4;;;;;;;;;;;;;;;;;;
 ;00:19:12;4.200;0.186;125.1;31.4;;;;;;;;;;;;;;;;;;
 ;00:19:13;4.200;0.186;125.1;31.4;;;;;;;;;;;;;;;;;;
 ;00:19:14;4.200;0.186;125.2;31.4;;;;;;;;;;;;;;;;;;
 ;00:19:15;4.200;0.186;125.2;31.4;;;;;;;;;;;;;;;;;;
 ;00:19:16;4.200;0.185;125.3;31.4;;;;;;;;;;;;;;;;;;
 ;00:19:17;4.200;0.185;125.3;31.4;;;;;;;;;;;;;;;;;;
 ;00:19:18;4.200;0.185;125.4;31.4;;;;;;;;;;;;;;;;;;
 ;00:19:19;4.200;0.185;125.4;31.4;;;;;;;;;;;;;;;;;;
 ;00:19:20;4.200;0.185;125.5;31.4;;;;;;;;;;;;;;;;;;
 ;00:19:21;4.200;0.185;125.5;31.4;;;;;;;;;;;;;;;;;;
 ;00:19:22;4.200;0.185;125.6;31.4;;;;;;;;;;;;;;;;;;
 ;00:19:23;4.200;0.184;125.7;31.4;;;;;;;;;;;;;;;;;;
 ;00:19:24;4.200;0.184;125.7;31.4;;;;;;;;;;;;;;;;;;
 ;00:19:25;4.200;0.184;125.8;31.4;;;;;;;;;;;;;;;;;;
 ;00:19:26;4.200;0.184;125.8;31.4;;;;;;;;;;;;;;;;;;
 ;00:19:27;4.200;0.184;125.9;31.4;;;;;;;;;;;;;;;;;;
 ;00:19:28;4.200;0.184;125.9;31.4;;;;;;;;;;;;;;;;;;
 ;00:19:29;4.200;0.184;126.0;31.4;;;;;;;;;;;;;;;;;;
 ;00:19:30;4.200;0.183;126.0;31.4;;;;;;;;;;;;;;;;;;
 ;00:19:31;4.200;0.183;126.1;31.4;;;;;;;;;;;;;;;;;;
 ;00:19:32;4.200;0.183;126.1;31.4;;;;;;;;;;;;;;;;;;
 ;00:19:33;4.200;0.183;126.2;31.4;;;;;;;;;;;;;;;;;;
 ;00:19:34;4.200;0.183;126.2;31.4;;;;;;;;;;;;;;;;;;
 ;00:19:35;4.200;0.183;126.3;31.4;;;;;;;;;;;;;;;;;;
 ;00:19:36;4.200;0.183;126.3;31.4;;;;;;;;;;;;;;;;;;
 ;00:19:37;4.200;0.182;126.4;31.4;;;;;;;;;;;;;;;;;;
 ;00:19:38;4.200;0.181;126.4;31.4;;;;;;;;;;;;;;;;;;
 ;00:19:39;4.200;0.181;126.5;31.4;;;;;;;;;;;;;;;;;;
 ;00:19:40;4.200;0.181;126.5;31.4;;;;;;;;;;;;;;;;;;
 ;00:19:41;4.200;0.181;126.6;31.4;;;;;;;;;;;;;;;;;;
 ;00:19:42;4.200;0.181;126.6;31.4;;;;;;;;;;;;;;;;;;
 ;00:19:43;4.200;0.181;126.7;31.4;;;;;;;;;;;;;;;;;;
 ;00:19:44;4.200;0.181;126.7;31.4;;;;;;;;;;;;;;;;;;
 ;00:19:45;4.200;0.180;126.8;31.4;;;;;;;;;;;;;;;;;;
 ;00:19:46;4.200;0.180;126.8;31.4;;;;;;;;;;;;;;;;;;
 ;00:19:47;4.200;0.180;126.9;31.4;;;;;;;;;;;;;;;;;;
 ;00:19:48;4.200;0.180;126.9;31.4;;;;;;;;;;;;;;;;;;
 ;00:19:49;4.200;0.180;127.0;31.4;;;;;;;;;;;;;;;;;;
 ;00:19:50;4.200;0.180;127.0;31.4;;;;;;;;;;;;;;;;;;
 ;00:19:51;4.200;0.180;127.1;31.4;;;;;;;;;;;;;;;;;;
 ;00:19:52;4.200;0.179;127.1;31.4;;;;;;;;;;;;;;;;;;
 ;00:19:53;4.200;0.179;127.2;31.4;;;;;;;;;;;;;;;;;;
 ;00:19:54;4.200;0.179;127.2;31.4;;;;;;;;;;;;;;;;;;
 ;00:19:55;4.200;0.179;127.3;31.4;;;;;;;;;;;;;;;;;;
 ;00:19:56;4.200;0.179;127.3;31.4;;;;;;;;;;;;;;;;;;
 ;00:19:57;4.200;0.179;127.4;31.4;;;;;;;;;;;;;;;;;;
 ;00:19:58;4.200;0.179;127.4;31.4;;;;;;;;;;;;;;;;;;
 ;00:19:59;4.200;0.178;127.5;31.4;;;;;;;;;;;;;;;;;;
 ;00:20:00;4.200;0.178;127.5;31.4;;;;;;;;;;;;;;;;;;
 ;00:20:01;4.200;0.178;127.6;31.4;;;;;;;;;;;;;;;;;;
 ;00:20:02;4.200;0.178;127.6;31.4;;;;;;;;;;;;;;;;;;
 ;00:20:03;4.200;0.178;127.7;31.4;;;;;;;;;;;;;;;;;;
 ;00:20:04;4.200;0.178;127.7;31.4;;;;;;;;;;;;;;;;;;
 ;00:20:05;4.200;0.178;127.8;31.4;;;;;;;;;;;;;;;;;;
 ;00:20:06;4.200;0.178;127.8;31.4;;;;;;;;;;;;;;;;;;
 ;00:20:07;4.200;0.176;127.9;31.4;;;;;;;;;;;;;;;;;;
 ;00:20:08;4.200;0.176;127.9;31.4;;;;;;;;;;;;;;;;;;
 ;00:20:09;4.200;0.176;128.0;31.4;;;;;;;;;;;;;;;;;;
 ;00:20:10;4.200;0.176;128.0;31.4;;;;;;;;;;;;;;;;;;
 ;00:20:11;4.200;0.176;128.1;31.4;;;;;;;;;;;;;;;;;;
 ;00:20:12;4.200;0.176;128.1;31.4;;;;;;;;;;;;;;;;;;
 ;00:20:13;4.200;0.176;128.2;31.4;;;;;;;;;;;;;;;;;;
 ;00:20:14;4.200;0.175;128.2;31.4;;;;;;;;;;;;;;;;;;
 ;00:20:15;4.200;0.175;128.3;31.3;;;;;;;;;;;;;;;;;;
 ;00:20:16;4.200;0.175;128.3;31.3;;;;;;;;;;;;;;;;;;
 ;00:20:17;4.200;0.175;128.3;31.3;;;;;;;;;;;;;;;;;;
 ;00:20:18;4.200;0.175;128.4;31.3;;;;;;;;;;;;;;;;;;
 ;00:20:19;4.200;0.175;128.4;31.3;;;;;;;;;;;;;;;;;;
 ;00:20:20;4.200;0.175;128.5;31.3;;;;;;;;;;;;;;;;;;
 ;00:20:21;4.200;0.174;128.5;31.3;;;;;;;;;;;;;;;;;;
 ;00:20:22;4.200;0.174;128.6;31.3;;;;;;;;;;;;;;;;;;
 ;00:20:23;4.200;0.174;128.6;31.3;;;;;;;;;;;;;;;;;;
 ;00:20:24;4.200;0.174;128.7;31.3;;;;;;;;;;;;;;;;;;
 ;00:20:25;4.200;0.174;128.7;31.3;;;;;;;;;;;;;;;;;;
 ;00:20:26;4.200;0.174;128.8;31.3;;;;;;;;;;;;;;;;;;
 ;00:20:27;4.200;0.174;128.8;31.3;;;;;;;;;;;;;;;;;;
 ;00:20:28;4.200;0.173;128.9;31.3;;;;;;;;;;;;;;;;;;
 ;00:20:29;4.200;0.173;128.9;31.3;;;;;;;;;;;;;;;;;;
 ;00:20:30;4.200;0.173;129.0;31.3;;;;;;;;;;;;;;;;;;
 ;00:20:31;4.200;0.173;129.0;31.3;;;;;;;;;;;;;;;;;;
 ;00:20:32;4.200;0.173;129.1;31.3;;;;;;;;;;;;;;;;;;
 ;00:20:33;4.200;0.173;129.1;31.3;;;;;;;;;;;;;;;;;;
 ;00:20:34;4.200;0.173;129.2;31.3;;;;;;;;;;;;;;;;;;
 ;00:20:35;4.200;0.173;129.2;31.3;;;;;;;;;;;;;;;;;;
 ;00:20:36;4.200;0.172;129.3;31.3;;;;;;;;;;;;;;;;;;
 ;00:20:37;4.200;0.171;129.3;31.3;;;;;;;;;;;;;;;;;;
 ;00:20:38;4.200;0.171;129.4;31.3;;;;;;;;;;;;;;;;;;
 ;00:20:39;4.200;0.171;129.4;31.3;;;;;;;;;;;;;;;;;;
 ;00:20:40;4.200;0.171;129.5;31.3;;;;;;;;;;;;;;;;;;
 ;00:20:41;4.200;0.171;129.5;31.3;;;;;;;;;;;;;;;;;;
 ;00:20:42;4.200;0.171;129.6;31.3;;;;;;;;;;;;;;;;;;
 ;00:20:43;4.200;0.171;129.6;31.3;;;;;;;;;;;;;;;;;;
 ;00:20:44;4.200;0.170;129.6;31.3;;;;;;;;;;;;;;;;;;
 ;00:20:45;4.200;0.170;129.7;31.3;;;;;;;;;;;;;;;;;;
 ;00:20:46;4.200;0.170;129.7;31.3;;;;;;;;;;;;;;;;;;
 ;00:20:47;4.200;0.170;129.8;31.3;;;;;;;;;;;;;;;;;;
 ;00:20:48;4.200;0.170;129.8;31.3;;;;;;;;;;;;;;;;;;
 ;00:20:49;4.200;0.170;129.9;31.3;;;;;;;;;;;;;;;;;;
 ;00:20:50;4.200;0.170;129.9;31.3;;;;;;;;;;;;;;;;;;
 ;00:20:51;4.200;0.169;130.0;31.3;;;;;;;;;;;;;;;;;;
 ;00:20:52;4.200;0.169;130.0;31.3;;;;;;;;;;;;;;;;;;
 ;00:20:53;4.200;0.169;130.1;31.3;;;;;;;;;;;;;;;;;;
 ;00:20:54;4.200;0.169;130.1;31.3;;;;;;;;;;;;;;;;;;
 ;00:20:55;4.200;0.169;130.2;31.3;;;;;;;;;;;;;;;;;;
 ;00:20:56;4.200;0.169;130.2;31.3;;;;;;;;;;;;;;;;;;
 ;00:20:57;4.200;0.169;130.3;31.3;;;;;;;;;;;;;;;;;;
 ;00:20:58;4.200;0.169;130.3;31.3;;;;;;;;;;;;;;;;;;
 ;00:20:59;4.200;0.168;130.4;31.3;;;;;;;;;;;;;;;;;;
 ;00:21:00;4.200;0.168;130.4;31.3;;;;;;;;;;;;;;;;;;
 ;00:21:01;4.200;0.168;130.4;31.3;;;;;;;;;;;;;;;;;;
 ;00:21:02;4.200;0.168;130.5;31.3;;;;;;;;;;;;;;;;;;
 ;00:21:03;4.200;0.168;130.5;31.3;;;;;;;;;;;;;;;;;;
 ;00:21:04;4.200;0.168;130.6;31.3;;;;;;;;;;;;;;;;;;
 ;00:21:05;4.200;0.168;130.6;31.3;;;;;;;;;;;;;;;;;;
 ;00:21:06;4.200;0.168;130.7;31.3;;;;;;;;;;;;;;;;;;
 ;00:21:07;4.200;0.166;130.7;31.3;;;;;;;;;;;;;;;;;;
 ;00:21:08;4.200;0.166;130.8;31.3;;;;;;;;;;;;;;;;;;
 ;00:21:09;4.200;0.166;130.8;31.3;;;;;;;;;;;;;;;;;;
 ;00:21:10;4.200;0.166;130.9;31.3;;;;;;;;;;;;;;;;;;
 ;00:21:11;4.200;0.166;130.9;31.3;;;;;;;;;;;;;;;;;;
 ;00:21:12;4.200;0.166;131.0;31.3;;;;;;;;;;;;;;;;;;
 ;00:21:13;4.200;0.166;131.0;31.2;;;;;;;;;;;;;;;;;;
 ;00:21:14;4.200;0.165;131.0;31.2;;;;;;;;;;;;;;;;;;
 ;00:21:15;4.200;0.165;131.1;31.2;;;;;;;;;;;;;;;;;;
 ;00:21:16;4.200;0.165;131.1;31.2;;;;;;;;;;;;;;;;;;
 ;00:21:17;4.200;0.165;131.2;31.2;;;;;;;;;;;;;;;;;;
 ;00:21:18;4.200;0.165;131.2;31.2;;;;;;;;;;;;;;;;;;
 ;00:21:19;4.200;0.165;131.3;31.2;;;;;;;;;;;;;;;;;;
 ;00:21:20;4.200;0.165;131.3;31.2;;;;;;;;;;;;;;;;;;
 ;00:21:21;4.200;0.165;131.4;31.2;;;;;;;;;;;;;;;;;;
 ;00:21:22;4.200;0.164;131.4;31.2;;;;;;;;;;;;;;;;;;
 ;00:21:23;4.200;0.164;131.5;31.2;;;;;;;;;;;;;;;;;;
 ;00:21:24;4.200;0.164;131.5;31.2;;;;;;;;;;;;;;;;;;
 ;00:21:25;4.200;0.164;131.6;31.2;;;;;;;;;;;;;;;;;;
 ;00:21:26;4.200;0.164;131.6;31.2;;;;;;;;;;;;;;;;;;
 ;00:21:27;4.200;0.164;131.6;31.2;;;;;;;;;;;;;;;;;;
 ;00:21:28;4.200;0.164;131.7;31.2;;;;;;;;;;;;;;;;;;
 ;00:21:29;4.200;0.164;131.7;31.2;;;;;;;;;;;;;;;;;;
 ;00:21:30;4.200;0.164;131.8;31.2;;;;;;;;;;;;;;;;;;
 ;00:21:31;4.200;0.163;131.8;31.2;;;;;;;;;;;;;;;;;;
 ;00:21:32;4.200;0.163;131.9;31.2;;;;;;;;;;;;;;;;;;
 ;00:21:33;4.200;0.163;131.9;31.2;;;;;;;;;;;;;;;;;;
 ;00:21:34;4.200;0.163;132.0;31.2;;;;;;;;;;;;;;;;;;
 ;00:21:35;4.200;0.163;132.0;31.2;;;;;;;;;;;;;;;;;;
 ;00:21:36;4.200;0.163;132.1;31.2;;;;;;;;;;;;;;;;;;
 ;00:21:37;4.200;0.163;132.1;31.2;;;;;;;;;;;;;;;;;;
 ;00:21:38;4.200;0.163;132.1;31.2;;;;;;;;;;;;;;;;;;
 ;00:21:39;4.200;0.163;132.2;31.2;;;;;;;;;;;;;;;;;;
 ;00:21:40;4.200;0.163;132.2;31.2;;;;;;;;;;;;;;;;;;
 ;00:21:41;4.200;0.163;132.3;31.2;;;;;;;;;;;;;;;;;;
 ;00:21:42;4.200;0.163;132.3;31.2;;;;;;;;;;;;;;;;;;
 ;00:21:43;4.200;0.163;132.4;31.2;;;;;;;;;;;;;;;;;;
 ;00:21:44;4.200;0.163;132.4;31.2;;;;;;;;;;;;;;;;;;
 ;00:21:45;4.200;0.163;132.5;31.2;;;;;;;;;;;;;;;;;;
 ;00:21:46;4.200;0.162;132.5;31.2;;;;;;;;;;;;;;;;;;
 ;00:21:47;4.200;0.161;132.6;31.2;;;;;;;;;;;;;;;;;;
 ;00:21:48;4.200;0.161;132.6;31.2;;;;;;;;;;;;;;;;;;
 ;00:21:49;4.200;0.161;132.6;31.2;;;;;;;;;;;;;;;;;;
 ;00:21:50;4.200;0.161;132.7;31.2;;;;;;;;;;;;;;;;;;
 ;00:21:51;4.200;0.161;132.7;31.2;;;;;;;;;;;;;;;;;;
 ;00:21:52;4.200;0.161;132.8;31.2;;;;;;;;;;;;;;;;;;
 ;00:21:53;4.200;0.161;132.8;31.2;;;;;;;;;;;;;;;;;;
 ;00:21:54;4.200;0.160;132.9;31.2;;;;;;;;;;;;;;;;;;
 ;00:21:55;4.200;0.160;132.9;31.2;;;;;;;;;;;;;;;;;;
 ;00:21:56;4.200;0.160;133.0;31.2;;;;;;;;;;;;;;;;;;
 ;00:21:57;4.200;0.160;133.0;31.2;;;;;;;;;;;;;;;;;;
 ;00:21:58;4.200;0.160;133.0;31.2;;;;;;;;;;;;;;;;;;
 ;00:21:59;4.200;0.160;133.1;31.2;;;;;;;;;;;;;;;;;;
 ;00:22:00;4.200;0.160;133.1;31.2;;;;;;;;;;;;;;;;;;
 ;00:22:01;4.200;0.160;133.2;31.2;;;;;;;;;;;;;;;;;;
 ;00:22:02;4.200;0.160;133.2;31.2;;;;;;;;;;;;;;;;;;
 ;00:22:03;4.200;0.159;133.3;31.2;;;;;;;;;;;;;;;;;;
 ;00:22:04;4.200;0.159;133.3;31.2;;;;;;;;;;;;;;;;;;
 ;00:22:05;4.200;0.159;133.4;31.2;;;;;;;;;;;;;;;;;;
 ;00:22:06;4.200;0.159;133.4;31.2;;;;;;;;;;;;;;;;;;
 ;00:22:07;4.200;0.159;133.4;31.2;;;;;;;;;;;;;;;;;;
 ;00:22:08;4.200;0.159;133.5;31.2;;;;;;;;;;;;;;;;;;
 ;00:22:09;4.200;0.159;133.5;31.2;;;;;;;;;;;;;;;;;;
 ;00:22:10;4.200;0.159;133.6;31.2;;;;;;;;;;;;;;;;;;
 ;00:22:11;4.200;0.158;133.6;31.2;;;;;;;;;;;;;;;;;;
 ;00:22:12;4.200;0.158;133.7;31.2;;;;;;;;;;;;;;;;;;
 ;00:22:13;4.200;0.158;133.7;31.2;;;;;;;;;;;;;;;;;;
 ;00:22:14;4.200;0.158;133.7;31.2;;;;;;;;;;;;;;;;;;
 ;00:22:15;4.200;0.158;133.8;31.2;;;;;;;;;;;;;;;;;;
 ;00:22:16;4.200;0.158;133.8;31.2;;;;;;;;;;;;;;;;;;
 ;00:22:17;4.200;0.158;133.9;31.1;;;;;;;;;;;;;;;;;;
 ;00:22:18;4.200;0.158;133.9;31.1;;;;;;;;;;;;;;;;;;
 ;00:22:19;4.200;0.157;134.0;31.1;;;;;;;;;;;;;;;;;;
 ;00:22:20;4.200;0.157;134.0;31.1;;;;;;;;;;;;;;;;;;
 ;00:22:21;4.200;0.157;134.1;31.1;;;;;;;;;;;;;;;;;;
 ;00:22:22;4.200;0.157;134.1;31.1;;;;;;;;;;;;;;;;;;
 ;00:22:23;4.200;0.157;134.1;31.1;;;;;;;;;;;;;;;;;;
 ;00:22:24;4.200;0.157;134.2;31.1;;;;;;;;;;;;;;;;;;
 ;00:22:25;4.200;0.157;134.2;31.1;;;;;;;;;;;;;;;;;;
 ;00:22:26;4.200;0.157;134.3;31.1;;;;;;;;;;;;;;;;;;
 ;00:22:27;4.200;0.157;134.3;31.1;;;;;;;;;;;;;;;;;;
 ;00:22:28;4.200;0.157;134.4;31.1;;;;;;;;;;;;;;;;;;
 ;00:22:29;4.200;0.156;134.4;31.1;;;;;;;;;;;;;;;;;;
 ;00:22:30;4.200;0.155;134.4;31.1;;;;;;;;;;;;;;;;;;
 ;00:22:31;4.200;0.155;134.5;31.1;;;;;;;;;;;;;;;;;;
 ;00:22:32;4.200;0.155;134.5;31.1;;;;;;;;;;;;;;;;;;
 ;00:22:33;4.200;0.155;134.6;31.1;;;;;;;;;;;;;;;;;;
 ;00:22:34;4.200;0.155;134.6;31.1;;;;;;;;;;;;;;;;;;
 ;00:22:35;4.200;0.155;134.7;31.1;;;;;;;;;;;;;;;;;;
 ;00:22:36;4.200;0.155;134.7;31.1;;;;;;;;;;;;;;;;;;
 ;00:22:37;4.200;0.155;134.8;31.1;;;;;;;;;;;;;;;;;;
 ;00:22:38;4.200;0.154;134.8;31.1;;;;;;;;;;;;;;;;;;
 ;00:22:39;4.200;0.154;134.8;31.1;;;;;;;;;;;;;;;;;;
 ;00:22:40;4.200;0.154;134.9;31.1;;;;;;;;;;;;;;;;;;
 ;00:22:41;4.200;0.154;134.9;31.1;;;;;;;;;;;;;;;;;;
 ;00:22:42;4.200;0.154;135.0;31.1;;;;;;;;;;;;;;;;;;
 ;00:22:43;4.200;0.154;135.0;31.1;;;;;;;;;;;;;;;;;;
 ;00:22:44;4.200;0.154;135.0;31.1;;;;;;;;;;;;;;;;;;
 ;00:22:45;4.200;0.154;135.1;31.1;;;;;;;;;;;;;;;;;;
 ;00:22:46;4.200;0.154;135.1;31.1;;;;;;;;;;;;;;;;;;
 ;00:22:47;4.200;0.153;135.2;31.1;;;;;;;;;;;;;;;;;;
 ;00:22:48;4.200;0.153;135.2;31.1;;;;;;;;;;;;;;;;;;
 ;00:22:49;4.200;0.153;135.3;31.1;;;;;;;;;;;;;;;;;;
 ;00:22:50;4.200;0.153;135.3;31.1;;;;;;;;;;;;;;;;;;
 ;00:22:51;4.200;0.153;135.3;31.1;;;;;;;;;;;;;;;;;;
 ;00:22:52;4.200;0.153;135.4;31.1;;;;;;;;;;;;;;;;;;
 ;00:22:53;4.200;0.153;135.4;31.1;;;;;;;;;;;;;;;;;;
 ;00:22:54;4.200;0.153;135.5;31.1;;;;;;;;;;;;;;;;;;
 ;00:22:55;4.200;0.153;135.5;31.1;;;;;;;;;;;;;;;;;;
 ;00:22:56;4.200;0.152;135.6;31.1;;;;;;;;;;;;;;;;;;
 ;00:22:57;4.200;0.152;135.6;31.1;;;;;;;;;;;;;;;;;;
 ;00:22:58;4.200;0.152;135.6;31.1;;;;;;;;;;;;;;;;;;
 ;00:22:59;4.200;0.152;135.7;31.1;;;;;;;;;;;;;;;;;;
 ;00:23:00;4.200;0.152;135.7;31.1;;;;;;;;;;;;;;;;;;
 ;00:23:01;4.200;0.152;135.8;31.1;;;;;;;;;;;;;;;;;;
 ;00:23:02;4.200;0.152;135.8;31.1;;;;;;;;;;;;;;;;;;
 ;00:23:03;4.200;0.152;135.9;31.1;;;;;;;;;;;;;;;;;;
 ;00:23:04;4.200;0.151;135.9;31.1;;;;;;;;;;;;;;;;;;
 ;00:23:05;4.200;0.150;135.9;31.1;;;;;;;;;;;;;;;;;;
 ;00:23:06;4.200;0.150;136.0;31.1;;;;;;;;;;;;;;;;;;
 ;00:23:07;4.200;0.150;136.0;31.1;;;;;;;;;;;;;;;;;;
 ;00:23:08;4.200;0.150;136.1;31.1;;;;;;;;;;;;;;;;;;
 ;00:23:09;4.200;0.150;136.1;31.1;;;;;;;;;;;;;;;;;;
 ;00:23:10;4.200;0.150;136.1;31.1;;;;;;;;;;;;;;;;;;
 ;00:23:11;4.200;0.150;136.2;31.1;;;;;;;;;;;;;;;;;;
 ;00:23:12;4.200;0.150;136.2;31.1;;;;;;;;;;;;;;;;;;
 ;00:23:13;4.200;0.149;136.3;31.1;;;;;;;;;;;;;;;;;;
 ;00:23:14;4.200;0.149;136.3;31.1;;;;;;;;;;;;;;;;;;
 ;00:23:15;4.200;0.149;136.4;31.1;;;;;;;;;;;;;;;;;;
 ;00:23:16;4.200;0.149;136.4;31.1;;;;;;;;;;;;;;;;;;
 ;00:23:17;4.200;0.149;136.4;31.1;;;;;;;;;;;;;;;;;;
 ;00:23:18;4.200;0.149;136.5;31.1;;;;;;;;;;;;;;;;;;
 ;00:23:19;4.200;0.149;136.5;31.1;;;;;;;;;;;;;;;;;;
 ;00:23:20;4.200;0.149;136.6;31.1;;;;;;;;;;;;;;;;;;
 ;00:23:21;4.200;0.149;136.6;31.1;;;;;;;;;;;;;;;;;;
 ;00:23:22;4.200;0.149;136.6;31.1;;;;;;;;;;;;;;;;;;
 ;00:23:23;4.200;0.149;136.7;31.1;;;;;;;;;;;;;;;;;;
 ;00:23:24;4.200;0.148;136.7;31.1;;;;;;;;;;;;;;;;;;
 ;00:23:25;4.200;0.149;136.8;31.1;;;;;;;;;;;;;;;;;;
 ;00:23:26;4.200;0.149;136.8;31.0;;;;;;;;;;;;;;;;;;
 ;00:23:27;4.200;0.149;136.9;31.0;;;;;;;;;;;;;;;;;;
 ;00:23:28;4.200;0.149;136.9;31.0;;;;;;;;;;;;;;;;;;
 ;00:23:29;4.200;0.148;136.9;31.0;;;;;;;;;;;;;;;;;;
 ;00:23:30;4.200;0.148;137.0;31.0;;;;;;;;;;;;;;;;;;
 ;00:23:31;4.200;0.148;137.0;31.0;;;;;;;;;;;;;;;;;;
 ;00:23:32;4.200;0.148;137.1;31.0;;;;;;;;;;;;;;;;;;
 ;00:23:33;4.200;0.148;137.1;31.0;;;;;;;;;;;;;;;;;;
 ;00:23:34;4.200;0.148;137.1;31.0;;;;;;;;;;;;;;;;;;
 ;00:23:35;4.200;0.148;137.2;31.0;;;;;;;;;;;;;;;;;;
 ;00:23:36;4.200;0.148;137.2;31.0;;;;;;;;;;;;;;;;;;
 ;00:23:37;4.200;0.148;137.3;31.0;;;;;;;;;;;;;;;;;;
 ;00:23:38;4.200;0.148;137.3;31.0;;;;;;;;;;;;;;;;;;
 ;00:23:39;4.200;0.148;137.3;31.0;;;;;;;;;;;;;;;;;;
 ;00:23:40;4.200;0.147;137.4;31.0;;;;;;;;;;;;;;;;;;
 ;00:23:41;4.200;0.147;137.4;31.0;;;;;;;;;;;;;;;;;;
 ;00:23:42;4.200;0.147;137.5;31.0;;;;;;;;;;;;;;;;;;
 ;00:23:43;4.200;0.147;137.5;31.0;;;;;;;;;;;;;;;;;;
 ;00:23:44;4.200;0.147;137.6;31.0;;;;;;;;;;;;;;;;;;
 ;00:23:45;4.200;0.147;137.6;31.0;;;;;;;;;;;;;;;;;;
 ;00:23:46;4.200;0.147;137.6;31.0;;;;;;;;;;;;;;;;;;
 ;00:23:47;4.200;0.147;137.7;31.0;;;;;;;;;;;;;;;;;;
 ;00:23:48;4.200;0.147;137.7;31.0;;;;;;;;;;;;;;;;;;
 ;00:23:49;4.200;0.146;137.8;31.0;;;;;;;;;;;;;;;;;;
 ;00:23:50;4.200;0.145;137.8;31.0;;;;;;;;;;;;;;;;;;
 ;00:23:51;4.200;0.145;137.8;31.0;;;;;;;;;;;;;;;;;;
 ;00:23:52;4.200;0.145;137.9;31.0;;;;;;;;;;;;;;;;;;
 ;00:23:53;4.200;0.145;137.9;31.0;;;;;;;;;;;;;;;;;;
 ;00:23:54;4.200;0.145;138.0;31.0;;;;;;;;;;;;;;;;;;
 ;00:23:55;4.200;0.145;138.0;31.0;;;;;;;;;;;;;;;;;;
 ;00:23:56;4.200;0.145;138.0;31.0;;;;;;;;;;;;;;;;;;
 ;00:23:57;4.200;0.145;138.1;31.0;;;;;;;;;;;;;;;;;;
 ;00:23:58;4.200;0.145;138.1;31.0;;;;;;;;;;;;;;;;;;
 ;00:23:59;4.200;0.144;138.2;31.0;;;;;;;;;;;;;;;;;;
 ;00:24:00;4.200;0.144;138.2;31.0;;;;;;;;;;;;;;;;;;
 ;00:24:01;4.200;0.144;138.2;31.0;;;;;;;;;;;;;;;;;;
 ;00:24:02;4.200;0.144;138.3;31.0;;;;;;;;;;;;;;;;;;
 ;00:24:03;4.200;0.144;138.3;31.0;;;;;;;;;;;;;;;;;;
 ;00:24:04;4.200;0.144;138.4;31.0;;;;;;;;;;;;;;;;;;
 ;00:24:05;4.200;0.144;138.4;31.0;;;;;;;;;;;;;;;;;;
 ;00:24:06;4.200;0.144;138.4;31.0;;;;;;;;;;;;;;;;;;
 ;00:24:07;4.200;0.144;138.5;31.0;;;;;;;;;;;;;;;;;;
 ;00:24:08;4.200;0.143;138.5;31.0;;;;;;;;;;;;;;;;;;
 ;00:24:09;4.200;0.143;138.6;31.0;;;;;;;;;;;;;;;;;;
 ;00:24:10;4.200;0.143;138.6;31.0;;;;;;;;;;;;;;;;;;
 ;00:24:11;4.200;0.143;138.6;31.0;;;;;;;;;;;;;;;;;;
 ;00:24:12;4.200;0.143;138.7;31.0;;;;;;;;;;;;;;;;;;
 ;00:24:13;4.200;0.143;138.7;31.0;;;;;;;;;;;;;;;;;;
 ;00:24:14;4.200;0.143;138.8;31.0;;;;;;;;;;;;;;;;;;
 ;00:24:15;4.200;0.143;138.8;31.0;;;;;;;;;;;;;;;;;;
 ;00:24:16;4.200;0.143;138.8;31.0;;;;;;;;;;;;;;;;;;
 ;00:24:17;4.200;0.142;138.9;31.0;;;;;;;;;;;;;;;;;;
 ;00:24:18;4.200;0.142;138.9;31.0;;;;;;;;;;;;;;;;;;
 ;00:24:19;4.200;0.142;139.0;31.0;;;;;;;;;;;;;;;;;;
 ;00:24:20;4.200;0.142;139.0;31.0;;;;;;;;;;;;;;;;;;
 ;00:24:21;4.200;0.142;139.0;31.0;;;;;;;;;;;;;;;;;;
 ;00:24:22;4.200;0.142;139.1;31.0;;;;;;;;;;;;;;;;;;
 ;00:24:23;4.200;0.142;139.1;31.0;;;;;;;;;;;;;;;;;;
 ;00:24:24;4.200;0.142;139.2;31.0;;;;;;;;;;;;;;;;;;
 ;00:24:25;4.200;0.142;139.2;31.0;;;;;;;;;;;;;;;;;;
 ;00:24:26;4.200;0.142;139.2;31.0;;;;;;;;;;;;;;;;;;
 ;00:24:27;4.200;0.141;139.3;31.0;;;;;;;;;;;;;;;;;;
 ;00:24:28;4.200;0.140;139.3;31.0;;;;;;;;;;;;;;;;;;
 ;00:24:29;4.200;0.140;139.3;31.0;;;;;;;;;;;;;;;;;;
 ;00:24:30;4.200;0.140;139.4;31.0;;;;;;;;;;;;;;;;;;
 ;00:24:31;4.200;0.140;139.4;31.0;;;;;;;;;;;;;;;;;;
 ;00:24:32;4.200;0.140;139.5;31.0;;;;;;;;;;;;;;;;;;
 ;00:24:33;4.200;0.140;139.5;31.0;;;;;;;;;;;;;;;;;;
 ;00:24:34;4.200;0.140;139.5;31.0;;;;;;;;;;;;;;;;;;
 ;00:24:35;4.200;0.140;139.6;31.0;;;;;;;;;;;;;;;;;;
 ;00:24:36;4.200;0.140;139.6;31.0;;;;;;;;;;;;;;;;;;
 ;00:24:37;4.200;0.139;139.7;30.9;;;;;;;;;;;;;;;;;;
 ;00:24:38;4.200;0.140;139.7;30.9;;;;;;;;;;;;;;;;;;
 ;00:24:39;4.200;0.139;139.7;30.9;;;;;;;;;;;;;;;;;;
 ;00:24:40;4.200;0.139;139.8;30.9;;;;;;;;;;;;;;;;;;
 ;00:24:41;4.200;0.139;139.8;30.9;;;;;;;;;;;;;;;;;;
 ;00:24:42;4.200;0.139;139.9;30.9;;;;;;;;;;;;;;;;;;
 ;00:24:43;4.200;0.139;139.9;30.9;;;;;;;;;;;;;;;;;;
 ;00:24:44;4.200;0.139;139.9;30.9;;;;;;;;;;;;;;;;;;
 ;00:24:45;4.200;0.139;140.0;30.9;;;;;;;;;;;;;;;;;;
 ;00:24:46;4.200;0.139;140.0;30.9;;;;;;;;;;;;;;;;;;
 ;00:24:47;4.200;0.139;140.0;30.9;;;;;;;;;;;;;;;;;;
 ;00:24:48;4.200;0.139;140.1;30.9;;;;;;;;;;;;;;;;;;
 ;00:24:49;4.200;0.139;140.1;30.9;;;;;;;;;;;;;;;;;;
 ;00:24:50;4.200;0.139;140.2;30.9;;;;;;;;;;;;;;;;;;
 ;00:24:51;4.200;0.139;140.2;30.9;;;;;;;;;;;;;;;;;;
 ;00:24:52;4.200;0.139;140.2;30.9;;;;;;;;;;;;;;;;;;
 ;00:24:53;4.200;0.139;140.3;30.9;;;;;;;;;;;;;;;;;;
 ;00:24:54;4.200;0.139;140.3;30.9;;;;;;;;;;;;;;;;;;
 ;00:24:55;4.200;0.138;140.4;30.9;;;;;;;;;;;;;;;;;;
 ;00:24:56;4.200;0.138;140.4;30.9;;;;;;;;;;;;;;;;;;
 ;00:24:57;4.200;0.138;140.4;30.9;;;;;;;;;;;;;;;;;;
 ;00:24:58;4.200;0.138;140.5;30.9;;;;;;;;;;;;;;;;;;
 ;00:24:59;4.200;0.138;140.5;30.9;;;;;;;;;;;;;;;;;;
 ;00:25:00;4.200;0.138;140.5;30.9;;;;;;;;;;;;;;;;;;
 ;00:25:01;4.200;0.138;140.6;30.9;;;;;;;;;;;;;;;;;;
 ;00:25:02;4.200;0.138;140.6;30.9;;;;;;;;;;;;;;;;;;
 ;00:25:03;4.200;0.138;140.7;30.9;;;;;;;;;;;;;;;;;;
 ;00:25:04;4.200;0.138;140.7;30.9;;;;;;;;;;;;;;;;;;
 ;00:25:05;4.200;0.137;140.7;30.9;;;;;;;;;;;;;;;;;;
 ;00:25:06;4.200;0.137;140.8;30.9;;;;;;;;;;;;;;;;;;
 ;00:25:07;4.200;0.137;140.8;30.9;;;;;;;;;;;;;;;;;;
 ;00:25:08;4.200;0.137;140.9;30.9;;;;;;;;;;;;;;;;;;
 ;00:25:09;4.200;0.137;140.9;30.9;;;;;;;;;;;;;;;;;;
 ;00:25:10;4.200;0.137;140.9;30.9;;;;;;;;;;;;;;;;;;
 ;00:25:11;4.200;0.137;141.0;30.9;;;;;;;;;;;;;;;;;;
 ;00:25:12;4.200;0.137;141.0;30.9;;;;;;;;;;;;;;;;;;
 ;00:25:13;4.200;0.137;141.0;30.9;;;;;;;;;;;;;;;;;;
 ;00:25:14;4.200;0.137;141.1;30.9;;;;;;;;;;;;;;;;;;
 ;00:25:15;4.200;0.136;141.1;30.9;;;;;;;;;;;;;;;;;;
 ;00:25:16;4.200;0.136;141.2;30.9;;;;;;;;;;;;;;;;;;
 ;00:25:17;4.200;0.136;141.2;30.9;;;;;;;;;;;;;;;;;;
 ;00:25:18;4.200;0.136;141.2;30.9;;;;;;;;;;;;;;;;;;
 ;00:25:19;4.200;0.136;141.3;30.9;;;;;;;;;;;;;;;;;;
 ;00:25:20;4.200;0.136;141.3;30.9;;;;;;;;;;;;;;;;;;
 ;00:25:21;4.200;0.136;141.3;30.9;;;;;;;;;;;;;;;;;;
 ;00:25:22;4.200;0.136;141.4;30.9;;;;;;;;;;;;;;;;;;
 ;00:25:23;4.200;0.136;141.4;30.9;;;;;;;;;;;;;;;;;;
 ;00:25:24;4.200;0.136;141.5;30.9;;;;;;;;;;;;;;;;;;
 ;00:25:25;4.200;0.135;141.5;30.9;;;;;;;;;;;;;;;;;;
 ;00:25:26;4.200;0.134;141.5;30.9;;;;;;;;;;;;;;;;;;
 ;00:25:27;4.200;0.134;141.6;30.9;;;;;;;;;;;;;;;;;;
 ;00:25:28;4.200;0.134;141.6;30.9;;;;;;;;;;;;;;;;;;
 ;00:25:29;4.200;0.134;141.6;30.9;;;;;;;;;;;;;;;;;;
 ;00:25:30;4.200;0.134;141.7;30.9;;;;;;;;;;;;;;;;;;
 ;00:25:31;4.200;0.134;141.7;30.9;;;;;;;;;;;;;;;;;;
 ;00:25:32;4.200;0.134;141.8;30.9;;;;;;;;;;;;;;;;;;
 ;00:25:33;4.200;0.134;141.8;30.9;;;;;;;;;;;;;;;;;;
 ;00:25:34;4.200;0.134;141.8;30.9;;;;;;;;;;;;;;;;;;
 ;00:25:35;4.200;0.133;141.9;30.9;;;;;;;;;;;;;;;;;;
 ;00:25:36;4.200;0.133;141.9;30.9;;;;;;;;;;;;;;;;;;
 ;00:25:37;4.200;0.133;141.9;30.9;;;;;;;;;;;;;;;;;;
 ;00:25:38;4.200;0.133;142.0;30.9;;;;;;;;;;;;;;;;;;
 ;00:25:39;4.200;0.133;142.0;30.9;;;;;;;;;;;;;;;;;;
 ;00:25:40;4.200;0.133;142.1;30.9;;;;;;;;;;;;;;;;;;
 ;00:25:41;4.200;0.133;142.1;30.9;;;;;;;;;;;;;;;;;;
 ;00:25:42;4.200;0.133;142.1;30.9;;;;;;;;;;;;;;;;;;
 ;00:25:43;4.200;0.133;142.2;30.9;;;;;;;;;;;;;;;;;;
 ;00:25:44;4.200;0.133;142.2;30.9;;;;;;;;;;;;;;;;;;
 ;00:25:45;4.200;0.133;142.2;30.9;;;;;;;;;;;;;;;;;;
 ;00:25:46;4.200;0.133;142.3;30.9;;;;;;;;;;;;;;;;;;
 ;00:25:47;4.200;0.133;142.3;30.9;;;;;;;;;;;;;;;;;;
 ;00:25:48;4.200;0.133;142.3;30.9;;;;;;;;;;;;;;;;;;
 ;00:25:49;4.200;0.133;142.4;30.9;;;;;;;;;;;;;;;;;;
 ;00:25:50;4.200;0.133;142.4;30.9;;;;;;;;;;;;;;;;;;
 ;00:25:51;4.200;0.133;142.5;30.9;;;;;;;;;;;;;;;;;;
 ;00:25:52;4.200;0.133;142.5;30.8;;;;;;;;;;;;;;;;;;
 ;00:25:53;4.200;0.133;142.5;30.8;;;;;;;;;;;;;;;;;;
 ;00:25:54;4.200;0.133;142.6;30.8;;;;;;;;;;;;;;;;;;
 ;00:25:55;4.200;0.132;142.6;30.8;;;;;;;;;;;;;;;;;;
 ;00:25:56;4.200;0.132;142.6;30.8;;;;;;;;;;;;;;;;;;
 ;00:25:57;4.200;0.132;142.7;30.8;;;;;;;;;;;;;;;;;;
 ;00:25:58;4.200;0.132;142.7;30.8;;;;;;;;;;;;;;;;;;
 ;00:25:59;4.200;0.132;142.8;30.8;;;;;;;;;;;;;;;;;;
 ;00:26:00;4.200;0.132;142.8;30.8;;;;;;;;;;;;;;;;;;
 ;00:26:01;4.200;0.132;142.8;30.8;;;;;;;;;;;;;;;;;;
 ;00:26:02;4.200;0.132;142.9;30.8;;;;;;;;;;;;;;;;;;
 ;00:26:03;4.200;0.132;142.9;30.8;;;;;;;;;;;;;;;;;;
 ;00:26:04;4.200;0.131;142.9;30.8;;;;;;;;;;;;;;;;;;
 ;00:26:05;4.200;0.131;143.0;30.8;;;;;;;;;;;;;;;;;;
 ;00:26:06;4.200;0.131;143.0;30.8;;;;;;;;;;;;;;;;;;
 ;00:26:07;4.200;0.131;143.0;30.8;;;;;;;;;;;;;;;;;;
 ;00:26:08;4.200;0.131;143.1;30.8;;;;;;;;;;;;;;;;;;
 ;00:26:09;4.200;0.131;143.1;30.8;;;;;;;;;;;;;;;;;;
 ;00:26:10;4.200;0.131;143.2;30.8;;;;;;;;;;;;;;;;;;
 ;00:26:11;4.200;0.131;143.2;30.8;;;;;;;;;;;;;;;;;;
 ;00:26:12;4.200;0.131;143.2;30.8;;;;;;;;;;;;;;;;;;
 ;00:26:13;4.200;0.131;143.3;30.8;;;;;;;;;;;;;;;;;;
 ;00:26:14;4.200;0.131;143.3;30.8;;;;;;;;;;;;;;;;;;
 ;00:26:15;4.200;0.130;143.3;30.8;;;;;;;;;;;;;;;;;;
 ;00:26:16;4.200;0.129;143.4;30.8;;;;;;;;;;;;;;;;;;
 ;00:26:17;4.200;0.129;143.4;30.8;;;;;;;;;;;;;;;;;;
 ;00:26:18;4.200;0.129;143.4;30.8;;;;;;;;;;;;;;;;;;
 ;00:26:19;4.200;0.129;143.5;30.8;;;;;;;;;;;;;;;;;;
 ;00:26:20;4.200;0.129;143.5;30.8;;;;;;;;;;;;;;;;;;
 ;00:26:21;4.200;0.129;143.6;30.8;;;;;;;;;;;;;;;;;;
 ;00:26:22;4.200;0.129;143.6;30.8;;;;;;;;;;;;;;;;;;
 ;00:26:23;4.200;0.129;143.6;30.8;;;;;;;;;;;;;;;;;;
 ;00:26:24;4.200;0.129;143.7;30.8;;;;;;;;;;;;;;;;;;
 ;00:26:25;4.200;0.128;143.7;30.8;;;;;;;;;;;;;;;;;;
 ;00:26:26;4.200;0.128;143.7;30.8;;;;;;;;;;;;;;;;;;
 ;00:26:27;4.200;0.128;143.8;30.8;;;;;;;;;;;;;;;;;;
 ;00:26:28;4.200;0.128;143.8;30.8;;;;;;;;;;;;;;;;;;
 ;00:26:29;4.200;0.128;143.8;30.8;;;;;;;;;;;;;;;;;;
 ;00:26:30;4.200;0.128;143.9;30.8;;;;;;;;;;;;;;;;;;
 ;00:26:31;4.200;0.128;143.9;30.8;;;;;;;;;;;;;;;;;;
 ;00:26:32;4.200;0.128;143.9;30.8;;;;;;;;;;;;;;;;;;
 ;00:26:33;4.200;0.128;144.0;30.8;;;;;;;;;;;;;;;;;;
 ;00:26:34;4.200;0.128;144.0;30.8;;;;;;;;;;;;;;;;;;
 ;00:26:35;4.200;0.128;144.1;30.8;;;;;;;;;;;;;;;;;;
 ;00:26:36;4.200;0.128;144.1;30.8;;;;;;;;;;;;;;;;;;
 ;00:26:37;4.200;0.128;144.1;30.8;;;;;;;;;;;;;;;;;;
 ;00:26:38;4.200;0.127;144.2;30.8;;;;;;;;;;;;;;;;;;
 ;00:26:39;4.200;0.127;144.2;30.8;;;;;;;;;;;;;;;;;;
 ;00:26:40;4.200;0.127;144.2;30.8;;;;;;;;;;;;;;;;;;
 ;00:26:41;4.200;0.127;144.3;30.8;;;;;;;;;;;;;;;;;;
 ;00:26:42;4.200;0.127;144.3;30.8;;;;;;;;;;;;;;;;;;
 ;00:26:43;4.200;0.127;144.3;30.8;;;;;;;;;;;;;;;;;;
 ;00:26:44;4.200;0.127;144.4;30.8;;;;;;;;;;;;;;;;;;
 ;00:26:45;4.200;0.127;144.4;30.8;;;;;;;;;;;;;;;;;;
 ;00:26:46;4.200;0.127;144.4;30.8;;;;;;;;;;;;;;;;;;
 ;00:26:47;4.200;0.127;144.5;30.8;;;;;;;;;;;;;;;;;;
 ;00:26:48;4.200;0.127;144.5;30.8;;;;;;;;;;;;;;;;;;
 ;00:26:49;4.200;0.127;144.5;30.8;;;;;;;;;;;;;;;;;;
 ;00:26:50;4.200;0.127;144.6;30.8;;;;;;;;;;;;;;;;;;
 ;00:26:51;4.200;0.127;144.6;30.8;;;;;;;;;;;;;;;;;;
 ;00:26:52;4.200;0.127;144.7;30.8;;;;;;;;;;;;;;;;;;
 ;00:26:53;4.200;0.127;144.7;30.8;;;;;;;;;;;;;;;;;;
 ;00:26:54;4.200;0.127;144.7;30.8;;;;;;;;;;;;;;;;;;
 ;00:26:55;4.200;0.127;144.8;30.8;;;;;;;;;;;;;;;;;;
 ;00:26:56;4.200;0.127;144.8;30.8;;;;;;;;;;;;;;;;;;
 ;00:26:57;4.200;0.126;144.8;30.8;;;;;;;;;;;;;;;;;;
 ;00:26:58;4.200;0.126;144.9;30.8;;;;;;;;;;;;;;;;;;
 ;00:26:59;4.200;0.126;144.9;30.8;;;;;;;;;;;;;;;;;;
 ;00:27:00;4.200;0.126;144.9;30.8;;;;;;;;;;;;;;;;;;
 ;00:27:01;4.200;0.126;145.0;30.8;;;;;;;;;;;;;;;;;;
 ;00:27:02;4.200;0.126;145.0;30.8;;;;;;;;;;;;;;;;;;
 ;00:27:03;4.200;0.126;145.0;30.8;;;;;;;;;;;;;;;;;;
 ;00:27:04;4.200;0.126;145.1;30.8;;;;;;;;;;;;;;;;;;
 ;00:27:05;4.200;0.126;145.1;30.8;;;;;;;;;;;;;;;;;;
 ;00:27:06;4.200;0.126;145.1;30.8;;;;;;;;;;;;;;;;;;
 ;00:27:07;4.200;0.126;145.2;30.7;;;;;;;;;;;;;;;;;;
 ;00:27:08;4.200;0.125;145.2;30.8;;;;;;;;;;;;;;;;;;
 ;00:27:09;4.200;0.124;145.2;30.7;;;;;;;;;;;;;;;;;;
 ;00:27:10;4.200;0.124;145.3;30.7;;;;;;;;;;;;;;;;;;
 ;00:27:11;4.200;0.124;145.3;30.7;;;;;;;;;;;;;;;;;;
 ;00:27:12;4.200;0.124;145.4;30.7;;;;;;;;;;;;;;;;;;
 ;00:27:13;4.200;0.124;145.4;30.7;;;;;;;;;;;;;;;;;;
 ;00:27:14;4.200;0.124;145.4;30.7;;;;;;;;;;;;;;;;;;
 ;00:27:15;4.200;0.124;145.5;30.7;;;;;;;;;;;;;;;;;;
 ;00:27:16;4.200;0.124;145.5;30.7;;;;;;;;;;;;;;;;;;
 ;00:27:17;4.200;0.124;145.5;30.7;;;;;;;;;;;;;;;;;;
 ;00:27:18;4.200;0.124;145.6;30.7;;;;;;;;;;;;;;;;;;
 ;00:27:19;4.200;0.123;145.6;30.7;;;;;;;;;;;;;;;;;;
 ;00:27:20;4.200;0.123;145.6;30.7;;;;;;;;;;;;;;;;;;
 ;00:27:21;4.200;0.123;145.7;30.7;;;;;;;;;;;;;;;;;;
 ;00:27:22;4.200;0.123;145.7;30.7;;;;;;;;;;;;;;;;;;
 ;00:27:23;4.200;0.123;145.7;30.7;;;;;;;;;;;;;;;;;;
 ;00:27:24;4.200;0.123;145.8;30.7;;;;;;;;;;;;;;;;;;
 ;00:27:25;4.200;0.123;145.8;30.7;;;;;;;;;;;;;;;;;;
 ;00:27:26;4.200;0.123;145.8;30.7;;;;;;;;;;;;;;;;;;
 ;00:27:27;4.200;0.123;145.9;30.7;;;;;;;;;;;;;;;;;;
 ;00:27:28;4.200;0.123;145.9;30.7;;;;;;;;;;;;;;;;;;
 ;00:27:29;4.200;0.123;145.9;30.7;;;;;;;;;;;;;;;;;;
 ;00:27:30;4.200;0.122;146.0;30.7;;;;;;;;;;;;;;;;;;
 ;00:27:31;4.200;0.122;146.0;30.7;;;;;;;;;;;;;;;;;;
 ;00:27:32;4.200;0.122;146.0;30.7;;;;;;;;;;;;;;;;;;
 ;00:27:33;4.200;0.122;146.1;30.7;;;;;;;;;;;;;;;;;;
 ;00:27:34;4.200;0.122;146.1;30.7;;;;;;;;;;;;;;;;;;
 ;00:27:35;4.200;0.122;146.1;30.7;;;;;;;;;;;;;;;;;;
 ;00:27:36;4.200;0.122;146.2;30.7;;;;;;;;;;;;;;;;;;
 ;00:27:37;4.200;0.122;146.2;30.7;;;;;;;;;;;;;;;;;;
 ;00:27:38;4.200;0.122;146.2;30.7;;;;;;;;;;;;;;;;;;
 ;00:27:39;4.200;0.122;146.3;30.7;;;;;;;;;;;;;;;;;;
 ;00:27:40;4.200;0.122;146.3;30.7;;;;;;;;;;;;;;;;;;
 ;00:27:41;4.200;0.122;146.3;30.7;;;;;;;;;;;;;;;;;;
 ;00:27:42;4.200;0.122;146.4;30.7;;;;;;;;;;;;;;;;;;
 ;00:27:43;4.200;0.122;146.4;30.7;;;;;;;;;;;;;;;;;;
 ;00:27:44;4.200;0.122;146.4;30.7;;;;;;;;;;;;;;;;;;
 ;00:27:45;4.200;0.122;146.5;30.7;;;;;;;;;;;;;;;;;;
 ;00:27:46;4.200;0.122;146.5;30.7;;;;;;;;;;;;;;;;;;
 ;00:27:47;4.200;0.121;146.5;30.7;;;;;;;;;;;;;;;;;;
 ;00:27:48;4.200;0.121;146.6;30.7;;;;;;;;;;;;;;;;;;
 ;00:27:49;4.200;0.122;146.6;30.7;;;;;;;;;;;;;;;;;;
 ;00:27:50;4.200;0.122;146.6;30.7;;;;;;;;;;;;;;;;;;
 ;00:27:51;4.200;0.121;146.7;30.7;;;;;;;;;;;;;;;;;;
 ;00:27:52;4.200;0.121;146.7;30.7;;;;;;;;;;;;;;;;;;
 ;00:27:53;4.200;0.121;146.7;30.7;;;;;;;;;;;;;;;;;;
 ;00:27:54;4.200;0.121;146.8;30.7;;;;;;;;;;;;;;;;;;
 ;00:27:55;4.200;0.121;146.8;30.7;;;;;;;;;;;;;;;;;;
 ;00:27:56;4.200;0.121;146.8;30.7;;;;;;;;;;;;;;;;;;
 ;00:27:57;4.200;0.121;146.9;30.7;;;;;;;;;;;;;;;;;;
 ;00:27:58;4.200;0.121;146.9;30.7;;;;;;;;;;;;;;;;;;
 ;00:27:59;4.200;0.121;146.9;30.7;;;;;;;;;;;;;;;;;;
 ;00:28:00;4.200;0.121;147.0;30.7;;;;;;;;;;;;;;;;;;
 ;00:28:01;4.200;0.121;147.0;30.7;;;;;;;;;;;;;;;;;;
 ;00:28:02;4.200;0.121;147.1;30.7;;;;;;;;;;;;;;;;;;
 ;00:28:03;4.200;0.121;147.1;30.7;;;;;;;;;;;;;;;;;;
 ;00:28:04;4.200;0.119;147.1;30.7;;;;;;;;;;;;;;;;;;
 ;00:28:05;4.200;0.119;147.1;30.7;;;;;;;;;;;;;;;;;;
 ;00:28:06;4.200;0.119;147.2;30.7;;;;;;;;;;;;;;;;;;
 ;00:28:07;4.200;0.119;147.2;30.7;;;;;;;;;;;;;;;;;;
 ;00:28:08;4.200;0.119;147.2;30.7;;;;;;;;;;;;;;;;;;
 ;00:28:09;4.200;0.119;147.3;30.7;;;;;;;;;;;;;;;;;;
 ;00:28:10;4.200;0.119;147.3;30.7;;;;;;;;;;;;;;;;;;
 ;00:28:11;4.200;0.119;147.3;30.7;;;;;;;;;;;;;;;;;;
 ;00:28:12;4.200;0.119;147.4;30.7;;;;;;;;;;;;;;;;;;
 ;00:28:13;4.200;0.119;147.4;30.7;;;;;;;;;;;;;;;;;;
 ;00:28:14;4.200;0.119;147.4;30.7;;;;;;;;;;;;;;;;;;
 ;00:28:15;4.200;0.118;147.5;30.7;;;;;;;;;;;;;;;;;;
 ;00:28:16;4.200;0.118;147.5;30.7;;;;;;;;;;;;;;;;;;
 ;00:28:17;4.200;0.118;147.5;30.7;;;;;;;;;;;;;;;;;;
 ;00:28:18;4.200;0.118;147.6;30.7;;;;;;;;;;;;;;;;;;
 ;00:28:19;4.200;0.118;147.6;30.7;;;;;;;;;;;;;;;;;;
 ;00:28:20;4.200;0.118;147.6;30.7;;;;;;;;;;;;;;;;;;
 ;00:28:21;4.200;0.118;147.7;30.7;;;;;;;;;;;;;;;;;;
 ;00:28:22;4.200;0.118;147.7;30.7;;;;;;;;;;;;;;;;;;
 ;00:28:23;4.200;0.118;147.7;30.7;;;;;;;;;;;;;;;;;;
 ;00:28:24;4.200;0.118;147.8;30.7;;;;;;;;;;;;;;;;;;
 ;00:28:25;4.200;0.118;147.8;30.7;;;;;;;;;;;;;;;;;;
 ;00:28:26;4.200;0.117;147.8;30.7;;;;;;;;;;;;;;;;;;
 ;00:28:27;4.200;0.117;147.9;30.7;;;;;;;;;;;;;;;;;;
 ;00:28:28;4.200;0.117;147.9;30.7;;;;;;;;;;;;;;;;;;
 ;00:28:29;4.200;0.117;147.9;30.7;;;;;;;;;;;;;;;;;;
 ;00:28:30;4.200;0.117;148.0;30.7;;;;;;;;;;;;;;;;;;
 ;00:28:31;4.200;0.117;148.0;30.7;;;;;;;;;;;;;;;;;;
 ;00:28:32;4.200;0.117;148.0;30.7;;;;;;;;;;;;;;;;;;
 ;00:28:33;4.200;0.117;148.1;30.7;;;;;;;;;;;;;;;;;;
 ;00:28:34;4.200;0.117;148.1;30.7;;;;;;;;;;;;;;;;;;
 ;00:28:35;4.200;0.117;148.1;30.7;;;;;;;;;;;;;;;;;;
 ;00:28:36;4.200;0.117;148.2;30.7;;;;;;;;;;;;;;;;;;
 ;00:28:37;4.200;0.117;148.2;30.7;;;;;;;;;;;;;;;;;;
 ;00:28:38;4.200;0.117;148.2;30.7;;;;;;;;;;;;;;;;;;
 ;00:28:39;4.200;0.117;148.3;30.7;;;;;;;;;;;;;;;;;;
 ;00:28:40;4.200;0.117;148.3;30.7;;;;;;;;;;;;;;;;;;
 ;00:28:41;4.200;0.117;148.3;30.7;;;;;;;;;;;;;;;;;;
 ;00:28:42;4.200;0.117;148.4;30.7;;;;;;;;;;;;;;;;;;
 ;00:28:43;4.200;0.117;148.4;30.7;;;;;;;;;;;;;;;;;;
 ;00:28:44;4.200;0.117;148.4;30.7;;;;;;;;;;;;;;;;;;
 ;00:28:45;4.200;0.117;148.5;30.7;;;;;;;;;;;;;;;;;;
 ;00:28:46;4.200;0.117;148.5;30.7;;;;;;;;;;;;;;;;;;
 ;00:28:47;4.200;0.117;148.5;30.7;;;;;;;;;;;;;;;;;;
 ;00:28:48;4.200;0.117;148.6;30.7;;;;;;;;;;;;;;;;;;
 ;00:28:49;4.200;0.117;148.6;30.7;;;;;;;;;;;;;;;;;;
 ;00:28:50;4.200;0.116;148.6;30.7;;;;;;;;;;;;;;;;;;
 ;00:28:51;4.200;0.116;148.7;30.7;;;;;;;;;;;;;;;;;;
 ;00:28:52;4.200;0.116;148.7;30.7;;;;;;;;;;;;;;;;;;
 ;00:28:53;4.200;0.116;148.7;30.7;;;;;;;;;;;;;;;;;;
 ;00:28:54;4.200;0.116;148.7;30.7;;;;;;;;;;;;;;;;;;
 ;00:28:55;4.200;0.116;148.8;30.7;;;;;;;;;;;;;;;;;;
 ;00:28:56;4.200;0.116;148.8;30.7;;;;;;;;;;;;;;;;;;
 ;00:28:57;4.200;0.116;148.8;30.7;;;;;;;;;;;;;;;;;;
 ;00:28:58;4.200;0.116;148.9;30.7;;;;;;;;;;;;;;;;;;
 ;00:28:59;4.200;0.116;148.9;30.7;;;;;;;;;;;;;;;;;;
 ;00:29:00;4.200;0.116;148.9;30.6;;;;;;;;;;;;;;;;;;
 ;00:29:01;4.200;0.116;149.0;30.7;;;;;;;;;;;;;;;;;;
 ;00:29:02;4.200;0.115;149.0;30.7;;;;;;;;;;;;;;;;;;
 ;00:29:03;4.200;0.115;149.0;30.6;;;;;;;;;;;;;;;;;;
 ;00:29:04;4.200;0.115;149.1;30.7;;;;;;;;;;;;;;;;;;
 ;00:29:05;4.200;0.115;149.1;30.6;;;;;;;;;;;;;;;;;;
 ;00:29:06;4.200;0.115;149.1;30.6;;;;;;;;;;;;;;;;;;
 ;00:29:07;4.200;0.115;149.2;30.6;;;;;;;;;;;;;;;;;;
 ;00:29:08;4.200;0.115;149.2;30.6;;;;;;;;;;;;;;;;;;
 ;00:29:09;4.200;0.115;149.2;30.6;;;;;;;;;;;;;;;;;;
 ;00:29:10;4.200;0.115;149.3;30.6;;;;;;;;;;;;;;;;;;
 ;00:29:11;4.200;0.115;149.3;30.6;;;;;;;;;;;;;;;;;;
 ;00:29:12;4.200;0.115;149.3;30.6;;;;;;;;;;;;;;;;;;
 ;00:29:13;4.200;0.115;149.4;30.6;;;;;;;;;;;;;;;;;;
 ;00:29:14;4.200;0.114;149.4;30.6;;;;;;;;;;;;;;;;;;
 ;00:29:15;4.200;0.113;149.4;30.6;;;;;;;;;;;;;;;;;;
 ;00:29:16;4.200;0.113;149.5;30.6;;;;;;;;;;;;;;;;;;
 ;00:29:17;4.200;0.113;149.5;30.6;;;;;;;;;;;;;;;;;;
 ;00:29:18;4.200;0.113;149.5;30.6;;;;;;;;;;;;;;;;;;
 ;00:29:19;4.200;0.113;149.5;30.6;;;;;;;;;;;;;;;;;;
 ;00:29:20;4.200;0.113;149.6;30.6;;;;;;;;;;;;;;;;;;
 ;00:29:21;4.200;0.113;149.6;30.6;;;;;;;;;;;;;;;;;;
 ;00:29:22;4.200;0.113;149.6;30.6;;;;;;;;;;;;;;;;;;
 ;00:29:23;4.200;0.113;149.7;30.6;;;;;;;;;;;;;;;;;;
 ;00:29:24;4.200;0.113;149.7;30.6;;;;;;;;;;;;;;;;;;
 ;00:29:25;4.200;0.113;149.7;30.6;;;;;;;;;;;;;;;;;;
 ;00:29:26;4.200;0.112;149.8;30.6;;;;;;;;;;;;;;;;;;
 ;00:29:27;4.200;0.112;149.8;30.6;;;;;;;;;;;;;;;;;;
 ;00:29:28;4.200;0.112;149.8;30.6;;;;;;;;;;;;;;;;;;
 ;00:29:29;4.200;0.112;149.9;30.6;;;;;;;;;;;;;;;;;;
 ;00:29:30;4.200;0.112;149.9;30.6;;;;;;;;;;;;;;;;;;
 ;00:29:31;4.200;0.112;149.9;30.6;;;;;;;;;;;;;;;;;;
 ;00:29:32;4.200;0.112;150.0;30.6;;;;;;;;;;;;;;;;;;
 ;00:29:33;4.200;0.112;150.0;30.6;;;;;;;;;;;;;;;;;;
 ;00:29:34;4.200;0.112;150.0;30.6;;;;;;;;;;;;;;;;;;
 ;00:29:35;4.200;0.112;150.0;30.6;;;;;;;;;;;;;;;;;;
 ;00:29:36;4.200;0.112;150.1;30.6;;;;;;;;;;;;;;;;;;
 ;00:29:37;4.200;0.112;150.1;30.6;;;;;;;;;;;;;;;;;;
 ;00:29:38;4.200;0.112;150.1;30.6;;;;;;;;;;;;;;;;;;
 ;00:29:39;4.200;0.112;150.2;30.6;;;;;;;;;;;;;;;;;;
 ;00:29:40;4.200;0.112;150.2;30.6;;;;;;;;;;;;;;;;;;
 ;00:29:41;4.200;0.112;150.2;30.6;;;;;;;;;;;;;;;;;;
 ;00:29:42;4.200;0.112;150.3;30.6;;;;;;;;;;;;;;;;;;
 ;00:29:43;4.200;0.112;150.3;30.6;;;;;;;;;;;;;;;;;;
 ;00:29:44;4.200;0.112;150.3;30.6;;;;;;;;;;;;;;;;;;
 ;00:29:45;4.200;0.112;150.4;30.6;;;;;;;;;;;;;;;;;;
 ;00:29:46;4.200;0.112;150.4;30.6;;;;;;;;;;;;;;;;;;
 ;00:29:47;4.200;0.112;150.4;30.6;;;;;;;;;;;;;;;;;;
 ;00:29:48;4.200;0.112;150.5;30.6;;;;;;;;;;;;;;;;;;
 ;00:29:49;4.200;0.112;150.5;30.6;;;;;;;;;;;;;;;;;;
 ;00:29:50;4.200;0.112;150.5;30.6;;;;;;;;;;;;;;;;;;
 ;00:29:51;4.200;0.112;150.5;30.6;;;;;;;;;;;;;;;;;;
 ;00:29:52;4.200;0.111;150.6;30.6;;;;;;;;;;;;;;;;;;
 ;00:29:53;4.200;0.111;150.6;30.6;;;;;;;;;;;;;;;;;;
 ;00:29:54;4.200;0.111;150.6;30.6;;;;;;;;;;;;;;;;;;
 ;00:29:55;4.200;0.111;150.7;30.6;;;;;;;;;;;;;;;;;;
 ;00:29:56;4.200;0.111;150.7;30.6;;;;;;;;;;;;;;;;;;
 ;00:29:57;4.200;0.111;150.7;30.6;;;;;;;;;;;;;;;;;;
 ;00:29:58;4.200;0.111;150.8;30.6;;;;;;;;;;;;;;;;;;
 ;00:29:59;4.200;0.111;150.8;30.6;;;;;;;;;;;;;;;;;;
 ;00:30:00;4.200;0.111;150.8;30.6;;;;;;;;;;;;;;;;;;
 ;00:30:01;4.200;0.111;150.9;30.6;;;;;;;;;;;;;;;;;;
 ;00:30:02;4.200;0.111;150.9;30.6;;;;;;;;;;;;;;;;;;
 ;00:30:03;4.200;0.111;150.9;30.6;;;;;;;;;;;;;;;;;;
 ;00:30:04;4.200;0.110;150.9;30.6;;;;;;;;;;;;;;;;;;
 ;00:30:05;4.200;0.110;151.0;30.6;;;;;;;;;;;;;;;;;;
 ;00:30:06;4.200;0.110;151.0;30.6;;;;;;;;;;;;;;;;;;
 ;00:30:07;4.200;0.110;151.0;30.6;;;;;;;;;;;;;;;;;;
 ;00:30:08;4.200;0.110;151.1;30.6;;;;;;;;;;;;;;;;;;
 ;00:30:09;4.200;0.110;151.1;30.6;;;;;;;;;;;;;;;;;;
 ;00:30:10;4.200;0.110;151.1;30.6;;;;;;;;;;;;;;;;;;
 ;00:30:11;4.200;0.110;151.2;30.6;;;;;;;;;;;;;;;;;;
 ;00:30:12;4.200;0.110;151.2;30.6;;;;;;;;;;;;;;;;;;
 ;00:30:13;4.200;0.110;151.2;30.6;;;;;;;;;;;;;;;;;;
 ;00:30:14;4.200;0.110;151.3;30.6;;;;;;;;;;;;;;;;;;
 ;00:30:15;4.200;0.110;151.3;30.6;;;;;;;;;;;;;;;;;;
 ;00:30:16;4.200;0.110;151.3;30.6;;;;;;;;;;;;;;;;;;
 ;00:30:17;4.200;0.108;151.3;30.6;;;;;;;;;;;;;;;;;;
 ;00:30:18;4.200;0.108;151.4;30.6;;;;;;;;;;;;;;;;;;
 ;00:30:19;4.200;0.108;151.4;30.6;;;;;;;;;;;;;;;;;;
 ;00:30:20;4.200;0.108;151.4;30.6;;;;;;;;;;;;;;;;;;
 ;00:30:21;4.200;0.108;151.5;30.6;;;;;;;;;;;;;;;;;;
 ;00:30:22;4.200;0.108;151.5;30.6;;;;;;;;;;;;;;;;;;
 ;00:30:23;4.200;0.108;151.5;30.6;;;;;;;;;;;;;;;;;;
 ;00:30:24;4.200;0.108;151.6;30.6;;;;;;;;;;;;;;;;;;
 ;00:30:25;4.200;0.108;151.6;30.6;;;;;;;;;;;;;;;;;;
 ;00:30:26;4.200;0.108;151.6;30.6;;;;;;;;;;;;;;;;;;
 ;00:30:27;4.200;0.108;151.6;30.6;;;;;;;;;;;;;;;;;;
 ;00:30:28;4.200;0.108;151.7;30.6;;;;;;;;;;;;;;;;;;
 ;00:30:29;4.200;0.108;151.7;30.6;;;;;;;;;;;;;;;;;;
 ;00:30:30;4.200;0.108;151.7;30.6;;;;;;;;;;;;;;;;;;
 ;00:30:31;4.200;0.108;151.8;30.6;;;;;;;;;;;;;;;;;;
 ;00:30:32;4.200;0.108;151.8;30.6;;;;;;;;;;;;;;;;;;
 ;00:30:33;4.200;0.108;151.8;30.6;;;;;;;;;;;;;;;;;;
 ;00:30:34;4.200;0.108;151.9;30.6;;;;;;;;;;;;;;;;;;
 ;00:30:35;4.200;0.108;151.9;30.6;;;;;;;;;;;;;;;;;;
 ;00:30:36;4.200;0.108;151.9;30.6;;;;;;;;;;;;;;;;;;
 ;00:30:37;4.200;0.108;151.9;30.6;;;;;;;;;;;;;;;;;;
 ;00:30:38;4.200;0.107;152.0;30.6;;;;;;;;;;;;;;;;;;
 ;00:30:39;4.200;0.107;152.0;30.6;;;;;;;;;;;;;;;;;;
 ;00:30:40;4.200;0.108;152.0;30.6;;;;;;;;;;;;;;;;;;
 ;00:30:41;4.200;0.108;152.1;30.6;;;;;;;;;;;;;;;;;;
 ;00:30:42;4.200;0.107;152.1;30.6;;;;;;;;;;;;;;;;;;
 ;00:30:43;4.200;0.107;152.1;30.5;;;;;;;;;;;;;;;;;;
 ;00:30:44;4.200;0.107;152.2;30.5;;;;;;;;;;;;;;;;;;
 ;00:30:45;4.200;0.107;152.2;30.5;;;;;;;;;;;;;;;;;;
 ;00:30:46;4.200;0.107;152.2;30.5;;;;;;;;;;;;;;;;;;
 ;00:30:47;4.200;0.107;152.2;30.5;;;;;;;;;;;;;;;;;;
 ;00:30:48;4.200;0.107;152.3;30.5;;;;;;;;;;;;;;;;;;
 ;00:30:49;4.200;0.107;152.3;30.5;;;;;;;;;;;;;;;;;;
 ;00:30:50;4.200;0.107;152.3;30.5;;;;;;;;;;;;;;;;;;
 ;00:30:51;4.200;0.107;152.4;30.5;;;;;;;;;;;;;;;;;;
 ;00:30:52;4.200;0.107;152.4;30.5;;;;;;;;;;;;;;;;;;
 ;00:30:53;4.200;0.107;152.4;30.5;;;;;;;;;;;;;;;;;;
 ;00:30:54;4.200;0.107;152.4;30.5;;;;;;;;;;;;;;;;;;
 ;00:30:55;4.200;0.106;152.5;30.5;;;;;;;;;;;;;;;;;;
 ;00:30:56;4.200;0.106;152.5;30.5;;;;;;;;;;;;;;;;;;
 ;00:30:57;4.200;0.106;152.5;30.5;;;;;;;;;;;;;;;;;;
 ;00:30:58;4.200;0.106;152.6;30.5;;;;;;;;;;;;;;;;;;
 ;00:30:59;4.200;0.106;152.6;30.5;;;;;;;;;;;;;;;;;;
 ;00:31:00;4.200;0.106;152.6;30.5;;;;;;;;;;;;;;;;;;
 ;00:31:01;4.200;0.106;152.7;30.5;;;;;;;;;;;;;;;;;;
 ;00:31:02;4.200;0.106;152.7;30.5;;;;;;;;;;;;;;;;;;
 ;00:31:03;4.200;0.106;152.7;30.5;;;;;;;;;;;;;;;;;;
 ;00:31:04;4.200;0.106;152.7;30.5;;;;;;;;;;;;;;;;;;
 ;00:31:05;4.200;0.106;152.8;30.5;;;;;;;;;;;;;;;;;;
 ;00:31:06;4.200;0.106;152.8;30.5;;;;;;;;;;;;;;;;;;
 ;00:31:07;4.200;0.106;152.8;30.5;;;;;;;;;;;;;;;;;;
 ;00:31:08;4.200;0.105;152.9;30.5;;;;;;;;;;;;;;;;;;
 ;00:31:09;4.200;0.105;152.9;30.5;;;;;;;;;;;;;;;;;;
 ;00:31:10;4.200;0.105;152.9;30.5;;;;;;;;;;;;;;;;;;
 ;00:31:11;4.200;0.105;152.9;30.5;;;;;;;;;;;;;;;;;;
 ;00:31:12;4.200;0.105;153.0;30.5;;;;;;;;;;;;;;;;;;
 ;00:31:13;4.200;0.105;153.0;30.5;;;;;;;;;;;;;;;;;;
 ;00:31:14;4.200;0.105;153.0;30.5;;;;;;;;;;;;;;;;;;
 ;00:31:15;4.200;0.105;153.1;30.5;;;;;;;;;;;;;;;;;;
 ;00:31:16;4.200;0.105;153.1;30.5;;;;;;;;;;;;;;;;;;
 ;00:31:17;4.200;0.105;153.1;30.5;;;;;;;;;;;;;;;;;;
 ;00:31:18;4.200;0.105;153.2;30.5;;;;;;;;;;;;;;;;;;
 ;00:31:19;4.200;0.105;153.2;30.5;;;;;;;;;;;;;;;;;;
 ;00:31:20;4.200;0.105;153.2;30.5;;;;;;;;;;;;;;;;;;
 ;00:31:21;4.200;0.104;153.2;30.5;;;;;;;;;;;;;;;;;;
 ;00:31:22;4.200;0.103;153.3;30.5;;;;;;;;;;;;;;;;;;
 ;00:31:23;4.200;0.103;153.3;30.5;;;;;;;;;;;;;;;;;;
 ;00:31:24;4.200;0.103;153.3;30.5;;;;;;;;;;;;;;;;;;
 ;00:31:25;4.200;0.103;153.4;30.5;;;;;;;;;;;;;;;;;;
 ;00:31:26;4.200;0.103;153.4;30.5;;;;;;;;;;;;;;;;;;
 ;00:31:27;4.200;0.103;153.4;30.5;;;;;;;;;;;;;;;;;;
 ;00:31:28;4.200;0.103;153.4;30.5;;;;;;;;;;;;;;;;;;
 ;00:31:29;4.200;0.103;153.5;30.5;;;;;;;;;;;;;;;;;;
 ;00:31:30;4.200;0.103;153.5;30.5;;;;;;;;;;;;;;;;;;
 ;00:31:31;4.200;0.103;153.5;30.5;;;;;;;;;;;;;;;;;;
 ;00:31:32;4.200;0.103;153.6;30.5;;;;;;;;;;;;;;;;;;
 ;00:31:33;4.200;0.103;153.6;30.5;;;;;;;;;;;;;;;;;;
 ;00:31:34;4.200;0.103;153.6;30.5;;;;;;;;;;;;;;;;;;
 ;00:31:35;4.200;0.103;153.6;30.5;;;;;;;;;;;;;;;;;;
 ;00:31:36;4.200;0.103;153.7;30.5;;;;;;;;;;;;;;;;;;
 ;00:31:37;4.200;0.103;153.7;30.5;;;;;;;;;;;;;;;;;;
 ;00:31:38;4.200;0.103;153.7;30.5;;;;;;;;;;;;;;;;;;
 ;00:31:39;4.200;0.103;153.8;30.5;;;;;;;;;;;;;;;;;;
 ;00:31:40;4.200;0.103;153.8;30.5;;;;;;;;;;;;;;;;;;
 ;00:31:41;4.200;0.103;153.8;30.5;;;;;;;;;;;;;;;;;;
 ;00:31:42;4.200;0.103;153.8;30.5;;;;;;;;;;;;;;;;;;
 ;00:31:43;4.200;0.103;153.9;30.5;;;;;;;;;;;;;;;;;;
 ;00:31:44;4.200;0.103;153.9;30.5;;;;;;;;;;;;;;;;;;
 ;00:31:45;4.200;0.103;153.9;30.5;;;;;;;;;;;;;;;;;;
 ;00:31:46;4.200;0.103;154.0;30.5;;;;;;;;;;;;;;;;;;
 ;00:31:47;4.200;0.103;154.0;30.5;;;;;;;;;;;;;;;;;;
 ;00:31:48;4.200;0.102;154.0;30.5;;;;;;;;;;;;;;;;;;
 ;00:31:49;4.200;0.102;154.0;30.5;;;;;;;;;;;;;;;;;;
 ;00:31:50;4.200;0.102;154.1;30.5;;;;;;;;;;;;;;;;;;
 ;00:31:51;4.200;0.102;154.1;30.5;;;;;;;;;;;;;;;;;;
 ;00:31:52;4.200;0.102;154.1;30.5;;;;;;;;;;;;;;;;;;
 ;00:31:53;4.200;0.102;154.2;30.5;;;;;;;;;;;;;;;;;;
 ;00:31:54;4.200;0.102;154.2;30.5;;;;;;;;;;;;;;;;;;
 ;00:31:55;4.200;0.102;154.2;30.5;;;;;;;;;;;;;;;;;;
 ;00:31:56;4.200;0.102;154.2;30.5;;;;;;;;;;;;;;;;;;
 ;00:31:57;4.200;0.102;154.3;30.5;;;;;;;;;;;;;;;;;;
 ;00:31:58;4.200;0.102;154.3;30.5;;;;;;;;;;;;;;;;;;
 ;00:31:59;4.200;0.102;154.3;30.5;;;;;;;;;;;;;;;;;;
 ;00:32:00;4.200;0.102;154.4;30.5;;;;;;;;;;;;;;;;;;
 ;00:32:01;4.200;0.101;154.4;30.5;;;;;;;;;;;;;;;;;;
 ;00:32:02;4.200;0.101;154.4;30.5;;;;;;;;;;;;;;;;;;
 ;00:32:03;4.200;0.101;154.4;30.5;;;;;;;;;;;;;;;;;;
 ;00:32:04;4.200;0.101;154.5;30.5;;;;;;;;;;;;;;;;;;
 ;00:32:05;4.200;0.101;154.5;30.5;;;;;;;;;;;;;;;;;;
 ;00:32:06;4.200;0.101;154.5;30.5;;;;;;;;;;;;;;;;;;
 ;00:32:07;4.200;0.101;154.6;30.5;;;;;;;;;;;;;;;;;;
 ;00:32:08;4.200;0.101;154.6;30.5;;;;;;;;;;;;;;;;;;
 ;00:32:09;4.200;0.101;154.6;30.5;;;;;;;;;;;;;;;;;;
 ;00:32:10;4.200;0.101;154.6;30.5;;;;;;;;;;;;;;;;;;
 ;00:32:11;4.200;0.101;154.7;30.5;;;;;;;;;;;;;;;;;;
 ;00:32:12;4.200;0.101;154.7;30.5;;;;;;;;;;;;;;;;;;
 ;00:32:13;4.200;0.101;154.7;30.5;;;;;;;;;;;;;;;;;;
 ;00:32:14;4.200;0.101;154.7;30.5;;;;;;;;;;;;;;;;;;
 ;00:32:15;4.200;0.101;154.8;30.5;;;;;;;;;;;;;;;;;;
 ;00:32:16;4.200;0.101;154.8;30.5;;;;;;;;;;;;;;;;;;
 ;00:32:17;4.200;0.101;154.8;30.5;;;;;;;;;;;;;;;;;;
 ;00:32:18;4.200;0.101;154.9;30.5;;;;;;;;;;;;;;;;;;
 ;00:32:19;4.200;0.101;154.9;30.5;;;;;;;;;;;;;;;;;;
 ;00:32:20;4.200;0.101;154.9;30.5;;;;;;;;;;;;;;;;;;
 ;00:32:21;4.200;0.101;154.9;30.5;;;;;;;;;;;;;;;;;;
 ;00:32:22;4.200;0.101;155.0;30.5;;;;;;;;;;;;;;;;;;
 ;00:32:23;4.200;0.101;155.0;30.5;;;;;;;;;;;;;;;;;;
 ;00:32:24;4.200;0.101;155.0;30.5;;;;;;;;;;;;;;;;;;
 ;00:32:25;4.200;0.101;155.1;30.5;;;;;;;;;;;;;;;;;;
 ;00:32:26;4.200;0.101;155.1;30.5;;;;;;;;;;;;;;;;;;
 ;00:32:27;4.200;0.101;155.1;30.5;;;;;;;;;;;;;;;;;;
 ;00:32:28;4.200;0.100;155.1;30.5;;;;;;;;;;;;;;;;;;
 ;00:32:29;4.200;0.100;155.2;30.5;;;;;;;;;;;;;;;;;;
 ;00:32:30;4.200;0.100;155.2;30.5;;;;;;;;;;;;;;;;;;
 ;00:32:31;4.200;0.100;155.2;30.5;;;;;;;;;;;;;;;;;;
 ;00:32:32;4.200;0.100;155.3;30.5;;;;;;;;;;;;;;;;;;
 ;00:32:33;4.200;0.100;155.3;30.5;;;;;;;;;;;;;;;;;;
 ;00:32:34;4.200;0.100;155.3;30.5;;;;;;;;;;;;;;;;;;
 ;00:32:35;4.200;0.100;155.3;30.5;;;;;;;;;;;;;;;;;;
 ;00:32:36;4.200;0.100;155.4;30.5;;;;;;;;;;;;;;;;;;
 ;00:32:37;4.200;0.100;155.4;30.5;;;;;;;;;;;;;;;;;;
 ;00:32:38;4.200;0.100;155.4;30.5;;;;;;;;;;;;;;;;;;
 ;00:32:39;4.200;0.100;155.4;30.5;;;;;;;;;;;;;;;;;;
 ;00:32:40;4.200;0.100;155.5;30.5;;;;;;;;;;;;;;;;;;
 ;00:32:41;4.200;0.100;155.5;30.5;;;;;;;;;;;;;;;;;;
 ;00:32:42;4.200;0.100;155.5;30.5;;;;;;;;;;;;;;;;;;
 ;00:32:43;4.200;0.098;155.6;30.5;;;;;;;;;;;;;;;;;;
 ;00:32:44;4.200;0.098;155.6;30.5;;;;;;;;;;;;;;;;;;
 ;00:32:45;4.200;0.098;155.6;30.5;;;;;;;;;;;;;;;;;;
 ;00:32:46;4.200;0.098;155.6;30.5;;;;;;;;;;;;;;;;;;
 ;00:32:47;4.200;0.098;155.7;30.5;;;;;;;;;;;;;;;;;;
 ;00:32:48;4.200;0.098;155.7;30.5;;;;;;;;;;;;;;;;;;
 ;00:32:49;4.200;0.098;155.7;30.5;;;;;;;;;;;;;;;;;;
 ;00:32:50;4.200;0.098;155.7;30.5;;;;;;;;;;;;;;;;;;
 ;00:32:51;4.200;0.098;155.8;30.5;;;;;;;;;;;;;;;;;;
 ;00:32:52;4.200;0.098;155.8;30.5;;;;;;;;;;;;;;;;;;
 ;00:32:53;4.200;0.098;155.8;30.5;;;;;;;;;;;;;;;;;;
 ;00:32:54;4.200;0.098;155.9;30.5;;;;;;;;;;;;;;;;;;
 ;00:32:55;4.200;0.098;155.9;30.5;;;;;;;;;;;;;;;;;;
 ;00:32:56;4.200;0.097;155.9;30.5;;;;;;;;;;;;;;;;;;
 ;00:32:57;4.200;0.097;155.9;30.5;;;;;;;;;;;;;;;;;;
 ;00:32:58;4.200;0.097;156.0;30.5;;;;;;;;;;;;;;;;;;
 ;00:32:59;4.200;0.097;156.0;30.5;;;;;;;;;;;;;;;;;;
 ;00:33:00;4.200;0.097;156.0;30.5;;;;;;;;;;;;;;;;;;
 ;00:33:01;4.200;0.097;156.0;30.4;;;;;;;;;;;;;;;;;;
 ;00:33:02;4.200;0.097;156.1;30.4;;;;;;;;;;;;;;;;;;
 ;00:33:03;4.200;0.097;156.1;30.4;;;;;;;;;;;;;;;;;;
 ;00:33:04;4.200;0.097;156.1;30.4;;;;;;;;;;;;;;;;;;
 ;00:33:05;4.200;0.097;156.2;30.4;;;;;;;;;;;;;;;;;;
 ;00:33:06;4.200;0.097;156.2;30.4;;;;;;;;;;;;;;;;;;
 ;00:33:07;4.200;0.097;156.2;30.4;;;;;;;;;;;;;;;;;;
 ;00:33:08;4.200;0.097;156.2;30.4;;;;;;;;;;;;;;;;;;
 ;00:33:09;4.200;0.097;156.3;30.4;;;;;;;;;;;;;;;;;;
 ;00:33:10;4.200;0.097;156.3;30.4;;;;;;;;;;;;;;;;;;
 ;00:33:11;4.200;0.097;156.3;30.4;;;;;;;;;;;;;;;;;;
 ;00:33:12;4.200;0.097;156.3;30.4;;;;;;;;;;;;;;;;;;
 ;00:33:13;4.200;0.097;156.4;30.4;;;;;;;;;;;;;;;;;;
 ;00:33:14;4.200;0.097;156.4;30.4;;;;;;;;;;;;;;;;;;
 ;00:33:15;4.200;0.097;156.4;30.4;;;;;;;;;;;;;;;;;;
 ;00:33:16;4.200;0.097;156.4;30.4;;;;;;;;;;;;;;;;;;
 ;00:33:17;4.200;0.097;156.5;30.4;;;;;;;;;;;;;;;;;;
 ;00:33:18;4.200;0.097;156.5;30.4;;;;;;;;;;;;;;;;;;
 ;00:33:19;4.200;0.097;156.5;30.4;;;;;;;;;;;;;;;;;;
 ;00:33:20;4.200;0.097;156.6;30.4;;;;;;;;;;;;;;;;;;
 ;00:33:21;4.200;0.097;156.6;30.4;;;;;;;;;;;;;;;;;;
 ;00:33:22;4.200;0.097;156.6;30.4;;;;;;;;;;;;;;;;;;
 ;00:33:23;4.200;0.097;156.6;30.4;;;;;;;;;;;;;;;;;;
 ;00:33:24;4.200;0.096;156.7;30.4;;;;;;;;;;;;;;;;;;
 ;00:33:25;4.200;0.096;156.7;30.4;;;;;;;;;;;;;;;;;;
 ;00:33:26;4.200;0.096;156.7;30.4;;;;;;;;;;;;;;;;;;
 ;00:33:27;4.200;0.096;156.7;30.4;;;;;;;;;;;;;;;;;;
 ;00:33:28;4.200;0.096;156.8;30.4;;;;;;;;;;;;;;;;;;
 ;00:33:29;4.200;0.096;156.8;30.4;;;;;;;;;;;;;;;;;;
 ;00:33:30;4.200;0.096;156.8;30.4;;;;;;;;;;;;;;;;;;
 ;00:33:31;4.200;0.096;156.9;30.4;;;;;;;;;;;;;;;;;;
 ;00:33:32;4.200;0.096;156.9;30.4;;;;;;;;;;;;;;;;;;
 ;00:33:33;4.200;0.096;156.9;30.4;;;;;;;;;;;;;;;;;;
 ;00:33:34;4.200;0.096;156.9;30.4;;;;;;;;;;;;;;;;;;
 ;00:33:35;4.200;0.096;157.0;30.4;;;;;;;;;;;;;;;;;;
 ;00:33:36;4.200;0.096;157.0;30.4;;;;;;;;;;;;;;;;;;
 ;00:33:37;4.200;0.096;157.0;30.4;;;;;;;;;;;;;;;;;;
 ;00:33:38;4.200;0.096;157.0;30.4;;;;;;;;;;;;;;;;;;
 ;00:33:39;4.200;0.095;157.1;30.4;;;;;;;;;;;;;;;;;;
 ;00:33:40;4.200;0.095;157.1;30.4;;;;;;;;;;;;;;;;;;
 ;00:33:41;4.200;0.095;157.1;30.4;;;;;;;;;;;;;;;;;;
 ;00:33:42;4.200;0.095;157.1;30.4;;;;;;;;;;;;;;;;;;
 ;00:33:43;4.200;0.095;157.2;30.4;;;;;;;;;;;;;;;;;;
 ;00:33:44;4.200;0.095;157.2;30.4;;;;;;;;;;;;;;;;;;
 ;00:33:45;4.200;0.095;157.2;30.4;;;;;;;;;;;;;;;;;;
 ;00:33:46;4.200;0.095;157.2;30.4;;;;;;;;;;;;;;;;;;
 ;00:33:47;4.200;0.095;157.3;30.4;;;;;;;;;;;;;;;;;;
 ;00:33:48;4.200;0.095;157.3;30.4;;;;;;;;;;;;;;;;;;
 ;00:33:49;4.200;0.095;157.3;30.4;;;;;;;;;;;;;;;;;;
 ;00:33:50;4.200;0.095;157.4;30.4;;;;;;;;;;;;;;;;;;
 ;00:33:51;4.200;0.095;157.4;30.4;;;;;;;;;;;;;;;;;;
 ;00:33:52;4.200;0.095;157.4;30.4;;;;;;;;;;;;;;;;;;
 ;00:33:53;4.200;0.094;157.4;30.4;;;;;;;;;;;;;;;;;;
 ;00:33:54;4.200;0.094;157.5;30.4;;;;;;;;;;;;;;;;;;
 ;00:33:55;4.200;0.094;157.5;30.4;;;;;;;;;;;;;;;;;;
 ;00:33:56;4.200;0.094;157.5;30.4;;;;;;;;;;;;;;;;;;
 ;00:33:57;4.200;0.094;157.5;30.4;;;;;;;;;;;;;;;;;;
 ;00:33:58;4.200;0.094;157.6;30.4;;;;;;;;;;;;;;;;;;
 ;00:33:59;4.200;0.094;157.6;30.4;;;;;;;;;;;;;;;;;;
 ;00:34:00;4.200;0.094;157.6;30.4;;;;;;;;;;;;;;;;;;
 ;00:34:01;4.200;0.094;157.6;30.4;;;;;;;;;;;;;;;;;;
 ;00:34:02;4.200;0.094;157.7;30.4;;;;;;;;;;;;;;;;;;
 ;00:34:03;4.200;0.094;157.7;30.4;;;;;;;;;;;;;;;;;;
 ;00:34:04;4.200;0.094;157.7;30.4;;;;;;;;;;;;;;;;;;
 ;00:34:05;4.200;0.095;157.8;30.4;;;;;;;;;;;;;;;;;;
 ;00:34:06;4.200;0.094;157.8;30.4;;;;;;;;;;;;;;;;;;
 ;00:34:07;4.200;0.094;157.8;30.4;;;;;;;;;;;;;;;;;;
 ;00:34:08;4.200;0.094;157.8;30.4;;;;;;;;;;;;;;;;;;
 ;00:34:09;4.200;0.094;157.9;30.4;;;;;;;;;;;;;;;;;;
 ;00:34:10;4.200;0.093;157.9;30.4;;;;;;;;;;;;;;;;;;
 ;00:34:11;4.200;0.093;157.9;30.4;;;;;;;;;;;;;;;;;;
 ;00:34:12;4.200;0.093;157.9;30.4;;;;;;;;;;;;;;;;;;
 ;00:34:13;4.200;0.093;158.0;30.4;;;;;;;;;;;;;;;;;;
 ;00:34:14;4.200;0.093;158.0;30.4;;;;;;;;;;;;;;;;;;
 ;00:34:15;4.200;0.093;158.0;30.4;;;;;;;;;;;;;;;;;;
 ;00:34:16;4.200;0.093;158.0;30.4;;;;;;;;;;;;;;;;;;
 ;00:34:17;4.200;0.093;158.1;30.4;;;;;;;;;;;;;;;;;;
 ;00:34:18;4.200;0.093;158.1;30.4;;;;;;;;;;;;;;;;;;
 ;00:34:19;4.200;0.093;158.1;30.4;;;;;;;;;;;;;;;;;;
 ;00:34:20;4.200;0.093;158.1;30.4;;;;;;;;;;;;;;;;;;
 ;00:34:21;4.200;0.093;158.2;30.4;;;;;;;;;;;;;;;;;;
 ;00:34:22;4.200;0.093;158.2;30.4;;;;;;;;;;;;;;;;;;
 ;00:34:23;4.200;0.093;158.2;30.4;;;;;;;;;;;;;;;;;;
 ;00:34:24;4.200;0.092;158.2;30.4;;;;;;;;;;;;;;;;;;
 ;00:34:25;4.200;0.092;158.3;30.4;;;;;;;;;;;;;;;;;;
 ;00:34:26;4.200;0.092;158.3;30.4;;;;;;;;;;;;;;;;;;
 ;00:34:27;4.200;0.092;158.3;30.4;;;;;;;;;;;;;;;;;;
 ;00:34:28;4.200;0.092;158.3;30.4;;;;;;;;;;;;;;;;;;
 ;00:34:29;4.200;0.092;158.4;30.4;;;;;;;;;;;;;;;;;;
 ;00:34:30;4.200;0.092;158.4;30.4;;;;;;;;;;;;;;;;;;
 ;00:34:31;4.200;0.092;158.4;30.4;;;;;;;;;;;;;;;;;;
 ;00:34:32;4.200;0.092;158.4;30.4;;;;;;;;;;;;;;;;;;
 ;00:34:33;4.200;0.092;158.5;30.4;;;;;;;;;;;;;;;;;;
 ;00:34:34;4.200;0.092;158.5;30.4;;;;;;;;;;;;;;;;;;
 ;00:34:35;4.200;0.092;158.5;30.4;;;;;;;;;;;;;;;;;;
 ;00:34:36;4.200;0.092;158.5;30.4;;;;;;;;;;;;;;;;;;
 ;00:34:37;4.200;0.092;158.6;30.4;;;;;;;;;;;;;;;;;;
 ;00:34:38;4.200;0.092;158.6;30.4;;;;;;;;;;;;;;;;;;
 ;00:34:39;4.200;0.092;158.6;30.4;;;;;;;;;;;;;;;;;;
 ;00:34:40;4.200;0.091;158.7;30.4;;;;;;;;;;;;;;;;;;
 ;00:34:41;4.200;0.091;158.7;30.4;;;;;;;;;;;;;;;;;;
 ;00:34:42;4.200;0.091;158.7;30.4;;;;;;;;;;;;;;;;;;
 ;00:34:43;4.200;0.091;158.7;30.4;;;;;;;;;;;;;;;;;;
 ;00:34:44;4.200;0.091;158.8;30.4;;;;;;;;;;;;;;;;;;
 ;00:34:45;4.200;0.091;158.8;30.4;;;;;;;;;;;;;;;;;;
 ;00:34:46;4.200;0.091;158.8;30.4;;;;;;;;;;;;;;;;;;
 ;00:34:47;4.200;0.091;158.8;30.4;;;;;;;;;;;;;;;;;;
 ;00:34:48;4.200;0.091;158.9;30.4;;;;;;;;;;;;;;;;;;
 ;00:34:49;4.200;0.091;158.9;30.4;;;;;;;;;;;;;;;;;;
 ;00:34:50;4.200;0.091;158.9;30.4;;;;;;;;;;;;;;;;;;
 ;00:34:51;4.200;0.091;158.9;30.4;;;;;;;;;;;;;;;;;;
 ;00:34:52;4.200;0.091;159.0;30.4;;;;;;;;;;;;;;;;;;
 ;00:34:53;4.200;0.091;159.0;30.4;;;;;;;;;;;;;;;;;;
 ;00:34:54;4.200;0.091;159.0;30.4;;;;;;;;;;;;;;;;;;
 ;00:34:55;4.200;0.091;159.0;30.4;;;;;;;;;;;;;;;;;;
 ;00:34:56;4.200;0.091;159.1;30.4;;;;;;;;;;;;;;;;;;
 ;00:34:57;4.200;0.091;159.1;30.4;;;;;;;;;;;;;;;;;;
 ;00:34:58;4.200;0.091;159.1;30.4;;;;;;;;;;;;;;;;;;
 ;00:34:59;4.200;0.091;159.1;30.4;;;;;;;;;;;;;;;;;;
 ;00:35:00;4.200;0.091;159.2;30.4;;;;;;;;;;;;;;;;;;
 ;00:35:01;4.200;0.091;159.2;30.4;;;;;;;;;;;;;;;;;;
 ;00:35:02;4.200;0.091;159.2;30.4;;;;;;;;;;;;;;;;;;
 ;00:35:03;4.200;0.091;159.2;30.4;;;;;;;;;;;;;;;;;;
 ;00:35:04;4.200;0.091;159.3;30.4;;;;;;;;;;;;;;;;;;
 ;00:35:05;4.200;0.091;159.3;30.4;;;;;;;;;;;;;;;;;;
 ;00:35:06;4.200;0.091;159.3;30.4;;;;;;;;;;;;;;;;;;
 ;00:35:07;4.200;0.091;159.3;30.4;;;;;;;;;;;;;;;;;;
 ;00:35:08;4.200;0.091;159.4;30.4;;;;;;;;;;;;;;;;;;
 ;00:35:09;4.200;0.091;159.4;30.4;;;;;;;;;;;;;;;;;;
 ;00:35:10;4.200;0.091;159.4;30.4;;;;;;;;;;;;;;;;;;
 ;00:35:11;4.200;0.090;159.4;30.4;;;;;;;;;;;;;;;;;;
 ;00:35:12;4.200;0.090;159.5;30.4;;;;;;;;;;;;;;;;;;
 ;00:35:13;4.200;0.090;159.5;30.4;;;;;;;;;;;;;;;;;;
 ;00:35:14;4.200;0.090;159.5;30.3;;;;;;;;;;;;;;;;;;
 ;00:35:15;4.200;0.090;159.5;30.4;;;;;;;;;;;;;;;;;;
 ;00:35:16;4.200;0.090;159.6;30.3;;;;;;;;;;;;;;;;;;
 ;00:35:17;4.200;0.090;159.6;30.4;;;;;;;;;;;;;;;;;;
 ;00:35:18;4.200;0.090;159.6;30.3;;;;;;;;;;;;;;;;;;
 ;00:35:19;4.200;0.090;159.6;30.3;;;;;;;;;;;;;;;;;;
 ;00:35:20;4.200;0.090;159.7;30.3;;;;;;;;;;;;;;;;;;
 ;00:35:21;4.200;0.090;159.7;30.3;;;;;;;;;;;;;;;;;;
 ;00:35:22;4.200;0.090;159.7;30.3;;;;;;;;;;;;;;;;;;
 ;00:35:23;4.200;0.090;159.7;30.3;;;;;;;;;;;;;;;;;;
 ;00:35:24;4.200;0.090;159.8;30.3;;;;;;;;;;;;;;;;;;
 ;00:35:25;4.200;0.090;159.8;30.3;;;;;;;;;;;;;;;;;;
 ;00:35:26;4.200;0.090;159.8;30.3;;;;;;;;;;;;;;;;;;
 ;00:35:27;4.200;0.089;159.8;30.3;;;;;;;;;;;;;;;;;;
 ;00:35:28;4.200;0.089;159.9;30.3;;;;;;;;;;;;;;;;;;
 ;00:35:29;4.200;0.089;159.9;30.3;;;;;;;;;;;;;;;;;;
 ;00:35:30;4.200;0.089;159.9;30.3;;;;;;;;;;;;;;;;;;
 ;00:35:31;4.200;0.089;159.9;30.3;;;;;;;;;;;;;;;;;;
 ;00:35:32;4.200;0.089;160.0;30.3;;;;;;;;;;;;;;;;;;
 ;00:35:33;4.200;0.089;160.0;30.3;;;;;;;;;;;;;;;;;;
 ;00:35:34;4.200;0.089;160.0;30.3;;;;;;;;;;;;;;;;;;
 ;00:35:35;4.200;0.089;160.0;30.3;;;;;;;;;;;;;;;;;;
 ;00:35:36;4.200;0.089;160.1;30.3;;;;;;;;;;;;;;;;;;
 ;00:35:37;4.200;0.089;160.1;30.3;;;;;;;;;;;;;;;;;;
 ;00:35:38;4.200;0.089;160.1;30.3;;;;;;;;;;;;;;;;;;
 ;00:35:39;4.200;0.089;160.1;30.3;;;;;;;;;;;;;;;;;;
 ;00:35:40;4.200;0.089;160.2;30.3;;;;;;;;;;;;;;;;;;
 ;00:35:41;4.200;0.089;160.2;30.3;;;;;;;;;;;;;;;;;;
 ;00:35:42;4.200;0.089;160.2;30.3;;;;;;;;;;;;;;;;;;
 ;00:35:43;4.200;0.089;160.2;30.3;;;;;;;;;;;;;;;;;;
 ;00:35:44;4.200;0.089;160.3;30.3;;;;;;;;;;;;;;;;;;
 ;00:35:45;4.200;0.089;160.3;30.3;;;;;;;;;;;;;;;;;;
 ;00:35:46;4.200;0.089;160.3;30.3;;;;;;;;;;;;;;;;;;
 ;00:35:47;4.200;0.089;160.3;30.3;;;;;;;;;;;;;;;;;;
 ;00:35:48;4.200;0.089;160.4;30.3;;;;;;;;;;;;;;;;;;
 ;00:35:49;4.200;0.089;160.4;30.3;;;;;;;;;;;;;;;;;;
 ;00:35:50;4.200;0.089;160.4;30.3;;;;;;;;;;;;;;;;;;
 ;00:35:51;4.200;0.089;160.4;30.3;;;;;;;;;;;;;;;;;;
 ;00:35:52;4.200;0.089;160.5;30.3;;;;;;;;;;;;;;;;;;
 ;00:35:53;4.200;0.089;160.5;30.3;;;;;;;;;;;;;;;;;;
 ;00:35:54;4.200;0.089;160.5;30.3;;;;;;;;;;;;;;;;;;
 ;00:35:55;4.200;0.089;160.5;30.3;;;;;;;;;;;;;;;;;;
 ;00:35:56;4.200;0.089;160.6;30.3;;;;;;;;;;;;;;;;;;
 ;00:35:57;4.200;0.089;160.6;30.3;;;;;;;;;;;;;;;;;;
 ;00:35:58;4.200;0.089;160.6;30.3;;;;;;;;;;;;;;;;;;
 ;00:35:59;4.200;0.088;160.6;30.3;;;;;;;;;;;;;;;;;;
 ;00:36:00;4.200;0.087;160.7;30.3;;;;;;;;;;;;;;;;;;
 ;00:36:01;4.200;0.087;160.7;30.3;;;;;;;;;;;;;;;;;;
 ;00:36:02;4.200;0.087;160.7;30.3;;;;;;;;;;;;;;;;;;
 ;00:36:03;4.200;0.087;160.7;30.3;;;;;;;;;;;;;;;;;;
 ;00:36:04;4.200;0.087;160.7;30.3;;;;;;;;;;;;;;;;;;
 ;00:36:05;4.200;0.087;160.8;30.3;;;;;;;;;;;;;;;;;;
 ;00:36:06;4.200;0.087;160.8;30.3;;;;;;;;;;;;;;;;;;
 ;00:36:07;4.200;0.087;160.8;30.3;;;;;;;;;;;;;;;;;;
 ;00:36:08;4.200;0.087;160.8;30.3;;;;;;;;;;;;;;;;;;
 ;00:36:09;4.200;0.087;160.9;30.3;;;;;;;;;;;;;;;;;;
 ;00:36:10;4.200;0.087;160.9;30.3;;;;;;;;;;;;;;;;;;
 ;00:36:11;4.200;0.087;160.9;30.3;;;;;;;;;;;;;;;;;;
 ;00:36:12;4.200;0.087;160.9;30.3;;;;;;;;;;;;;;;;;;
 ;00:36:13;4.200;0.087;161.0;30.3;;;;;;;;;;;;;;;;;;
 ;00:36:14;4.200;0.086;161.0;30.3;;;;;;;;;;;;;;;;;;
 ;00:36:15;4.200;0.086;161.0;30.3;;;;;;;;;;;;;;;;;;
 ;00:36:16;4.200;0.086;161.0;30.3;;;;;;;;;;;;;;;;;;
 ;00:36:17;4.200;0.086;161.1;30.3;;;;;;;;;;;;;;;;;;
 ;00:36:18;4.200;0.086;161.1;30.3;;;;;;;;;;;;;;;;;;
 ;00:36:19;4.200;0.086;161.1;30.3;;;;;;;;;;;;;;;;;;
 ;00:36:20;4.200;0.086;161.1;30.3;;;;;;;;;;;;;;;;;;
 ;00:36:21;4.200;0.086;161.2;30.3;;;;;;;;;;;;;;;;;;
 ;00:36:22;4.200;0.086;161.2;30.3;;;;;;;;;;;;;;;;;;
 ;00:36:23;4.200;0.086;161.2;30.3;;;;;;;;;;;;;;;;;;
 ;00:36:24;4.200;0.086;161.2;30.3;;;;;;;;;;;;;;;;;;
 ;00:36:25;4.200;0.086;161.3;30.3;;;;;;;;;;;;;;;;;;
 ;00:36:26;4.200;0.086;161.3;30.3;;;;;;;;;;;;;;;;;;
 ;00:36:27;4.200;0.086;161.3;30.3;;;;;;;;;;;;;;;;;;
 ;00:36:28;4.200;0.086;161.3;30.3;;;;;;;;;;;;;;;;;;
 ;00:36:29;4.200;0.086;161.3;30.3;;;;;;;;;;;;;;;;;;
 ;00:36:30;4.200;0.086;161.4;30.3;;;;;;;;;;;;;;;;;;
 ;00:36:31;4.200;0.086;161.4;30.3;;;;;;;;;;;;;;;;;;
 ;00:36:32;4.200;0.086;161.4;30.3;;;;;;;;;;;;;;;;;;
 ;00:36:33;4.200;0.086;161.4;30.3;;;;;;;;;;;;;;;;;;
 ;00:36:34;4.200;0.086;161.5;30.3;;;;;;;;;;;;;;;;;;
 ;00:36:35;4.200;0.086;161.5;30.3;;;;;;;;;;;;;;;;;;
 ;00:36:36;4.200;0.086;161.5;30.3;;;;;;;;;;;;;;;;;;
 ;00:36:37;4.200;0.086;161.5;30.3;;;;;;;;;;;;;;;;;;
 ;00:36:38;4.200;0.086;161.6;30.3;;;;;;;;;;;;;;;;;;
 ;00:36:39;4.200;0.086;161.6;30.3;;;;;;;;;;;;;;;;;;
 ;00:36:40;4.200;0.086;161.6;30.3;;;;;;;;;;;;;;;;;;
 ;00:36:41;4.200;0.086;161.6;30.3;;;;;;;;;;;;;;;;;;
 ;00:36:42;4.200;0.086;161.7;30.3;;;;;;;;;;;;;;;;;;
 ;00:36:43;4.200;0.086;161.7;30.3;;;;;;;;;;;;;;;;;;
 ;00:36:44;4.200;0.086;161.7;30.3;;;;;;;;;;;;;;;;;;
 ;00:36:45;4.200;0.086;161.7;30.3;;;;;;;;;;;;;;;;;;
 ;00:36:46;4.200;0.085;161.8;30.3;;;;;;;;;;;;;;;;;;
 ;00:36:47;4.200;0.085;161.8;30.3;;;;;;;;;;;;;;;;;;
 ;00:36:48;4.200;0.085;161.8;30.3;;;;;;;;;;;;;;;;;;
 ;00:36:49;4.200;0.085;161.8;30.3;;;;;;;;;;;;;;;;;;
 ;00:36:50;4.200;0.085;161.8;30.3;;;;;;;;;;;;;;;;;;
 ;00:36:51;4.200;0.085;161.9;30.3;;;;;;;;;;;;;;;;;;
 ;00:36:52;4.200;0.085;161.9;30.3;;;;;;;;;;;;;;;;;;
 ;00:36:53;4.200;0.085;161.9;30.3;;;;;;;;;;;;;;;;;;
 ;00:36:54;4.200;0.085;161.9;30.3;;;;;;;;;;;;;;;;;;
 ;00:36:55;4.200;0.085;162.0;30.3;;;;;;;;;;;;;;;;;;
 ;00:36:56;4.200;0.085;162.0;30.3;;;;;;;;;;;;;;;;;;
 ;00:36:57;4.200;0.085;162.0;30.3;;;;;;;;;;;;;;;;;;
 ;00:36:58;4.200;0.085;162.0;30.3;;;;;;;;;;;;;;;;;;
 ;00:36:59;4.200;0.085;162.1;30.3;;;;;;;;;;;;;;;;;;
 ;00:37:00;4.200;0.085;162.1;30.3;;;;;;;;;;;;;;;;;;
 ;00:37:01;4.200;0.085;162.1;30.3;;;;;;;;;;;;;;;;;;
 ;00:37:02;4.200;0.085;162.1;30.3;;;;;;;;;;;;;;;;;;
 ;00:37:03;4.200;0.085;162.2;30.3;;;;;;;;;;;;;;;;;;
 ;00:37:04;4.200;0.085;162.2;30.3;;;;;;;;;;;;;;;;;;
 ;00:37:05;4.200;0.084;162.2;30.3;;;;;;;;;;;;;;;;;;
 ;00:37:06;4.200;0.084;162.2;30.3;;;;;;;;;;;;;;;;;;
 ;00:37:07;4.200;0.084;162.2;30.3;;;;;;;;;;;;;;;;;;
 ;00:37:08;4.200;0.084;162.3;30.3;;;;;;;;;;;;;;;;;;
 ;00:37:09;4.200;0.084;162.3;30.3;;;;;;;;;;;;;;;;;;
 ;00:37:10;4.200;0.084;162.3;30.3;;;;;;;;;;;;;;;;;;
 ;00:37:11;4.200;0.084;162.3;30.3;;;;;;;;;;;;;;;;;;
 ;00:37:12;4.200;0.084;162.4;30.3;;;;;;;;;;;;;;;;;;
 ;00:37:13;4.200;0.084;162.4;30.3;;;;;;;;;;;;;;;;;;
 ;00:37:14;4.200;0.084;162.4;30.3;;;;;;;;;;;;;;;;;;
 ;00:37:15;4.200;0.084;162.4;30.3;;;;;;;;;;;;;;;;;;
 ;00:37:16;4.200;0.084;162.5;30.3;;;;;;;;;;;;;;;;;;
 ;00:37:17;4.200;0.084;162.5;30.3;;;;;;;;;;;;;;;;;;
 ;00:37:18;4.200;0.084;162.5;30.3;;;;;;;;;;;;;;;;;;
 ;00:37:19;4.200;0.084;162.5;30.3;;;;;;;;;;;;;;;;;;
 ;00:37:20;4.200;0.084;162.6;30.3;;;;;;;;;;;;;;;;;;
 ;00:37:21;4.200;0.084;162.6;30.3;;;;;;;;;;;;;;;;;;
 ;00:37:22;4.200;0.084;162.6;30.3;;;;;;;;;;;;;;;;;;
 ;00:37:23;4.200;0.084;162.6;30.3;;;;;;;;;;;;;;;;;;
 ;00:37:24;4.200;0.084;162.6;30.3;;;;;;;;;;;;;;;;;;
 ;00:37:25;4.200;0.083;162.7;30.3;;;;;;;;;;;;;;;;;;
 ;00:37:26;4.200;0.083;162.7;30.3;;;;;;;;;;;;;;;;;;
 ;00:37:27;4.200;0.083;162.7;30.3;;;;;;;;;;;;;;;;;;
 ;00:37:28;4.200;0.084;162.7;30.3;;;;;;;;;;;;;;;;;;
 ;00:37:29;4.200;0.084;162.8;30.3;;;;;;;;;;;;;;;;;;
 ;00:37:30;4.200;0.083;162.8;30.3;;;;;;;;;;;;;;;;;;
 ;00:37:31;4.200;0.083;162.8;30.3;;;;;;;;;;;;;;;;;;
 ;00:37:32;4.200;0.084;162.8;30.3;;;;;;;;;;;;;;;;;;
 ;00:37:33;4.200;0.084;162.9;30.3;;;;;;;;;;;;;;;;;;
 ;00:37:34;4.200;0.083;162.9;30.3;;;;;;;;;;;;;;;;;;
 ;00:37:35;4.200;0.083;162.9;30.3;;;;;;;;;;;;;;;;;;
 ;00:37:36;4.200;0.083;162.9;30.3;;;;;;;;;;;;;;;;;;
 ;00:37:37;4.200;0.083;162.9;30.3;;;;;;;;;;;;;;;;;;
 ;00:37:38;4.200;0.083;163.0;30.3;;;;;;;;;;;;;;;;;;
 ;00:37:39;4.200;0.083;163.0;30.3;;;;;;;;;;;;;;;;;;
 ;00:37:40;4.200;0.082;163.0;30.3;;;;;;;;;;;;;;;;;;
 ;00:37:41;4.200;0.082;163.0;30.3;;;;;;;;;;;;;;;;;;
 ;00:37:42;4.200;0.082;163.1;30.3;;;;;;;;;;;;;;;;;;
 ;00:37:43;4.200;0.082;163.1;30.3;;;;;;;;;;;;;;;;;;
 ;00:37:44;4.200;0.082;163.1;30.3;;;;;;;;;;;;;;;;;;
 ;00:37:45;4.200;0.082;163.1;30.3;;;;;;;;;;;;;;;;;;
 ;00:37:46;4.200;0.082;163.2;30.3;;;;;;;;;;;;;;;;;;
 ;00:37:47;4.200;0.082;163.2;30.3;;;;;;;;;;;;;;;;;;
 ;00:37:48;4.200;0.082;163.2;30.3;;;;;;;;;;;;;;;;;;
 ;00:37:49;4.200;0.082;163.2;30.3;;;;;;;;;;;;;;;;;;
 ;00:37:50;4.200;0.082;163.2;30.3;;;;;;;;;;;;;;;;;;
 ;00:37:51;4.200;0.082;163.3;30.2;;;;;;;;;;;;;;;;;;
 ;00:37:52;4.200;0.082;163.3;30.3;;;;;;;;;;;;;;;;;;
 ;00:37:53;4.200;0.082;163.3;30.3;;;;;;;;;;;;;;;;;;
 ;00:37:54;4.200;0.082;163.3;30.2;;;;;;;;;;;;;;;;;;
 ;00:37:55;4.200;0.082;163.4;30.2;;;;;;;;;;;;;;;;;;
 ;00:37:56;4.200;0.082;163.4;30.2;;;;;;;;;;;;;;;;;;
 ;00:37:57;4.200;0.081;163.4;30.2;;;;;;;;;;;;;;;;;;
 ;00:37:58;4.200;0.081;163.4;30.2;;;;;;;;;;;;;;;;;;
 ;00:37:59;4.200;0.081;163.4;30.2;;;;;;;;;;;;;;;;;;
 ;00:38:00;4.200;0.081;163.5;30.2;;;;;;;;;;;;;;;;;;
 ;00:38:01;4.200;0.081;163.5;30.2;;;;;;;;;;;;;;;;;;
 ;00:38:02;4.200;0.081;163.5;30.2;;;;;;;;;;;;;;;;;;
 ;00:38:03;4.200;0.081;163.5;30.2;;;;;;;;;;;;;;;;;;
 ;00:38:04;4.200;0.081;163.6;30.2;;;;;;;;;;;;;;;;;;
 ;00:38:05;4.200;0.081;163.6;30.2;;;;;;;;;;;;;;;;;;
 ;00:38:06;4.200;0.081;163.6;30.2;;;;;;;;;;;;;;;;;;
 ;00:38:07;4.200;0.081;163.6;30.2;;;;;;;;;;;;;;;;;;
 ;00:38:08;4.200;0.081;163.7;30.2;;;;;;;;;;;;;;;;;;
 ;00:38:09;4.200;0.081;163.7;30.2;;;;;;;;;;;;;;;;;;
 ;00:38:10;4.200;0.081;163.7;30.2;;;;;;;;;;;;;;;;;;
 ;00:38:11;4.200;0.081;163.7;30.2;;;;;;;;;;;;;;;;;;
 ;00:38:12;4.200;0.081;163.7;30.2;;;;;;;;;;;;;;;;;;
 ;00:38:13;4.200;0.081;163.8;30.2;;;;;;;;;;;;;;;;;;
 ;00:38:14;4.200;0.081;163.8;30.2;;;;;;;;;;;;;;;;;;
 ;00:38:15;4.200;0.081;163.8;30.2;;;;;;;;;;;;;;;;;;
 ;00:38:16;4.200;0.081;163.8;30.2;;;;;;;;;;;;;;;;;;
 ;00:38:17;4.200;0.081;163.9;30.2;;;;;;;;;;;;;;;;;;
 ;00:38:18;4.200;0.081;163.9;30.2;;;;;;;;;;;;;;;;;;
 ;00:38:19;4.200;0.081;163.9;30.2;;;;;;;;;;;;;;;;;;
 ;00:38:20;4.200;0.081;163.9;30.2;;;;;;;;;;;;;;;;;;
 ;00:38:21;4.200;0.081;163.9;30.2;;;;;;;;;;;;;;;;;;
 ;00:38:22;4.200;0.081;164.0;30.2;;;;;;;;;;;;;;;;;;
 ;00:38:23;4.200;0.081;164.0;30.2;;;;;;;;;;;;;;;;;;
 ;00:38:24;4.200;0.081;164.0;30.2;;;;;;;;;;;;;;;;;;
 ;00:38:25;4.200;0.080;164.0;30.2;;;;;;;;;;;;;;;;;;
 ;00:38:26;4.200;0.080;164.1;30.2;;;;;;;;;;;;;;;;;;
 ;00:38:27;4.200;0.081;164.1;30.2;;;;;;;;;;;;;;;;;;
 ;00:38:28;4.200;0.081;164.1;30.2;;;;;;;;;;;;;;;;;;
 ;00:38:29;4.200;0.081;164.1;30.2;;;;;;;;;;;;;;;;;;
 ;00:38:30;4.200;0.081;164.1;30.2;;;;;;;;;;;;;;;;;;
 ;00:38:31;4.200;0.081;164.2;30.2;;;;;;;;;;;;;;;;;;
 ;00:38:32;4.200;0.080;164.2;30.2;;;;;;;;;;;;;;;;;;
 ;00:38:33;4.200;0.080;164.2;30.2;;;;;;;;;;;;;;;;;;
 ;00:38:34;4.200;0.080;164.2;30.2;;;;;;;;;;;;;;;;;;
 ;00:38:35;4.200;0.080;164.3;30.2;;;;;;;;;;;;;;;;;;
 ;00:38:36;4.200;0.080;164.3;30.2;;;;;;;;;;;;;;;;;;
 ;00:38:37;4.200;0.080;164.3;30.2;;;;;;;;;;;;;;;;;;
 ;00:38:38;4.200;0.080;164.3;30.2;;;;;;;;;;;;;;;;;;
 ;00:38:39;4.200;0.080;164.3;30.2;;;;;;;;;;;;;;;;;;
 ;00:38:40;4.200;0.080;164.4;30.2;;;;;;;;;;;;;;;;;;
 ;00:38:41;4.200;0.080;164.4;30.2;;;;;;;;;;;;;;;;;;
 ;00:38:42;4.200;0.080;164.4;30.2;;;;;;;;;;;;;;;;;;
 ;00:38:43;4.200;0.080;164.4;30.2;;;;;;;;;;;;;;;;;;
 ;00:38:44;4.200;0.080;164.5;30.2;;;;;;;;;;;;;;;;;;
 ;00:38:45;4.200;0.080;164.5;30.2;;;;;;;;;;;;;;;;;;
 ;00:38:46;4.200;0.080;164.5;30.2;;;;;;;;;;;;;;;;;;
 ;00:38:47;4.200;0.080;164.5;30.2;;;;;;;;;;;;;;;;;;
 ;00:38:48;4.200;0.080;164.5;30.2;;;;;;;;;;;;;;;;;;
 ;00:38:49;4.200;0.080;164.6;30.2;;;;;;;;;;;;;;;;;;
 ;00:38:50;4.200;0.080;164.6;30.2;;;;;;;;;;;;;;;;;;
 ;00:38:51;4.200;0.080;164.6;30.2;;;;;;;;;;;;;;;;;;
 ;00:38:52;4.200;0.079;164.6;30.2;;;;;;;;;;;;;;;;;;
 ;00:38:53;4.200;0.079;164.7;30.2;;;;;;;;;;;;;;;;;;
 ;00:38:54;4.200;0.079;164.7;30.2;;;;;;;;;;;;;;;;;;
 ;00:38:55;4.200;0.079;164.7;30.2;;;;;;;;;;;;;;;;;;
 ;00:38:56;4.200;0.079;164.7;30.2;;;;;;;;;;;;;;;;;;
 ;00:38:57;4.200;0.079;164.7;30.2;;;;;;;;;;;;;;;;;;
 ;00:38:58;4.200;0.079;164.8;30.2;;;;;;;;;;;;;;;;;;
 ;00:38:59;4.200;0.079;164.8;30.2;;;;;;;;;;;;;;;;;;
 ;00:39:00;4.200;0.079;164.8;30.2;;;;;;;;;;;;;;;;;;
 ;00:39:01;4.200;0.079;164.8;30.2;;;;;;;;;;;;;;;;;;
 ;00:39:02;4.200;0.079;164.9;30.2;;;;;;;;;;;;;;;;;;
 ;00:39:03;4.200;0.079;164.9;30.2;;;;;;;;;;;;;;;;;;
 ;00:39:04;4.200;0.079;164.9;30.2;;;;;;;;;;;;;;;;;;
 ;00:39:05;4.200;0.079;164.9;30.2;;;;;;;;;;;;;;;;;;
 ;00:39:06;4.200;0.079;164.9;30.2;;;;;;;;;;;;;;;;;;
 ;00:39:07;4.200;0.079;165.0;30.2;;;;;;;;;;;;;;;;;;
 ;00:39:08;4.200;0.079;165.0;30.2;;;;;;;;;;;;;;;;;;
 ;00:39:09;4.200;0.079;165.0;30.2;;;;;;;;;;;;;;;;;;
 ;00:39:10;4.200;0.079;165.0;30.2;;;;;;;;;;;;;;;;;;
 ;00:39:11;4.200;0.079;165.1;30.2;;;;;;;;;;;;;;;;;;
 ;00:39:12;4.200;0.079;165.1;30.2;;;;;;;;;;;;;;;;;;
 ;00:39:13;4.200;0.079;165.1;30.2;;;;;;;;;;;;;;;;;;
 ;00:39:14;4.200;0.079;165.1;30.2;;;;;;;;;;;;;;;;;;
 ;00:39:15;4.200;0.079;165.1;30.2;;;;;;;;;;;;;;;;;;
 ;00:39:16;4.200;0.079;165.2;30.2;;;;;;;;;;;;;;;;;;
 ;00:39:17;4.200;0.079;165.2;30.2;;;;;;;;;;;;;;;;;;
 ;00:39:18;4.200;0.079;165.2;30.2;;;;;;;;;;;;;;;;;;
 ;00:39:19;4.200;0.079;165.2;30.2;;;;;;;;;;;;;;;;;;
 ;00:39:20;4.200;0.079;165.3;30.2;;;;;;;;;;;;;;;;;;
 ;00:39:21;4.200;0.079;165.3;30.2;;;;;;;;;;;;;;;;;;
 ;00:39:22;4.200;0.079;165.3;30.2;;;;;;;;;;;;;;;;;;
 ;00:39:23;4.200;0.079;165.3;30.2;;;;;;;;;;;;;;;;;;
 ;00:39:24;4.200;0.079;165.3;30.2;;;;;;;;;;;;;;;;;;
 ;00:39:25;4.200;0.079;165.4;30.2;;;;;;;;;;;;;;;;;;
 ;00:39:26;4.200;0.079;165.4;30.2;;;;;;;;;;;;;;;;;;
 ;00:39:27;4.200;0.078;165.4;30.2;;;;;;;;;;;;;;;;;;
 ;00:39:28;4.200;0.077;165.4;30.2;;;;;;;;;;;;;;;;;;
 ;00:39:29;4.200;0.077;165.4;30.2;;;;;;;;;;;;;;;;;;
 ;00:39:30;4.200;0.077;165.5;30.2;;;;;;;;;;;;;;;;;;
 ;00:39:31;4.200;0.077;165.5;30.2;;;;;;;;;;;;;;;;;;
 ;00:39:32;4.200;0.077;165.5;30.2;;;;;;;;;;;;;;;;;;
 ;00:39:33;4.200;0.077;165.5;30.2;;;;;;;;;;;;;;;;;;
 ;00:39:34;4.200;0.077;165.6;30.2;;;;;;;;;;;;;;;;;;
 ;00:39:35;4.200;0.077;165.6;30.2;;;;;;;;;;;;;;;;;;
 ;00:39:36;4.200;0.077;165.6;30.2;;;;;;;;;;;;;;;;;;
 ;00:39:37;4.200;0.077;165.6;30.2;;;;;;;;;;;;;;;;;;
 ;00:39:38;4.200;0.077;165.6;30.2;;;;;;;;;;;;;;;;;;
 ;00:39:39;4.200;0.077;165.7;30.2;;;;;;;;;;;;;;;;;;
 ;00:39:40;4.200;0.077;165.7;30.2;;;;;;;;;;;;;;;;;;
 ;00:39:41;4.200;0.077;165.7;30.2;;;;;;;;;;;;;;;;;;
 ;00:39:42;4.200;0.077;165.7;30.2;;;;;;;;;;;;;;;;;;
 ;00:39:43;4.200;0.077;165.7;30.2;;;;;;;;;;;;;;;;;;
 ;00:39:44;4.200;0.077;165.8;30.2;;;;;;;;;;;;;;;;;;
 ;00:39:45;4.200;0.077;165.8;30.2;;;;;;;;;;;;;;;;;;
 ;00:39:46;4.200;0.077;165.8;30.2;;;;;;;;;;;;;;;;;;
 ;00:39:47;4.200;0.076;165.8;30.2;;;;;;;;;;;;;;;;;;
 ;00:39:48;4.200;0.076;165.9;30.2;;;;;;;;;;;;;;;;;;
 ;00:39:49;4.200;0.076;165.9;30.2;;;;;;;;;;;;;;;;;;
 ;00:39:50;4.200;0.076;165.9;30.2;;;;;;;;;;;;;;;;;;
 ;00:39:51;4.200;0.076;165.9;30.2;;;;;;;;;;;;;;;;;;
 ;00:39:52;4.200;0.076;165.9;30.2;;;;;;;;;;;;;;;;;;
 ;00:39:53;4.200;0.076;166.0;30.2;;;;;;;;;;;;;;;;;;
 ;00:39:54;4.200;0.076;166.0;30.2;;;;;;;;;;;;;;;;;;
 ;00:39:55;4.200;0.076;166.0;30.2;;;;;;;;;;;;;;;;;;
 ;00:39:56;4.200;0.076;166.0;30.2;;;;;;;;;;;;;;;;;;
 ;00:39:57;4.200;0.076;166.0;30.2;;;;;;;;;;;;;;;;;;
 ;00:39:58;4.200;0.076;166.1;30.2;;;;;;;;;;;;;;;;;;
 ;00:39:59;4.200;0.076;166.1;30.2;;;;;;;;;;;;;;;;;;
 ;00:40:00;4.200;0.076;166.1;30.2;;;;;;;;;;;;;;;;;;
 ;00:40:01;4.200;0.076;166.1;30.2;;;;;;;;;;;;;;;;;;
 ;00:40:02;4.200;0.076;166.2;30.2;;;;;;;;;;;;;;;;;;
 ;00:40:03;4.200;0.076;166.2;30.2;;;;;;;;;;;;;;;;;;
 ;00:40:04;4.200;0.076;166.2;30.2;;;;;;;;;;;;;;;;;;
 ;00:40:05;4.200;0.076;166.2;30.2;;;;;;;;;;;;;;;;;;
 ;00:40:06;4.200;0.076;166.2;30.2;;;;;;;;;;;;;;;;;;
 ;00:40:07;4.200;0.076;166.3;30.2;;;;;;;;;;;;;;;;;;
 ;00:40:08;4.200;0.076;166.3;30.2;;;;;;;;;;;;;;;;;;
 ;00:40:09;4.200;0.076;166.3;30.2;;;;;;;;;;;;;;;;;;
 ;00:40:10;4.200;0.076;166.3;30.2;;;;;;;;;;;;;;;;;;
 ;00:40:11;4.200;0.076;166.3;30.2;;;;;;;;;;;;;;;;;;
 ;00:40:12;4.200;0.076;166.4;30.2;;;;;;;;;;;;;;;;;;
 ;00:40:13;4.200;0.076;166.4;30.2;;;;;;;;;;;;;;;;;;
 ;00:40:14;4.200;0.076;166.4;30.2;;;;;;;;;;;;;;;;;;
 ;00:40:15;4.200;0.076;166.4;30.2;;;;;;;;;;;;;;;;;;
 ;00:40:16;4.200;0.076;166.4;30.2;;;;;;;;;;;;;;;;;;
 ;00:40:17;4.200;0.076;166.5;30.2;;;;;;;;;;;;;;;;;;
 ;00:40:18;4.200;0.076;166.5;30.2;;;;;;;;;;;;;;;;;;
 ;00:40:19;4.200;0.076;166.5;30.2;;;;;;;;;;;;;;;;;;
 ;00:40:20;4.200;0.076;166.5;30.2;;;;;;;;;;;;;;;;;;
 ;00:40:21;4.200;0.076;166.6;30.2;;;;;;;;;;;;;;;;;;
 ;00:40:22;4.200;0.076;166.6;30.2;;;;;;;;;;;;;;;;;;
 ;00:40:23;4.200;0.075;166.6;30.2;;;;;;;;;;;;;;;;;;
 ;00:40:24;4.200;0.075;166.6;30.2;;;;;;;;;;;;;;;;;;
 ;00:40:25;4.200;0.075;166.6;30.2;;;;;;;;;;;;;;;;;;
 ;00:40:26;4.200;0.075;166.7;30.2;;;;;;;;;;;;;;;;;;
 ;00:40:27;4.200;0.075;166.7;30.2;;;;;;;;;;;;;;;;;;
 ;00:40:28;4.200;0.075;166.7;30.2;;;;;;;;;;;;;;;;;;
 ;00:40:29;4.200;0.075;166.7;30.2;;;;;;;;;;;;;;;;;;
 ;00:40:30;4.200;0.075;166.7;30.2;;;;;;;;;;;;;;;;;;
 ;00:40:31;4.200;0.075;166.8;30.2;;;;;;;;;;;;;;;;;;
 ;00:40:32;4.200;0.075;166.8;30.2;;;;;;;;;;;;;;;;;;
 ;00:40:33;4.200;0.075;166.8;30.2;;;;;;;;;;;;;;;;;;
 ;00:40:34;4.200;0.075;166.8;30.2;;;;;;;;;;;;;;;;;;
 ;00:40:35;4.200;0.075;166.8;30.2;;;;;;;;;;;;;;;;;;
 ;00:40:36;4.200;0.075;166.9;30.2;;;;;;;;;;;;;;;;;;
 ;00:40:37;4.200;0.075;166.9;30.2;;;;;;;;;;;;;;;;;;
 ;00:40:38;4.200;0.075;166.9;30.2;;;;;;;;;;;;;;;;;;
 ;00:40:39;4.200;0.075;166.9;30.2;;;;;;;;;;;;;;;;;;
 ;00:40:40;4.200;0.075;166.9;30.2;;;;;;;;;;;;;;;;;;
 ;00:40:41;4.200;0.075;167.0;30.2;;;;;;;;;;;;;;;;;;
 ;00:40:42;4.200;0.075;167.0;30.2;;;;;;;;;;;;;;;;;;
 ;00:40:43;4.200;0.074;167.0;30.2;;;;;;;;;;;;;;;;;;
 ;00:40:44;4.200;0.074;167.0;30.2;;;;;;;;;;;;;;;;;;
 ;00:40:45;4.200;0.074;167.1;30.2;;;;;;;;;;;;;;;;;;
 ;00:40:46;4.200;0.074;167.1;30.2;;;;;;;;;;;;;;;;;;
 ;00:40:47;4.200;0.074;167.1;30.2;;;;;;;;;;;;;;;;;;
 ;00:40:48;4.200;0.074;167.1;30.2;;;;;;;;;;;;;;;;;;
 ;00:40:49;4.200;0.074;167.1;30.2;;;;;;;;;;;;;;;;;;
 ;00:40:50;4.200;0.074;167.2;30.2;;;;;;;;;;;;;;;;;;
 ;00:40:51;4.200;0.074;167.2;30.2;;;;;;;;;;;;;;;;;;
 ;00:40:52;4.200;0.074;167.2;30.2;;;;;;;;;;;;;;;;;;
 ;00:40:53;4.200;0.074;167.2;30.2;;;;;;;;;;;;;;;;;;
 ;00:40:54;4.200;0.074;167.2;30.2;;;;;;;;;;;;;;;;;;
 ;00:40:55;4.200;0.074;167.3;30.2;;;;;;;;;;;;;;;;;;
 ;00:40:56;4.200;0.074;167.3;30.2;;;;;;;;;;;;;;;;;;
 ;00:40:57;4.200;0.074;167.3;30.2;;;;;;;;;;;;;;;;;;
 ;00:40:58;4.200;0.074;167.3;30.2;;;;;;;;;;;;;;;;;;
 ;00:40:59;4.200;0.074;167.3;30.2;;;;;;;;;;;;;;;;;;
 ;00:41:00;4.200;0.074;167.4;30.2;;;;;;;;;;;;;;;;;;
 ;00:41:01;4.200;0.074;167.4;30.2;;;;;;;;;;;;;;;;;;
 ;00:41:02;4.200;0.074;167.4;30.2;;;;;;;;;;;;;;;;;;
 ;00:41:03;4.200;0.074;167.4;30.2;;;;;;;;;;;;;;;;;;
 ;00:41:04;4.200;0.074;167.4;30.2;;;;;;;;;;;;;;;;;;
 ;00:41:05;4.200;0.074;167.5;30.2;;;;;;;;;;;;;;;;;;
 ;00:41:06;4.200;0.074;167.5;30.2;;;;;;;;;;;;;;;;;;
 ;00:41:07;4.200;0.074;167.5;30.2;;;;;;;;;;;;;;;;;;
 ;00:41:08;4.200;0.074;167.5;30.2;;;;;;;;;;;;;;;;;;
 ;00:41:09;4.200;0.074;167.5;30.2;;;;;;;;;;;;;;;;;;
 ;00:41:10;4.200;0.074;167.6;30.2;;;;;;;;;;;;;;;;;;
 ;00:41:11;4.200;0.074;167.6;30.2;;;;;;;;;;;;;;;;;;
 ;00:41:12;4.200;0.074;167.6;30.2;;;;;;;;;;;;;;;;;;
 ;00:41:13;4.200;0.074;167.6;30.2;;;;;;;;;;;;;;;;;;
 ;00:41:14;4.200;0.074;167.6;30.2;;;;;;;;;;;;;;;;;;
 ;00:41:15;4.200;0.074;167.7;30.2;;;;;;;;;;;;;;;;;;
 ;00:41:16;4.200;0.074;167.7;30.2;;;;;;;;;;;;;;;;;;
 ;00:41:17;4.200;0.074;167.7;30.2;;;;;;;;;;;;;;;;;;
 ;00:41:18;4.200;0.074;167.7;30.2;;;;;;;;;;;;;;;;;;
 ;00:41:19;4.200;0.074;167.8;30.2;;;;;;;;;;;;;;;;;;
 ;00:41:20;4.200;0.074;167.8;30.2;;;;;;;;;;;;;;;;;;
 ;00:41:21;4.200;0.074;167.8;30.2;;;;;;;;;;;;;;;;;;
 ;00:41:22;4.200;0.074;167.8;30.2;;;;;;;;;;;;;;;;;;
 ;00:41:23;4.200;0.072;167.8;30.2;;;;;;;;;;;;;;;;;;
 ;00:41:24;4.200;0.072;167.9;30.2;;;;;;;;;;;;;;;;;;
 ;00:41:25;4.200;0.072;167.9;30.2;;;;;;;;;;;;;;;;;;
 ;00:41:26;4.200;0.072;167.9;30.2;;;;;;;;;;;;;;;;;;
 ;00:41:27;4.200;0.072;167.9;30.2;;;;;;;;;;;;;;;;;;
 ;00:41:28;4.200;0.072;167.9;30.2;;;;;;;;;;;;;;;;;;
 ;00:41:29;4.200;0.072;168.0;30.2;;;;;;;;;;;;;;;;;;
 ;00:41:30;4.200;0.072;168.0;30.2;;;;;;;;;;;;;;;;;;
 ;00:41:31;4.200;0.072;168.0;30.2;;;;;;;;;;;;;;;;;;
 ;00:41:32;4.200;0.072;168.0;30.2;;;;;;;;;;;;;;;;;;
 ;00:41:33;4.200;0.072;168.0;30.2;;;;;;;;;;;;;;;;;;
 ;00:41:34;4.200;0.072;168.1;30.2;;;;;;;;;;;;;;;;;;
 ;00:41:35;4.200;0.072;168.1;30.2;;;;;;;;;;;;;;;;;;
 ;00:41:36;4.200;0.072;168.1;30.2;;;;;;;;;;;;;;;;;;
 ;00:41:37;4.200;0.072;168.1;30.2;;;;;;;;;;;;;;;;;;
 ;00:41:38;4.200;0.072;168.1;30.2;;;;;;;;;;;;;;;;;;
 ;00:41:39;4.200;0.072;168.2;30.2;;;;;;;;;;;;;;;;;;
 ;00:41:40;4.200;0.072;168.2;30.2;;;;;;;;;;;;;;;;;;
 ;00:41:41;4.200;0.072;168.2;30.2;;;;;;;;;;;;;;;;;;
 ;00:41:42;4.200;0.072;168.2;30.2;;;;;;;;;;;;;;;;;;
 ;00:41:43;4.200;0.072;168.2;30.2;;;;;;;;;;;;;;;;;;
 ;00:41:44;4.200;0.071;168.3;30.2;;;;;;;;;;;;;;;;;;
 ;00:41:45;4.200;0.071;168.3;30.2;;;;;;;;;;;;;;;;;;
 ;00:41:46;4.200;0.071;168.3;30.2;;;;;;;;;;;;;;;;;;
 ;00:41:47;4.200;0.071;168.3;30.2;;;;;;;;;;;;;;;;;;
 ;00:41:48;4.200;0.071;168.3;30.2;;;;;;;;;;;;;;;;;;
 ;00:41:49;4.200;0.071;168.4;30.2;;;;;;;;;;;;;;;;;;
 ;00:41:50;4.200;0.071;168.4;30.2;;;;;;;;;;;;;;;;;;
 ;00:41:51;4.200;0.071;168.4;30.2;;;;;;;;;;;;;;;;;;
 ;00:41:52;4.200;0.071;168.4;30.2;;;;;;;;;;;;;;;;;;
 ;00:41:53;4.200;0.071;168.4;30.2;;;;;;;;;;;;;;;;;;
 ;00:41:54;4.200;0.071;168.5;30.2;;;;;;;;;;;;;;;;;;
 ;00:41:55;4.200;0.071;168.5;30.2;;;;;;;;;;;;;;;;;;
 ;00:41:56;4.200;0.071;168.5;30.2;;;;;;;;;;;;;;;;;;
 ;00:41:57;4.200;0.071;168.5;30.2;;;;;;;;;;;;;;;;;;
 ;00:41:58;4.200;0.071;168.5;30.2;;;;;;;;;;;;;;;;;;
 ;00:41:59;4.200;0.071;168.6;30.2;;;;;;;;;;;;;;;;;;
 ;00:42:00;4.200;0.071;168.6;30.2;;;;;;;;;;;;;;;;;;
 ;00:42:01;4.200;0.071;168.6;30.2;;;;;;;;;;;;;;;;;;
 ;00:42:02;4.200;0.071;168.6;30.2;;;;;;;;;;;;;;;;;;
 ;00:42:03;4.200;0.071;168.6;30.2;;;;;;;;;;;;;;;;;;
 ;00:42:04;4.200;0.071;168.7;30.2;;;;;;;;;;;;;;;;;;
 ;00:42:05;4.200;0.071;168.7;30.2;;;;;;;;;;;;;;;;;;
 ;00:42:06;4.200;0.071;168.7;30.2;;;;;;;;;;;;;;;;;;
 ;00:42:07;4.200;0.071;168.7;30.2;;;;;;;;;;;;;;;;;;
 ;00:42:08;4.200;0.071;168.7;30.2;;;;;;;;;;;;;;;;;;
 ;00:42:09;4.200;0.071;168.7;30.2;;;;;;;;;;;;;;;;;;
 ;00:42:10;4.200;0.071;168.8;30.2;;;;;;;;;;;;;;;;;;
 ;00:42:11;4.200;0.071;168.8;30.2;;;;;;;;;;;;;;;;;;
 ;00:42:12;4.200;0.071;168.8;30.2;;;;;;;;;;;;;;;;;;
 ;00:42:13;4.200;0.071;168.8;30.2;;;;;;;;;;;;;;;;;;
 ;00:42:14;4.200;0.071;168.8;30.2;;;;;;;;;;;;;;;;;;
 ;00:42:15;4.200;0.071;168.9;30.2;;;;;;;;;;;;;;;;;;
 ;00:42:16;4.200;0.071;168.9;30.2;;;;;;;;;;;;;;;;;;
 ;00:42:17;4.200;0.071;168.9;30.2;;;;;;;;;;;;;;;;;;
 ;00:42:18;4.200;0.071;168.9;30.2;;;;;;;;;;;;;;;;;;
 ;00:42:19;4.200;0.071;168.9;30.2;;;;;;;;;;;;;;;;;;
 ;00:42:20;4.200;0.071;169.0;30.2;;;;;;;;;;;;;;;;;;
 ;00:42:21;4.200;0.071;169.0;30.1;;;;;;;;;;;;;;;;;;
 ;00:42:22;4.200;0.071;169.0;30.1;;;;;;;;;;;;;;;;;;
 ;00:42:23;4.200;0.070;169.0;30.1;;;;;;;;;;;;;;;;;;
 ;00:42:24;4.200;0.070;169.0;30.1;;;;;;;;;;;;;;;;;;
 ;00:42:25;4.200;0.070;169.1;30.1;;;;;;;;;;;;;;;;;;
 ;00:42:26;4.200;0.070;169.1;30.1;;;;;;;;;;;;;;;;;;
 ;00:42:27;4.200;0.070;169.1;30.1;;;;;;;;;;;;;;;;;;
 ;00:42:28;4.200;0.070;169.1;30.1;;;;;;;;;;;;;;;;;;
 ;00:42:29;4.200;0.070;169.1;30.1;;;;;;;;;;;;;;;;;;
 ;00:42:30;4.200;0.070;169.2;30.1;;;;;;;;;;;;;;;;;;
 ;00:42:31;4.200;0.070;169.2;30.1;;;;;;;;;;;;;;;;;;
 ;00:42:32;4.200;0.070;169.2;30.1;;;;;;;;;;;;;;;;;;
 ;00:42:33;4.200;0.070;169.2;30.1;;;;;;;;;;;;;;;;;;
 ;00:42:34;4.200;0.070;169.2;30.1;;;;;;;;;;;;;;;;;;
 ;00:42:35;4.200;0.070;169.3;30.1;;;;;;;;;;;;;;;;;;
 ;00:42:36;4.200;0.070;169.3;30.1;;;;;;;;;;;;;;;;;;
 ;00:42:37;4.200;0.070;169.3;30.1;;;;;;;;;;;;;;;;;;
 ;00:42:38;4.200;0.070;169.3;30.1;;;;;;;;;;;;;;;;;;
 ;00:42:39;4.200;0.070;169.3;30.1;;;;;;;;;;;;;;;;;;
 ;00:42:40;4.200;0.070;169.4;30.1;;;;;;;;;;;;;;;;;;
 ;00:42:41;4.200;0.070;169.4;30.1;;;;;;;;;;;;;;;;;;
 ;00:42:42;4.200;0.070;169.4;30.1;;;;;;;;;;;;;;;;;;
 ;00:42:43;4.200;0.070;169.4;30.1;;;;;;;;;;;;;;;;;;
 ;00:42:44;4.200;0.070;169.4;30.1;;;;;;;;;;;;;;;;;;
 ;00:42:45;4.200;0.070;169.5;30.1;;;;;;;;;;;;;;;;;;
 ;00:42:46;4.200;0.070;169.5;30.1;;;;;;;;;;;;;;;;;;
 ;00:42:47;4.200;0.070;169.5;30.1;;;;;;;;;;;;;;;;;;
 ;00:42:48;4.200;0.070;169.5;30.1;;;;;;;;;;;;;;;;;;
 ;00:42:49;4.200;0.070;169.5;30.1;;;;;;;;;;;;;;;;;;
 ;00:42:50;4.200;0.070;169.6;30.1;;;;;;;;;;;;;;;;;;
 ;00:42:51;4.200;0.070;169.6;30.1;;;;;;;;;;;;;;;;;;
 ;00:42:52;4.200;0.070;169.6;30.1;;;;;;;;;;;;;;;;;;
 ;00:42:53;4.200;0.070;169.6;30.1;;;;;;;;;;;;;;;;;;
 ;00:42:54;4.200;0.070;169.6;30.1;;;;;;;;;;;;;;;;;;
 ;00:42:55;4.200;0.070;169.6;30.1;;;;;;;;;;;;;;;;;;
 ;00:42:56;4.200;0.070;169.7;30.1;;;;;;;;;;;;;;;;;;
 ;00:42:57;4.200;0.070;169.7;30.1;;;;;;;;;;;;;;;;;;
 ;00:42:58;4.200;0.070;169.7;30.1;;;;;;;;;;;;;;;;;;
 ;00:42:59;4.200;0.070;169.7;30.1;;;;;;;;;;;;;;;;;;
 ;00:43:00;4.200;0.070;169.7;30.1;;;;;;;;;;;;;;;;;;
 ;00:43:01;4.200;0.070;169.8;30.1;;;;;;;;;;;;;;;;;;
 ;00:43:02;4.200;0.070;169.8;30.1;;;;;;;;;;;;;;;;;;
 ;00:43:03;4.200;0.070;169.8;30.1;;;;;;;;;;;;;;;;;;
 ;00:43:04;4.200;0.070;169.8;30.1;;;;;;;;;;;;;;;;;;
 ;00:43:05;4.200;0.070;169.8;30.1;;;;;;;;;;;;;;;;;;
 ;00:43:06;4.200;0.069;169.9;30.1;;;;;;;;;;;;;;;;;;
 ;00:43:07;4.200;0.069;169.9;30.1;;;;;;;;;;;;;;;;;;
 ;00:43:08;4.200;0.069;169.9;30.1;;;;;;;;;;;;;;;;;;
 ;00:43:09;4.200;0.069;169.9;30.1;;;;;;;;;;;;;;;;;;
 ;00:43:10;4.200;0.069;169.9;30.1;;;;;;;;;;;;;;;;;;
 ;00:43:11;4.200;0.069;170.0;30.1;;;;;;;;;;;;;;;;;;
 ;00:43:12;4.200;0.069;170.0;30.1;;;;;;;;;;;;;;;;;;
 ;00:43:13;4.200;0.069;170.0;30.1;;;;;;;;;;;;;;;;;;
 ;00:43:14;4.200;0.069;170.0;30.1;;;;;;;;;;;;;;;;;;
 ;00:43:15;4.200;0.069;170.0;30.1;;;;;;;;;;;;;;;;;;
 ;00:43:16;4.200;0.069;170.1;30.1;;;;;;;;;;;;;;;;;;
 ;00:43:17;4.200;0.069;170.1;30.1;;;;;;;;;;;;;;;;;;
 ;00:43:18;4.200;0.069;170.1;30.1;;;;;;;;;;;;;;;;;;
 ;00:43:19;4.200;0.069;170.1;30.1;;;;;;;;;;;;;;;;;;
 ;00:43:20;4.200;0.069;170.1;30.1;;;;;;;;;;;;;;;;;;
 ;00:43:21;4.200;0.069;170.1;30.1;;;;;;;;;;;;;;;;;;
 ;00:43:22;4.200;0.069;170.2;30.1;;;;;;;;;;;;;;;;;;
 ;00:43:23;4.200;0.069;170.2;30.1;;;;;;;;;;;;;;;;;;
 ;00:43:24;4.200;0.069;170.2;30.1;;;;;;;;;;;;;;;;;;
 ;00:43:25;4.200;0.069;170.2;30.1;;;;;;;;;;;;;;;;;;
 ;00:43:26;4.200;0.069;170.2;30.1;;;;;;;;;;;;;;;;;;
 ;00:43:27;4.200;0.069;170.3;30.1;;;;;;;;;;;;;;;;;;
 ;00:43:28;4.200;0.068;170.3;30.1;;;;;;;;;;;;;;;;;;
 ;00:43:29;4.200;0.069;170.3;30.1;;;;;;;;;;;;;;;;;;
 ;00:43:30;4.200;0.069;170.3;30.1;;;;;;;;;;;;;;;;;;
 ;00:43:31;4.200;0.068;170.3;30.1;;;;;;;;;;;;;;;;;;
 ;00:43:32;4.200;0.069;170.4;30.1;;;;;;;;;;;;;;;;;;
 ;00:43:33;4.200;0.068;170.4;30.1;;;;;;;;;;;;;;;;;;
 ;00:43:34;4.200;0.068;170.4;30.1;;;;;;;;;;;;;;;;;;
 ;00:43:35;4.200;0.068;170.4;30.1;;;;;;;;;;;;;;;;;;
 ;00:43:36;4.200;0.068;170.4;30.1;;;;;;;;;;;;;;;;;;
 ;00:43:37;4.200;0.069;170.5;30.1;;;;;;;;;;;;;;;;;;
 ;00:43:38;4.200;0.069;170.5;30.1;;;;;;;;;;;;;;;;;;
 ;00:43:39;4.200;0.068;170.5;30.1;;;;;;;;;;;;;;;;;;
 ;00:43:40;4.200;0.068;170.5;30.1;;;;;;;;;;;;;;;;;;
 ;00:43:41;4.200;0.069;170.5;30.1;;;;;;;;;;;;;;;;;;
 ;00:43:42;4.200;0.069;170.6;30.1;;;;;;;;;;;;;;;;;;
 ;00:43:43;4.200;0.068;170.6;30.1;;;;;;;;;;;;;;;;;;
 ;00:43:44;4.200;0.069;170.6;30.1;;;;;;;;;;;;;;;;;;
 ;00:43:45;4.200;0.069;170.6;30.1;;;;;;;;;;;;;;;;;;
 ;00:43:46;4.200;0.069;170.6;30.1;;;;;;;;;;;;;;;;;;
 ;00:43:47;4.200;0.069;170.6;30.1;;;;;;;;;;;;;;;;;;
 ;00:43:48;4.200;0.069;170.7;30.1;;;;;;;;;;;;;;;;;;
 ;00:43:49;4.200;0.068;170.7;30.1;;;;;;;;;;;;;;;;;;
 ;00:43:50;4.200;0.068;170.7;30.1;;;;;;;;;;;;;;;;;;
 ;00:43:51;4.200;0.068;170.7;30.1;;;;;;;;;;;;;;;;;;
 ;00:43:52;4.200;0.068;170.7;30.1;;;;;;;;;;;;;;;;;;
 ;00:43:53;4.200;0.068;170.8;30.1;;;;;;;;;;;;;;;;;;
 ;00:43:54;4.200;0.068;170.8;30.1;;;;;;;;;;;;;;;;;;
 ;00:43:55;4.200;0.068;170.8;30.1;;;;;;;;;;;;;;;;;;
 ;00:43:56;4.200;0.068;170.8;30.1;;;;;;;;;;;;;;;;;;
 ;00:43:57;4.200;0.068;170.8;30.1;;;;;;;;;;;;;;;;;;
 ;00:43:58;4.200;0.068;170.9;30.1;;;;;;;;;;;;;;;;;;
 ;00:43:59;4.200;0.068;170.9;30.1;;;;;;;;;;;;;;;;;;
 ;00:44:00;4.200;0.068;170.9;30.1;;;;;;;;;;;;;;;;;;
 ;00:44:01;4.200;0.068;170.9;30.1;;;;;;;;;;;;;;;;;;
 ;00:44:02;4.200;0.068;170.9;30.1;;;;;;;;;;;;;;;;;;
 ;00:44:03;4.200;0.068;170.9;30.1;;;;;;;;;;;;;;;;;;
 ;00:44:04;4.200;0.068;171.0;30.1;;;;;;;;;;;;;;;;;;
 ;00:44:05;4.200;0.068;171.0;30.1;;;;;;;;;;;;;;;;;;
 ;00:44:06;4.200;0.068;171.0;30.1;;;;;;;;;;;;;;;;;;
 ;00:44:07;4.200;0.068;171.0;30.1;;;;;;;;;;;;;;;;;;
 ;00:44:08;4.200;0.068;171.0;30.1;;;;;;;;;;;;;;;;;;
 ;00:44:09;4.200;0.068;171.1;30.1;;;;;;;;;;;;;;;;;;
 ;00:44:10;4.200;0.067;171.1;30.1;;;;;;;;;;;;;;;;;;
 ;00:44:11;4.200;0.066;171.1;30.1;;;;;;;;;;;;;;;;;;
 ;00:44:12;4.200;0.066;171.1;30.1;;;;;;;;;;;;;;;;;;
 ;00:44:13;4.200;0.066;171.1;30.1;;;;;;;;;;;;;;;;;;
 ;00:44:14;4.200;0.066;171.2;30.1;;;;;;;;;;;;;;;;;;
 ;00:44:15;4.200;0.066;171.2;30.1;;;;;;;;;;;;;;;;;;
 ;00:44:16;4.200;0.066;171.2;30.1;;;;;;;;;;;;;;;;;;
 ;00:44:17;4.200;0.066;171.2;30.1;;;;;;;;;;;;;;;;;;
 ;00:44:18;4.200;0.066;171.2;30.1;;;;;;;;;;;;;;;;;;
 ;00:44:19;4.200;0.066;171.2;30.1;;;;;;;;;;;;;;;;;;
 ;00:44:20;4.200;0.066;171.3;30.1;;;;;;;;;;;;;;;;;;
 ;00:44:21;4.200;0.066;171.3;30.1;;;;;;;;;;;;;;;;;;
 ;00:44:22;4.200;0.066;171.3;30.1;;;;;;;;;;;;;;;;;;
 ;00:44:23;4.200;0.066;171.3;30.1;;;;;;;;;;;;;;;;;;
 ;00:44:24;4.200;0.066;171.3;30.1;;;;;;;;;;;;;;;;;;
 ;00:44:25;4.200;0.066;171.4;30.1;;;;;;;;;;;;;;;;;;
 ;00:44:26;4.200;0.066;171.4;30.1;;;;;;;;;;;;;;;;;;
 ;00:44:27;4.200;0.066;171.4;30.1;;;;;;;;;;;;;;;;;;
 ;00:44:28;4.200;0.066;171.4;30.1;;;;;;;;;;;;;;;;;;
 ;00:44:29;4.200;0.066;171.4;30.1;;;;;;;;;;;;;;;;;;
 ;00:44:30;4.200;0.066;171.4;30.1;;;;;;;;;;;;;;;;;;
 ;00:44:31;4.200;0.066;171.5;30.1;;;;;;;;;;;;;;;;;;
 ;00:44:32;4.200;0.066;171.5;30.1;;;;;;;;;;;;;;;;;;
 ;00:44:33;4.200;0.066;171.5;30.1;;;;;;;;;;;;;;;;;;
 ;00:44:34;4.200;0.066;171.5;30.1;;;;;;;;;;;;;;;;;;
 ;00:44:35;4.200;0.066;171.5;30.1;;;;;;;;;;;;;;;;;;
 ;00:44:36;4.200;0.066;171.6;30.1;;;;;;;;;;;;;;;;;;
 ;00:44:37;4.200;0.066;171.6;30.1;;;;;;;;;;;;;;;;;;
 ;00:44:38;4.200;0.066;171.6;30.1;;;;;;;;;;;;;;;;;;
 ;00:44:39;4.200;0.066;171.6;30.1;;;;;;;;;;;;;;;;;;
 ;00:44:40;4.200;0.066;171.6;30.1;;;;;;;;;;;;;;;;;;
 ;00:44:41;4.200;0.066;171.6;30.1;;;;;;;;;;;;;;;;;;
 ;00:44:42;4.200;0.066;171.7;30.1;;;;;;;;;;;;;;;;;;
 ;00:44:43;4.200;0.066;171.7;30.1;;;;;;;;;;;;;;;;;;
 ;00:44:44;4.200;0.066;171.7;30.1;;;;;;;;;;;;;;;;;;
 ;00:44:45;4.200;0.066;171.7;30.1;;;;;;;;;;;;;;;;;;
 ;00:44:46;4.200;0.066;171.7;30.1;;;;;;;;;;;;;;;;;;
 ;00:44:47;4.200;0.066;171.8;30.1;;;;;;;;;;;;;;;;;;
 ;00:44:48;4.200;0.066;171.8;30.1;;;;;;;;;;;;;;;;;;
 ;00:44:49;4.200;0.066;171.8;30.1;;;;;;;;;;;;;;;;;;
 ;00:44:50;4.200;0.066;171.8;30.1;;;;;;;;;;;;;;;;;;
 ;00:44:51;4.200;0.066;171.8;30.1;;;;;;;;;;;;;;;;;;
 ;00:44:52;4.200;0.066;171.9;30.1;;;;;;;;;;;;;;;;;;
 ;00:44:53;4.200;0.066;171.9;30.1;;;;;;;;;;;;;;;;;;
 ;00:44:54;4.200;0.066;171.9;30.1;;;;;;;;;;;;;;;;;;
 ;00:44:55;4.200;0.065;171.9;30.1;;;;;;;;;;;;;;;;;;
 ;00:44:56;4.200;0.065;171.9;30.1;;;;;;;;;;;;;;;;;;
 ;00:44:57;4.200;0.065;171.9;30.1;;;;;;;;;;;;;;;;;;
 ;00:44:58;4.200;0.065;172.0;30.1;;;;;;;;;;;;;;;;;;
 ;00:44:59;4.200;0.065;172.0;30.1;;;;;;;;;;;;;;;;;;
 ;00:45:00;4.200;0.065;172.0;30.1;;;;;;;;;;;;;;;;;;
 ;00:45:01;4.200;0.065;172.0;30.1;;;;;;;;;;;;;;;;;;
 ;00:45:02;4.200;0.065;172.0;30.1;;;;;;;;;;;;;;;;;;
 ;00:45:03;4.200;0.065;172.1;30.1;;;;;;;;;;;;;;;;;;
 ;00:45:04;4.200;0.065;172.1;30.1;;;;;;;;;;;;;;;;;;
 ;00:45:05;4.200;0.065;172.1;30.1;;;;;;;;;;;;;;;;;;
 ;00:45:06;4.200;0.065;172.1;30.1;;;;;;;;;;;;;;;;;;
 ;00:45:07;4.200;0.065;172.1;30.1;;;;;;;;;;;;;;;;;;
 ;00:45:08;4.200;0.065;172.1;30.1;;;;;;;;;;;;;;;;;;
 ;00:45:09;4.200;0.065;172.2;30.1;;;;;;;;;;;;;;;;;;
 ;00:45:10;4.200;0.065;172.2;30.1;;;;;;;;;;;;;;;;;;
 ;00:45:11;4.200;0.065;172.2;30.1;;;;;;;;;;;;;;;;;;
 ;00:45:12;4.200;0.065;172.2;30.1;;;;;;;;;;;;;;;;;;
 ;00:45:13;4.200;0.065;172.2;30.1;;;;;;;;;;;;;;;;;;
 ;00:45:14;4.200;0.065;172.2;30.1;;;;;;;;;;;;;;;;;;
 ;00:45:15;4.200;0.065;172.3;30.1;;;;;;;;;;;;;;;;;;
 ;00:45:16;4.200;0.065;172.3;30.1;;;;;;;;;;;;;;;;;;
 ;00:45:17;4.200;0.065;172.3;30.1;;;;;;;;;;;;;;;;;;
 ;00:45:18;4.200;0.064;172.3;30.1;;;;;;;;;;;;;;;;;;
 ;00:45:19;4.200;0.064;172.3;30.1;;;;;;;;;;;;;;;;;;
 ;00:45:20;4.200;0.064;172.4;30.1;;;;;;;;;;;;;;;;;;
 ;00:45:21;4.200;0.064;172.4;30.1;;;;;;;;;;;;;;;;;;
 ;00:45:22;4.200;0.064;172.4;30.1;;;;;;;;;;;;;;;;;;
 ;00:45:23;4.200;0.064;172.4;30.1;;;;;;;;;;;;;;;;;;
 ;00:45:24;4.200;0.064;172.4;30.1;;;;;;;;;;;;;;;;;;
 ;00:45:25;4.200;0.064;172.4;30.1;;;;;;;;;;;;;;;;;;
 ;00:45:26;4.200;0.064;172.5;30.1;;;;;;;;;;;;;;;;;;
 ;00:45:27;4.200;0.064;172.5;30.1;;;;;;;;;;;;;;;;;;
 ;00:45:28;4.200;0.064;172.5;30.1;;;;;;;;;;;;;;;;;;
 ;00:45:29;4.200;0.064;172.5;30.1;;;;;;;;;;;;;;;;;;
 ;00:45:30;4.200;0.064;172.5;30.1;;;;;;;;;;;;;;;;;;
 ;00:45:31;4.200;0.064;172.6;30.1;;;;;;;;;;;;;;;;;;
 ;00:45:32;4.200;0.064;172.6;30.1;;;;;;;;;;;;;;;;;;
 ;00:45:33;4.200;0.064;172.6;30.1;;;;;;;;;;;;;;;;;;
 ;00:45:34;4.200;0.064;172.6;30.1;;;;;;;;;;;;;;;;;;
 ;00:45:35;4.200;0.064;172.6;30.1;;;;;;;;;;;;;;;;;;
 ;00:45:36;4.200;0.064;172.6;30.1;;;;;;;;;;;;;;;;;;
 ;00:45:37;4.200;0.064;172.7;30.1;;;;;;;;;;;;;;;;;;
 ;00:45:38;4.200;0.064;172.7;30.1;;;;;;;;;;;;;;;;;;
 ;00:45:39;4.200;0.064;172.7;30.1;;;;;;;;;;;;;;;;;;
 ;00:45:40;4.200;0.064;172.7;30.1;;;;;;;;;;;;;;;;;;
 ;00:45:41;4.200;0.064;172.7;30.1;;;;;;;;;;;;;;;;;;
 ;00:45:42;4.200;0.064;172.7;30.1;;;;;;;;;;;;;;;;;;
 ;00:45:43;4.200;0.064;172.8;30.1;;;;;;;;;;;;;;;;;;
 ;00:45:44;4.200;0.064;172.8;30.1;;;;;;;;;;;;;;;;;;
 ;00:45:45;4.200;0.064;172.8;30.1;;;;;;;;;;;;;;;;;;
 ;00:45:46;4.200;0.064;172.8;30.1;;;;;;;;;;;;;;;;;;
 ;00:45:47;4.200;0.064;172.8;30.1;;;;;;;;;;;;;;;;;;
 ;00:45:48;4.200;0.064;172.9;30.1;;;;;;;;;;;;;;;;;;
 ;00:45:49;4.200;0.064;172.9;30.1;;;;;;;;;;;;;;;;;;
 ;00:45:50;4.200;0.064;172.9;30.1;;;;;;;;;;;;;;;;;;
 ;00:45:51;4.200;0.064;172.9;30.1;;;;;;;;;;;;;;;;;;
 ;00:45:52;4.200;0.064;172.9;30.1;;;;;;;;;;;;;;;;;;
 ;00:45:53;4.200;0.064;172.9;30.1;;;;;;;;;;;;;;;;;;
 ;00:45:54;4.200;0.064;173.0;30.1;;;;;;;;;;;;;;;;;;
 ;00:45:55;4.200;0.064;173.0;30.1;;;;;;;;;;;;;;;;;;
 ;00:45:56;4.200;0.064;173.0;30.1;;;;;;;;;;;;;;;;;;
 ;00:45:57;4.200;0.064;173.0;30.1;;;;;;;;;;;;;;;;;;
 ;00:45:58;4.200;0.064;173.0;30.1;;;;;;;;;;;;;;;;;;
 ;00:45:59;4.200;0.064;173.1;30.1;;;;;;;;;;;;;;;;;;
 ;00:46:00;4.200;0.064;173.1;30.1;;;;;;;;;;;;;;;;;;
 ;00:46:01;4.200;0.064;173.1;30.1;;;;;;;;;;;;;;;;;;
 ;00:46:02;4.200;0.064;173.1;30.1;;;;;;;;;;;;;;;;;;
 ;00:46:03;4.200;0.064;173.1;30.1;;;;;;;;;;;;;;;;;;
 ;00:46:04;4.200;0.064;173.1;30.1;;;;;;;;;;;;;;;;;;
 ;00:46:05;4.200;0.064;173.2;30.1;;;;;;;;;;;;;;;;;;
 ;00:46:06;4.200;0.063;173.2;30.1;;;;;;;;;;;;;;;;;;
 ;00:46:07;4.200;0.063;173.2;30.1;;;;;;;;;;;;;;;;;;
 ;00:46:08;4.200;0.063;173.2;30.1;;;;;;;;;;;;;;;;;;
 ;00:46:09;4.200;0.063;173.2;30.1;;;;;;;;;;;;;;;;;;
 ;00:46:10;4.200;0.063;173.2;30.1;;;;;;;;;;;;;;;;;;
 ;00:46:11;4.200;0.063;173.3;30.1;;;;;;;;;;;;;;;;;;
 ;00:46:12;4.200;0.063;173.3;30.1;;;;;;;;;;;;;;;;;;
 ;00:46:13;4.200;0.063;173.3;30.1;;;;;;;;;;;;;;;;;;
 ;00:46:14;4.200;0.063;173.3;30.1;;;;;;;;;;;;;;;;;;
 ;00:46:15;4.200;0.063;173.3;30.1;;;;;;;;;;;;;;;;;;
 ;00:46:16;4.200;0.063;173.3;30.1;;;;;;;;;;;;;;;;;;
 ;00:46:17;4.200;0.063;173.4;30.1;;;;;;;;;;;;;;;;;;
 ;00:46:18;4.200;0.063;173.4;30.1;;;;;;;;;;;;;;;;;;
 ;00:46:19;4.200;0.063;173.4;30.1;;;;;;;;;;;;;;;;;;
 ;00:46:20;4.200;0.063;173.4;30.1;;;;;;;;;;;;;;;;;;
 ;00:46:21;4.200;0.063;173.4;30.1;;;;;;;;;;;;;;;;;;
 ;00:46:22;4.200;0.063;173.5;30.1;;;;;;;;;;;;;;;;;;
 ;00:46:23;4.200;0.063;173.5;30.1;;;;;;;;;;;;;;;;;;
 ;00:46:24;4.200;0.063;173.5;30.1;;;;;;;;;;;;;;;;;;
 ;00:46:25;4.200;0.063;173.5;30.1;;;;;;;;;;;;;;;;;;
 ;00:46:26;4.200;0.063;173.5;30.1;;;;;;;;;;;;;;;;;;
 ;00:46:27;4.200;0.063;173.5;30.1;;;;;;;;;;;;;;;;;;
 ;00:46:28;4.200;0.063;173.6;30.1;;;;;;;;;;;;;;;;;;
 ;00:46:29;4.200;0.063;173.6;30.1;;;;;;;;;;;;;;;;;;
 ;00:46:30;4.200;0.063;173.6;30.1;;;;;;;;;;;;;;;;;;
 ;00:46:31;4.200;0.063;173.6;30.1;;;;;;;;;;;;;;;;;;
 ;00:46:32;4.200;0.063;173.6;30.1;;;;;;;;;;;;;;;;;;
 ;00:46:33;4.200;0.063;173.6;30.1;;;;;;;;;;;;;;;;;;
 ;00:46:34;4.200;0.063;173.7;30.1;;;;;;;;;;;;;;;;;;
 ;00:46:35;4.200;0.063;173.7;30.1;;;;;;;;;;;;;;;;;;
 ;00:46:36;4.200;0.063;173.7;30.1;;;;;;;;;;;;;;;;;;
 ;00:46:37;4.200;0.063;173.7;30.1;;;;;;;;;;;;;;;;;;
 ;00:46:38;4.200;0.063;173.7;30.1;;;;;;;;;;;;;;;;;;
 ;00:46:39;4.200;0.063;173.8;30.1;;;;;;;;;;;;;;;;;;
 ;00:46:40;4.200;0.063;173.8;30.1;;;;;;;;;;;;;;;;;;
 ;00:46:41;4.200;0.063;173.8;30.1;;;;;;;;;;;;;;;;;;
 ;00:46:42;4.200;0.063;173.8;30.1;;;;;;;;;;;;;;;;;;
 ;00:46:43;4.200;0.063;173.8;30.1;;;;;;;;;;;;;;;;;;
 ;00:46:44;4.200;0.063;173.8;30.1;;;;;;;;;;;;;;;;;;
 ;00:46:45;4.200;0.063;173.9;30.1;;;;;;;;;;;;;;;;;;
 ;00:46:46;4.200;0.063;173.9;30.1;;;;;;;;;;;;;;;;;;
 ;00:46:47;4.200;0.063;173.9;30.1;;;;;;;;;;;;;;;;;;
 ;00:46:48;4.200;0.063;173.9;30.1;;;;;;;;;;;;;;;;;;
 ;00:46:49;4.200;0.063;173.9;30.1;;;;;;;;;;;;;;;;;;
 ;00:46:50;4.200;0.063;173.9;30.1;;;;;;;;;;;;;;;;;;
 ;00:46:51;4.200;0.063;174.0;30.1;;;;;;;;;;;;;;;;;;
 ;00:46:52;4.200;0.063;174.0;30.1;;;;;;;;;;;;;;;;;;
 ;00:46:53;4.200;0.063;174.0;30.1;;;;;;;;;;;;;;;;;;
 ;00:46:54;4.200;0.061;174.0;30.1;;;;;;;;;;;;;;;;;;
 ;00:46:55;4.200;0.061;174.0;30.1;;;;;;;;;;;;;;;;;;
 ;00:46:56;4.200;0.061;174.0;30.1;;;;;;;;;;;;;;;;;;
 ;00:46:57;4.200;0.061;174.1;30.1;;;;;;;;;;;;;;;;;;
 ;00:46:58;4.200;0.061;174.1;30.1;;;;;;;;;;;;;;;;;;
 ;00:46:59;4.200;0.061;174.1;30.1;;;;;;;;;;;;;;;;;;
 ;00:47:00;4.200;0.061;174.1;30.1;;;;;;;;;;;;;;;;;;
 ;00:47:01;4.200;0.061;174.1;30.1;;;;;;;;;;;;;;;;;;
 ;00:47:02;4.200;0.061;174.1;30.1;;;;;;;;;;;;;;;;;;
 ;00:47:03;4.200;0.061;174.2;30.1;;;;;;;;;;;;;;;;;;
 ;00:47:04;4.200;0.061;174.2;30.1;;;;;;;;;;;;;;;;;;
 ;00:47:05;4.200;0.061;174.2;30.1;;;;;;;;;;;;;;;;;;
 ;00:47:06;4.200;0.061;174.2;30.1;;;;;;;;;;;;;;;;;;
 ;00:47:07;4.200;0.061;174.2;30.1;;;;;;;;;;;;;;;;;;
 ;00:47:08;4.200;0.061;174.3;30.1;;;;;;;;;;;;;;;;;;
 ;00:47:09;4.200;0.061;174.3;30.1;;;;;;;;;;;;;;;;;;
 ;00:47:10;4.200;0.061;174.3;30.1;;;;;;;;;;;;;;;;;;
 ;00:47:11;4.200;0.061;174.3;30.1;;;;;;;;;;;;;;;;;;
 ;00:47:12;4.200;0.061;174.3;30.1;;;;;;;;;;;;;;;;;;
 ;00:47:13;4.200;0.061;174.3;30.1;;;;;;;;;;;;;;;;;;
 ;00:47:14;4.200;0.061;174.4;30.1;;;;;;;;;;;;;;;;;;
 ;00:47:15;4.200;0.061;174.4;30.1;;;;;;;;;;;;;;;;;;
 ;00:47:16;4.200;0.061;174.4;30.1;;;;;;;;;;;;;;;;;;
 ;00:47:17;4.200;0.061;174.4;30.1;;;;;;;;;;;;;;;;;;
 ;00:47:18;4.200;0.061;174.4;30.1;;;;;;;;;;;;;;;;;;
 ;00:47:19;4.200;0.061;174.4;30.1;;;;;;;;;;;;;;;;;;
 ;00:47:20;4.200;0.061;174.5;30.1;;;;;;;;;;;;;;;;;;
 ;00:47:21;4.200;0.061;174.5;30.1;;;;;;;;;;;;;;;;;;
 ;00:47:22;4.200;0.061;174.5;30.1;;;;;;;;;;;;;;;;;;
 ;00:47:23;4.200;0.061;174.5;30.1;;;;;;;;;;;;;;;;;;
 ;00:47:24;4.200;0.061;174.5;30.1;;;;;;;;;;;;;;;;;;
 ;00:47:25;4.200;0.061;174.5;30.1;;;;;;;;;;;;;;;;;;
 ;00:47:26;4.200;0.061;174.6;30.1;;;;;;;;;;;;;;;;;;
 ;00:47:27;4.200;0.061;174.6;30.1;;;;;;;;;;;;;;;;;;
 ;00:47:28;4.200;0.061;174.6;30.1;;;;;;;;;;;;;;;;;;
 ;00:47:29;4.200;0.061;174.6;30.1;;;;;;;;;;;;;;;;;;
 ;00:47:30;4.200;0.061;174.6;30.1;;;;;;;;;;;;;;;;;;
 ;00:47:31;4.200;0.061;174.6;30.1;;;;;;;;;;;;;;;;;;
 ;00:47:32;4.200;0.061;174.7;30.1;;;;;;;;;;;;;;;;;;
 ;00:47:33;4.200;0.061;174.7;30.1;;;;;;;;;;;;;;;;;;
 ;00:47:34;4.200;0.061;174.7;30.1;;;;;;;;;;;;;;;;;;
 ;00:47:35;4.200;0.061;174.7;30.1;;;;;;;;;;;;;;;;;;
 ;00:47:36;4.200;0.061;174.7;30.1;;;;;;;;;;;;;;;;;;
 ;00:47:37;4.200;0.061;174.7;30.1;;;;;;;;;;;;;;;;;;
 ;00:47:38;4.200;0.061;174.8;30.1;;;;;;;;;;;;;;;;;;
 ;00:47:39;4.200;0.061;174.8;30.1;;;;;;;;;;;;;;;;;;
 ;00:47:40;4.200;0.061;174.8;30.1;;;;;;;;;;;;;;;;;;
 ;00:47:41;4.200;0.060;174.8;30.1;;;;;;;;;;;;;;;;;;
 ;00:47:42;4.200;0.060;174.8;30.1;;;;;;;;;;;;;;;;;;
 ;00:47:43;4.200;0.060;174.8;30.1;;;;;;;;;;;;;;;;;;
 ;00:47:44;4.200;0.060;174.9;30.1;;;;;;;;;;;;;;;;;;
 ;00:47:45;4.200;0.060;174.9;30.1;;;;;;;;;;;;;;;;;;
 ;00:47:46;4.200;0.060;174.9;30.1;;;;;;;;;;;;;;;;;;
 ;00:47:47;4.200;0.060;174.9;30.1;;;;;;;;;;;;;;;;;;
 ;00:47:48;4.200;0.060;174.9;30.1;;;;;;;;;;;;;;;;;;
 ;00:47:49;4.200;0.060;174.9;30.1;;;;;;;;;;;;;;;;;;
 ;00:47:50;4.200;0.060;175.0;30.1;;;;;;;;;;;;;;;;;;
 ;00:47:51;4.200;0.060;175.0;30.1;;;;;;;;;;;;;;;;;;
 ;00:47:52;4.200;0.060;175.0;30.1;;;;;;;;;;;;;;;;;;
 ;00:47:53;4.200;0.060;175.0;30.1;;;;;;;;;;;;;;;;;;
 ;00:47:54;4.200;0.060;175.0;30.1;;;;;;;;;;;;;;;;;;
 ;00:47:55;4.200;0.060;175.0;30.1;;;;;;;;;;;;;;;;;;
 ;00:47:56;4.200;0.060;175.1;30.1;;;;;;;;;;;;;;;;;;
 ;00:47:57;4.200;0.060;175.1;30.1;;;;;;;;;;;;;;;;;;
 ;00:47:58;4.200;0.060;175.1;30.1;;;;;;;;;;;;;;;;;;
 ;00:47:59;4.200;0.060;175.1;30.1;;;;;;;;;;;;;;;;;;
 ;00:48:00;4.200;0.060;175.1;30.1;;;;;;;;;;;;;;;;;;
 ;00:48:01;4.200;0.060;175.1;30.1;;;;;;;;;;;;;;;;;;
 ;00:48:02;4.200;0.060;175.2;30.1;;;;;;;;;;;;;;;;;;
 ;00:48:03;4.200;0.060;175.2;30.1;;;;;;;;;;;;;;;;;;
 ;00:48:04;4.200;0.060;175.2;30.1;;;;;;;;;;;;;;;;;;
 ;00:48:05;4.200;0.060;175.2;30.1;;;;;;;;;;;;;;;;;;
 ;00:48:06;4.200;0.060;175.2;30.1;;;;;;;;;;;;;;;;;;
 ;00:48:07;4.200;0.060;175.2;30.1;;;;;;;;;;;;;;;;;;
 ;00:48:08;4.200;0.059;175.3;30.1;;;;;;;;;;;;;;;;;;
 ;00:48:09;4.200;0.059;175.3;30.1;;;;;;;;;;;;;;;;;;
 ;00:48:10;4.200;0.059;175.3;30.1;;;;;;;;;;;;;;;;;;
 ;00:48:11;4.200;0.059;175.3;30.1;;;;;;;;;;;;;;;;;;
 ;00:48:12;4.200;0.059;175.3;30.1;;;;;;;;;;;;;;;;;;
 ;00:48:13;4.200;0.059;175.3;30.1;;;;;;;;;;;;;;;;;;
 ;00:48:14;4.200;0.059;175.4;30.1;;;;;;;;;;;;;;;;;;
 ;00:48:15;4.200;0.059;175.4;30.1;;;;;;;;;;;;;;;;;;
 ;00:48:16;4.200;0.059;175.4;30.1;;;;;;;;;;;;;;;;;;
 ;00:48:17;4.200;0.059;175.4;30.1;;;;;;;;;;;;;;;;;;
 ;00:48:18;4.200;0.059;175.4;30.0;;;;;;;;;;;;;;;;;;
 ;00:48:19;4.200;0.059;175.4;30.1;;;;;;;;;;;;;;;;;;
 ;00:48:20;4.200;0.059;175.5;30.1;;;;;;;;;;;;;;;;;;
 ;00:48:21;4.200;0.059;175.5;30.1;;;;;;;;;;;;;;;;;;
 ;00:48:22;4.200;0.059;175.5;30.1;;;;;;;;;;;;;;;;;;
 ;00:48:23;4.200;0.059;175.5;30.0;;;;;;;;;;;;;;;;;;
 ;00:48:24;4.200;0.059;175.5;30.1;;;;;;;;;;;;;;;;;;
 ;00:48:25;4.200;0.059;175.5;30.1;;;;;;;;;;;;;;;;;;
 ;00:48:26;4.200;0.059;175.6;30.1;;;;;;;;;;;;;;;;;;
 ;00:48:27;4.200;0.059;175.6;30.0;;;;;;;;;;;;;;;;;;
 ;00:48:28;4.200;0.059;175.6;30.0;;;;;;;;;;;;;;;;;;
 ;00:48:29;4.200;0.059;175.6;30.1;;;;;;;;;;;;;;;;;;
 ;00:48:30;4.200;0.059;175.6;30.1;;;;;;;;;;;;;;;;;;
 ;00:48:31;4.200;0.059;175.6;30.0;;;;;;;;;;;;;;;;;;
 ;00:48:32;4.200;0.059;175.7;30.0;;;;;;;;;;;;;;;;;;
 ;00:48:33;4.200;0.059;175.7;30.1;;;;;;;;;;;;;;;;;;
 ;00:48:34;4.200;0.059;175.7;30.0;;;;;;;;;;;;;;;;;;
 ;00:48:35;4.200;0.059;175.7;30.1;;;;;;;;;;;;;;;;;;
 ;00:48:36;4.200;0.059;175.7;30.0;;;;;;;;;;;;;;;;;;
 ;00:48:37;4.200;0.059;175.7;30.0;;;;;;;;;;;;;;;;;;
 ;00:48:38;4.200;0.059;175.8;30.0;;;;;;;;;;;;;;;;;;
 ;00:48:39;4.200;0.059;175.8;30.0;;;;;;;;;;;;;;;;;;
 ;00:48:40;4.200;0.059;175.8;30.0;;;;;;;;;;;;;;;;;;
 ;00:48:41;4.200;0.059;175.8;30.0;;;;;;;;;;;;;;;;;;
 ;00:48:42;4.200;0.059;175.8;30.0;;;;;;;;;;;;;;;;;;
 ;00:48:43;4.200;0.059;175.8;30.0;;;;;;;;;;;;;;;;;;
 ;00:48:44;4.200;0.059;175.9;30.0;;;;;;;;;;;;;;;;;;
 ;00:48:45;4.200;0.059;175.9;30.0;;;;;;;;;;;;;;;;;;
 ;00:48:46;4.200;0.059;175.9;30.0;;;;;;;;;;;;;;;;;;
 ;00:48:47;4.200;0.059;175.9;30.0;;;;;;;;;;;;;;;;;;
 ;00:48:48;4.200;0.059;175.9;30.0;;;;;;;;;;;;;;;;;;
 ;00:48:49;4.200;0.059;175.9;30.0;;;;;;;;;;;;;;;;;;
 ;00:48:50;4.200;0.059;175.9;30.0;;;;;;;;;;;;;;;;;;
 ;00:48:51;4.200;0.059;176.0;30.0;;;;;;;;;;;;;;;;;;
 ;00:48:52;4.200;0.059;176.0;30.0;;;;;;;;;;;;;;;;;;
 ;00:48:53;4.200;0.059;176.0;30.0;;;;;;;;;;;;;;;;;;
 ;00:48:54;4.200;0.059;176.0;30.0;;;;;;;;;;;;;;;;;;
 ;00:48:55;4.200;0.059;176.0;30.0;;;;;;;;;;;;;;;;;;
 ;00:48:56;4.200;0.059;176.0;30.0;;;;;;;;;;;;;;;;;;
 ;00:48:57;4.200;0.059;176.1;30.0;;;;;;;;;;;;;;;;;;
 ;00:48:58;4.200;0.059;176.1;30.0;;;;;;;;;;;;;;;;;;
 ;00:48:59;4.200;0.059;176.1;30.0;;;;;;;;;;;;;;;;;;
 ;00:49:00;4.200;0.058;176.1;30.0;;;;;;;;;;;;;;;;;;
 ;00:49:01;4.200;0.058;176.1;30.0;;;;;;;;;;;;;;;;;;
 ;00:49:02;4.200;0.058;176.1;30.0;;;;;;;;;;;;;;;;;;
 ;00:49:03;4.200;0.058;176.2;30.0;;;;;;;;;;;;;;;;;;
 ;00:49:04;4.200;0.058;176.2;30.0;;;;;;;;;;;;;;;;;;
 ;00:49:05;4.200;0.058;176.2;30.0;;;;;;;;;;;;;;;;;;
 ;00:49:06;4.200;0.058;176.2;30.0;;;;;;;;;;;;;;;;;;
 ;00:49:07;4.200;0.058;176.2;30.0;;;;;;;;;;;;;;;;;;
 ;00:49:08;4.200;0.058;176.2;30.0;;;;;;;;;;;;;;;;;;
 ;00:49:09;4.200;0.058;176.3;30.0;;;;;;;;;;;;;;;;;;
 ;00:49:10;4.200;0.058;176.3;30.0;;;;;;;;;;;;;;;;;;
 ;00:49:11;4.200;0.058;176.3;30.0;;;;;;;;;;;;;;;;;;
 ;00:49:12;4.200;0.058;176.3;30.0;;;;;;;;;;;;;;;;;;
 ;00:49:13;4.200;0.058;176.3;30.0;;;;;;;;;;;;;;;;;;
 ;00:49:14;4.200;0.058;176.3;30.0;;;;;;;;;;;;;;;;;;
 ;00:49:15;4.200;0.058;176.4;30.0;;;;;;;;;;;;;;;;;;
 ;00:49:16;4.200;0.058;176.4;30.0;;;;;;;;;;;;;;;;;;
 ;00:49:17;4.200;0.058;176.4;30.0;;;;;;;;;;;;;;;;;;
 ;00:49:18;4.200;0.058;176.4;30.0;;;;;;;;;;;;;;;;;;
 ;00:49:19;4.200;0.058;176.4;30.0;;;;;;;;;;;;;;;;;;
 ;00:49:20;4.200;0.058;176.4;30.0;;;;;;;;;;;;;;;;;;
 ;00:49:21;4.200;0.058;176.5;30.0;;;;;;;;;;;;;;;;;;
 ;00:49:22;4.200;0.058;176.5;30.0;;;;;;;;;;;;;;;;;;
 ;00:49:23;4.200;0.058;176.5;30.0;;;;;;;;;;;;;;;;;;
 ;00:49:24;4.200;0.058;176.5;30.0;;;;;;;;;;;;;;;;;;
 ;00:49:25;4.200;0.058;176.5;30.0;;;;;;;;;;;;;;;;;;
 ;00:49:26;4.200;0.058;176.5;30.0;;;;;;;;;;;;;;;;;;
 ;00:49:27;4.200;0.058;176.5;30.0;;;;;;;;;;;;;;;;;;
 ;00:49:28;4.200;0.058;176.6;30.0;;;;;;;;;;;;;;;;;;
 ;00:49:29;4.200;0.058;176.6;30.0;;;;;;;;;;;;;;;;;;
 ;00:49:30;4.200;0.058;176.6;30.0;;;;;;;;;;;;;;;;;;
 ;00:49:31;4.200;0.058;176.6;30.0;;;;;;;;;;;;;;;;;;
 ;00:49:32;4.200;0.058;176.6;30.0;;;;;;;;;;;;;;;;;;
 ;00:49:33;4.200;0.058;176.6;30.0;;;;;;;;;;;;;;;;;;
 ;00:49:34;4.200;0.058;176.7;30.0;;;;;;;;;;;;;;;;;;
 ;00:49:35;4.200;0.058;176.7;30.0;;;;;;;;;;;;;;;;;;
 ;00:49:36;4.200;0.058;176.7;30.0;;;;;;;;;;;;;;;;;;
 ;00:49:37;4.200;0.058;176.7;30.0;;;;;;;;;;;;;;;;;;
 ;00:49:38;4.200;0.058;176.7;30.0;;;;;;;;;;;;;;;;;;
 ;00:49:39;4.200;0.058;176.7;30.0;;;;;;;;;;;;;;;;;;
 ;00:49:40;4.200;0.058;176.8;30.0;;;;;;;;;;;;;;;;;;
 ;00:49:41;4.200;0.058;176.8;30.0;;;;;;;;;;;;;;;;;;
 ;00:49:42;4.200;0.058;176.8;30.0;;;;;;;;;;;;;;;;;;
 ;00:49:43;4.200;0.058;176.8;30.0;;;;;;;;;;;;;;;;;;
 ;00:49:44;4.200;0.058;176.8;30.0;;;;;;;;;;;;;;;;;;
 ;00:49:45;4.200;0.058;176.8;30.0;;;;;;;;;;;;;;;;;;
 ;00:49:46;4.200;0.058;176.9;30.0;;;;;;;;;;;;;;;;;;
 ;00:49:47;4.200;0.058;176.9;30.0;;;;;;;;;;;;;;;;;;
 ;00:49:48;4.200;0.058;176.9;30.0;;;;;;;;;;;;;;;;;;
 ;00:49:49;4.200;0.058;176.9;30.0;;;;;;;;;;;;;;;;;;
 ;00:49:50;4.200;0.058;176.9;30.0;;;;;;;;;;;;;;;;;;
 ;00:49:51;4.200;0.057;176.9;30.0;;;;;;;;;;;;;;;;;;
 ;00:49:52;4.200;0.056;176.9;30.0;;;;;;;;;;;;;;;;;;
 ;00:49:53;4.200;0.056;177.0;30.0;;;;;;;;;;;;;;;;;;
 ;00:49:54;4.200;0.056;177.0;30.0;;;;;;;;;;;;;;;;;;
 ;00:49:55;4.200;0.056;177.0;30.0;;;;;;;;;;;;;;;;;;
 ;00:49:56;4.200;0.056;177.0;30.0;;;;;;;;;;;;;;;;;;
 ;00:49:57;4.200;0.056;177.0;30.0;;;;;;;;;;;;;;;;;;
 ;00:49:58;4.200;0.056;177.0;30.0;;;;;;;;;;;;;;;;;;
 ;00:49:59;4.200;0.056;177.1;30.0;;;;;;;;;;;;;;;;;;
 ;00:50:00;4.200;0.056;177.1;30.0;;;;;;;;;;;;;;;;;;
 ;00:50:01;4.200;0.056;177.1;30.0;;;;;;;;;;;;;;;;;;
 ;00:50:02;4.200;0.056;177.1;30.0;;;;;;;;;;;;;;;;;;
 ;00:50:03;4.200;0.056;177.1;30.0;;;;;;;;;;;;;;;;;;
 ;00:50:04;4.200;0.056;177.1;30.0;;;;;;;;;;;;;;;;;;
 ;00:50:05;4.200;0.056;177.2;30.0;;;;;;;;;;;;;;;;;;
 ;00:50:06;4.200;0.056;177.2;30.0;;;;;;;;;;;;;;;;;;
 ;00:50:07;4.200;0.056;177.2;30.0;;;;;;;;;;;;;;;;;;
 ;00:50:08;4.200;0.056;177.2;30.0;;;;;;;;;;;;;;;;;;
 ;00:50:09;4.200;0.056;177.2;30.0;;;;;;;;;;;;;;;;;;
 ;00:50:10;4.200;0.056;177.2;30.0;;;;;;;;;;;;;;;;;;
 ;00:50:11;4.200;0.056;177.2;30.0;;;;;;;;;;;;;;;;;;
 ;00:50:12;4.200;0.056;177.3;30.0;;;;;;;;;;;;;;;;;;
 ;00:50:13;4.200;0.056;177.3;30.0;;;;;;;;;;;;;;;;;;
 ;00:50:14;4.200;0.056;177.3;30.0;;;;;;;;;;;;;;;;;;
 ;00:50:15;4.200;0.056;177.3;30.0;;;;;;;;;;;;;;;;;;
 ;00:50:16;4.200;0.056;177.3;30.0;;;;;;;;;;;;;;;;;;
 ;00:50:17;4.200;0.056;177.3;30.0;;;;;;;;;;;;;;;;;;
 ;00:50:18;4.200;0.056;177.4;30.0;;;;;;;;;;;;;;;;;;
 ;00:50:19;4.200;0.056;177.4;30.0;;;;;;;;;;;;;;;;;;
 ;00:50:20;4.200;0.056;177.4;30.0;;;;;;;;;;;;;;;;;;
 ;00:50:21;4.200;0.056;177.4;30.0;;;;;;;;;;;;;;;;;;
 ;00:50:22;4.200;0.056;177.4;30.0;;;;;;;;;;;;;;;;;;
 ;00:50:23;4.200;0.056;177.4;30.0;;;;;;;;;;;;;;;;;;
 ;00:50:24;4.200;0.056;177.4;30.0;;;;;;;;;;;;;;;;;;
 ;00:50:25;4.200;0.056;177.5;30.0;;;;;;;;;;;;;;;;;;
 ;00:50:26;4.200;0.056;177.5;30.0;;;;;;;;;;;;;;;;;;
 ;00:50:27;4.200;0.056;177.5;30.0;;;;;;;;;;;;;;;;;;
 ;00:50:28;4.200;0.056;177.5;30.0;;;;;;;;;;;;;;;;;;
 ;00:50:29;4.200;0.056;177.5;30.0;;;;;;;;;;;;;;;;;;
 ;00:50:30;4.200;0.056;177.5;30.0;;;;;;;;;;;;;;;;;;
 ;00:50:31;4.200;0.056;177.6;30.0;;;;;;;;;;;;;;;;;;
 ;00:50:32;4.200;0.056;177.6;30.0;;;;;;;;;;;;;;;;;;
 ;00:50:33;4.200;0.056;177.6;30.0;;;;;;;;;;;;;;;;;;
 ;00:50:34;4.200;0.056;177.6;30.0;;;;;;;;;;;;;;;;;;
 ;00:50:35;4.200;0.056;177.6;30.0;;;;;;;;;;;;;;;;;;
 ;00:50:36;4.200;0.056;177.6;30.0;;;;;;;;;;;;;;;;;;
 ;00:50:37;4.200;0.056;177.6;30.0;;;;;;;;;;;;;;;;;;
 ;00:50:38;4.200;0.056;177.7;30.0;;;;;;;;;;;;;;;;;;
 ;00:50:39;4.200;0.056;177.7;30.0;;;;;;;;;;;;;;;;;;
 ;00:50:40;4.200;0.056;177.7;30.0;;;;;;;;;;;;;;;;;;
 ;00:50:41;4.200;0.056;177.7;30.0;;;;;;;;;;;;;;;;;;
 ;00:50:42;4.200;0.056;177.7;30.0;;;;;;;;;;;;;;;;;;
 ;00:50:43;4.200;0.056;177.7;30.0;;;;;;;;;;;;;;;;;;
 ;00:50:44;4.200;0.056;177.8;30.0;;;;;;;;;;;;;;;;;;
 ;00:50:45;4.200;0.056;177.8;30.0;;;;;;;;;;;;;;;;;;
 ;00:50:46;4.200;0.056;177.8;30.0;;;;;;;;;;;;;;;;;;
 ;00:50:47;4.200;0.055;177.8;30.0;;;;;;;;;;;;;;;;;;
 ;00:50:48;4.200;0.055;177.8;30.0;;;;;;;;;;;;;;;;;;
 ;00:50:49;4.200;0.055;177.8;30.0;;;;;;;;;;;;;;;;;;
 ;00:50:50;4.200;0.055;177.9;30.0;;;;;;;;;;;;;;;;;;
 ;00:50:51;4.200;0.055;177.9;30.0;;;;;;;;;;;;;;;;;;
 ;00:50:52;4.200;0.055;177.9;30.0;;;;;;;;;;;;;;;;;;
 ;00:50:53;4.200;0.055;177.9;30.0;;;;;;;;;;;;;;;;;;
 ;00:50:54;4.200;0.055;177.9;30.0;;;;;;;;;;;;;;;;;;
 ;00:50:55;4.200;0.055;177.9;30.0;;;;;;;;;;;;;;;;;;
 ;00:50:56;4.200;0.055;177.9;30.0;;;;;;;;;;;;;;;;;;
 ;00:50:57;4.200;0.055;178.0;30.0;;;;;;;;;;;;;;;;;;
 ;00:50:58;4.200;0.055;178.0;30.0;;;;;;;;;;;;;;;;;;
 ;00:50:59;4.200;0.055;178.0;30.0;;;;;;;;;;;;;;;;;;
 ;00:51:00;4.200;0.055;178.0;30.0;;;;;;;;;;;;;;;;;;
 ;00:51:01;4.200;0.055;178.0;30.0;;;;;;;;;;;;;;;;;;
 ;00:51:02;4.200;0.055;178.0;30.0;;;;;;;;;;;;;;;;;;
 ;00:51:03;4.200;0.055;178.0;30.0;;;;;;;;;;;;;;;;;;
 ;00:51:04;4.200;0.055;178.1;30.0;;;;;;;;;;;;;;;;;;
 ;00:51:05;4.200;0.055;178.1;30.0;;;;;;;;;;;;;;;;;;
 ;00:51:06;4.200;0.055;178.1;30.0;;;;;;;;;;;;;;;;;;
 ;00:51:07;4.200;0.055;178.1;30.0;;;;;;;;;;;;;;;;;;
 ;00:51:08;4.200;0.055;178.1;30.0;;;;;;;;;;;;;;;;;;
 ;00:51:09;4.200;0.055;178.1;30.0;;;;;;;;;;;;;;;;;;
 ;00:51:10;4.200;0.055;178.2;30.0;;;;;;;;;;;;;;;;;;
 ;00:51:11;4.200;0.055;178.2;30.0;;;;;;;;;;;;;;;;;;
 ;00:51:12;4.200;0.055;178.2;30.0;;;;;;;;;;;;;;;;;;
 ;00:51:13;4.200;0.055;178.2;30.0;;;;;;;;;;;;;;;;;;
 ;00:51:14;4.200;0.054;178.2;30.0;;;;;;;;;;;;;;;;;;
 ;00:51:15;4.200;0.054;178.2;30.0;;;;;;;;;;;;;;;;;;
 ;00:51:16;4.200;0.054;178.2;30.0;;;;;;;;;;;;;;;;;;
 ;00:51:17;4.200;0.054;178.3;30.0;;;;;;;;;;;;;;;;;;
 ;00:51:18;4.200;0.054;178.3;30.0;;;;;;;;;;;;;;;;;;
 ;00:51:19;4.200;0.054;178.3;30.0;;;;;;;;;;;;;;;;;;
 ;00:51:20;4.200;0.054;178.3;30.0;;;;;;;;;;;;;;;;;;
 ;00:51:21;4.200;0.054;178.3;30.0;;;;;;;;;;;;;;;;;;
 ;00:51:22;4.200;0.054;178.3;30.0;;;;;;;;;;;;;;;;;;
 ;00:51:23;4.200;0.054;178.4;30.0;;;;;;;;;;;;;;;;;;
 ;00:51:24;4.200;0.054;178.4;30.0;;;;;;;;;;;;;;;;;;
 ;00:51:25;4.200;0.054;178.4;30.0;;;;;;;;;;;;;;;;;;
 ;00:51:26;4.200;0.054;178.4;30.0;;;;;;;;;;;;;;;;;;
 ;00:51:27;4.200;0.054;178.4;30.0;;;;;;;;;;;;;;;;;;
 ;00:51:28;4.200;0.054;178.4;30.0;;;;;;;;;;;;;;;;;;
 ;00:51:29;4.200;0.054;178.4;30.0;;;;;;;;;;;;;;;;;;
 ;00:51:30;4.200;0.054;178.5;30.0;;;;;;;;;;;;;;;;;;
 ;00:51:31;4.200;0.054;178.5;30.0;;;;;;;;;;;;;;;;;;
 ;00:51:32;4.200;0.054;178.5;30.0;;;;;;;;;;;;;;;;;;
 ;00:51:33;4.200;0.054;178.5;30.0;;;;;;;;;;;;;;;;;;
 ;00:51:34;4.200;0.054;178.5;30.0;;;;;;;;;;;;;;;;;;
 ;00:51:35;4.200;0.054;178.5;30.0;;;;;;;;;;;;;;;;;;
 ;00:51:36;4.200;0.054;178.5;30.0;;;;;;;;;;;;;;;;;;
 ;00:51:37;4.200;0.054;178.6;30.0;;;;;;;;;;;;;;;;;;
 ;00:51:38;4.200;0.054;178.6;30.0;;;;;;;;;;;;;;;;;;
 ;00:51:39;4.200;0.054;178.6;30.0;;;;;;;;;;;;;;;;;;
 ;00:51:40;4.200;0.054;178.6;30.0;;;;;;;;;;;;;;;;;;
 ;00:51:41;4.200;0.054;178.6;30.0;;;;;;;;;;;;;;;;;;
 ;00:51:42;4.200;0.054;178.6;30.0;;;;;;;;;;;;;;;;;;
 ;00:51:43;4.200;0.054;178.7;30.0;;;;;;;;;;;;;;;;;;
 ;00:51:44;4.200;0.054;178.7;30.0;;;;;;;;;;;;;;;;;;
 ;00:51:45;4.200;0.054;178.7;30.0;;;;;;;;;;;;;;;;;;
 ;00:51:46;4.200;0.054;178.7;30.0;;;;;;;;;;;;;;;;;;
 ;00:51:47;4.200;0.054;178.7;30.0;;;;;;;;;;;;;;;;;;
 ;00:51:48;4.200;0.054;178.7;30.0;;;;;;;;;;;;;;;;;;
 ;00:51:49;4.200;0.054;178.7;30.0;;;;;;;;;;;;;;;;;;
 ;00:51:50;4.200;0.054;178.8;30.0;;;;;;;;;;;;;;;;;;
 ;00:51:51;4.200;0.054;178.8;30.0;;;;;;;;;;;;;;;;;;
 ;00:51:52;4.200;0.054;178.8;30.0;;;;;;;;;;;;;;;;;;
 ;00:51:53;4.200;0.054;178.8;30.0;;;;;;;;;;;;;;;;;;
 ;00:51:54;4.200;0.054;178.8;30.0;;;;;;;;;;;;;;;;;;
 ;00:51:55;4.200;0.054;178.8;30.0;;;;;;;;;;;;;;;;;;
 ;00:51:56;4.200;0.054;178.8;30.0;;;;;;;;;;;;;;;;;;
 ;00:51:57;4.200;0.054;178.9;30.0;;;;;;;;;;;;;;;;;;
 ;00:51:58;4.200;0.054;178.9;30.0;;;;;;;;;;;;;;;;;;
 ;00:51:59;4.200;0.054;178.9;30.0;;;;;;;;;;;;;;;;;;
 ;00:52:00;4.200;0.054;178.9;30.0;;;;;;;;;;;;;;;;;;
 ;00:52:01;4.200;0.054;178.9;30.0;;;;;;;;;;;;;;;;;;
 ;00:52:02;4.200;0.054;178.9;30.0;;;;;;;;;;;;;;;;;;
 ;00:52:03;4.200;0.054;179.0;30.0;;;;;;;;;;;;;;;;;;
 ;00:52:04;4.200;0.054;179.0;30.0;;;;;;;;;;;;;;;;;;
 ;00:52:05;4.200;0.054;179.0;30.0;;;;;;;;;;;;;;;;;;
 ;00:52:06;4.200;0.054;179.0;30.0;;;;;;;;;;;;;;;;;;
 ;00:52:07;4.200;0.054;179.0;30.0;;;;;;;;;;;;;;;;;;
 ;00:52:08;4.200;0.054;179.0;30.0;;;;;;;;;;;;;;;;;;
 ;00:52:09;4.200;0.054;179.0;30.0;;;;;;;;;;;;;;;;;;
 ;00:52:10;4.200;0.053;179.1;30.0;;;;;;;;;;;;;;;;;;
 ;00:52:11;4.200;0.053;179.1;30.0;;;;;;;;;;;;;;;;;;
 ;00:52:12;4.200;0.053;179.1;30.0;;;;;;;;;;;;;;;;;;
 ;00:52:13;4.200;0.053;179.1;30.0;;;;;;;;;;;;;;;;;;
 ;00:52:14;4.200;0.053;179.1;30.0;;;;;;;;;;;;;;;;;;
 ;00:52:15;4.200;0.053;179.1;30.0;;;;;;;;;;;;;;;;;;
 ;00:52:16;4.200;0.053;179.1;30.0;;;;;;;;;;;;;;;;;;
 ;00:52:17;4.200;0.053;179.2;30.0;;;;;;;;;;;;;;;;;;
 ;00:52:18;4.200;0.053;179.2;30.0;;;;;;;;;;;;;;;;;;
 ;00:52:19;4.200;0.053;179.2;30.0;;;;;;;;;;;;;;;;;;
 ;00:52:20;4.200;0.053;179.2;30.0;;;;;;;;;;;;;;;;;;
 ;00:52:21;4.200;0.053;179.2;30.0;;;;;;;;;;;;;;;;;;
 ;00:52:22;4.200;0.053;179.2;30.0;;;;;;;;;;;;;;;;;;
 ;00:52:23;4.200;0.053;179.2;30.0;;;;;;;;;;;;;;;;;;
 ;00:52:24;4.200;0.053;179.3;30.0;;;;;;;;;;;;;;;;;;
 ;00:52:25;4.200;0.053;179.3;30.0;;;;;;;;;;;;;;;;;;
 ;00:52:26;4.200;0.053;179.3;30.0;;;;;;;;;;;;;;;;;;
 ;00:52:27;4.200;0.053;179.3;30.0;;;;;;;;;;;;;;;;;;
 ;00:52:28;4.200;0.053;179.3;30.0;;;;;;;;;;;;;;;;;;
 ;00:52:29;4.200;0.053;179.3;30.0;;;;;;;;;;;;;;;;;;
 ;00:52:30;4.200;0.053;179.4;30.0;;;;;;;;;;;;;;;;;;
 ;00:52:31;4.200;0.053;179.4;30.0;;;;;;;;;;;;;;;;;;
 ;00:52:32;4.200;0.053;179.4;30.0;;;;;;;;;;;;;;;;;;
 ;00:52:33;4.200;0.053;179.4;30.0;;;;;;;;;;;;;;;;;;
 ;00:52:34;4.200;0.053;179.4;30.0;;;;;;;;;;;;;;;;;;
 ;00:52:35;4.200;0.053;179.4;30.0;;;;;;;;;;;;;;;;;;
 ;00:52:36;4.200;0.053;179.4;30.0;;;;;;;;;;;;;;;;;;
 ;00:52:37;4.200;0.053;179.5;30.0;;;;;;;;;;;;;;;;;;
 ;00:52:38;4.200;0.053;179.5;30.0;;;;;;;;;;;;;;;;;;
 ;00:52:39;4.200;0.053;179.5;30.0;;;;;;;;;;;;;;;;;;
 ;00:52:40;4.200;0.053;179.5;30.0;;;;;;;;;;;;;;;;;;
 ;00:52:41;4.200;0.053;179.5;30.0;;;;;;;;;;;;;;;;;;
 ;00:52:42;4.200;0.053;179.5;30.0;;;;;;;;;;;;;;;;;;
 ;00:52:43;4.200;0.053;179.5;30.0;;;;;;;;;;;;;;;;;;
 ;00:52:44;4.200;0.053;179.6;30.0;;;;;;;;;;;;;;;;;;
 ;00:52:45;4.200;0.053;179.6;30.0;;;;;;;;;;;;;;;;;;
 ;00:52:46;4.200;0.053;179.6;30.0;;;;;;;;;;;;;;;;;;
 ;00:52:47;4.200;0.053;179.6;30.0;;;;;;;;;;;;;;;;;;
 ;00:52:48;4.200;0.053;179.6;30.0;;;;;;;;;;;;;;;;;;
 ;00:52:49;4.200;0.053;179.6;30.0;;;;;;;;;;;;;;;;;;
 ;00:52:50;4.200;0.053;179.6;30.0;;;;;;;;;;;;;;;;;;
 ;00:52:51;4.200;0.053;179.7;30.0;;;;;;;;;;;;;;;;;;
 ;00:52:52;4.200;0.053;179.7;30.0;;;;;;;;;;;;;;;;;;
 ;00:52:53;4.200;0.053;179.7;30.0;;;;;;;;;;;;;;;;;;
 ;00:52:54;4.200;0.053;179.7;30.0;;;;;;;;;;;;;;;;;;
 ;00:52:55;4.200;0.053;179.7;30.0;;;;;;;;;;;;;;;;;;
 ;00:52:56;4.200;0.053;179.7;30.0;;;;;;;;;;;;;;;;;;
 ;00:52:57;4.200;0.053;179.7;30.0;;;;;;;;;;;;;;;;;;
 ;00:52:58;4.200;0.053;179.8;30.0;;;;;;;;;;;;;;;;;;
 ;00:52:59;4.200;0.053;179.8;30.0;;;;;;;;;;;;;;;;;;
 ;00:53:00;4.200;0.053;179.8;30.0;;;;;;;;;;;;;;;;;;
 ;00:53:01;4.200;0.053;179.8;30.0;;;;;;;;;;;;;;;;;;
 ;00:53:02;4.200;0.053;179.8;30.0;;;;;;;;;;;;;;;;;;
 ;00:53:03;4.200;0.053;179.8;30.0;;;;;;;;;;;;;;;;;;
 ;00:53:04;4.200;0.053;179.9;30.0;;;;;;;;;;;;;;;;;;
 ;00:53:05;4.200;0.053;179.9;30.0;;;;;;;;;;;;;;;;;;
 ;00:53:06;4.200;0.053;179.9;30.0;;;;;;;;;;;;;;;;;;
 ;00:53:07;4.200;0.053;179.9;30.0;;;;;;;;;;;;;;;;;;
 ;00:53:08;4.200;0.053;179.9;30.0;;;;;;;;;;;;;;;;;;
 ;00:53:09;4.200;0.052;179.9;30.0;;;;;;;;;;;;;;;;;;
 ;00:53:10;4.200;0.051;179.9;30.0;;;;;;;;;;;;;;;;;;
 ;00:53:11;4.200;0.051;180.0;30.0;;;;;;;;;;;;;;;;;;
 ;00:53:12;4.200;0.051;180.0;30.0;;;;;;;;;;;;;;;;;;
 ;00:53:13;4.200;0.051;180.0;30.0;;;;;;;;;;;;;;;;;;
 ;00:53:14;4.200;0.051;180.0;30.0;;;;;;;;;;;;;;;;;;
 ;00:53:15;4.200;0.051;180.0;30.0;;;;;;;;;;;;;;;;;;
 ;00:53:16;4.200;0.051;180.0;30.0;;;;;;;;;;;;;;;;;;
 ;00:53:17;4.200;0.051;180.0;30.0;;;;;;;;;;;;;;;;;;
 ;00:53:18;4.200;0.051;180.1;30.0;;;;;;;;;;;;;;;;;;
 ;00:53:19;4.200;0.051;180.1;30.0;;;;;;;;;;;;;;;;;;
 ;00:53:20;4.200;0.051;180.1;30.0;;;;;;;;;;;;;;;;;;
 ;00:53:21;4.200;0.051;180.1;30.0;;;;;;;;;;;;;;;;;;
 ;00:53:22;4.200;0.051;180.1;30.0;;;;;;;;;;;;;;;;;;
 ;00:53:23;4.200;0.051;180.1;30.0;;;;;;;;;;;;;;;;;;
 ;00:53:24;4.200;0.051;180.1;30.0;;;;;;;;;;;;;;;;;;
 ;00:53:25;4.200;0.051;180.2;30.0;;;;;;;;;;;;;;;;;;
 ;00:53:26;4.200;0.051;180.2;30.0;;;;;;;;;;;;;;;;;;
 ;00:53:27;4.200;0.051;180.2;30.0;;;;;;;;;;;;;;;;;;
 ;00:53:28;4.200;0.051;180.2;30.0;;;;;;;;;;;;;;;;;;
 ;00:53:29;4.200;0.051;180.2;30.0;;;;;;;;;;;;;;;;;;
 ;00:53:30;4.200;0.051;180.2;30.0;;;;;;;;;;;;;;;;;;
 ;00:53:31;4.200;0.051;180.2;30.0;;;;;;;;;;;;;;;;;;
 ;00:53:32;4.200;0.051;180.3;30.0;;;;;;;;;;;;;;;;;;
 ;00:53:33;4.200;0.051;180.3;30.0;;;;;;;;;;;;;;;;;;
 ;00:53:34;4.200;0.051;180.3;30.0;;;;;;;;;;;;;;;;;;
 ;00:53:35;4.200;0.051;180.3;30.0;;;;;;;;;;;;;;;;;;
 ;00:53:36;4.200;0.051;180.3;30.0;;;;;;;;;;;;;;;;;;
 ;00:53:37;4.200;0.051;180.3;30.0;;;;;;;;;;;;;;;;;;
 ;00:53:38;4.200;0.051;180.3;30.0;;;;;;;;;;;;;;;;;;
 ;00:53:39;4.200;0.051;180.4;30.0;;;;;;;;;;;;;;;;;;
 ;00:53:40;4.200;0.051;180.4;30.0;;;;;;;;;;;;;;;;;;
 ;00:53:41;4.200;0.051;180.4;30.0;;;;;;;;;;;;;;;;;;
 ;00:53:42;4.200;0.051;180.4;30.0;;;;;;;;;;;;;;;;;;
 ;00:53:43;4.200;0.051;180.4;30.0;;;;;;;;;;;;;;;;;;
 ;00:53:44;4.200;0.051;180.4;30.0;;;;;;;;;;;;;;;;;;
 ;00:53:45;4.200;0.051;180.4;30.0;;;;;;;;;;;;;;;;;;
 ;00:53:46;4.200;0.051;180.5;30.0;;;;;;;;;;;;;;;;;;
 ;00:53:47;4.200;0.051;180.5;30.0;;;;;;;;;;;;;;;;;;
 ;00:53:48;4.200;0.051;180.5;30.0;;;;;;;;;;;;;;;;;;
 ;00:53:49;4.200;0.051;180.5;30.0;;;;;;;;;;;;;;;;;;
 ;00:53:50;4.200;0.051;180.5;30.0;;;;;;;;;;;;;;;;;;
 ;00:53:51;4.200;0.051;180.5;30.0;;;;;;;;;;;;;;;;;;
 ;00:53:52;4.200;0.051;180.5;30.0;;;;;;;;;;;;;;;;;;
 ;00:53:53;4.200;0.051;180.5;30.0;;;;;;;;;;;;;;;;;;
 ;00:53:54;4.200;0.051;180.6;30.0;;;;;;;;;;;;;;;;;;
 ;00:53:55;4.200;0.051;180.6;30.0;;;;;;;;;;;;;;;;;;
 ;00:53:56;4.200;0.051;180.6;30.0;;;;;;;;;;;;;;;;;;
 ;00:53:57;4.200;0.051;180.6;30.0;;;;;;;;;;;;;;;;;;
 ;00:53:58;4.200;0.051;180.6;30.0;;;;;;;;;;;;;;;;;;
 ;00:53:59;4.200;0.051;180.6;30.0;;;;;;;;;;;;;;;;;;
 ;00:54:00;4.200;0.051;180.6;30.0;;;;;;;;;;;;;;;;;;
 ;00:54:01;4.200;0.051;180.7;30.0;;;;;;;;;;;;;;;;;;
 ;00:54:02;4.200;0.051;180.7;30.0;;;;;;;;;;;;;;;;;;
 ;00:54:03;4.200;0.051;180.7;30.0;;;;;;;;;;;;;;;;;;
 ;00:54:04;4.200;0.051;180.7;30.0;;;;;;;;;;;;;;;;;;
 ;00:54:05;4.200;0.051;180.7;30.0;;;;;;;;;;;;;;;;;;
 ;00:54:06;4.200;0.051;180.7;30.0;;;;;;;;;;;;;;;;;;
 ;00:54:07;4.200;0.051;180.7;30.0;;;;;;;;;;;;;;;;;;
 ;00:54:08;4.200;0.050;180.8;30.0;;;;;;;;;;;;;;;;;;
 ;00:54:09;4.200;0.050;180.8;30.0;;;;;;;;;;;;;;;;;;
 ;00:54:10;4.200;0.050;180.8;30.0;;;;;;;;;;;;;;;;;;
 ;00:54:11;4.200;0.050;180.8;30.0;;;;;;;;;;;;;;;;;;
 ;00:54:12;4.200;0.050;180.8;30.0;;;;;;;;;;;;;;;;;;
 ;00:54:13;4.200;0.050;180.8;30.0;;;;;;;;;;;;;;;;;;
 ;00:54:14;4.200;0.050;180.8;30.0;;;;;;;;;;;;;;;;;;
 ;00:54:15;4.200;0.050;180.9;30.0;;;;;;;;;;;;;;;;;;
 ;00:54:16;4.200;0.050;180.9;30.0;;;;;;;;;;;;;;;;;;
 ;00:54:17;4.200;0.050;180.9;30.0;;;;;;;;;;;;;;;;;;
 ;00:54:18;4.200;0.050;180.9;30.0;;;;;;;;;;;;;;;;;;
 ;00:54:19;4.200;0.050;180.9;30.0;;;;;;;;;;;;;;;;;;
 ;00:54:20;4.200;0.050;180.9;30.0;;;;;;;;;;;;;;;;;;
 ;00:54:21;4.200;0.050;180.9;30.0;;;;;;;;;;;;;;;;;;
 ;00:54:22;4.200;0.050;181.0;30.0;;;;;;;;;;;;;;;;;;
 ;00:54:23;4.200;0.050;181.0;30.0;;;;;;;;;;;;;;;;;;
 ;00:54:24;4.200;0.050;181.0;30.0;;;;;;;;;;;;;;;;;;
 ;00:54:25;4.200;0.050;181.0;30.0;;;;;;;;;;;;;;;;;;
 ;00:54:26;4.200;0.050;181.0;30.0;;;;;;;;;;;;;;;;;;
 ;00:54:27;4.200;0.050;181.0;30.0;;;;;;;;;;;;;;;;;;
 ;00:54:28;4.200;0.050;181.0;30.0;;;;;;;;;;;;;;;;;;
 ;00:54:29;4.200;0.050;181.1;30.0;;;;;;;;;;;;;;;;;;
 ;00:54:30;4.200;0.050;181.1;30.0;;;;;;;;;;;;;;;;;;
 ;00:54:31;4.200;0.050;181.1;30.0;;;;;;;;;;;;;;;;;;
 ;00:54:32;4.200;0.050;181.1;30.0;;;;;;;;;;;;;;;;;;
 ;00:54:33;4.200;0.050;181.1;30.0;;;;;;;;;;;;;;;;;;
 ;00:54:34;4.200;0.050;181.1;30.0;;;;;;;;;;;;;;;;;;
 ;00:54:35;4.200;0.050;181.1;30.0;;;;;;;;;;;;;;;;;;
 ;00:54:36;4.200;0.050;181.2;30.0;;;;;;;;;;;;;;;;;;
 ;00:54:37;4.200;0.050;181.2;30.0;;;;;;;;;;;;;;;;;;
 ;00:54:38;4.200;0.050;181.2;30.0;;;;;;;;;;;;;;;;;;
 ;00:54:39;4.200;0.050;181.2;30.0;;;;;;;;;;;;;;;;;;
 ;00:54:40;4.200;0.050;181.2;30.0;;;;;;;;;;;;;;;;;;
 ;00:54:41;4.200;0.050;181.2;30.0;;;;;;;;;;;;;;;;;;
 ;00:54:42;4.200;0.050;181.2;30.0;;;;;;;;;;;;;;;;;;
 ;00:54:43;4.200;0.050;181.2;30.0;;;;;;;;;;;;;;;;;;
 ;00:54:44;4.200;0.050;181.3;30.0;;;;;;;;;;;;;;;;;;
 ;00:54:45;4.200;0.050;181.3;30.0;;;;;;;;;;;;;;;;;;
 ;00:54:46;4.200;0.050;181.3;30.0;;;;;;;;;;;;;;;;;;
 ;00:54:47;4.200;0.050;181.3;30.0;;;;;;;;;;;;;;;;;;
 ;00:54:48;4.200;0.050;181.3;30.0;;;;;;;;;;;;;;;;;;
 ;00:54:49;4.200;0.050;181.3;30.0;;;;;;;;;;;;;;;;;;
 ;00:54:50;4.200;0.050;181.3;30.0;;;;;;;;;;;;;;;;;;
 ;00:54:51;4.200;0.050;181.4;30.0;;;;;;;;;;;;;;;;;;
 ;00:54:52;4.200;0.050;181.4;30.0;;;;;;;;;;;;;;;;;;
 ;00:54:53;4.200;0.050;181.4;30.0;;;;;;;;;;;;;;;;;;
 ;00:54:54;4.200;0.050;181.4;30.0;;;;;;;;;;;;;;;;;;
 ;00:54:55;4.200;0.050;181.4;30.0;;;;;;;;;;;;;;;;;;
 ;00:54:56;4.200;0.050;181.4;30.0;;;;;;;;;;;;;;;;;;
 ;00:54:57;4.200;0.050;181.4;30.0;;;;;;;;;;;;;;;;;;
 ;00:54:58;4.200;0.050;181.5;30.0;;;;;;;;;;;;;;;;;;
 ;00:54:59;4.200;0.050;181.5;30.0;;;;;;;;;;;;;;;;;;
 ;00:55:00;4.200;0.050;181.5;30.0;;;;;;;;;;;;;;;;;;
 ;00:55:01;4.200;0.050;181.5;30.0;;;;;;;;;;;;;;;;;;
 ;00:55:02;4.200;0.050;181.5;30.0;;;;;;;;;;;;;;;;;;
 ;00:55:03;4.200;0.050;181.5;30.0;;;;;;;;;;;;;;;;;;
 ;00:55:04;4.200;0.050;181.5;30.0;;;;;;;;;;;;;;;;;;
 ;00:55:05;4.200;0.050;181.6;30.0;;;;;;;;;;;;;;;;;;
 ;00:55:06;4.200;0.050;181.6;30.0;;;;;;;;;;;;;;;;;;
 ;00:55:07;4.200;0.050;181.6;30.0;;;;;;;;;;;;;;;;;;
 ;00:55:08;4.200;0.050;181.6;30.0;;;;;;;;;;;;;;;;;;
 ;00:55:09;4.200;0.049;181.6;30.0;;;;;;;;;;;;;;;;;;
 ;00:55:10;4.200;0.049;181.6;30.0;;;;;;;;;;;;;;;;;;
 ;00:55:11;4.200;0.049;181.6;30.0;;;;;;;;;;;;;;;;;;
 ;00:55:12;4.200;0.049;181.7;30.0;;;;;;;;;;;;;;;;;;
 ;00:55:13;4.200;0.049;181.7;30.0;;;;;;;;;;;;;;;;;;
 ;00:55:14;4.200;0.049;181.7;30.0;;;;;;;;;;;;;;;;;;
 ;00:55:15;4.200;0.049;181.7;30.0;;;;;;;;;;;;;;;;;;
 ;00:55:16;4.200;0.049;181.7;30.0;;;;;;;;;;;;;;;;;;
 ;00:55:17;4.200;0.049;181.7;30.0;;;;;;;;;;;;;;;;;;
 ;00:55:18;4.200;0.049;181.7;30.0;;;;;;;;;;;;;;;;;;
 ;00:55:19;4.200;0.049;181.7;30.0;;;;;;;;;;;;;;;;;;
 ;00:55:20;4.200;0.049;181.8;30.0;;;;;;;;;;;;;;;;;;
 ;00:55:21;4.200;0.049;181.8;30.0;;;;;;;;;;;;;;;;;;
 ;00:55:22;4.200;0.049;181.8;30.0;;;;;;;;;;;;;;;;;;
 ;00:55:23;4.200;0.049;181.8;30.0;;;;;;;;;;;;;;;;;;
 ;00:55:24;4.200;0.049;181.8;30.0;;;;;;;;;;;;;;;;;;
 ;00:55:25;4.200;0.049;181.8;30.0;;;;;;;;;;;;;;;;;;
 ;00:55:26;4.200;0.049;181.8;30.0;;;;;;;;;;;;;;;;;;
 ;00:55:27;4.200;0.049;181.9;30.0;;;;;;;;;;;;;;;;;;
 ;00:55:28;4.200;0.049;181.9;30.0;;;;;;;;;;;;;;;;;;
 ;00:55:29;4.200;0.049;181.9;30.0;;;;;;;;;;;;;;;;;;
 ;00:55:30;4.200;0.049;181.9;30.0;;;;;;;;;;;;;;;;;;
 ;00:55:31;4.200;0.049;181.9;30.0;;;;;;;;;;;;;;;;;;
 ;00:55:32;4.200;0.049;181.9;30.0;;;;;;;;;;;;;;;;;;
 ;00:55:33;4.200;0.049;181.9;30.0;;;;;;;;;;;;;;;;;;
 ;00:55:34;4.200;0.049;182.0;30.0;;;;;;;;;;;;;;;;;;
 ;00:55:35;4.200;0.049;182.0;30.0;;;;;;;;;;;;;;;;;;
 ;00:55:36;4.200;0.049;182.0;30.0;;;;;;;;;;;;;;;;;;
 ;00:55:37;4.200;0.049;182.0;30.0;;;;;;;;;;;;;;;;;;
 ;00:55:38;4.200;0.049;182.0;30.0;;;;;;;;;;;;;;;;;;
 ;00:55:39;4.200;0.049;182.0;30.0;;;;;;;;;;;;;;;;;;
 ;00:55:40;4.200;0.049;182.0;30.0;;;;;;;;;;;;;;;;;;
 ;00:55:41;4.200;0.049;182.0;30.0;;;;;;;;;;;;;;;;;;
 ;00:55:42;4.200;0.049;182.1;30.0;;;;;;;;;;;;;;;;;;
 ;00:55:43;4.200;0.049;182.1;30.0;;;;;;;;;;;;;;;;;;
 ;00:55:44;4.200;0.049;182.1;30.0;;;;;;;;;;;;;;;;;;
 ;00:55:45;4.200;0.049;182.1;30.0;;;;;;;;;;;;;;;;;;
 ;00:55:46;4.200;0.049;182.1;30.0;;;;;;;;;;;;;;;;;;
 ;00:55:47;4.200;0.049;182.1;30.0;;;;;;;;;;;;;;;;;;
 ;00:55:48;4.200;0.049;182.1;30.0;;;;;;;;;;;;;;;;;;
 ;00:55:49;4.200;0.049;182.2;30.0;;;;;;;;;;;;;;;;;;
 ;00:55:50;4.200;0.049;182.2;30.0;;;;;;;;;;;;;;;;;;
 ;00:55:51;4.200;0.049;182.2;30.0;;;;;;;;;;;;;;;;;;
 ;00:55:52;4.200;0.049;182.2;30.0;;;;;;;;;;;;;;;;;;
 ;00:55:53;4.200;0.049;182.2;30.0;;;;;;;;;;;;;;;;;;
 ;00:55:54;4.200;0.049;182.2;30.0;;;;;;;;;;;;;;;;;;
 ;00:55:55;4.200;0.049;182.2;30.0;;;;;;;;;;;;;;;;;;
 ;00:55:56;4.200;0.049;182.2;30.0;;;;;;;;;;;;;;;;;;
 ;00:55:57;4.200;0.049;182.3;30.0;;;;;;;;;;;;;;;;;;
 ;00:55:58;4.200;0.049;182.3;30.0;;;;;;;;;;;;;;;;;;
 ;00:55:59;4.200;0.049;182.3;30.0;;;;;;;;;;;;;;;;;;
 ;00:56:00;4.200;0.049;182.3;30.0;;;;;;;;;;;;;;;;;;
 ;00:56:01;4.200;0.049;182.3;30.0;;;;;;;;;;;;;;;;;;
 ;00:56:02;4.200;0.049;182.3;30.0;;;;;;;;;;;;;;;;;;
 ;00:56:03;4.200;0.049;182.3;30.0;;;;;;;;;;;;;;;;;;
 ;00:56:04;4.200;0.049;182.4;30.0;;;;;;;;;;;;;;;;;;
 ;00:56:05;4.200;0.049;182.4;30.0;;;;;;;;;;;;;;;;;;
 ;00:56:06;4.200;0.049;182.4;30.0;;;;;;;;;;;;;;;;;;
 ;00:56:07;4.200;0.049;182.4;30.0;;;;;;;;;;;;;;;;;;
 ;00:56:08;4.200;0.049;182.4;30.0;;;;;;;;;;;;;;;;;;
 ;00:56:09;4.200;0.049;182.4;30.0;;;;;;;;;;;;;;;;;;
 ;00:56:10;4.200;0.049;182.4;30.0;;;;;;;;;;;;;;;;;;
 ;00:56:11;4.200;0.049;182.5;30.0;;;;;;;;;;;;;;;;;;
 ;00:56:12;4.200;0.049;182.5;30.0;;;;;;;;;;;;;;;;;;
 ;00:56:13;4.200;0.049;182.5;30.0;;;;;;;;;;;;;;;;;;
 ;00:56:14;4.200;0.049;182.5;30.0;;;;;;;;;;;;;;;;;;
 ;00:56:15;4.200;0.048;182.5;30.0;;;;;;;;;;;;;;;;;;
 ;00:56:16;4.200;0.048;182.5;30.0;;;;;;;;;;;;;;;;;;
 ;00:56:17;4.200;0.048;182.5;30.0;;;;;;;;;;;;;;;;;;
 ;00:56:18;4.200;0.048;182.5;30.0;;;;;;;;;;;;;;;;;;
 ;00:56:19;4.200;0.048;182.6;30.0;;;;;;;;;;;;;;;;;;
 ;00:56:20;4.200;0.048;182.6;30.0;;;;;;;;;;;;;;;;;;
 ;00:56:21;4.200;0.048;182.6;30.0;;;;;;;;;;;;;;;;;;
 ;00:56:22;4.200;0.048;182.6;30.0;;;;;;;;;;;;;;;;;;
 ;00:56:23;4.200;0.048;182.6;30.0;;;;;;;;;;;;;;;;;;
 ;00:56:24;4.200;0.048;182.6;30.0;;;;;;;;;;;;;;;;;;
 ;00:56:25;4.200;0.048;182.6;30.0;;;;;;;;;;;;;;;;;;
 ;00:56:26;4.200;0.048;182.7;30.0;;;;;;;;;;;;;;;;;;
 ;00:56:27;4.200;0.048;182.7;30.0;;;;;;;;;;;;;;;;;;
 ;00:56:28;4.200;0.048;182.7;30.0;;;;;;;;;;;;;;;;;;
 ;00:56:29;4.200;0.048;182.7;30.0;;;;;;;;;;;;;;;;;;
 ;00:56:30;4.200;0.048;182.7;30.0;;;;;;;;;;;;;;;;;;
 ;00:56:31;4.200;0.048;182.7;30.0;;;;;;;;;;;;;;;;;;
 ;00:56:32;4.200;0.048;182.7;30.0;;;;;;;;;;;;;;;;;;
 ;00:56:33;4.200;0.048;182.7;30.0;;;;;;;;;;;;;;;;;;
 ;00:56:34;4.200;0.048;182.8;30.0;;;;;;;;;;;;;;;;;;
 ;00:56:35;4.200;0.048;182.8;30.0;;;;;;;;;;;;;;;;;;
 ;00:56:36;4.200;0.048;182.8;30.0;;;;;;;;;;;;;;;;;;
 ;00:56:37;4.200;0.048;182.8;30.0;;;;;;;;;;;;;;;;;;
 ;00:56:38;4.200;0.048;182.8;30.0;;;;;;;;;;;;;;;;;;
 ;00:56:39;4.200;0.048;182.8;30.0;;;;;;;;;;;;;;;;;;
 ;00:56:40;4.200;0.048;182.8;30.0;;;;;;;;;;;;;;;;;;
 ;00:56:41;4.200;0.048;182.9;30.0;;;;;;;;;;;;;;;;;;
 ;00:56:42;4.200;0.048;182.9;30.0;;;;;;;;;;;;;;;;;;
 ;00:56:43;4.200;0.048;182.9;30.0;;;;;;;;;;;;;;;;;;
 ;00:56:44;4.200;0.048;182.9;30.0;;;;;;;;;;;;;;;;;;
 ;00:56:45;4.200;0.048;182.9;30.0;;;;;;;;;;;;;;;;;;
 ;00:56:46;4.200;0.048;182.9;30.0;;;;;;;;;;;;;;;;;;
 ;00:56:47;4.200;0.048;182.9;30.0;;;;;;;;;;;;;;;;;;
 ;00:56:48;4.200;0.048;182.9;30.0;;;;;;;;;;;;;;;;;;
 ;00:56:49;4.200;0.048;183.0;30.0;;;;;;;;;;;;;;;;;;
 ;00:56:50;4.200;0.048;183.0;30.0;;;;;;;;;;;;;;;;;;
 ;00:56:51;4.200;0.048;183.0;30.0;;;;;;;;;;;;;;;;;;
 ;00:56:52;4.200;0.048;183.0;30.0;;;;;;;;;;;;;;;;;;
 ;00:56:53;4.200;0.048;183.0;30.0;;;;;;;;;;;;;;;;;;
 ;00:56:54;4.200;0.048;183.0;30.0;;;;;;;;;;;;;;;;;;
 ;00:56:55;4.200;0.048;183.0;30.0;;;;;;;;;;;;;;;;;;
 ;00:56:56;4.200;0.048;183.1;30.0;;;;;;;;;;;;;;;;;;
 ;00:56:57;4.200;0.048;183.1;30.0;;;;;;;;;;;;;;;;;;
 ;00:56:58;4.200;0.048;183.1;30.0;;;;;;;;;;;;;;;;;;
 ;00:56:59;4.200;0.048;183.1;30.0;;;;;;;;;;;;;;;;;;
 ;00:57:00;4.200;0.048;183.1;30.0;;;;;;;;;;;;;;;;;;
 ;00:57:01;4.200;0.048;183.1;30.0;;;;;;;;;;;;;;;;;;
 ;00:57:02;4.200;0.048;183.1;30.0;;;;;;;;;;;;;;;;;;
 ;00:57:03;4.200;0.048;183.1;30.0;;;;;;;;;;;;;;;;;;
 ;00:57:04;4.200;0.048;183.2;30.0;;;;;;;;;;;;;;;;;;
 ;00:57:05;4.200;0.048;183.2;30.0;;;;;;;;;;;;;;;;;;
 ;00:57:06;4.200;0.048;183.2;30.0;;;;;;;;;;;;;;;;;;
 ;00:57:07;4.200;0.048;183.2;30.0;;;;;;;;;;;;;;;;;;
 ;00:57:08;4.200;0.048;183.2;30.0;;;;;;;;;;;;;;;;;;
 ;00:57:09;4.200;0.048;183.2;30.0;;;;;;;;;;;;;;;;;;
 ;00:57:10;4.200;0.048;183.2;30.0;;;;;;;;;;;;;;;;;;
 ;00:57:11;4.200;0.048;183.3;30.0;;;;;;;;;;;;;;;;;;
 ;00:57:12;4.200;0.048;183.3;30.0;;;;;;;;;;;;;;;;;;
 ;00:57:13;4.200;0.048;183.3;30.0;;;;;;;;;;;;;;;;;;
 ;00:57:14;4.200;0.048;183.3;30.0;;;;;;;;;;;;;;;;;;
 ;00:57:15;4.200;0.048;183.3;30.0;;;;;;;;;;;;;;;;;;
 ;00:57:16;4.200;0.048;183.3;30.0;;;;;;;;;;;;;;;;;;
 ;00:57:17;4.200;0.048;183.3;30.0;;;;;;;;;;;;;;;;;;
 ;00:57:18;4.200;0.048;183.3;30.0;;;;;;;;;;;;;;;;;;
 ;00:57:19;4.200;0.048;183.4;30.0;;;;;;;;;;;;;;;;;;
 ;00:57:20;4.200;0.048;183.4;30.0;;;;;;;;;;;;;;;;;;
 ;00:57:21;4.200;0.047;183.4;30.0;;;;;;;;;;;;;;;;;;
 ;00:57:22;4.200;0.046;183.4;30.0;;;;;;;;;;;;;;;;;;
 ;00:57:23;4.200;0.046;183.4;30.0;;;;;;;;;;;;;;;;;;
 ;00:57:24;4.200;0.046;183.4;30.0;;;;;;;;;;;;;;;;;;
 ;00:57:25;4.200;0.046;183.4;30.0;;;;;;;;;;;;;;;;;;
 ;00:57:26;4.200;0.046;183.5;30.0;;;;;;;;;;;;;;;;;;
 ;00:57:27;4.200;0.046;183.5;30.0;;;;;;;;;;;;;;;;;;
 ;00:57:28;4.200;0.046;183.5;30.0;;;;;;;;;;;;;;;;;;
 ;00:57:29;4.200;0.046;183.5;30.0;;;;;;;;;;;;;;;;;;
 ;00:57:30;4.200;0.046;183.5;30.0;;;;;;;;;;;;;;;;;;
 ;00:57:31;4.200;0.046;183.5;30.0;;;;;;;;;;;;;;;;;;
 ;00:57:32;4.200;0.046;183.5;30.0;;;;;;;;;;;;;;;;;;
 ;00:57:33;4.200;0.046;183.5;30.0;;;;;;;;;;;;;;;;;;
 ;00:57:34;4.200;0.046;183.6;30.0;;;;;;;;;;;;;;;;;;
 ;00:57:35;4.200;0.046;183.6;30.0;;;;;;;;;;;;;;;;;;
 ;00:57:36;4.200;0.046;183.6;30.0;;;;;;;;;;;;;;;;;;
 ;00:57:37;4.200;0.046;183.6;30.0;;;;;;;;;;;;;;;;;;
 ;00:57:38;4.200;0.046;183.6;30.0;;;;;;;;;;;;;;;;;;
 ;00:57:39;4.200;0.046;183.6;30.0;;;;;;;;;;;;;;;;;;
 ;00:57:40;4.200;0.046;183.6;30.0;;;;;;;;;;;;;;;;;;
 ;00:57:41;4.200;0.046;183.6;30.0;;;;;;;;;;;;;;;;;;
 ;00:57:42;4.200;0.046;183.7;30.0;;;;;;;;;;;;;;;;;;
 ;00:57:43;4.200;0.046;183.7;30.0;;;;;;;;;;;;;;;;;;
 ;00:57:44;4.200;0.046;183.7;30.0;;;;;;;;;;;;;;;;;;
 ;00:57:45;4.200;0.046;183.7;30.0;;;;;;;;;;;;;;;;;;
 ;00:57:46;4.200;0.046;183.7;30.0;;;;;;;;;;;;;;;;;;
 ;00:57:47;4.200;0.046;183.7;30.0;;;;;;;;;;;;;;;;;;
 ;00:57:48;4.200;0.046;183.7;30.0;;;;;;;;;;;;;;;;;;
 ;00:57:49;4.200;0.046;183.7;30.0;;;;;;;;;;;;;;;;;;
 ;00:57:50;4.200;0.046;183.8;30.0;;;;;;;;;;;;;;;;;;
 ;00:57:51;4.200;0.046;183.8;30.0;;;;;;;;;;;;;;;;;;
 ;00:57:52;4.200;0.046;183.8;30.0;;;;;;;;;;;;;;;;;;
 ;00:57:53;4.200;0.046;183.8;30.0;;;;;;;;;;;;;;;;;;
 ;00:57:54;4.200;0.046;183.8;30.0;;;;;;;;;;;;;;;;;;
 ;00:57:55;4.200;0.046;183.8;30.0;;;;;;;;;;;;;;;;;;
 ;00:57:56;4.200;0.046;183.8;30.0;;;;;;;;;;;;;;;;;;
 ;00:57:57;4.200;0.046;183.8;30.0;;;;;;;;;;;;;;;;;;
 ;00:57:58;4.200;0.046;183.9;30.0;;;;;;;;;;;;;;;;;;
 ;00:57:59;4.200;0.046;183.9;30.0;;;;;;;;;;;;;;;;;;
 ;00:58:00;4.200;0.046;183.9;30.0;;;;;;;;;;;;;;;;;;
 ;00:58:01;4.200;0.046;183.9;30.0;;;;;;;;;;;;;;;;;;
 ;00:58:02;4.200;0.046;183.9;30.0;;;;;;;;;;;;;;;;;;
 ;00:58:03;4.200;0.046;183.9;30.0;;;;;;;;;;;;;;;;;;
 ;00:58:04;4.200;0.046;183.9;30.0;;;;;;;;;;;;;;;;;;
 ;00:58:05;4.200;0.046;184.0;30.0;;;;;;;;;;;;;;;;;;
 ;00:58:06;4.200;0.046;184.0;30.0;;;;;;;;;;;;;;;;;;
 ;00:58:07;4.200;0.046;184.0;30.0;;;;;;;;;;;;;;;;;;
 ;00:58:08;4.200;0.046;184.0;30.0;;;;;;;;;;;;;;;;;;
 ;00:58:09;4.200;0.046;184.0;30.0;;;;;;;;;;;;;;;;;;
 ;00:58:10;4.200;0.046;184.0;30.0;;;;;;;;;;;;;;;;;;
 ;00:58:11;4.200;0.046;184.0;30.0;;;;;;;;;;;;;;;;;;
 ;00:58:12;4.200;0.046;184.0;30.0;;;;;;;;;;;;;;;;;;
 ;00:58:13;4.200;0.046;184.1;30.0;;;;;;;;;;;;;;;;;;
 ;00:58:14;4.200;0.046;184.1;30.0;;;;;;;;;;;;;;;;;;
 ;00:58:15;4.200;0.046;184.1;30.0;;;;;;;;;;;;;;;;;;
 ;00:58:16;4.200;0.046;184.1;30.0;;;;;;;;;;;;;;;;;;
 ;00:58:17;4.200;0.046;184.1;30.0;;;;;;;;;;;;;;;;;;
 ;00:58:18;4.200;0.046;184.1;30.0;;;;;;;;;;;;;;;;;;
 ;00:58:19;4.200;0.046;184.1;30.0;;;;;;;;;;;;;;;;;;
 ;00:58:20;4.200;0.046;184.1;30.0;;;;;;;;;;;;;;;;;;
 ;00:58:21;4.200;0.046;184.2;30.0;;;;;;;;;;;;;;;;;;
 ;00:58:22;4.200;0.046;184.2;30.0;;;;;;;;;;;;;;;;;;
 ;00:58:23;4.200;0.046;184.2;30.0;;;;;;;;;;;;;;;;;;
 ;00:58:24;4.200;0.046;184.2;30.0;;;;;;;;;;;;;;;;;;
 ;00:58:25;4.200;0.046;184.2;30.0;;;;;;;;;;;;;;;;;;
 ;00:58:26;4.200;0.046;184.2;30.0;;;;;;;;;;;;;;;;;;
 ;00:58:27;4.200;0.046;184.2;30.0;;;;;;;;;;;;;;;;;;
 ;00:58:28;4.200;0.046;184.2;30.0;;;;;;;;;;;;;;;;;;
 ;00:58:29;4.200;0.045;184.3;30.0;;;;;;;;;;;;;;;;;;
 ;00:58:30;4.200;0.045;184.3;30.0;;;;;;;;;;;;;;;;;;
 ;00:58:31;4.200;0.045;184.3;30.0;;;;;;;;;;;;;;;;;;
 ;00:58:32;4.200;0.045;184.3;30.0;;;;;;;;;;;;;;;;;;
 ;00:58:33;4.200;0.045;184.3;30.0;;;;;;;;;;;;;;;;;;
 ;00:58:34;4.200;0.045;184.3;30.0;;;;;;;;;;;;;;;;;;
 ;00:58:35;4.200;0.045;184.3;30.0;;;;;;;;;;;;;;;;;;
 ;00:58:36;4.200;0.045;184.3;30.0;;;;;;;;;;;;;;;;;;
 ;00:58:37;4.200;0.045;184.4;30.0;;;;;;;;;;;;;;;;;;
 ;00:58:38;4.200;0.045;184.4;30.0;;;;;;;;;;;;;;;;;;
 ;00:58:39;4.200;0.045;184.4;30.0;;;;;;;;;;;;;;;;;;
 ;00:58:40;4.200;0.045;184.4;30.0;;;;;;;;;;;;;;;;;;
 ;00:58:41;4.200;0.045;184.4;30.0;;;;;;;;;;;;;;;;;;
 ;00:58:42;4.200;0.045;184.4;30.0;;;;;;;;;;;;;;;;;;
 ;00:58:43;4.200;0.045;184.4;30.0;;;;;;;;;;;;;;;;;;
 ;00:58:44;4.200;0.045;184.4;30.0;;;;;;;;;;;;;;;;;;
 ;00:58:45;4.200;0.045;184.5;30.0;;;;;;;;;;;;;;;;;;
 ;00:58:46;4.200;0.045;184.5;30.0;;;;;;;;;;;;;;;;;;
 ;00:58:47;4.200;0.045;184.5;30.0;;;;;;;;;;;;;;;;;;
 ;00:58:48;4.200;0.045;184.5;30.0;;;;;;;;;;;;;;;;;;
 ;00:58:49;4.200;0.045;184.5;30.0;;;;;;;;;;;;;;;;;;
 ;00:58:50;4.200;0.045;184.5;30.0;;;;;;;;;;;;;;;;;;
 ;00:58:51;4.200;0.045;184.5;30.0;;;;;;;;;;;;;;;;;;
 ;00:58:52;4.200;0.045;184.5;30.0;;;;;;;;;;;;;;;;;;
 ;00:58:53;4.200;0.045;184.6;30.0;;;;;;;;;;;;;;;;;;
 ;00:58:54;4.200;0.045;184.6;30.0;;;;;;;;;;;;;;;;;;
 ;00:58:55;4.200;0.045;184.6;30.0;;;;;;;;;;;;;;;;;;
 ;00:58:56;4.200;0.045;184.6;30.0;;;;;;;;;;;;;;;;;;
 ;00:58:57;4.200;0.045;184.6;30.0;;;;;;;;;;;;;;;;;;
 ;00:58:58;4.200;0.045;184.6;30.0;;;;;;;;;;;;;;;;;;
 ;00:58:59;4.200;0.045;184.6;30.0;;;;;;;;;;;;;;;;;;
 ;00:59:00;4.200;0.045;184.6;30.0;;;;;;;;;;;;;;;;;;
 ;00:59:01;4.200;0.045;184.7;30.0;;;;;;;;;;;;;;;;;;
 ;00:59:02;4.200;0.045;184.7;30.0;;;;;;;;;;;;;;;;;;
 ;00:59:03;4.200;0.045;184.7;30.0;;;;;;;;;;;;;;;;;;
 ;00:59:04;4.200;0.045;184.7;30.0;;;;;;;;;;;;;;;;;;
 ;00:59:05;4.200;0.045;184.7;30.0;;;;;;;;;;;;;;;;;;
 ;00:59:06;4.200;0.045;184.7;30.0;;;;;;;;;;;;;;;;;;
 ;00:59:07;4.200;0.045;184.7;30.0;;;;;;;;;;;;;;;;;;
 ;00:59:08;4.200;0.045;184.7;30.0;;;;;;;;;;;;;;;;;;
 ;00:59:09;4.200;0.045;184.8;30.0;;;;;;;;;;;;;;;;;;
 ;00:59:10;4.200;0.045;184.8;30.0;;;;;;;;;;;;;;;;;;
 ;00:59:11;4.200;0.045;184.8;30.0;;;;;;;;;;;;;;;;;;
 ;00:59:12;4.200;0.045;184.8;30.0;;;;;;;;;;;;;;;;;;
 ;00:59:13;4.200;0.045;184.8;30.0;;;;;;;;;;;;;;;;;;
 ;00:59:14;4.200;0.045;184.8;30.0;;;;;;;;;;;;;;;;;;
 ;00:59:15;4.200;0.045;184.8;30.0;;;;;;;;;;;;;;;;;;
 ;00:59:16;4.200;0.045;184.8;30.0;;;;;;;;;;;;;;;;;;
 ;00:59:17;4.200;0.045;184.9;30.0;;;;;;;;;;;;;;;;;;
 ;00:59:18;4.200;0.045;184.9;30.0;;;;;;;;;;;;;;;;;;
 ;00:59:19;4.200;0.045;184.9;30.0;;;;;;;;;;;;;;;;;;
 ;00:59:20;4.200;0.045;184.9;30.0;;;;;;;;;;;;;;;;;;
 ;00:59:21;4.200;0.045;184.9;30.0;;;;;;;;;;;;;;;;;;
 ;00:59:22;4.200;0.045;184.9;30.0;;;;;;;;;;;;;;;;;;
 ;00:59:23;4.200;0.045;184.9;30.0;;;;;;;;;;;;;;;;;;
 ;00:59:24;4.200;0.045;184.9;30.0;;;;;;;;;;;;;;;;;;
 ;00:59:25;4.200;0.045;185.0;30.0;;;;;;;;;;;;;;;;;;
 ;00:59:26;4.200;0.045;185.0;30.0;;;;;;;;;;;;;;;;;;
 ;00:59:27;4.200;0.045;185.0;30.0;;;;;;;;;;;;;;;;;;
 ;00:59:28;4.200;0.045;185.0;30.0;;;;;;;;;;;;;;;;;;
 ;00:59:29;4.200;0.045;185.0;30.0;;;;;;;;;;;;;;;;;;
 ;00:59:30;4.200;0.045;185.0;30.0;;;;;;;;;;;;;;;;;;
 ;00:59:31;4.200;0.045;185.0;30.0;;;;;;;;;;;;;;;;;;
 ;00:59:32;4.200;0.045;185.0;30.0;;;;;;;;;;;;;;;;;;
 ;00:59:33;4.200;0.045;185.1;30.0;;;;;;;;;;;;;;;;;;
 ;00:59:34;4.200;0.045;185.1;30.0;;;;;;;;;;;;;;;;;;
 ;00:59:35;4.200;0.045;185.1;30.0;;;;;;;;;;;;;;;;;;
 ;00:59:36;4.200;0.045;185.1;30.0;;;;;;;;;;;;;;;;;;
 ;00:59:37;4.200;0.045;185.1;30.0;;;;;;;;;;;;;;;;;;
 ;00:59:38;4.200;0.045;185.1;30.0;;;;;;;;;;;;;;;;;;
 ;00:59:39;4.200;0.044;185.1;30.0;;;;;;;;;;;;;;;;;;
 ;00:59:40;4.200;0.044;185.1;30.0;;;;;;;;;;;;;;;;;;
 ;00:59:41;4.200;0.044;185.2;30.0;;;;;;;;;;;;;;;;;;
 ;00:59:42;4.200;0.044;185.2;30.0;;;;;;;;;;;;;;;;;;
 ;00:59:43;4.200;0.044;185.2;30.0;;;;;;;;;;;;;;;;;;
 ;00:59:44;4.200;0.044;185.2;30.0;;;;;;;;;;;;;;;;;;
 ;00:59:45;4.200;0.044;185.2;30.0;;;;;;;;;;;;;;;;;;
 ;00:59:46;4.200;0.044;185.2;30.0;;;;;;;;;;;;;;;;;;
 ;00:59:47;4.200;0.044;185.2;30.0;;;;;;;;;;;;;;;;;;
 ;00:59:48;4.200;0.044;185.2;30.0;;;;;;;;;;;;;;;;;;
 ;00:59:49;4.200;0.044;185.3;30.0;;;;;;;;;;;;;;;;;;
 ;00:59:50;4.200;0.044;185.3;30.0;;;;;;;;;;;;;;;;;;
 ;00:59:51;4.200;0.044;185.3;30.0;;;;;;;;;;;;;;;;;;
 ;00:59:52;4.200;0.044;185.3;30.0;;;;;;;;;;;;;;;;;;
 ;00:59:53;4.200;0.044;185.3;30.0;;;;;;;;;;;;;;;;;;
 ;00:59:54;4.200;0.044;185.3;30.0;;;;;;;;;;;;;;;;;;
 ;00:59:55;4.200;0.044;185.3;30.0;;;;;;;;;;;;;;;;;;
 ;00:59:56;4.200;0.044;185.3;30.0;;;;;;;;;;;;;;;;;;
 ;00:59:57;4.200;0.044;185.4;30.0;;;;;;;;;;;;;;;;;;
 ;00:59:58;4.200;0.044;185.4;30.0;;;;;;;;;;;;;;;;;;
 ;00:59:59;4.200;0.044;185.4;30.0;;;;;;;;;;;;;;;;;;
 ;01:00:00;4.200;0.044;185.4;30.0;;;;;;;;;;;;;;;;;;
 ;01:00:01;4.200;0.044;185.4;30.0;;;;;;;;;;;;;;;;;;
 ;01:00:02;4.200;0.044;185.4;30.0;;;;;;;;;;;;;;;;;;
 ;01:00:03;4.200;0.044;185.4;30.0;;;;;;;;;;;;;;;;;;
 ;01:00:04;4.200;0.044;185.4;30.0;;;;;;;;;;;;;;;;;;
 ;01:00:05;4.200;0.044;185.4;30.0;;;;;;;;;;;;;;;;;;
 ;01:00:06;4.200;0.044;185.5;30.0;;;;;;;;;;;;;;;;;;
 ;01:00:07;4.200;0.044;185.5;30.0;;;;;;;;;;;;;;;;;;
 ;01:00:08;4.200;0.044;185.5;30.0;;;;;;;;;;;;;;;;;;
 ;01:00:09;4.200;0.044;185.5;30.0;;;;;;;;;;;;;;;;;;
 ;01:00:10;4.200;0.044;185.5;30.0;;;;;;;;;;;;;;;;;;
 ;01:00:11;4.200;0.044;185.5;30.0;;;;;;;;;;;;;;;;;;
 ;01:00:12;4.200;0.044;185.5;30.0;;;;;;;;;;;;;;;;;;
 ;01:00:13;4.200;0.044;185.5;30.0;;;;;;;;;;;;;;;;;;
 ;01:00:14;4.200;0.044;185.6;30.0;;;;;;;;;;;;;;;;;;
 ;01:00:15;4.200;0.044;185.6;30.0;;;;;;;;;;;;;;;;;;
 ;01:00:16;4.200;0.044;185.6;30.0;;;;;;;;;;;;;;;;;;
 ;01:00:17;4.200;0.044;185.6;30.0;;;;;;;;;;;;;;;;;;
 ;01:00:18;4.200;0.044;185.6;30.0;;;;;;;;;;;;;;;;;;
 ;01:00:19;4.200;0.044;185.6;30.0;;;;;;;;;;;;;;;;;;
 ;01:00:20;4.200;0.044;185.6;30.0;;;;;;;;;;;;;;;;;;
 ;01:00:21;4.200;0.044;185.6;30.0;;;;;;;;;;;;;;;;;;
 ;01:00:22;4.200;0.044;185.7;30.0;;;;;;;;;;;;;;;;;;
 ;01:00:23;4.200;0.044;185.7;30.0;;;;;;;;;;;;;;;;;;
 ;01:00:24;4.200;0.044;185.7;30.0;;;;;;;;;;;;;;;;;;
 ;01:00:25;4.200;0.044;185.7;30.0;;;;;;;;;;;;;;;;;;
 ;01:00:26;4.200;0.044;185.7;30.0;;;;;;;;;;;;;;;;;;
 ;01:00:27;4.200;0.044;185.7;30.0;;;;;;;;;;;;;;;;;;
 ;01:00:28;4.200;0.044;185.7;30.0;;;;;;;;;;;;;;;;;;
 ;01:00:29;4.200;0.044;185.7;30.0;;;;;;;;;;;;;;;;;;
 ;01:00:30;4.200;0.044;185.8;30.0;;;;;;;;;;;;;;;;;;
 ;01:00:31;4.200;0.044;185.8;30.0;;;;;;;;;;;;;;;;;;
 ;01:00:32;4.200;0.044;185.8;30.0;;;;;;;;;;;;;;;;;;
 ;01:00:33;4.200;0.044;185.8;30.0;;;;;;;;;;;;;;;;;;
 ;01:00:34;4.200;0.044;185.8;30.0;;;;;;;;;;;;;;;;;;
 ;01:00:35;4.200;0.044;185.8;30.0;;;;;;;;;;;;;;;;;;
 ;01:00:36;4.200;0.044;185.8;30.0;;;;;;;;;;;;;;;;;;
 ;01:00:37;4.200;0.044;185.8;30.0;;;;;;;;;;;;;;;;;;
 ;01:00:38;4.200;0.044;185.9;30.0;;;;;;;;;;;;;;;;;;
 ;01:00:39;4.200;0.044;185.9;30.0;;;;;;;;;;;;;;;;;;
 ;01:00:40;4.200;0.044;185.9;30.0;;;;;;;;;;;;;;;;;;
 ;01:00:41;4.200;0.044;185.9;30.0;;;;;;;;;;;;;;;;;;
 ;01:00:42;4.200;0.044;185.9;30.0;;;;;;;;;;;;;;;;;;
 ;01:00:43;4.200;0.044;185.9;30.0;;;;;;;;;;;;;;;;;;
 ;01:00:44;4.200;0.044;185.9;30.0;;;;;;;;;;;;;;;;;;
 ;01:00:45;4.200;0.044;185.9;30.0;;;;;;;;;;;;;;;;;;
 ;01:00:46;4.200;0.044;186.0;30.0;;;;;;;;;;;;;;;;;;
 ;01:00:47;4.200;0.044;186.0;30.0;;;;;;;;;;;;;;;;;;
 ;01:00:48;4.200;0.044;186.0;30.0;;;;;;;;;;;;;;;;;;
 ;01:00:49;4.200;0.044;186.0;30.0;;;;;;;;;;;;;;;;;;
 ;01:00:50;4.200;0.044;186.0;30.0;;;;;;;;;;;;;;;;;;
 ;01:00:51;4.200;0.044;186.0;30.0;;;;;;;;;;;;;;;;;;
 ;01:00:52;4.200;0.043;186.0;30.0;;;;;;;;;;;;;;;;;;
 ;01:00:53;4.200;0.043;186.0;30.0;;;;;;;;;;;;;;;;;;
 ;01:00:54;4.200;0.043;186.0;30.0;;;;;;;;;;;;;;;;;;
 ;01:00:55;4.200;0.043;186.1;30.0;;;;;;;;;;;;;;;;;;
 ;01:00:56;4.200;0.043;186.1;30.0;;;;;;;;;;;;;;;;;;
 ;01:00:57;4.200;0.043;186.1;30.0;;;;;;;;;;;;;;;;;;
 ;01:00:58;4.200;0.043;186.1;30.0;;;;;;;;;;;;;;;;;;
 ;01:00:59;4.200;0.043;186.1;30.0;;;;;;;;;;;;;;;;;;
 ;01:01:00;4.200;0.043;186.1;30.0;;;;;;;;;;;;;;;;;;
 ;01:01:01;4.200;0.043;186.1;30.0;;;;;;;;;;;;;;;;;;
 ;01:01:02;4.200;0.043;186.1;30.0;;;;;;;;;;;;;;;;;;
 ;01:01:03;4.200;0.043;186.2;30.0;;;;;;;;;;;;;;;;;;
 ;01:01:04;4.200;0.043;186.2;30.0;;;;;;;;;;;;;;;;;;
 ;01:01:05;4.200;0.043;186.2;30.0;;;;;;;;;;;;;;;;;;
 ;01:01:06;4.200;0.043;186.2;30.0;;;;;;;;;;;;;;;;;;
 ;01:01:07;4.200;0.043;186.2;30.0;;;;;;;;;;;;;;;;;;
 ;01:01:08;4.200;0.043;186.2;30.0;;;;;;;;;;;;;;;;;;
 ;01:01:09;4.200;0.043;186.2;30.0;;;;;;;;;;;;;;;;;;
 ;01:01:10;4.200;0.043;186.2;30.0;;;;;;;;;;;;;;;;;;
 ;01:01:11;4.200;0.043;186.3;30.0;;;;;;;;;;;;;;;;;;
 ;01:01:12;4.200;0.043;186.3;30.0;;;;;;;;;;;;;;;;;;
 ;01:01:13;4.200;0.043;186.3;30.0;;;;;;;;;;;;;;;;;;
 ;01:01:14;4.200;0.043;186.3;30.0;;;;;;;;;;;;;;;;;;
 ;01:01:15;4.200;0.043;186.3;30.0;;;;;;;;;;;;;;;;;;
 ;01:01:16;4.200;0.043;186.3;30.0;;;;;;;;;;;;;;;;;;
 ;01:01:17;4.200;0.043;186.3;30.0;;;;;;;;;;;;;;;;;;
 ;01:01:18;4.200;0.043;186.3;30.0;;;;;;;;;;;;;;;;;;
 ;01:01:19;4.200;0.043;186.3;30.0;;;;;;;;;;;;;;;;;;
 ;01:01:20;4.200;0.043;186.4;30.0;;;;;;;;;;;;;;;;;;
 ;01:01:21;4.200;0.043;186.4;30.0;;;;;;;;;;;;;;;;;;
 ;01:01:22;4.200;0.043;186.4;30.0;;;;;;;;;;;;;;;;;;
 ;01:01:23;4.200;0.043;186.4;30.0;;;;;;;;;;;;;;;;;;
 ;01:01:24;4.200;0.043;186.4;30.0;;;;;;;;;;;;;;;;;;
 ;01:01:25;4.200;0.043;186.4;30.0;;;;;;;;;;;;;;;;;;
 ;01:01:26;4.200;0.043;186.4;30.0;;;;;;;;;;;;;;;;;;
 ;01:01:27;4.200;0.043;186.4;30.0;;;;;;;;;;;;;;;;;;
 ;01:01:28;4.200;0.043;186.5;30.0;;;;;;;;;;;;;;;;;;
 ;01:01:29;4.200;0.043;186.5;30.0;;;;;;;;;;;;;;;;;;
 ;01:01:30;4.200;0.043;186.5;30.0;;;;;;;;;;;;;;;;;;
 ;01:01:31;4.200;0.043;186.5;30.0;;;;;;;;;;;;;;;;;;
 ;01:01:32;4.200;0.043;186.5;30.0;;;;;;;;;;;;;;;;;;
 ;01:01:33;4.200;0.043;186.5;30.0;;;;;;;;;;;;;;;;;;
 ;01:01:34;4.200;0.043;186.5;30.0;;;;;;;;;;;;;;;;;;
 ;01:01:35;4.200;0.043;186.5;30.0;;;;;;;;;;;;;;;;;;
 ;01:01:36;4.200;0.043;186.5;30.0;;;;;;;;;;;;;;;;;;
 ;01:01:37;4.200;0.043;186.6;30.0;;;;;;;;;;;;;;;;;;
 ;01:01:38;4.200;0.043;186.6;30.0;;;;;;;;;;;;;;;;;;
 ;01:01:39;4.200;0.043;186.6;30.0;;;;;;;;;;;;;;;;;;
 ;01:01:40;4.200;0.043;186.6;30.0;;;;;;;;;;;;;;;;;;
 ;01:01:41;4.200;0.043;186.6;30.0;;;;;;;;;;;;;;;;;;
 ;01:01:42;4.200;0.043;186.6;30.0;;;;;;;;;;;;;;;;;;
 ;01:01:43;4.200;0.043;186.6;30.0;;;;;;;;;;;;;;;;;;
 ;01:01:44;4.200;0.043;186.6;30.0;;;;;;;;;;;;;;;;;;
 ;01:01:45;4.200;0.043;186.7;30.0;;;;;;;;;;;;;;;;;;
 ;01:01:46;4.200;0.043;186.7;30.0;;;;;;;;;;;;;;;;;;
 ;01:01:47;4.200;0.043;186.7;30.0;;;;;;;;;;;;;;;;;;
 ;01:01:48;4.200;0.043;186.7;30.0;;;;;;;;;;;;;;;;;;
 ;01:01:49;4.200;0.043;186.7;30.0;;;;;;;;;;;;;;;;;;
 ;01:01:50;4.200;0.043;186.7;30.0;;;;;;;;;;;;;;;;;;
 ;01:01:51;4.200;0.043;186.7;30.0;;;;;;;;;;;;;;;;;;
 ;01:01:52;4.200;0.043;186.7;30.0;;;;;;;;;;;;;;;;;;
 ;01:01:53;4.200;0.043;186.8;30.0;;;;;;;;;;;;;;;;;;
 ;01:01:54;4.200;0.043;186.8;30.0;;;;;;;;;;;;;;;;;;
 ;01:01:55;4.200;0.043;186.8;30.0;;;;;;;;;;;;;;;;;;
 ;01:01:56;4.200;0.043;186.8;30.0;;;;;;;;;;;;;;;;;;
 ;01:01:57;4.200;0.043;186.8;30.0;;;;;;;;;;;;;;;;;;
 ;01:01:58;4.200;0.043;186.8;30.0;;;;;;;;;;;;;;;;;;
 ;01:01:59;4.200;0.043;186.8;30.0;;;;;;;;;;;;;;;;;;
 ;01:02:00;4.200;0.043;186.8;30.0;;;;;;;;;;;;;;;;;;
 ;01:02:01;4.200;0.043;186.8;30.0;;;;;;;;;;;;;;;;;;
 ;01:02:02;4.200;0.043;186.9;30.0;;;;;;;;;;;;;;;;;;
 ;01:02:03;4.200;0.043;186.9;30.0;;;;;;;;;;;;;;;;;;
 ;01:02:04;4.200;0.043;186.9;30.0;;;;;;;;;;;;;;;;;;
 ;01:02:05;4.200;0.043;186.9;30.0;;;;;;;;;;;;;;;;;;
 ;01:02:06;4.200;0.043;186.9;30.0;;;;;;;;;;;;;;;;;;
 ;01:02:07;4.200;0.043;186.9;30.0;;;;;;;;;;;;;;;;;;
 ;01:02:08;4.200;0.042;186.9;30.0;;;;;;;;;;;;;;;;;;
 ;01:02:09;4.200;0.042;186.9;30.0;;;;;;;;;;;;;;;;;;
 ;01:02:10;4.200;0.042;187.0;30.0;;;;;;;;;;;;;;;;;;
 ;01:02:11;4.200;0.042;187.0;30.0;;;;;;;;;;;;;;;;;;
 ;01:02:12;4.200;0.042;187.0;30.0;;;;;;;;;;;;;;;;;;
 ;01:02:13;4.200;0.042;187.0;30.0;;;;;;;;;;;;;;;;;;
 ;01:02:14;4.200;0.042;187.0;30.0;;;;;;;;;;;;;;;;;;
 ;01:02:15;4.200;0.042;187.0;30.0;;;;;;;;;;;;;;;;;;
 ;01:02:16;4.200;0.042;187.0;30.0;;;;;;;;;;;;;;;;;;
 ;01:02:17;4.200;0.042;187.0;30.0;;;;;;;;;;;;;;;;;;
 ;01:02:18;4.200;0.042;187.0;30.0;;;;;;;;;;;;;;;;;;
 ;01:02:19;4.200;0.042;187.1;30.0;;;;;;;;;;;;;;;;;;
 ;01:02:20;4.200;0.042;187.1;30.0;;;;;;;;;;;;;;;;;;
 ;01:02:21;4.200;0.042;187.1;30.0;;;;;;;;;;;;;;;;;;
 ;01:02:22;4.200;0.042;187.1;30.0;;;;;;;;;;;;;;;;;;
 ;01:02:23;4.200;0.042;187.1;30.0;;;;;;;;;;;;;;;;;;
 ;01:02:24;4.200;0.042;187.1;30.0;;;;;;;;;;;;;;;;;;
 ;01:02:25;4.200;0.042;187.1;30.0;;;;;;;;;;;;;;;;;;
 ;01:02:26;4.200;0.042;187.1;30.0;;;;;;;;;;;;;;;;;;
 ;01:02:27;4.200;0.042;187.2;30.0;;;;;;;;;;;;;;;;;;
 ;01:02:28;4.200;0.042;187.2;30.0;;;;;;;;;;;;;;;;;;
 ;01:02:29;4.200;0.042;187.2;30.0;;;;;;;;;;;;;;;;;;
 ;01:02:30;4.200;0.042;187.2;30.0;;;;;;;;;;;;;;;;;;
 ;01:02:31;4.200;0.042;187.2;30.0;;;;;;;;;;;;;;;;;;
 ;01:02:32;4.200;0.042;187.2;30.0;;;;;;;;;;;;;;;;;;
 ;01:02:33;4.200;0.042;187.2;30.0;;;;;;;;;;;;;;;;;;
 ;01:02:34;4.200;0.042;187.2;30.0;;;;;;;;;;;;;;;;;;
 ;01:02:35;4.200;0.042;187.2;30.0;;;;;;;;;;;;;;;;;;
 ;01:02:36;4.200;0.042;187.3;30.0;;;;;;;;;;;;;;;;;;
 ;01:02:37;4.200;0.042;187.3;30.0;;;;;;;;;;;;;;;;;;
 ;01:02:38;4.200;0.042;187.3;30.0;;;;;;;;;;;;;;;;;;
 ;01:02:39;4.200;0.042;187.3;30.0;;;;;;;;;;;;;;;;;;
 ;01:02:40;4.200;0.042;187.3;30.0;;;;;;;;;;;;;;;;;;
 ;01:02:41;4.200;0.042;187.3;30.0;;;;;;;;;;;;;;;;;;
 ;01:02:42;4.200;0.042;187.3;30.0;;;;;;;;;;;;;;;;;;
 ;01:02:43;4.200;0.042;187.3;30.0;;;;;;;;;;;;;;;;;;
 ;01:02:44;4.200;0.042;187.4;30.0;;;;;;;;;;;;;;;;;;
 ;01:02:45;4.200;0.042;187.4;30.0;;;;;;;;;;;;;;;;;;
 ;01:02:46;4.200;0.042;187.4;30.0;;;;;;;;;;;;;;;;;;
 ;01:02:47;4.200;0.042;187.4;30.0;;;;;;;;;;;;;;;;;;
 ;01:02:48;4.200;0.042;187.4;30.0;;;;;;;;;;;;;;;;;;
 ;01:02:49;4.200;0.042;187.4;30.0;;;;;;;;;;;;;;;;;;
 ;01:02:50;4.200;0.042;187.4;30.0;;;;;;;;;;;;;;;;;;
 ;01:02:51;4.200;0.042;187.4;30.0;;;;;;;;;;;;;;;;;;
 ;01:02:52;4.200;0.042;187.4;30.0;;;;;;;;;;;;;;;;;;
 ;01:02:53;4.200;0.042;187.5;30.0;;;;;;;;;;;;;;;;;;
 ;01:02:54;4.200;0.042;187.5;30.0;;;;;;;;;;;;;;;;;;
 ;01:02:55;4.200;0.042;187.5;30.0;;;;;;;;;;;;;;;;;;
 ;01:02:56;4.200;0.042;187.5;30.0;;;;;;;;;;;;;;;;;;
 ;01:02:57;4.200;0.042;187.5;30.0;;;;;;;;;;;;;;;;;;
 ;01:02:58;4.200;0.042;187.5;30.0;;;;;;;;;;;;;;;;;;
 ;01:02:59;4.200;0.042;187.5;30.0;;;;;;;;;;;;;;;;;;
 ;01:03:00;4.200;0.042;187.5;30.0;;;;;;;;;;;;;;;;;;
 ;01:03:01;4.200;0.042;187.5;30.0;;;;;;;;;;;;;;;;;;
 ;01:03:02;4.200;0.042;187.6;30.0;;;;;;;;;;;;;;;;;;
 ;01:03:03;4.200;0.042;187.6;30.0;;;;;;;;;;;;;;;;;;
 ;01:03:04;4.200;0.042;187.6;30.0;;;;;;;;;;;;;;;;;;
 ;01:03:05;4.200;0.042;187.6;30.0;;;;;;;;;;;;;;;;;;
 ;01:03:06;4.200;0.042;187.6;30.0;;;;;;;;;;;;;;;;;;
 ;01:03:07;4.200;0.042;187.6;30.0;;;;;;;;;;;;;;;;;;
 ;01:03:08;4.200;0.042;187.6;30.0;;;;;;;;;;;;;;;;;;
 ;01:03:09;4.200;0.042;187.6;30.0;;;;;;;;;;;;;;;;;;
 ;01:03:10;4.200;0.042;187.7;30.0;;;;;;;;;;;;;;;;;;
 ;01:03:11;4.200;0.042;187.7;30.0;;;;;;;;;;;;;;;;;;
 ;01:03:12;4.200;0.042;187.7;30.0;;;;;;;;;;;;;;;;;;
 ;01:03:13;4.200;0.042;187.7;30.0;;;;;;;;;;;;;;;;;;
 ;01:03:14;4.200;0.042;187.7;30.0;;;;;;;;;;;;;;;;;;
 ;01:03:15;4.200;0.042;187.7;30.0;;;;;;;;;;;;;;;;;;
 ;01:03:16;4.200;0.042;187.7;30.0;;;;;;;;;;;;;;;;;;
 ;01:03:17;4.200;0.042;187.7;30.0;;;;;;;;;;;;;;;;;;
 ;01:03:18;4.200;0.042;187.7;30.0;;;;;;;;;;;;;;;;;;
 ;01:03:19;4.200;0.042;187.8;30.0;;;;;;;;;;;;;;;;;;
 ;01:03:20;4.200;0.042;187.8;30.0;;;;;;;;;;;;;;;;;;
 ;01:03:21;4.200;0.042;187.8;30.0;;;;;;;;;;;;;;;;;;
 ;01:03:22;4.200;0.042;187.8;30.0;;;;;;;;;;;;;;;;;;
 ;01:03:23;4.200;0.042;187.8;30.0;;;;;;;;;;;;;;;;;;
 ;01:03:24;4.200;0.042;187.8;30.0;;;;;;;;;;;;;;;;;;
 ;01:03:25;4.200;0.041;187.8;30.0;;;;;;;;;;;;;;;;;;
 ;01:03:26;4.200;0.040;187.8;30.0;;;;;;;;;;;;;;;;;;
 ;01:03:27;4.200;0.040;187.9;30.0;;;;;;;;;;;;;;;;;;
 ;01:03:28;4.200;0.040;187.9;30.0;;;;;;;;;;;;;;;;;;
 ;01:03:29;4.200;0.040;187.9;30.0;;;;;;;;;;;;;;;;;;
 ;01:03:30;4.200;0.040;187.9;30.0;;;;;;;;;;;;;;;;;;
 ;01:03:31;4.200;0.040;187.9;30.0;;;;;;;;;;;;;;;;;;
 ;01:03:32;4.200;0.040;187.9;30.0;;;;;;;;;;;;;;;;;;
 ;01:03:33;4.200;0.040;187.9;30.0;;;;;;;;;;;;;;;;;;
 ;01:03:34;4.200;0.040;187.9;30.0;;;;;;;;;;;;;;;;;;
 ;01:03:35;4.200;0.040;187.9;30.0;;;;;;;;;;;;;;;;;;
 ;01:03:36;4.200;0.040;188.0;30.0;;;;;;;;;;;;;;;;;;
 ;01:03:37;4.200;0.040;188.0;30.0;;;;;;;;;;;;;;;;;;
 ;01:03:38;4.200;0.040;188.0;30.0;;;;;;;;;;;;;;;;;;
 ;01:03:39;4.200;0.040;188.0;30.0;;;;;;;;;;;;;;;;;;
 ;01:03:40;4.200;0.040;188.0;30.0;;;;;;;;;;;;;;;;;;
 ;01:03:41;4.200;0.040;188.0;30.0;;;;;;;;;;;;;;;;;;
 ;01:03:42;4.200;0.040;188.0;30.0;;;;;;;;;;;;;;;;;;
 ;01:03:43;4.200;0.040;188.0;30.0;;;;;;;;;;;;;;;;;;
 ;01:03:44;4.200;0.040;188.0;30.0;;;;;;;;;;;;;;;;;;
 ;01:03:45;4.200;0.040;188.1;30.0;;;;;;;;;;;;;;;;;;
 ;01:03:46;4.200;0.040;188.1;30.0;;;;;;;;;;;;;;;;;;
 ;01:03:47;4.200;0.040;188.1;30.0;;;;;;;;;;;;;;;;;;
 ;01:03:48;4.200;0.040;188.1;30.0;;;;;;;;;;;;;;;;;;
 ;01:03:49;4.200;0.040;188.1;30.0;;;;;;;;;;;;;;;;;;
 ;01:03:50;4.200;0.040;188.1;30.0;;;;;;;;;;;;;;;;;;
 ;01:03:51;4.200;0.040;188.1;30.0;;;;;;;;;;;;;;;;;;
 ;01:03:52;4.200;0.040;188.1;30.0;;;;;;;;;;;;;;;;;;
 ;01:03:53;4.200;0.040;188.1;30.0;;;;;;;;;;;;;;;;;;
 ;01:03:54;4.200;0.040;188.2;30.0;;;;;;;;;;;;;;;;;;
 ;01:03:55;4.200;0.040;188.2;30.0;;;;;;;;;;;;;;;;;;
 ;01:03:56;4.200;0.040;188.2;30.0;;;;;;;;;;;;;;;;;;
 ;01:03:57;4.200;0.040;188.2;30.0;;;;;;;;;;;;;;;;;;
 ;01:03:58;4.200;0.040;188.2;30.0;;;;;;;;;;;;;;;;;;
 ;01:03:59;4.200;0.040;188.2;30.0;;;;;;;;;;;;;;;;;;
 ;01:04:00;4.200;0.040;188.2;30.0;;;;;;;;;;;;;;;;;;
 ;01:04:01;4.200;0.040;188.2;30.0;;;;;;;;;;;;;;;;;;
 ;01:04:02;4.200;0.040;188.2;30.0;;;;;;;;;;;;;;;;;;
 ;01:04:03;4.200;0.040;188.3;30.0;;;;;;;;;;;;;;;;;;
 ;01:04:04;4.200;0.040;188.3;30.0;;;;;;;;;;;;;;;;;;
 ;01:04:05;4.200;0.040;188.3;30.0;;;;;;;;;;;;;;;;;;
 ;01:04:06;4.200;0.040;188.3;30.0;;;;;;;;;;;;;;;;;;
 ;01:04:07;4.200;0.040;188.3;30.0;;;;;;;;;;;;;;;;;;
 ;01:04:08;4.200;0.040;188.3;30.0;;;;;;;;;;;;;;;;;;
 ;01:04:09;4.200;0.040;188.3;30.0;;;;;;;;;;;;;;;;;;
 ;01:04:10;4.200;0.040;188.3;30.0;;;;;;;;;;;;;;;;;;
 ;01:04:11;4.200;0.040;188.3;30.0;;;;;;;;;;;;;;;;;;
 ;01:04:12;4.200;0.040;188.4;30.0;;;;;;;;;;;;;;;;;;
 ;01:04:13;4.200;0.040;188.4;30.0;;;;;;;;;;;;;;;;;;
 ;01:04:14;4.200;0.040;188.4;30.0;;;;;;;;;;;;;;;;;;
 ;01:04:15;4.200;0.040;188.4;30.0;;;;;;;;;;;;;;;;;;
 ;01:04:16;4.200;0.040;188.4;30.0;;;;;;;;;;;;;;;;;;
 ;01:04:17;4.200;0.040;188.4;30.0;;;;;;;;;;;;;;;;;;
 ;01:04:18;4.200;0.040;188.4;30.0;;;;;;;;;;;;;;;;;;
 ;01:04:19;4.200;0.040;188.4;30.0;;;;;;;;;;;;;;;;;;
 ;01:04:20;4.200;0.040;188.4;30.0;;;;;;;;;;;;;;;;;;
 ;01:04:21;4.200;0.040;188.5;30.0;;;;;;;;;;;;;;;;;;
 ;01:04:22;4.200;0.040;188.5;30.0;;;;;;;;;;;;;;;;;;
 ;01:04:23;4.200;0.040;188.5;30.0;;;;;;;;;;;;;;;;;;
 ;01:04:24;4.200;0.040;188.5;30.0;;;;;;;;;;;;;;;;;;
 ;01:04:25;4.200;0.040;188.5;30.0;;;;;;;;;;;;;;;;;;
 ;01:04:26;4.200;0.040;188.5;30.0;;;;;;;;;;;;;;;;;;
 ;01:04:27;4.200;0.040;188.5;30.0;;;;;;;;;;;;;;;;;;
 ;01:04:28;4.200;0.040;188.5;30.0;;;;;;;;;;;;;;;;;;
 ;01:04:29;4.200;0.040;188.5;30.0;;;;;;;;;;;;;;;;;;
 ;01:04:30;4.200;0.040;188.6;30.0;;;;;;;;;;;;;;;;;;
 ;01:04:31;4.200;0.040;188.6;30.0;;;;;;;;;;;;;;;;;;
 ;01:04:32;4.200;0.040;188.6;30.0;;;;;;;;;;;;;;;;;;
 ;01:04:33;4.200;0.040;188.6;30.0;;;;;;;;;;;;;;;;;;
 ;01:04:34;4.200;0.040;188.6;30.0;;;;;;;;;;;;;;;;;;
 ;01:04:35;4.200;0.040;188.6;30.0;;;;;;;;;;;;;;;;;;
 ;01:04:36;4.200;0.040;188.6;30.0;;;;;;;;;;;;;;;;;;
 ;01:04:37;4.200;0.040;188.6;30.0;;;;;;;;;;;;;;;;;;
 ;01:04:38;4.200;0.040;188.6;30.0;;;;;;;;;;;;;;;;;;
 ;01:04:39;4.200;0.040;188.7;30.0;;;;;;;;;;;;;;;;;;
 ;01:04:40;4.200;0.039;188.7;30.0;;;;;;;;;;;;;;;;;;
 ;01:04:41;4.200;0.039;188.7;30.0;;;;;;;;;;;;;;;;;;
 ;01:04:42;4.200;0.039;188.7;30.0;;;;;;;;;;;;;;;;;;
 ;01:04:43;4.200;0.039;188.7;30.0;;;;;;;;;;;;;;;;;;
 ;01:04:44;4.200;0.039;188.7;30.0;;;;;;;;;;;;;;;;;;
 ;01:04:45;4.200;0.039;188.7;30.0;;;;;;;;;;;;;;;;;;
 ;01:04:46;4.200;0.039;188.7;30.0;;;;;;;;;;;;;;;;;;
 ;01:04:47;4.200;0.039;188.7;30.0;;;;;;;;;;;;;;;;;;
 ;01:04:48;4.200;0.039;188.7;30.0;;;;;;;;;;;;;;;;;;
 ;01:04:49;4.200;0.039;188.8;30.0;;;;;;;;;;;;;;;;;;
 ;01:04:50;4.200;0.039;188.8;30.0;;;;;;;;;;;;;;;;;;
 ;01:04:51;4.200;0.039;188.8;30.0;;;;;;;;;;;;;;;;;;
 ;01:04:52;4.200;0.039;188.8;30.0;;;;;;;;;;;;;;;;;;
 ;01:04:53;4.200;0.039;188.8;30.0;;;;;;;;;;;;;;;;;;
 ;01:04:54;4.200;0.039;188.8;30.0;;;;;;;;;;;;;;;;;;
 ;01:04:55;4.200;0.039;188.8;30.0;;;;;;;;;;;;;;;;;;
 ;01:04:56;4.200;0.039;188.8;30.0;;;;;;;;;;;;;;;;;;
 ;01:04:57;4.200;0.039;188.8;30.0;;;;;;;;;;;;;;;;;;
 ;01:04:58;4.200;0.039;188.9;30.0;;;;;;;;;;;;;;;;;;
 ;01:04:59;4.200;0.039;188.9;30.0;;;;;;;;;;;;;;;;;;
 ;01:05:00;4.200;0.039;188.9;30.0;;;;;;;;;;;;;;;;;;
 ;01:05:01;4.200;0.039;188.9;30.0;;;;;;;;;;;;;;;;;;
 ;01:05:02;4.200;0.039;188.9;30.0;;;;;;;;;;;;;;;;;;
 ;01:05:03;4.200;0.039;188.9;30.0;;;;;;;;;;;;;;;;;;
 ;01:05:04;4.200;0.039;188.9;30.0;;;;;;;;;;;;;;;;;;
 ;01:05:05;4.200;0.039;188.9;30.0;;;;;;;;;;;;;;;;;;
 ;01:05:06;4.200;0.039;188.9;30.0;;;;;;;;;;;;;;;;;;
 ;01:05:07;4.200;0.039;189.0;30.0;;;;;;;;;;;;;;;;;;
 ;01:05:08;4.200;0.039;189.0;30.0;;;;;;;;;;;;;;;;;;
 ;01:05:09;4.200;0.039;189.0;30.0;;;;;;;;;;;;;;;;;;
 ;01:05:10;4.200;0.039;189.0;30.0;;;;;;;;;;;;;;;;;;
 ;01:05:11;4.200;0.039;189.0;30.0;;;;;;;;;;;;;;;;;;
 ;01:05:12;4.200;0.039;189.0;30.0;;;;;;;;;;;;;;;;;;
 ;01:05:13;4.200;0.039;189.0;30.0;;;;;;;;;;;;;;;;;;
 ;01:05:14;4.200;0.039;189.0;30.0;;;;;;;;;;;;;;;;;;
 ;01:05:15;4.200;0.039;189.0;30.0;;;;;;;;;;;;;;;;;;
 ;01:05:16;4.200;0.039;189.1;30.0;;;;;;;;;;;;;;;;;;
 ;01:05:17;4.200;0.039;189.1;30.0;;;;;;;;;;;;;;;;;;
 ;01:05:18;4.200;0.039;189.1;30.0;;;;;;;;;;;;;;;;;;
 ;01:05:19;4.200;0.039;189.1;30.0;;;;;;;;;;;;;;;;;;
 ;01:05:20;4.200;0.039;189.1;30.0;;;;;;;;;;;;;;;;;;
 ;01:05:21;4.200;0.039;189.1;30.0;;;;;;;;;;;;;;;;;;
 ;01:05:22;4.200;0.039;189.1;30.0;;;;;;;;;;;;;;;;;;
 ;01:05:23;4.200;0.039;189.1;30.0;;;;;;;;;;;;;;;;;;
 ;01:05:24;4.200;0.039;189.1;30.0;;;;;;;;;;;;;;;;;;
 ;01:05:25;4.200;0.039;189.2;30.0;;;;;;;;;;;;;;;;;;
 ;01:05:26;4.200;0.039;189.2;30.0;;;;;;;;;;;;;;;;;;
 ;01:05:27;4.200;0.039;189.2;30.0;;;;;;;;;;;;;;;;;;
 ;01:05:28;4.200;0.039;189.2;30.0;;;;;;;;;;;;;;;;;;
 ;01:05:29;4.200;0.039;189.2;30.0;;;;;;;;;;;;;;;;;;
 ;01:05:30;4.200;0.039;189.2;30.0;;;;;;;;;;;;;;;;;;
 ;01:05:31;4.200;0.039;189.2;30.0;;;;;;;;;;;;;;;;;;
 ;01:05:32;4.200;0.039;189.2;30.0;;;;;;;;;;;;;;;;;;
 ;01:05:33;4.200;0.039;189.2;30.0;;;;;;;;;;;;;;;;;;
 ;01:05:34;4.200;0.039;189.2;30.0;;;;;;;;;;;;;;;;;;
 ;01:05:35;4.200;0.039;189.3;30.0;;;;;;;;;;;;;;;;;;
 ;01:05:36;4.200;0.039;189.3;30.0;;;;;;;;;;;;;;;;;;
 ;01:05:37;4.200;0.039;189.3;30.0;;;;;;;;;;;;;;;;;;
 ;01:05:38;4.200;0.039;189.3;30.0;;;;;;;;;;;;;;;;;;
 ;01:05:39;4.200;0.039;189.3;30.0;;;;;;;;;;;;;;;;;;
 ;01:05:40;4.200;0.039;189.3;30.0;;;;;;;;;;;;;;;;;;
 ;01:05:41;4.200;0.039;189.3;30.0;;;;;;;;;;;;;;;;;;
 ;01:05:42;4.200;0.039;189.3;30.0;;;;;;;;;;;;;;;;;;
 ;01:05:43;4.200;0.039;189.3;30.0;;;;;;;;;;;;;;;;;;
 ;01:05:44;4.200;0.039;189.4;30.0;;;;;;;;;;;;;;;;;;
 ;01:05:45;4.200;0.039;189.4;30.0;;;;;;;;;;;;;;;;;;
 ;01:05:46;4.200;0.039;189.4;30.0;;;;;;;;;;;;;;;;;;
 ;01:05:47;4.200;0.039;189.4;30.0;;;;;;;;;;;;;;;;;;
 ;01:05:48;4.200;0.039;189.4;30.0;;;;;;;;;;;;;;;;;;
 ;01:05:49;4.200;0.039;189.4;30.0;;;;;;;;;;;;;;;;;;
 ;01:05:50;4.200;0.039;189.4;30.0;;;;;;;;;;;;;;;;;;
 ;01:05:51;4.200;0.039;189.4;30.0;;;;;;;;;;;;;;;;;;
 ;01:05:52;4.200;0.039;189.4;30.0;;;;;;;;;;;;;;;;;;
 ;01:05:53;4.200;0.039;189.5;30.0;;;;;;;;;;;;;;;;;;
 ;01:05:54;4.200;0.039;189.5;30.0;;;;;;;;;;;;;;;;;;
 ;01:05:55;4.200;0.039;189.5;30.0;;;;;;;;;;;;;;;;;;
 ;01:05:56;4.200;0.039;189.5;30.0;;;;;;;;;;;;;;;;;;
 ;01:05:57;4.200;0.039;189.5;30.0;;;;;;;;;;;;;;;;;;
 ;01:05:58;4.200;0.039;189.5;30.0;;;;;;;;;;;;;;;;;;
 ;01:05:59;4.200;0.039;189.5;30.0;;;;;;;;;;;;;;;;;;
 ;01:06:00;4.200;0.039;189.5;30.0;;;;;;;;;;;;;;;;;;
 ;01:06:01;4.200;0.039;189.5;30.0;;;;;;;;;;;;;;;;;;
 ;01:06:02;4.200;0.039;189.6;30.0;;;;;;;;;;;;;;;;;;
 ;01:06:03;4.200;0.038;189.6;30.0;;;;;;;;;;;;;;;;;;
 ;01:06:04;4.200;0.038;189.6;30.0;;;;;;;;;;;;;;;;;;
 ;01:06:05;4.200;0.038;189.6;30.0;;;;;;;;;;;;;;;;;;
 ;01:06:06;4.200;0.038;189.6;30.0;;;;;;;;;;;;;;;;;;
 ;01:06:07;4.200;0.038;189.6;30.0;;;;;;;;;;;;;;;;;;
 ;01:06:08;4.200;0.038;189.6;30.0;;;;;;;;;;;;;;;;;;
 ;01:06:09;4.200;0.038;189.6;30.0;;;;;;;;;;;;;;;;;;
 ;01:06:10;4.200;0.038;189.6;30.0;;;;;;;;;;;;;;;;;;
 ;01:06:11;4.200;0.038;189.6;30.0;;;;;;;;;;;;;;;;;;
 ;01:06:12;4.200;0.038;189.7;30.0;;;;;;;;;;;;;;;;;;
 ;01:06:13;4.200;0.038;189.7;30.0;;;;;;;;;;;;;;;;;;
 ;01:06:14;4.200;0.038;189.7;30.0;;;;;;;;;;;;;;;;;;
 ;01:06:15;4.200;0.038;189.7;30.0;;;;;;;;;;;;;;;;;;
 ;01:06:16;4.200;0.038;189.7;30.0;;;;;;;;;;;;;;;;;;
 ;01:06:17;4.200;0.038;189.7;30.0;;;;;;;;;;;;;;;;;;
 ;01:06:18;4.200;0.038;189.7;30.0;;;;;;;;;;;;;;;;;;
 ;01:06:19;4.200;0.038;189.7;30.0;;;;;;;;;;;;;;;;;;
 ;01:06:20;4.200;0.038;189.7;30.0;;;;;;;;;;;;;;;;;;
 ;01:06:21;4.200;0.038;189.8;30.0;;;;;;;;;;;;;;;;;;
 ;01:06:22;4.200;0.038;189.8;30.0;;;;;;;;;;;;;;;;;;
 ;01:06:23;4.200;0.038;189.8;30.0;;;;;;;;;;;;;;;;;;
 ;01:06:24;4.200;0.038;189.8;30.0;;;;;;;;;;;;;;;;;;
 ;01:06:25;4.200;0.038;189.8;30.0;;;;;;;;;;;;;;;;;;
 ;01:06:26;4.200;0.038;189.8;30.0;;;;;;;;;;;;;;;;;;
 ;01:06:27;4.200;0.038;189.8;30.0;;;;;;;;;;;;;;;;;;
 ;01:06:28;4.200;0.038;189.8;30.0;;;;;;;;;;;;;;;;;;
 ;01:06:29;4.200;0.038;189.8;30.0;;;;;;;;;;;;;;;;;;
 ;01:06:30;4.200;0.038;189.9;30.0;;;;;;;;;;;;;;;;;;
 ;01:06:31;4.200;0.038;189.9;30.0;;;;;;;;;;;;;;;;;;
 ;01:06:32;4.200;0.038;189.9;30.0;;;;;;;;;;;;;;;;;;
 ;01:06:33;4.200;0.038;189.9;30.0;;;;;;;;;;;;;;;;;;
 ;01:06:34;4.200;0.038;189.9;30.0;;;;;;;;;;;;;;;;;;
 ;01:06:35;4.200;0.038;189.9;30.0;;;;;;;;;;;;;;;;;;
 ;01:06:36;4.200;0.038;189.9;30.0;;;;;;;;;;;;;;;;;;
 ;01:06:37;4.200;0.038;189.9;30.0;;;;;;;;;;;;;;;;;;
 ;01:06:38;4.200;0.038;189.9;30.0;;;;;;;;;;;;;;;;;;
 ;01:06:39;4.200;0.038;189.9;30.0;;;;;;;;;;;;;;;;;;
 ;01:06:40;4.200;0.038;190.0;30.0;;;;;;;;;;;;;;;;;;
 ;01:06:41;4.200;0.038;190.0;30.0;;;;;;;;;;;;;;;;;;
 ;01:06:42;4.200;0.038;190.0;30.0;;;;;;;;;;;;;;;;;;
 ;01:06:43;4.200;0.038;190.0;30.0;;;;;;;;;;;;;;;;;;
 ;01:06:44;4.200;0.038;190.0;30.0;;;;;;;;;;;;;;;;;;
 ;01:06:45;4.200;0.038;190.0;30.0;;;;;;;;;;;;;;;;;;
 ;01:06:46;4.200;0.038;190.0;30.0;;;;;;;;;;;;;;;;;;
 ;01:06:47;4.200;0.038;190.0;30.0;;;;;;;;;;;;;;;;;;
 ;01:06:48;4.200;0.038;190.0;30.0;;;;;;;;;;;;;;;;;;
 ;01:06:49;4.200;0.038;190.1;30.0;;;;;;;;;;;;;;;;;;
 ;01:06:50;4.200;0.038;190.1;30.0;;;;;;;;;;;;;;;;;;
 ;01:06:51;4.200;0.038;190.1;30.0;;;;;;;;;;;;;;;;;;
 ;01:06:52;4.200;0.038;190.1;30.0;;;;;;;;;;;;;;;;;;
 ;01:06:53;4.200;0.038;190.1;30.0;;;;;;;;;;;;;;;;;;
 ;01:06:54;4.200;0.038;190.1;30.0;;;;;;;;;;;;;;;;;;
 ;01:06:55;4.200;0.038;190.1;30.0;;;;;;;;;;;;;;;;;;
 ;01:06:56;4.200;0.038;190.1;30.0;;;;;;;;;;;;;;;;;;
 ;01:06:57;4.200;0.038;190.1;30.0;;;;;;;;;;;;;;;;;;
 ;01:06:58;4.200;0.038;190.1;30.0;;;;;;;;;;;;;;;;;;
 ;01:06:59;4.200;0.038;190.2;30.0;;;;;;;;;;;;;;;;;;
 ;01:07:00;4.200;0.038;190.2;30.0;;;;;;;;;;;;;;;;;;
 ;01:07:01;4.200;0.038;190.2;30.0;;;;;;;;;;;;;;;;;;
 ;01:07:02;4.200;0.038;190.2;30.0;;;;;;;;;;;;;;;;;;
 ;01:07:03;4.200;0.038;190.2;30.0;;;;;;;;;;;;;;;;;;
 ;01:07:04;4.200;0.038;190.2;30.0;;;;;;;;;;;;;;;;;;
 ;01:07:05;4.200;0.038;190.2;30.0;;;;;;;;;;;;;;;;;;
 ;01:07:06;4.200;0.038;190.2;30.0;;;;;;;;;;;;;;;;;;
 ;01:07:07;4.200;0.038;190.2;30.0;;;;;;;;;;;;;;;;;;
 ;01:07:08;4.200;0.038;190.3;30.0;;;;;;;;;;;;;;;;;;
 ;01:07:09;4.200;0.038;190.3;30.0;;;;;;;;;;;;;;;;;;
 ;01:07:10;4.200;0.038;190.3;30.0;;;;;;;;;;;;;;;;;;
 ;01:07:11;4.200;0.038;190.3;30.0;;;;;;;;;;;;;;;;;;
 ;01:07:12;4.200;0.038;190.3;30.0;;;;;;;;;;;;;;;;;;
 ;01:07:13;4.200;0.038;190.3;30.0;;;;;;;;;;;;;;;;;;
 ;01:07:14;4.200;0.038;190.3;30.0;;;;;;;;;;;;;;;;;;
 ;01:07:15;4.200;0.038;190.3;30.0;;;;;;;;;;;;;;;;;;
 ;01:07:16;4.200;0.038;190.3;30.0;;;;;;;;;;;;;;;;;;
 ;01:07:17;4.200;0.038;190.3;30.0;;;;;;;;;;;;;;;;;;
 ;01:07:18;4.200;0.038;190.4;30.0;;;;;;;;;;;;;;;;;;
 ;01:07:19;4.200;0.038;190.4;30.0;;;;;;;;;;;;;;;;;;
 ;01:07:20;4.200;0.038;190.4;30.0;;;;;;;;;;;;;;;;;;
 ;01:07:21;4.200;0.038;190.4;30.0;;;;;;;;;;;;;;;;;;
 ;01:07:22;4.200;0.038;190.4;30.0;;;;;;;;;;;;;;;;;;
 ;01:07:23;4.200;0.038;190.4;30.0;;;;;;;;;;;;;;;;;;
 ;01:07:24;4.200;0.038;190.4;30.0;;;;;;;;;;;;;;;;;;
 ;01:07:25;4.200;0.038;190.4;30.0;;;;;;;;;;;;;;;;;;
 ;01:07:26;4.200;0.038;190.4;30.0;;;;;;;;;;;;;;;;;;
 ;01:07:27;4.200;0.038;190.5;30.0;;;;;;;;;;;;;;;;;;
 ;01:07:28;4.200;0.038;190.5;30.0;;;;;;;;;;;;;;;;;;
 ;01:07:29;4.200;0.038;190.5;30.0;;;;;;;;;;;;;;;;;;
 ;01:07:30;4.200;0.038;190.5;30.0;;;;;;;;;;;;;;;;;;
 ;01:07:31;4.200;0.038;190.5;30.0;;;;;;;;;;;;;;;;;;
 ;01:07:32;4.200;0.038;190.5;30.0;;;;;;;;;;;;;;;;;;
 ;01:07:33;4.200;0.038;190.5;30.0;;;;;;;;;;;;;;;;;;
 ;01:07:34;4.200;0.038;190.5;30.0;;;;;;;;;;;;;;;;;;
 ;01:07:35;4.200;0.038;190.5;30.0;;;;;;;;;;;;;;;;;;
 ;01:07:36;4.200;0.038;190.5;30.0;;;;;;;;;;;;;;;;;;
 ;01:07:37;4.200;0.038;190.6;30.0;;;;;;;;;;;;;;;;;;
 ;01:07:38;4.200;0.038;190.6;30.0;;;;;;;;;;;;;;;;;;
 ;01:07:39;4.200;0.038;190.6;30.0;;;;;;;;;;;;;;;;;;
 ;01:07:40;4.200;0.038;190.6;30.0;;;;;;;;;;;;;;;;;;
 ;01:07:41;4.200;0.038;190.6;30.0;;;;;;;;;;;;;;;;;;
 ;01:07:42;4.200;0.038;190.6;30.0;;;;;;;;;;;;;;;;;;
 ;01:07:43;4.200;0.038;190.6;30.0;;;;;;;;;;;;;;;;;;
 ;01:07:44;4.200;0.038;190.6;30.0;;;;;;;;;;;;;;;;;;
 ;01:07:45;4.200;0.038;190.6;30.0;;;;;;;;;;;;;;;;;;
 ;01:07:46;4.200;0.038;190.7;29.9;;;;;;;;;;;;;;;;;;
 ;01:07:47;4.200;0.038;190.7;30.0;;;;;;;;;;;;;;;;;;
 ;01:07:48;4.200;0.038;190.7;30.0;;;;;;;;;;;;;;;;;;
 ;01:07:49;4.200;0.038;190.7;30.0;;;;;;;;;;;;;;;;;;
 ;01:07:50;4.200;0.038;190.7;30.0;;;;;;;;;;;;;;;;;;
 ;01:07:51;4.200;0.038;190.7;29.9;;;;;;;;;;;;;;;;;;
 ;01:07:52;4.200;0.038;190.7;29.9;;;;;;;;;;;;;;;;;;
 ;01:07:53;4.200;0.038;190.7;30.0;;;;;;;;;;;;;;;;;;
 ;01:07:54;4.200;0.038;190.7;29.9;;;;;;;;;;;;;;;;;;
 ;01:07:55;4.200;0.038;190.8;29.9;;;;;;;;;;;;;;;;;;
 ;01:07:56;4.200;0.038;190.8;29.9;;;;;;;;;;;;;;;;;;
 ;01:07:57;4.200;0.038;190.8;30.0;;;;;;;;;;;;;;;;;;
 ;01:07:58;4.200;0.038;190.8;30.0;;;;;;;;;;;;;;;;;;
 ;01:07:59;4.200;0.038;190.8;29.9;;;;;;;;;;;;;;;;;;
 ;01:08:00;4.200;0.038;190.8;30.0;;;;;;;;;;;;;;;;;;
 ;01:08:01;4.200;0.038;190.8;29.9;;;;;;;;;;;;;;;;;;
 ;01:08:02;4.200;0.038;190.8;30.0;;;;;;;;;;;;;;;;;;
 ;01:08:03;4.200;0.038;190.8;29.9;;;;;;;;;;;;;;;;;;
 ;01:08:04;4.200;0.038;190.8;29.9;;;;;;;;;;;;;;;;;;
 ;01:08:05;4.200;0.038;190.9;29.9;;;;;;;;;;;;;;;;;;
 ;01:08:06;4.200;0.038;190.9;29.9;;;;;;;;;;;;;;;;;;
 ;01:08:07;4.200;0.038;190.9;29.9;;;;;;;;;;;;;;;;;;
 ;01:08:08;4.200;0.037;190.9;29.9;;;;;;;;;;;;;;;;;;
 ;01:08:09;4.200;0.037;190.9;29.9;;;;;;;;;;;;;;;;;;
 ;01:08:10;4.200;0.037;190.9;29.9;;;;;;;;;;;;;;;;;;
 ;01:08:11;4.200;0.037;190.9;29.9;;;;;;;;;;;;;;;;;;
 ;01:08:12;4.200;0.037;190.9;29.9;;;;;;;;;;;;;;;;;;
 ;01:08:13;4.200;0.037;190.9;29.9;;;;;;;;;;;;;;;;;;
 ;01:08:14;4.200;0.037;190.9;29.9;;;;;;;;;;;;;;;;;;
 ;01:08:15;4.200;0.037;191.0;29.9;;;;;;;;;;;;;;;;;;
 ;01:08:16;4.200;0.037;191.0;29.9;;;;;;;;;;;;;;;;;;
 ;01:08:17;4.200;0.037;191.0;29.9;;;;;;;;;;;;;;;;;;
 ;01:08:18;4.200;0.037;191.0;29.9;;;;;;;;;;;;;;;;;;
 ;01:08:19;4.200;0.037;191.0;29.9;;;;;;;;;;;;;;;;;;
 ;01:08:20;4.200;0.037;191.0;29.9;;;;;;;;;;;;;;;;;;
 ;01:08:21;4.200;0.037;191.0;29.9;;;;;;;;;;;;;;;;;;
 ;01:08:22;4.200;0.037;191.0;29.9;;;;;;;;;;;;;;;;;;
 ;01:08:23;4.200;0.037;191.0;29.9;;;;;;;;;;;;;;;;;;
 ;01:08:24;4.200;0.037;191.1;29.9;;;;;;;;;;;;;;;;;;
 ;01:08:25;4.200;0.037;191.1;29.9;;;;;;;;;;;;;;;;;;
 ;01:08:26;4.200;0.037;191.1;29.9;;;;;;;;;;;;;;;;;;
 ;01:08:27;4.200;0.037;191.1;29.9;;;;;;;;;;;;;;;;;;
 ;01:08:28;4.200;0.037;191.1;29.9;;;;;;;;;;;;;;;;;;
 ;01:08:29;4.200;0.037;191.1;29.9;;;;;;;;;;;;;;;;;;
 ;01:08:30;4.200;0.037;191.1;29.9;;;;;;;;;;;;;;;;;;
 ;01:08:31;4.200;0.037;191.1;29.9;;;;;;;;;;;;;;;;;;
 ;01:08:32;4.200;0.037;191.1;29.9;;;;;;;;;;;;;;;;;;
 ;01:08:33;4.200;0.037;191.1;29.9;;;;;;;;;;;;;;;;;;
 ;01:08:34;4.200;0.037;191.2;29.9;;;;;;;;;;;;;;;;;;
 ;01:08:35;4.200;0.037;191.2;29.9;;;;;;;;;;;;;;;;;;
 ;01:08:36;4.200;0.037;191.2;29.9;;;;;;;;;;;;;;;;;;
 ;01:08:37;4.200;0.037;191.2;29.9;;;;;;;;;;;;;;;;;;
 ;01:08:38;4.200;0.037;191.2;29.9;;;;;;;;;;;;;;;;;;
 ;01:08:39;4.200;0.037;191.2;29.9;;;;;;;;;;;;;;;;;;
 ;01:08:40;4.200;0.037;191.2;29.9;;;;;;;;;;;;;;;;;;
 ;01:08:41;4.200;0.037;191.2;29.9;;;;;;;;;;;;;;;;;;
 ;01:08:42;4.200;0.037;191.2;29.9;;;;;;;;;;;;;;;;;;
 ;01:08:43;4.200;0.037;191.2;29.9;;;;;;;;;;;;;;;;;;
 ;01:08:44;4.200;0.037;191.3;29.9;;;;;;;;;;;;;;;;;;
 ;01:08:45;4.200;0.037;191.3;29.9;;;;;;;;;;;;;;;;;;
 ;01:08:46;4.200;0.037;191.3;29.9;;;;;;;;;;;;;;;;;;
 ;01:08:47;4.200;0.037;191.3;29.9;;;;;;;;;;;;;;;;;;
 ;01:08:48;4.200;0.037;191.3;29.9;;;;;;;;;;;;;;;;;;
 ;01:08:49;4.200;0.037;191.3;29.9;;;;;;;;;;;;;;;;;;
 ;01:08:50;4.200;0.037;191.3;29.9;;;;;;;;;;;;;;;;;;
 ;01:08:51;4.200;0.037;191.3;29.9;;;;;;;;;;;;;;;;;;
 ;01:08:52;4.200;0.037;191.3;29.9;;;;;;;;;;;;;;;;;;
 ;01:08:53;4.200;0.037;191.3;29.9;;;;;;;;;;;;;;;;;;
 ;01:08:54;4.200;0.037;191.4;29.9;;;;;;;;;;;;;;;;;;
 ;01:08:55;4.200;0.037;191.4;29.9;;;;;;;;;;;;;;;;;;
 ;01:08:56;4.200;0.037;191.4;29.9;;;;;;;;;;;;;;;;;;
 ;01:08:57;4.200;0.037;191.4;29.9;;;;;;;;;;;;;;;;;;
 ;01:08:58;4.200;0.037;191.4;29.9;;;;;;;;;;;;;;;;;;
 ;01:08:59;4.200;0.037;191.4;29.9;;;;;;;;;;;;;;;;;;
 ;01:09:00;4.200;0.037;191.4;29.9;;;;;;;;;;;;;;;;;;
 ;01:09:01;4.200;0.037;191.4;29.9;;;;;;;;;;;;;;;;;;
 ;01:09:02;4.200;0.037;191.4;29.9;;;;;;;;;;;;;;;;;;
 ;01:09:03;4.200;0.037;191.5;29.9;;;;;;;;;;;;;;;;;;
 ;01:09:04;4.200;0.037;191.5;29.9;;;;;;;;;;;;;;;;;;
 ;01:09:05;4.200;0.037;191.5;29.9;;;;;;;;;;;;;;;;;;
 ;01:09:06;4.200;0.037;191.5;29.9;;;;;;;;;;;;;;;;;;
 ;01:09:07;4.200;0.037;191.5;29.9;;;;;;;;;;;;;;;;;;
 ;01:09:08;4.200;0.037;191.5;29.9;;;;;;;;;;;;;;;;;;
 ;01:09:09;4.200;0.037;191.5;29.9;;;;;;;;;;;;;;;;;;
 ;01:09:10;4.200;0.037;191.5;29.9;;;;;;;;;;;;;;;;;;
 ;01:09:11;4.200;0.037;191.5;29.9;;;;;;;;;;;;;;;;;;
 ;01:09:12;4.200;0.037;191.5;29.9;;;;;;;;;;;;;;;;;;
 ;01:09:13;4.200;0.037;191.6;29.9;;;;;;;;;;;;;;;;;;
 ;01:09:14;4.200;0.037;191.6;29.9;;;;;;;;;;;;;;;;;;
 ;01:09:15;4.200;0.037;191.6;29.9;;;;;;;;;;;;;;;;;;
 ;01:09:16;4.200;0.037;191.6;29.9;;;;;;;;;;;;;;;;;;
 ;01:09:17;4.200;0.037;191.6;29.9;;;;;;;;;;;;;;;;;;
 ;01:09:18;4.200;0.037;191.6;29.9;;;;;;;;;;;;;;;;;;
 ;01:09:19;4.200;0.037;191.6;29.9;;;;;;;;;;;;;;;;;;
 ;01:09:20;4.200;0.037;191.6;29.9;;;;;;;;;;;;;;;;;;
 ;01:09:21;4.200;0.037;191.6;29.9;;;;;;;;;;;;;;;;;;
 ;01:09:22;4.200;0.037;191.6;29.9;;;;;;;;;;;;;;;;;;
 ;01:09:23;4.200;0.037;191.7;29.9;;;;;;;;;;;;;;;;;;
 ;01:09:24;4.200;0.037;191.7;29.9;;;;;;;;;;;;;;;;;;
 ;01:09:25;4.200;0.037;191.7;29.9;;;;;;;;;;;;;;;;;;
 ;01:09:26;4.200;0.037;191.7;29.9;;;;;;;;;;;;;;;;;;
 ;01:09:27;4.200;0.037;191.7;29.9;;;;;;;;;;;;;;;;;;
 ;01:09:28;4.200;0.037;191.7;29.9;;;;;;;;;;;;;;;;;;
 ;01:09:29;4.200;0.037;191.7;29.9;;;;;;;;;;;;;;;;;;
 ;01:09:30;4.200;0.037;191.7;29.9;;;;;;;;;;;;;;;;;;
 ;01:09:31;4.200;0.037;191.7;29.9;;;;;;;;;;;;;;;;;;
 ;01:09:32;4.200;0.037;191.8;29.9;;;;;;;;;;;;;;;;;;
 ;01:09:33;4.200;0.037;191.8;29.9;;;;;;;;;;;;;;;;;;
 ;01:09:34;4.200;0.037;191.8;29.9;;;;;;;;;;;;;;;;;;
 ;01:09:35;4.200;0.036;191.8;29.9;;;;;;;;;;;;;;;;;;
 ;01:09:36;4.200;0.035;191.8;29.9;;;;;;;;;;;;;;;;;;
 ;01:09:37;4.200;0.035;191.8;29.9;;;;;;;;;;;;;;;;;;
 ;01:09:38;4.200;0.035;191.8;29.9;;;;;;;;;;;;;;;;;;
 ;01:09:39;4.200;0.035;191.8;29.9;;;;;;;;;;;;;;;;;;
 ;01:09:40;4.200;0.035;191.8;29.9;;;;;;;;;;;;;;;;;;
 ;01:09:41;4.200;0.035;191.8;29.9;;;;;;;;;;;;;;;;;;
 ;01:09:42;4.200;0.035;191.8;29.9;;;;;;;;;;;;;;;;;;
 ;01:09:43;4.200;0.035;191.9;29.9;;;;;;;;;;;;;;;;;;
 ;01:09:44;4.200;0.035;191.9;29.9;;;;;;;;;;;;;;;;;;
 ;01:09:45;4.200;0.035;191.9;29.9;;;;;;;;;;;;;;;;;;
 ;01:09:46;4.200;0.035;191.9;29.9;;;;;;;;;;;;;;;;;;
 ;01:09:47;4.200;0.035;191.9;29.9;;;;;;;;;;;;;;;;;;
 ;01:09:48;4.200;0.035;191.9;29.9;;;;;;;;;;;;;;;;;;
 ;01:09:49;4.200;0.035;191.9;29.9;;;;;;;;;;;;;;;;;;
 ;01:09:50;4.200;0.035;191.9;29.9;;;;;;;;;;;;;;;;;;
 ;01:09:51;4.200;0.035;191.9;29.9;;;;;;;;;;;;;;;;;;
 ;01:09:52;4.200;0.035;191.9;29.9;;;;;;;;;;;;;;;;;;
 ;01:09:53;4.200;0.035;192.0;29.9;;;;;;;;;;;;;;;;;;
 ;01:09:54;4.200;0.035;192.0;29.9;;;;;;;;;;;;;;;;;;
 ;01:09:55;4.200;0.035;192.0;29.9;;;;;;;;;;;;;;;;;;
 ;01:09:56;4.200;0.035;192.0;29.9;;;;;;;;;;;;;;;;;;
 ;01:09:57;4.200;0.035;192.0;29.9;;;;;;;;;;;;;;;;;;
 ;01:09:58;4.200;0.035;192.0;29.9;;;;;;;;;;;;;;;;;;
 ;01:09:59;4.200;0.035;192.0;29.9;;;;;;;;;;;;;;;;;;
 ;01:10:00;4.200;0.035;192.0;29.9;;;;;;;;;;;;;;;;;;
 ;01:10:01;4.200;0.035;192.0;29.9;;;;;;;;;;;;;;;;;;
 ;01:10:02;4.200;0.035;192.0;29.9;;;;;;;;;;;;;;;;;;
 ;01:10:03;4.200;0.035;192.1;29.9;;;;;;;;;;;;;;;;;;
 ;01:10:04;4.200;0.035;192.1;29.9;;;;;;;;;;;;;;;;;;
 ;01:10:05;4.200;0.035;192.1;29.9;;;;;;;;;;;;;;;;;;
 ;01:10:06;4.200;0.035;192.1;29.9;;;;;;;;;;;;;;;;;;
 ;01:10:07;4.200;0.035;192.1;29.9;;;;;;;;;;;;;;;;;;
 ;01:10:08;4.200;0.035;192.1;29.9;;;;;;;;;;;;;;;;;;
 ;01:10:09;4.200;0.035;192.1;29.9;;;;;;;;;;;;;;;;;;
 ;01:10:10;4.200;0.035;192.1;29.9;;;;;;;;;;;;;;;;;;
 ;01:10:11;4.200;0.035;192.1;29.9;;;;;;;;;;;;;;;;;;
 ;01:10:12;4.200;0.035;192.1;29.9;;;;;;;;;;;;;;;;;;
 ;01:10:13;4.200;0.035;192.2;29.9;;;;;;;;;;;;;;;;;;
 ;01:10:14;4.200;0.035;192.2;29.9;;;;;;;;;;;;;;;;;;
 ;01:10:15;4.200;0.035;192.2;29.9;;;;;;;;;;;;;;;;;;
 ;01:10:16;4.200;0.035;192.2;29.9;;;;;;;;;;;;;;;;;;
 ;01:10:17;4.200;0.035;192.2;29.9;;;;;;;;;;;;;;;;;;
 ;01:10:18;4.200;0.035;192.2;29.9;;;;;;;;;;;;;;;;;;
 ;01:10:19;4.200;0.035;192.2;29.9;;;;;;;;;;;;;;;;;;
 ;01:10:20;4.200;0.035;192.2;29.9;;;;;;;;;;;;;;;;;;
 ;01:10:21;4.200;0.035;192.2;29.9;;;;;;;;;;;;;;;;;;
 ;01:10:22;4.200;0.035;192.2;29.9;;;;;;;;;;;;;;;;;;
 ;01:10:23;4.200;0.035;192.2;29.9;;;;;;;;;;;;;;;;;;
 ;01:10:24;4.200;0.035;192.3;29.9;;;;;;;;;;;;;;;;;;
 ;01:10:25;4.200;0.035;192.3;29.9;;;;;;;;;;;;;;;;;;
 ;01:10:26;4.200;0.035;192.3;29.9;;;;;;;;;;;;;;;;;;
 ;01:10:27;4.200;0.035;192.3;29.9;;;;;;;;;;;;;;;;;;
 ;01:10:28;4.200;0.035;192.3;29.9;;;;;;;;;;;;;;;;;;
 ;01:10:29;4.200;0.035;192.3;29.9;;;;;;;;;;;;;;;;;;
 ;01:10:30;4.200;0.035;192.3;29.9;;;;;;;;;;;;;;;;;;
 ;01:10:31;4.200;0.035;192.3;29.9;;;;;;;;;;;;;;;;;;
 ;01:10:32;4.200;0.035;192.3;29.9;;;;;;;;;;;;;;;;;;
 ;01:10:33;4.200;0.035;192.3;29.9;;;;;;;;;;;;;;;;;;
 ;01:10:34;4.200;0.035;192.4;29.9;;;;;;;;;;;;;;;;;;
 ;01:10:35;4.200;0.035;192.4;29.9;;;;;;;;;;;;;;;;;;
 ;01:10:36;4.200;0.035;192.4;29.9;;;;;;;;;;;;;;;;;;
 ;01:10:37;4.200;0.035;192.4;29.9;;;;;;;;;;;;;;;;;;
 ;01:10:38;4.200;0.035;192.4;29.9;;;;;;;;;;;;;;;;;;
 ;01:10:39;4.200;0.035;192.4;29.9;;;;;;;;;;;;;;;;;;
 ;01:10:40;4.200;0.035;192.4;29.9;;;;;;;;;;;;;;;;;;
 ;01:10:41;4.200;0.035;192.4;29.9;;;;;;;;;;;;;;;;;;
 ;01:10:42;4.200;0.035;192.4;29.9;;;;;;;;;;;;;;;;;;
 ;01:10:43;4.200;0.035;192.4;29.9;;;;;;;;;;;;;;;;;;
 ;01:10:44;4.200;0.035;192.5;29.9;;;;;;;;;;;;;;;;;;
 ;01:10:45;4.200;0.035;192.5;29.9;;;;;;;;;;;;;;;;;;
 ;01:10:46;4.200;0.035;192.5;29.9;;;;;;;;;;;;;;;;;;
 ;01:10:47;4.200;0.035;192.5;29.9;;;;;;;;;;;;;;;;;;
 ;01:10:48;4.200;0.035;192.5;29.9;;;;;;;;;;;;;;;;;;
 ;01:10:49;4.200;0.035;192.5;29.9;;;;;;;;;;;;;;;;;;
 ;01:10:50;4.200;0.035;192.5;29.9;;;;;;;;;;;;;;;;;;
 ;01:10:51;4.200;0.035;192.5;29.9;;;;;;;;;;;;;;;;;;
 ;01:10:52;4.200;0.035;192.5;29.9;;;;;;;;;;;;;;;;;;
 ;01:10:53;4.200;0.035;192.5;29.9;;;;;;;;;;;;;;;;;;
 ;01:10:54;4.200;0.035;192.5;29.9;;;;;;;;;;;;;;;;;;
 ;01:10:55;4.200;0.035;192.6;29.9;;;;;;;;;;;;;;;;;;
 ;01:10:56;4.200;0.035;192.6;29.9;;;;;;;;;;;;;;;;;;
 ;01:10:57;4.200;0.035;192.6;29.9;;;;;;;;;;;;;;;;;;
 ;01:10:58;4.200;0.035;192.6;29.9;;;;;;;;;;;;;;;;;;
 ;01:10:59;4.200;0.035;192.6;29.9;;;;;;;;;;;;;;;;;;
 ;01:11:00;4.200;0.035;192.6;29.9;;;;;;;;;;;;;;;;;;
 ;01:11:01;4.200;0.035;192.6;29.9;;;;;;;;;;;;;;;;;;
 ;01:11:02;4.200;0.035;192.6;29.9;;;;;;;;;;;;;;;;;;
 ;01:11:03;4.200;0.034;192.6;29.9;;;;;;;;;;;;;;;;;;
 ;01:11:04;4.200;0.034;192.6;29.9;;;;;;;;;;;;;;;;;;
 ;01:11:05;4.200;0.034;192.7;29.9;;;;;;;;;;;;;;;;;;
 ;01:11:06;4.200;0.034;192.7;29.9;;;;;;;;;;;;;;;;;;
 ;01:11:07;4.200;0.034;192.7;29.9;;;;;;;;;;;;;;;;;;
 ;01:11:08;4.200;0.034;192.7;29.9;;;;;;;;;;;;;;;;;;
 ;01:11:09;4.200;0.034;192.7;29.9;;;;;;;;;;;;;;;;;;
 ;01:11:10;4.200;0.034;192.7;29.9;;;;;;;;;;;;;;;;;;
 ;01:11:11;4.200;0.034;192.7;29.9;;;;;;;;;;;;;;;;;;
 ;01:11:12;4.200;0.034;192.7;29.9;;;;;;;;;;;;;;;;;;
 ;01:11:13;4.200;0.034;192.7;29.9;;;;;;;;;;;;;;;;;;
 ;01:11:14;4.200;0.034;192.7;29.9;;;;;;;;;;;;;;;;;;
 ;01:11:15;4.200;0.034;192.8;29.9;;;;;;;;;;;;;;;;;;
 ;01:11:16;4.200;0.034;192.8;29.9;;;;;;;;;;;;;;;;;;
 ;01:11:17;4.200;0.034;192.8;29.9;;;;;;;;;;;;;;;;;;
 ;01:11:18;4.200;0.034;192.8;29.9;;;;;;;;;;;;;;;;;;
 ;01:11:19;4.200;0.034;192.8;29.9;;;;;;;;;;;;;;;;;;
 ;01:11:20;4.200;0.034;192.8;29.9;;;;;;;;;;;;;;;;;;
 ;01:11:21;4.200;0.034;192.8;29.9;;;;;;;;;;;;;;;;;;
 ;01:11:22;4.200;0.034;192.8;29.9;;;;;;;;;;;;;;;;;;
 ;01:11:23;4.200;0.034;192.8;29.9;;;;;;;;;;;;;;;;;;
 ;01:11:24;4.200;0.034;192.8;29.9;;;;;;;;;;;;;;;;;;
 ;01:11:25;4.200;0.034;192.8;29.9;;;;;;;;;;;;;;;;;;
 ;01:11:26;4.200;0.034;192.9;29.9;;;;;;;;;;;;;;;;;;
 ;01:11:27;4.200;0.034;192.9;29.9;;;;;;;;;;;;;;;;;;
 ;01:11:28;4.200;0.034;192.9;29.9;;;;;;;;;;;;;;;;;;
 ;01:11:29;4.200;0.034;192.9;29.9;;;;;;;;;;;;;;;;;;
 ;01:11:30;4.200;0.034;192.9;29.9;;;;;;;;;;;;;;;;;;
 ;01:11:31;4.200;0.034;192.9;29.9;;;;;;;;;;;;;;;;;;
 ;01:11:32;4.200;0.034;192.9;29.9;;;;;;;;;;;;;;;;;;
 ;01:11:33;4.200;0.034;192.9;29.9;;;;;;;;;;;;;;;;;;
 ;01:11:34;4.200;0.034;192.9;29.9;;;;;;;;;;;;;;;;;;
 ;01:11:35;4.200;0.034;192.9;29.9;;;;;;;;;;;;;;;;;;
 ;01:11:36;4.200;0.034;192.9;29.9;;;;;;;;;;;;;;;;;;
 ;01:11:37;4.200;0.034;193.0;29.9;;;;;;;;;;;;;;;;;;
 ;01:11:38;4.200;0.034;193.0;29.9;;;;;;;;;;;;;;;;;;
 ;01:11:39;4.200;0.034;193.0;29.9;;;;;;;;;;;;;;;;;;
 ;01:11:40;4.200;0.034;193.0;29.9;;;;;;;;;;;;;;;;;;
 ;01:11:41;4.200;0.034;193.0;29.9;;;;;;;;;;;;;;;;;;
 ;01:11:42;4.200;0.034;193.0;29.9;;;;;;;;;;;;;;;;;;
 ;01:11:43;4.200;0.034;193.0;29.9;;;;;;;;;;;;;;;;;;
 ;01:11:44;4.200;0.034;193.0;29.9;;;;;;;;;;;;;;;;;;
 ;01:11:45;4.200;0.034;193.0;29.9;;;;;;;;;;;;;;;;;;
 ;01:11:46;4.200;0.034;193.0;29.9;;;;;;;;;;;;;;;;;;
 ;01:11:47;4.200;0.034;193.1;29.9;;;;;;;;;;;;;;;;;;
 ;01:11:48;4.200;0.034;193.1;29.9;;;;;;;;;;;;;;;;;;
 ;01:11:49;4.200;0.034;193.1;29.9;;;;;;;;;;;;;;;;;;
 ;01:11:50;4.200;0.034;193.1;29.9;;;;;;;;;;;;;;;;;;
 ;01:11:51;4.200;0.034;193.1;29.9;;;;;;;;;;;;;;;;;;
 ;01:11:52;4.200;0.034;193.1;29.9;;;;;;;;;;;;;;;;;;
 ;01:11:53;4.200;0.034;193.1;29.9;;;;;;;;;;;;;;;;;;
 ;01:11:54;4.200;0.034;193.1;29.9;;;;;;;;;;;;;;;;;;
 ;01:11:55;4.200;0.034;193.1;29.9;;;;;;;;;;;;;;;;;;
 ;01:11:56;4.200;0.034;193.1;29.9;;;;;;;;;;;;;;;;;;
 ;01:11:57;4.200;0.034;193.1;29.9;;;;;;;;;;;;;;;;;;
 ;01:11:58;4.200;0.034;193.2;29.9;;;;;;;;;;;;;;;;;;
 ;01:11:59;4.200;0.034;193.2;29.9;;;;;;;;;;;;;;;;;;
 ;01:12:00;4.200;0.034;193.2;29.9;;;;;;;;;;;;;;;;;;
 ;01:12:01;4.200;0.034;193.2;29.9;;;;;;;;;;;;;;;;;;
 ;01:12:02;4.200;0.034;193.2;29.9;;;;;;;;;;;;;;;;;;
 ;01:12:03;4.200;0.034;193.2;29.9;;;;;;;;;;;;;;;;;;
 ;01:12:04;4.200;0.034;193.2;29.9;;;;;;;;;;;;;;;;;;
 ;01:12:05;4.200;0.034;193.2;29.9;;;;;;;;;;;;;;;;;;
 ;01:12:06;4.200;0.034;193.2;29.9;;;;;;;;;;;;;;;;;;
 ;01:12:07;4.200;0.034;193.2;29.9;;;;;;;;;;;;;;;;;;
 ;01:12:08;4.200;0.034;193.3;29.9;;;;;;;;;;;;;;;;;;
 ;01:12:09;4.200;0.034;193.3;29.9;;;;;;;;;;;;;;;;;;
 ;01:12:10;4.200;0.034;193.3;29.9;;;;;;;;;;;;;;;;;;
 ;01:12:11;4.200;0.034;193.3;29.9;;;;;;;;;;;;;;;;;;
 ;01:12:12;4.200;0.034;193.3;29.9;;;;;;;;;;;;;;;;;;
 ;01:12:13;4.200;0.034;193.3;29.9;;;;;;;;;;;;;;;;;;
 ;01:12:14;4.200;0.034;193.3;29.9;;;;;;;;;;;;;;;;;;
 ;01:12:15;4.200;0.034;193.3;29.9;;;;;;;;;;;;;;;;;;
 ;01:12:16;4.200;0.034;193.3;29.9;;;;;;;;;;;;;;;;;;
 ;01:12:17;4.200;0.034;193.3;29.9;;;;;;;;;;;;;;;;;;
 ;01:12:18;4.200;0.034;193.3;29.9;;;;;;;;;;;;;;;;;;
 ;01:12:19;4.200;0.034;193.4;29.9;;;;;;;;;;;;;;;;;;
 ;01:12:20;4.200;0.034;193.4;29.9;;;;;;;;;;;;;;;;;;
 ;01:12:21;4.200;0.034;193.4;29.9;;;;;;;;;;;;;;;;;;
 ;01:12:22;4.200;0.034;193.4;29.9;;;;;;;;;;;;;;;;;;
 ;01:12:23;4.200;0.034;193.4;29.9;;;;;;;;;;;;;;;;;;
 ;01:12:24;4.200;0.034;193.4;29.9;;;;;;;;;;;;;;;;;;
 ;01:12:25;4.200;0.034;193.4;29.9;;;;;;;;;;;;;;;;;;
 ;01:12:26;4.200;0.034;193.4;29.9;;;;;;;;;;;;;;;;;;
 ;01:12:27;4.200;0.034;193.4;29.9;;;;;;;;;;;;;;;;;;
 ;01:12:28;4.200;0.034;193.4;29.9;;;;;;;;;;;;;;;;;;
 ;01:12:29;4.200;0.034;193.4;29.9;;;;;;;;;;;;;;;;;;
 ;01:12:30;4.200;0.034;193.5;29.9;;;;;;;;;;;;;;;;;;
 ;01:12:31;4.200;0.034;193.5;29.9;;;;;;;;;;;;;;;;;;
 ;01:12:32;4.200;0.034;193.5;29.9;;;;;;;;;;;;;;;;;;
 ;01:12:33;4.200;0.034;193.5;29.9;;;;;;;;;;;;;;;;;;
 ;01:12:34;4.200;0.034;193.5;29.9;;;;;;;;;;;;;;;;;;
 ;01:12:35;4.200;0.034;193.5;29.9;;;;;;;;;;;;;;;;;;
 ;01:12:36;4.200;0.033;193.5;29.9;;;;;;;;;;;;;;;;;;
 ;01:12:37;4.200;0.033;193.5;29.9;;;;;;;;;;;;;;;;;;
 ;01:12:38;4.200;0.033;193.5;29.9;;;;;;;;;;;;;;;;;;
 ;01:12:39;4.200;0.033;193.5;29.9;;;;;;;;;;;;;;;;;;
 ;01:12:40;4.200;0.033;193.6;29.9;;;;;;;;;;;;;;;;;;
 ;01:12:41;4.200;0.033;193.6;29.9;;;;;;;;;;;;;;;;;;
 ;01:12:42;4.200;0.033;193.6;29.9;;;;;;;;;;;;;;;;;;
 ;01:12:43;4.200;0.033;193.6;29.9;;;;;;;;;;;;;;;;;;
 ;01:12:44;4.200;0.033;193.6;29.9;;;;;;;;;;;;;;;;;;
 ;01:12:45;4.200;0.033;193.6;29.9;;;;;;;;;;;;;;;;;;
 ;01:12:46;4.200;0.033;193.6;29.9;;;;;;;;;;;;;;;;;;
 ;01:12:47;4.200;0.033;193.6;29.9;;;;;;;;;;;;;;;;;;
 ;01:12:48;4.200;0.033;193.6;29.9;;;;;;;;;;;;;;;;;;
 ;01:12:49;4.200;0.033;193.6;29.9;;;;;;;;;;;;;;;;;;
 ;01:12:50;4.200;0.033;193.6;29.9;;;;;;;;;;;;;;;;;;
 ;01:12:51;4.200;0.033;193.7;29.9;;;;;;;;;;;;;;;;;;
 ;01:12:52;4.200;0.033;193.7;29.9;;;;;;;;;;;;;;;;;;
 ;01:12:53;4.200;0.033;193.7;29.9;;;;;;;;;;;;;;;;;;
 ;01:12:54;4.200;0.033;193.7;29.9;;;;;;;;;;;;;;;;;;
 ;01:12:55;4.200;0.033;193.7;29.9;;;;;;;;;;;;;;;;;;
 ;01:12:56;4.200;0.033;193.7;29.9;;;;;;;;;;;;;;;;;;
 ;01:12:57;4.200;0.033;193.7;29.9;;;;;;;;;;;;;;;;;;
 ;01:12:58;4.200;0.033;193.7;29.9;;;;;;;;;;;;;;;;;;
 ;01:12:59;4.200;0.033;193.7;29.9;;;;;;;;;;;;;;;;;;
 ;01:13:00;4.200;0.033;193.7;29.9;;;;;;;;;;;;;;;;;;
 ;01:13:01;4.200;0.033;193.7;29.9;;;;;;;;;;;;;;;;;;
 ;01:13:02;4.200;0.033;193.8;29.9;;;;;;;;;;;;;;;;;;
 ;01:13:03;4.200;0.033;193.8;29.9;;;;;;;;;;;;;;;;;;
 ;01:13:04;4.200;0.033;193.8;29.9;;;;;;;;;;;;;;;;;;
 ;01:13:05;4.200;0.033;193.8;29.9;;;;;;;;;;;;;;;;;;
 ;01:13:06;4.200;0.033;193.8;29.9;;;;;;;;;;;;;;;;;;
 ;01:13:07;4.200;0.033;193.8;29.9;;;;;;;;;;;;;;;;;;
 ;01:13:08;4.200;0.033;193.8;29.9;;;;;;;;;;;;;;;;;;
 ;01:13:09;4.200;0.033;193.8;29.9;;;;;;;;;;;;;;;;;;
 ;01:13:10;4.200;0.033;193.8;29.9;;;;;;;;;;;;;;;;;;
 ;01:13:11;4.200;0.033;193.8;29.9;;;;;;;;;;;;;;;;;;
 ;01:13:12;4.200;0.033;193.8;29.9;;;;;;;;;;;;;;;;;;
 ;01:13:13;4.200;0.033;193.9;29.9;;;;;;;;;;;;;;;;;;
 ;01:13:14;4.200;0.033;193.9;29.9;;;;;;;;;;;;;;;;;;
 ;01:13:15;4.200;0.033;193.9;29.9;;;;;;;;;;;;;;;;;;
 ;01:13:16;4.200;0.033;193.9;29.9;;;;;;;;;;;;;;;;;;
 ;01:13:17;4.200;0.033;193.9;29.9;;;;;;;;;;;;;;;;;;
 ;01:13:18;4.200;0.033;193.9;29.9;;;;;;;;;;;;;;;;;;
 ;01:13:19;4.200;0.033;193.9;29.9;;;;;;;;;;;;;;;;;;
 ;01:13:20;4.200;0.033;193.9;29.8;;;;;;;;;;;;;;;;;;
 ;01:13:21;4.200;0.033;193.9;29.9;;;;;;;;;;;;;;;;;;
 ;01:13:22;4.200;0.033;193.9;29.9;;;;;;;;;;;;;;;;;;
 ;01:13:23;4.200;0.033;193.9;29.8;;;;;;;;;;;;;;;;;;
 ;01:13:24;4.200;0.033;194.0;29.9;;;;;;;;;;;;;;;;;;
 ;01:13:25;4.200;0.033;194.0;29.9;;;;;;;;;;;;;;;;;;
 ;01:13:26;4.200;0.033;194.0;29.9;;;;;;;;;;;;;;;;;;
 ;01:13:27;4.200;0.033;194.0;29.8;;;;;;;;;;;;;;;;;;
 ;01:13:28;4.200;0.033;194.0;29.8;;;;;;;;;;;;;;;;;;
 ;01:13:29;4.200;0.033;194.0;29.9;;;;;;;;;;;;;;;;;;
 ;01:13:30;4.200;0.033;194.0;29.9;;;;;;;;;;;;;;;;;;
 ;01:13:31;4.200;0.033;194.0;29.9;;;;;;;;;;;;;;;;;;
 ;01:13:32;4.200;0.033;194.0;29.8;;;;;;;;;;;;;;;;;;
 ;01:13:33;4.200;0.033;194.0;29.9;;;;;;;;;;;;;;;;;;
 ;01:13:34;4.200;0.033;194.0;29.8;;;;;;;;;;;;;;;;;;
 ;01:13:35;4.200;0.033;194.1;29.9;;;;;;;;;;;;;;;;;;
 ;01:13:36;4.200;0.033;194.1;29.8;;;;;;;;;;;;;;;;;;
 ;01:13:37;4.200;0.033;194.1;29.9;;;;;;;;;;;;;;;;;;
 ;01:13:38;4.200;0.033;194.1;29.8;;;;;;;;;;;;;;;;;;
 ;01:13:39;4.200;0.033;194.1;29.8;;;;;;;;;;;;;;;;;;
 ;01:13:40;4.200;0.033;194.1;29.8;;;;;;;;;;;;;;;;;;
 ;01:13:41;4.200;0.033;194.1;29.8;;;;;;;;;;;;;;;;;;
 ;01:13:42;4.200;0.033;194.1;29.8;;;;;;;;;;;;;;;;;;
 ;01:13:43;4.200;0.033;194.1;29.8;;;;;;;;;;;;;;;;;;
 ;01:13:44;4.200;0.033;194.1;29.8;;;;;;;;;;;;;;;;;;
 ;01:13:45;4.200;0.033;194.1;29.8;;;;;;;;;;;;;;;;;;
 ;01:13:46;4.200;0.033;194.2;29.8;;;;;;;;;;;;;;;;;;
 ;01:13:47;4.200;0.033;194.2;29.8;;;;;;;;;;;;;;;;;;
 ;01:13:48;4.200;0.033;194.2;29.8;;;;;;;;;;;;;;;;;;
 ;01:13:49;4.200;0.033;194.2;29.8;;;;;;;;;;;;;;;;;;
 ;01:13:50;4.200;0.033;194.2;29.8;;;;;;;;;;;;;;;;;;
 ;01:13:51;4.200;0.033;194.2;29.8;;;;;;;;;;;;;;;;;;
 ;01:13:52;4.200;0.033;194.2;29.8;;;;;;;;;;;;;;;;;;
 ;01:13:53;4.200;0.033;194.2;29.8;;;;;;;;;;;;;;;;;;
 ;01:13:54;4.200;0.033;194.2;29.8;;;;;;;;;;;;;;;;;;
 ;01:13:55;4.200;0.033;194.2;29.8;;;;;;;;;;;;;;;;;;
 ;01:13:56;4.200;0.033;194.3;29.8;;;;;;;;;;;;;;;;;;
 ;01:13:57;4.200;0.033;194.3;29.8;;;;;;;;;;;;;;;;;;
 ;01:13:58;4.200;0.033;194.3;29.8;;;;;;;;;;;;;;;;;;
 ;01:13:59;4.200;0.033;194.3;29.8;;;;;;;;;;;;;;;;;;
 ;01:14:00;4.200;0.033;194.3;29.8;;;;;;;;;;;;;;;;;;
 ;01:14:01;4.200;0.033;194.3;29.8;;;;;;;;;;;;;;;;;;
 ;01:14:02;4.200;0.033;194.3;29.8;;;;;;;;;;;;;;;;;;
 ;01:14:03;4.200;0.033;194.3;29.8;;;;;;;;;;;;;;;;;;
 ;01:14:04;4.200;0.033;194.3;29.8;;;;;;;;;;;;;;;;;;
 ;01:14:05;4.200;0.033;194.3;29.8;;;;;;;;;;;;;;;;;;
 ;01:14:06;4.200;0.033;194.3;29.8;;;;;;;;;;;;;;;;;;
 ;01:14:07;4.200;0.033;194.4;29.8;;;;;;;;;;;;;;;;;;
 ;01:14:08;4.200;0.033;194.4;29.8;;;;;;;;;;;;;;;;;;
 ;01:14:09;4.200;0.033;194.4;29.8;;;;;;;;;;;;;;;;;;
 ;01:14:10;4.200;0.033;194.4;29.8;;;;;;;;;;;;;;;;;;
 ;01:14:11;4.200;0.033;194.4;29.8;;;;;;;;;;;;;;;;;;
 ;01:14:12;4.200;0.033;194.4;29.8;;;;;;;;;;;;;;;;;;
 ;01:14:13;4.200;0.033;194.4;29.8;;;;;;;;;;;;;;;;;;
 ;01:14:14;4.200;0.033;194.4;29.8;;;;;;;;;;;;;;;;;;
 ;01:14:15;4.200;0.033;194.4;29.8;;;;;;;;;;;;;;;;;;
 ;01:14:16;4.200;0.033;194.4;29.8;;;;;;;;;;;;;;;;;;
 ;01:14:17;4.200;0.033;194.4;29.8;;;;;;;;;;;;;;;;;;
 ;01:14:18;4.200;0.033;194.5;29.8;;;;;;;;;;;;;;;;;;
 ;01:14:19;4.200;0.033;194.5;29.8;;;;;;;;;;;;;;;;;;
 ;01:14:20;4.200;0.033;194.5;29.8;;;;;;;;;;;;;;;;;;
 ;01:14:21;4.200;0.033;194.5;29.8;;;;;;;;;;;;;;;;;;
 ;01:14:22;4.200;0.033;194.5;29.8;;;;;;;;;;;;;;;;;;
 ;01:14:23;4.200;0.033;194.5;29.8;;;;;;;;;;;;;;;;;;
 ;01:14:24;4.200;0.033;194.5;29.8;;;;;;;;;;;;;;;;;;
 ;01:14:25;4.200;0.033;194.5;29.8;;;;;;;;;;;;;;;;;;
 ;01:14:26;4.200;0.033;194.5;29.8;;;;;;;;;;;;;;;;;;
 ;01:14:27;4.200;0.033;194.5;29.8;;;;;;;;;;;;;;;;;;
 ;01:14:28;4.200;0.033;194.5;29.8;;;;;;;;;;;;;;;;;;
 ;01:14:29;4.200;0.033;194.6;29.8;;;;;;;;;;;;;;;;;;
 ;01:14:30;4.200;0.033;194.6;29.8;;;;;;;;;;;;;;;;;;
 ;01:14:31;4.200;0.033;194.6;29.8;;;;;;;;;;;;;;;;;;
 ;01:14:32;4.200;0.033;194.6;29.8;;;;;;;;;;;;;;;;;;
 ;01:14:33;4.200;0.033;194.6;29.8;;;;;;;;;;;;;;;;;;
 ;01:14:34;4.200;0.033;194.6;29.8;;;;;;;;;;;;;;;;;;
 ;01:14:35;4.200;0.033;194.6;29.8;;;;;;;;;;;;;;;;;;
 ;01:14:36;4.200;0.033;194.6;29.8;;;;;;;;;;;;;;;;;;
 ;01:14:37;4.200;0.033;194.6;29.8;;;;;;;;;;;;;;;;;;
 ;01:14:38;4.200;0.033;194.6;29.8;;;;;;;;;;;;;;;;;;
 ;01:14:39;4.200;0.033;194.6;29.8;;;;;;;;;;;;;;;;;;
 ;01:14:40;4.200;0.033;194.7;29.8;;;;;;;;;;;;;;;;;;
 ;01:14:41;4.200;0.033;194.7;29.8;;;;;;;;;;;;;;;;;;
 ;01:14:42;4.200;0.033;194.7;29.8;;;;;;;;;;;;;;;;;;
 ;01:14:43;4.200;0.033;194.7;29.8;;;;;;;;;;;;;;;;;;
 ;01:14:44;4.200;0.033;194.7;29.8;;;;;;;;;;;;;;;;;;
 ;01:14:45;4.200;0.033;194.7;29.8;;;;;;;;;;;;;;;;;;
 ;01:14:46;4.200;0.033;194.7;29.8;;;;;;;;;;;;;;;;;;
 ;01:14:47;4.200;0.033;194.7;29.8;;;;;;;;;;;;;;;;;;
 ;01:14:48;4.200;0.033;194.7;29.8;;;;;;;;;;;;;;;;;;
 ;01:14:49;4.200;0.033;194.7;29.8;;;;;;;;;;;;;;;;;;
 ;01:14:50;4.200;0.033;194.7;29.8;;;;;;;;;;;;;;;;;;
 ;01:14:51;4.200;0.033;194.8;29.8;;;;;;;;;;;;;;;;;;
 ;01:14:52;4.200;0.033;194.8;29.8;;;;;;;;;;;;;;;;;;
 ;01:14:53;4.200;0.033;194.8;29.8;;;;;;;;;;;;;;;;;;
 ;01:14:54;4.200;0.033;194.8;29.8;;;;;;;;;;;;;;;;;;
 ;01:14:55;4.200;0.033;194.8;29.8;;;;;;;;;;;;;;;;;;
 ;01:14:56;4.200;0.033;194.8;29.8;;;;;;;;;;;;;;;;;;
 ;01:14:57;4.200;0.033;194.8;29.8;;;;;;;;;;;;;;;;;;
 ;01:14:58;4.200;0.033;194.8;29.8;;;;;;;;;;;;;;;;;;
 ;01:14:59;4.200;0.033;194.8;29.8;;;;;;;;;;;;;;;;;;
 ;01:15:00;4.200;0.033;194.8;29.8;;;;;;;;;;;;;;;;;;
 ;01:15:01;4.200;0.033;194.8;29.8;;;;;;;;;;;;;;;;;;
 ;01:15:02;4.200;0.033;194.9;29.8;;;;;;;;;;;;;;;;;;
 ;01:15:03;4.200;0.033;194.9;29.8;;;;;;;;;;;;;;;;;;
 ;01:15:04;4.200;0.033;194.9;29.8;;;;;;;;;;;;;;;;;;
 ;01:15:05;4.200;0.033;194.9;29.8;;;;;;;;;;;;;;;;;;
 ;01:15:06;4.200;0.033;194.9;29.8;;;;;;;;;;;;;;;;;;
 ;01:15:07;4.200;0.033;194.9;29.8;;;;;;;;;;;;;;;;;;
 ;01:15:08;4.200;0.033;194.9;29.8;;;;;;;;;;;;;;;;;;
 ;01:15:09;4.200;0.032;194.9;29.8;;;;;;;;;;;;;;;;;;
 ;01:15:10;4.200;0.032;194.9;29.8;;;;;;;;;;;;;;;;;;
 ;01:15:11;4.200;0.032;194.9;29.8;;;;;;;;;;;;;;;;;;
 ;01:15:12;4.200;0.032;194.9;29.8;;;;;;;;;;;;;;;;;;
 ;01:15:13;4.200;0.032;195.0;29.8;;;;;;;;;;;;;;;;;;
 ;01:15:14;4.200;0.032;195.0;29.8;;;;;;;;;;;;;;;;;;
 ;01:15:15;4.200;0.032;195.0;29.9;;;;;;;;;;;;;;;;;;
 ;01:15:16;4.200;0.032;195.0;29.8;;;;;;;;;;;;;;;;;;
 ;01:15:17;4.200;0.032;195.0;29.9;;;;;;;;;;;;;;;;;;
 ;01:15:18;4.200;0.032;195.0;29.8;;;;;;;;;;;;;;;;;;
 ;01:15:19;4.200;0.032;195.0;29.9;;;;;;;;;;;;;;;;;;
 ;01:15:20;4.200;0.032;195.0;29.8;;;;;;;;;;;;;;;;;;
 ;01:15:21;4.200;0.032;195.0;29.8;;;;;;;;;;;;;;;;;;
 ;01:15:22;4.200;0.032;195.0;29.9;;;;;;;;;;;;;;;;;;
 ;01:15:23;4.200;0.032;195.0;29.9;;;;;;;;;;;;;;;;;;
 ;01:15:24;4.200;0.032;195.1;29.8;;;;;;;;;;;;;;;;;;
 ;01:15:25;4.200;0.032;195.1;29.9;;;;;;;;;;;;;;;;;;
 ;01:15:26;4.200;0.032;195.1;29.9;;;;;;;;;;;;;;;;;;
 ;01:15:27;4.200;0.032;195.1;29.9;;;;;;;;;;;;;;;;;;
 ;01:15:28;4.200;0.032;195.1;29.9;;;;;;;;;;;;;;;;;;
 ;01:15:29;4.200;0.032;195.1;29.8;;;;;;;;;;;;;;;;;;
 ;01:15:30;4.200;0.032;195.1;29.9;;;;;;;;;;;;;;;;;;
 ;01:15:31;4.200;0.032;195.1;29.9;;;;;;;;;;;;;;;;;;
 ;01:15:32;4.200;0.032;195.1;29.9;;;;;;;;;;;;;;;;;;
 ;01:15:33;4.200;0.032;195.1;29.8;;;;;;;;;;;;;;;;;;
 ;01:15:34;4.200;0.032;195.1;29.9;;;;;;;;;;;;;;;;;;
 ;01:15:35;4.200;0.032;195.2;29.9;;;;;;;;;;;;;;;;;;
 ;01:15:36;4.200;0.032;195.2;29.9;;;;;;;;;;;;;;;;;;
 ;01:15:37;4.200;0.032;195.2;29.9;;;;;;;;;;;;;;;;;;
 ;01:15:38;4.200;0.032;195.2;29.9;;;;;;;;;;;;;;;;;;
 ;01:15:39;4.200;0.032;195.2;29.8;;;;;;;;;;;;;;;;;;
 ;01:15:40;4.200;0.032;195.2;29.8;;;;;;;;;;;;;;;;;;
 ;01:15:41;4.200;0.032;195.2;29.9;;;;;;;;;;;;;;;;;;
 ;01:15:42;4.200;0.032;195.2;29.9;;;;;;;;;;;;;;;;;;
 ;01:15:43;4.200;0.032;195.2;29.9;;;;;;;;;;;;;;;;;;
 ;01:15:44;4.200;0.032;195.2;29.9;;;;;;;;;;;;;;;;;;
 ;01:15:45;4.200;0.032;195.2;29.9;;;;;;;;;;;;;;;;;;
 ;01:15:46;4.200;0.032;195.2;29.9;;;;;;;;;;;;;;;;;;
 ;01:15:47;4.200;0.032;195.3;29.9;;;;;;;;;;;;;;;;;;
 ;01:15:48;4.200;0.032;195.3;29.9;;;;;;;;;;;;;;;;;;
 ;01:15:49;4.200;0.032;195.3;29.9;;;;;;;;;;;;;;;;;;
 ;01:15:50;4.200;0.032;195.3;29.9;;;;;;;;;;;;;;;;;;
 ;01:15:51;4.200;0.032;195.3;29.9;;;;;;;;;;;;;;;;;;
 ;01:15:52;4.200;0.032;195.3;29.9;;;;;;;;;;;;;;;;;;
 ;01:15:53;4.200;0.032;195.3;29.9;;;;;;;;;;;;;;;;;;
 ;01:15:54;4.200;0.032;195.3;29.9;;;;;;;;;;;;;;;;;;
 ;01:15:55;4.200;0.032;195.3;29.9;;;;;;;;;;;;;;;;;;
 ;01:15:56;4.200;0.032;195.3;29.9;;;;;;;;;;;;;;;;;;
 ;01:15:57;4.200;0.032;195.3;29.9;;;;;;;;;;;;;;;;;;
 ;01:15:58;4.200;0.032;195.4;29.9;;;;;;;;;;;;;;;;;;
 ;01:15:59;4.200;0.032;195.4;29.9;;;;;;;;;;;;;;;;;;
 ;01:16:00;4.200;0.032;195.4;29.9;;;;;;;;;;;;;;;;;;
 ;01:16:01;4.200;0.032;195.4;29.9;;;;;;;;;;;;;;;;;;
 ;01:16:02;4.200;0.032;195.4;29.9;;;;;;;;;;;;;;;;;;
 ;01:16:03;4.200;0.032;195.4;29.9;;;;;;;;;;;;;;;;;;
 ;01:16:04;4.200;0.032;195.4;29.9;;;;;;;;;;;;;;;;;;
 ;01:16:05;4.200;0.032;195.4;29.9;;;;;;;;;;;;;;;;;;
 ;01:16:06;4.200;0.032;195.4;29.9;;;;;;;;;;;;;;;;;;
 ;01:16:07;4.200;0.032;195.4;29.9;;;;;;;;;;;;;;;;;;
 ;01:16:08;4.200;0.032;195.4;29.9;;;;;;;;;;;;;;;;;;
 ;01:16:09;4.200;0.032;195.5;29.9;;;;;;;;;;;;;;;;;;
 ;01:16:10;4.200;0.032;195.5;29.9;;;;;;;;;;;;;;;;;;
 ;01:16:11;4.200;0.032;195.5;29.9;;;;;;;;;;;;;;;;;;
 ;01:16:12;4.200;0.032;195.5;29.9;;;;;;;;;;;;;;;;;;
 ;01:16:13;4.200;0.032;195.5;29.9;;;;;;;;;;;;;;;;;;
 ;01:16:14;4.200;0.032;195.5;29.9;;;;;;;;;;;;;;;;;;
 ;01:16:15;4.200;0.032;195.5;29.9;;;;;;;;;;;;;;;;;;
 ;01:16:16;4.200;0.032;195.5;29.9;;;;;;;;;;;;;;;;;;
 ;01:16:17;4.200;0.032;195.5;29.9;;;;;;;;;;;;;;;;;;
 ;01:16:18;4.200;0.032;195.5;29.9;;;;;;;;;;;;;;;;;;
 ;01:16:19;4.200;0.032;195.5;29.9;;;;;;;;;;;;;;;;;;
 ;01:16:20;4.200;0.032;195.6;29.9;;;;;;;;;;;;;;;;;;
 ;01:16:21;4.200;0.032;195.6;29.9;;;;;;;;;;;;;;;;;;
 ;01:16:22;4.200;0.032;195.6;29.9;;;;;;;;;;;;;;;;;;
 ;01:16:23;4.200;0.032;195.6;29.9;;;;;;;;;;;;;;;;;;
 ;01:16:24;4.200;0.032;195.6;29.9;;;;;;;;;;;;;;;;;;
 ;01:16:25;4.200;0.032;195.6;29.9;;;;;;;;;;;;;;;;;;
 ;01:16:26;4.200;0.032;195.6;29.9;;;;;;;;;;;;;;;;;;
 ;01:16:27;4.200;0.032;195.6;29.9;;;;;;;;;;;;;;;;;;
 ;01:16:28;4.200;0.032;195.6;29.9;;;;;;;;;;;;;;;;;;
 ;01:16:29;4.200;0.032;195.6;29.9;;;;;;;;;;;;;;;;;;
 ;01:16:30;4.200;0.032;195.6;29.9;;;;;;;;;;;;;;;;;;
 ;01:16:31;4.200;0.032;195.6;29.9;;;;;;;;;;;;;;;;;;
 ;01:16:32;4.200;0.032;195.7;29.9;;;;;;;;;;;;;;;;;;
 ;01:16:33;4.200;0.032;195.7;29.9;;;;;;;;;;;;;;;;;;
 ;01:16:34;4.200;0.032;195.7;29.9;;;;;;;;;;;;;;;;;;
 ;01:16:35;4.200;0.032;195.7;29.9;;;;;;;;;;;;;;;;;;
 ;01:16:36;4.200;0.032;195.7;29.9;;;;;;;;;;;;;;;;;;
 ;01:16:37;4.200;0.032;195.7;29.9;;;;;;;;;;;;;;;;;;
 ;01:16:38;4.200;0.032;195.7;29.9;;;;;;;;;;;;;;;;;;
 ;01:16:39;4.200;0.032;195.7;29.9;;;;;;;;;;;;;;;;;;
 ;01:16:40;4.200;0.032;195.7;29.9;;;;;;;;;;;;;;;;;;
 ;01:16:41;4.200;0.032;195.7;29.9;;;;;;;;;;;;;;;;;;
 ;01:16:42;4.200;0.032;195.7;29.9;;;;;;;;;;;;;;;;;;
 ;01:16:43;4.200;0.032;195.8;29.9;;;;;;;;;;;;;;;;;;
 ;01:16:44;4.200;0.032;195.8;29.9;;;;;;;;;;;;;;;;;;
 ;01:16:45;4.200;0.032;195.8;29.9;;;;;;;;;;;;;;;;;;
 ;01:16:46;4.200;0.032;195.8;29.9;;;;;;;;;;;;;;;;;;
 ;01:16:47;4.200;0.032;195.8;29.9;;;;;;;;;;;;;;;;;;
 ;01:16:48;4.200;0.032;195.8;29.9;;;;;;;;;;;;;;;;;;
 ;01:16:49;4.200;0.032;195.8;29.9;;;;;;;;;;;;;;;;;;
 ;01:16:50;4.200;0.032;195.8;29.9;;;;;;;;;;;;;;;;;;
 ;01:16:51;4.200;0.032;195.8;29.9;;;;;;;;;;;;;;;;;;
 ;01:16:52;4.200;0.032;195.8;29.9;;;;;;;;;;;;;;;;;;
 ;01:16:53;4.200;0.032;195.8;29.9;;;;;;;;;;;;;;;;;;
 ;01:16:54;4.200;0.032;195.9;29.9;;;;;;;;;;;;;;;;;;
 ;01:16:55;4.200;0.032;195.9;29.9;;;;;;;;;;;;;;;;;;
 ;01:16:56;4.200;0.032;195.9;29.9;;;;;;;;;;;;;;;;;;
 ;01:16:57;4.200;0.030;195.9;29.9;;;;;;;;;;;;;;;;;;
 ;01:16:58;4.200;0.030;195.9;29.9;;;;;;;;;;;;;;;;;;
 ;01:16:59;4.200;0.030;195.9;29.9;;;;;;;;;;;;;;;;;;
 ;01:17:00;4.200;0.030;195.9;29.9;;;;;;;;;;;;;;;;;;
 ;01:17:01;4.200;0.030;195.9;29.9;;;;;;;;;;;;;;;;;;
 ;01:17:02;4.200;0.030;195.9;29.9;;;;;;;;;;;;;;;;;;
 ;01:17:03;4.200;0.030;195.9;29.9;;;;;;;;;;;;;;;;;;
 ;01:17:04;4.200;0.030;195.9;29.9;;;;;;;;;;;;;;;;;;
 ;01:17:05;4.200;0.030;195.9;29.9;;;;;;;;;;;;;;;;;;
 ;01:17:06;4.200;0.030;196.0;29.9;;;;;;;;;;;;;;;;;;
 ;01:17:07;4.200;0.030;196.0;29.9;;;;;;;;;;;;;;;;;;
 ;01:17:08;4.200;0.030;196.0;29.9;;;;;;;;;;;;;;;;;;
 ;01:17:09;4.200;0.030;196.0;29.9;;;;;;;;;;;;;;;;;;
 ;01:17:10;4.200;0.030;196.0;29.9;;;;;;;;;;;;;;;;;;
 ;01:17:11;4.200;0.030;196.0;29.9;;;;;;;;;;;;;;;;;;
 ;01:17:12;4.200;0.030;196.0;29.9;;;;;;;;;;;;;;;;;;
 ;01:17:13;4.200;0.030;196.0;29.9;;;;;;;;;;;;;;;;;;
 ;01:17:14;4.200;0.030;196.0;29.9;;;;;;;;;;;;;;;;;;
 ;01:17:15;4.200;0.030;196.0;29.9;;;;;;;;;;;;;;;;;;
 ;01:17:16;4.200;0.030;196.0;29.9;;;;;;;;;;;;;;;;;;
 ;01:17:17;4.200;0.030;196.0;29.9;;;;;;;;;;;;;;;;;;
 ;01:17:18;4.200;0.030;196.1;29.9;;;;;;;;;;;;;;;;;;
 ;01:17:19;4.200;0.030;196.1;29.9;;;;;;;;;;;;;;;;;;
 ;01:17:20;4.200;0.030;196.1;29.9;;;;;;;;;;;;;;;;;;
 ;01:17:21;4.200;0.030;196.1;29.9;;;;;;;;;;;;;;;;;;
 ;01:17:22;4.200;0.030;196.1;29.9;;;;;;;;;;;;;;;;;;
 ;01:17:23;4.200;0.030;196.1;29.9;;;;;;;;;;;;;;;;;;
 ;01:17:24;4.200;0.030;196.1;29.9;;;;;;;;;;;;;;;;;;
 ;01:17:25;4.200;0.030;196.1;29.9;;;;;;;;;;;;;;;;;;
 ;01:17:26;4.200;0.030;196.1;29.9;;;;;;;;;;;;;;;;;;
 ;01:17:27;4.200;0.030;196.1;29.9;;;;;;;;;;;;;;;;;;
 ;01:17:28;4.200;0.030;196.1;29.9;;;;;;;;;;;;;;;;;;
 ;01:17:29;4.200;0.030;196.1;29.9;;;;;;;;;;;;;;;;;;
 ;01:17:30;4.200;0.030;196.2;29.9;;;;;;;;;;;;;;;;;;
 ;01:17:31;4.200;0.030;196.2;29.9;;;;;;;;;;;;;;;;;;
 ;01:17:32;4.200;0.030;196.2;29.9;;;;;;;;;;;;;;;;;;
 ;01:17:33;4.200;0.030;196.2;29.9;;;;;;;;;;;;;;;;;;
 ;01:17:34;4.200;0.030;196.2;29.9;;;;;;;;;;;;;;;;;;
 ;01:17:35;4.200;0.030;196.2;29.9;;;;;;;;;;;;;;;;;;
 ;01:17:36;4.200;0.030;196.2;29.9;;;;;;;;;;;;;;;;;;
 ;01:17:37;4.200;0.030;196.2;29.9;;;;;;;;;;;;;;;;;;
 ;01:17:38;4.200;0.030;196.2;29.9;;;;;;;;;;;;;;;;;;
 ;01:17:39;4.200;0.030;196.2;29.9;;;;;;;;;;;;;;;;;;
 ;01:17:40;4.200;0.030;196.2;29.9;;;;;;;;;;;;;;;;;;
 ;01:17:41;4.200;0.030;196.2;29.9;;;;;;;;;;;;;;;;;;
 ;01:17:42;4.200;0.030;196.3;29.9;;;;;;;;;;;;;;;;;;
 ;01:17:43;4.200;0.030;196.3;29.9;;;;;;;;;;;;;;;;;;
 ;01:17:44;4.200;0.030;196.3;29.9;;;;;;;;;;;;;;;;;;
 ;01:17:45;4.200;0.030;196.3;29.9;;;;;;;;;;;;;;;;;;
 ;01:17:46;4.200;0.030;196.3;29.9;;;;;;;;;;;;;;;;;;
 ;01:17:47;4.200;0.030;196.3;29.9;;;;;;;;;;;;;;;;;;
 ;01:17:48;4.200;0.030;196.3;29.9;;;;;;;;;;;;;;;;;;
 ;01:17:49;4.200;0.030;196.3;29.9;;;;;;;;;;;;;;;;;;
 ;01:17:50;4.200;0.030;196.3;29.9;;;;;;;;;;;;;;;;;;
 ;01:17:51;4.200;0.030;196.3;29.9;;;;;;;;;;;;;;;;;;
 ;01:17:52;4.200;0.030;196.3;29.9;;;;;;;;;;;;;;;;;;
 ;01:17:53;4.200;0.030;196.3;29.9;;;;;;;;;;;;;;;;;;
 ;01:17:54;4.200;0.030;196.4;29.9;;;;;;;;;;;;;;;;;;
 ;01:17:55;4.200;0.030;196.4;29.9;;;;;;;;;;;;;;;;;;
 ;01:17:56;4.200;0.030;196.4;29.9;;;;;;;;;;;;;;;;;;
 ;01:17:57;4.200;0.030;196.4;29.9;;;;;;;;;;;;;;;;;;
 ;01:17:58;4.200;0.030;196.4;29.9;;;;;;;;;;;;;;;;;;
 ;01:17:59;4.200;0.030;196.4;29.9;;;;;;;;;;;;;;;;;;
 ;01:18:00;4.200;0.030;196.4;29.9;;;;;;;;;;;;;;;;;;
 ;01:18:01;4.200;0.030;196.4;29.9;;;;;;;;;;;;;;;;;;
 ;01:18:02;4.200;0.030;196.4;29.9;;;;;;;;;;;;;;;;;;
 ;01:18:03;4.200;0.030;196.4;29.9;;;;;;;;;;;;;;;;;;
 ;01:18:04;4.200;0.030;196.4;29.9;;;;;;;;;;;;;;;;;;
 ;01:18:05;4.200;0.030;196.4;29.9;;;;;;;;;;;;;;;;;;
 ;01:18:06;4.200;0.030;196.5;29.9;;;;;;;;;;;;;;;;;;
 ;01:18:07;4.200;0.030;196.5;29.9;;;;;;;;;;;;;;;;;;
 ;01:18:08;4.200;0.030;196.5;29.9;;;;;;;;;;;;;;;;;;
 ;01:18:09;4.200;0.030;196.5;29.9;;;;;;;;;;;;;;;;;;
 ;01:18:10;4.200;0.030;196.5;29.9;;;;;;;;;;;;;;;;;;
 ;01:18:11;4.200;0.030;196.5;29.9;;;;;;;;;;;;;;;;;;
 ;01:18:12;4.200;0.030;196.5;29.9;;;;;;;;;;;;;;;;;;
 ;01:18:13;4.200;0.030;196.5;29.9;;;;;;;;;;;;;;;;;;
 ;01:18:14;4.200;0.030;196.5;29.9;;;;;;;;;;;;;;;;;;
 ;01:18:15;4.200;0.030;196.5;29.9;;;;;;;;;;;;;;;;;;
 ;01:18:16;4.200;0.030;196.5;29.9;;;;;;;;;;;;;;;;;;
 ;01:18:17;4.200;0.030;196.5;29.9;;;;;;;;;;;;;;;;;;
 ;01:18:18;4.200;0.030;196.6;29.9;;;;;;;;;;;;;;;;;;
 ;01:18:19;4.200;0.030;196.6;29.9;;;;;;;;;;;;;;;;;;
 ;01:18:20;4.200;0.030;196.6;29.9;;;;;;;;;;;;;;;;;;
 ;01:18:21;4.200;0.030;196.6;29.9;;;;;;;;;;;;;;;;;;
 ;01:18:22;4.200;0.030;196.6;29.9;;;;;;;;;;;;;;;;;;
 ;01:18:23;4.200;0.030;196.6;29.9;;;;;;;;;;;;;;;;;;
 ;01:18:24;4.200;0.030;196.6;29.9;;;;;;;;;;;;;;;;;;
 ;01:18:25;4.200;0.030;196.6;29.9;;;;;;;;;;;;;;;;;;
 ;01:18:26;4.200;0.030;196.6;29.9;;;;;;;;;;;;;;;;;;
 ;01:18:27;4.200;0.030;196.6;29.9;;;;;;;;;;;;;;;;;;
 ;01:18:28;4.200;0.030;196.6;29.9;;;;;;;;;;;;;;;;;;
 ;01:18:29;4.200;0.030;196.6;29.9;;;;;;;;;;;;;;;;;;
 ;01:18:30;4.200;0.030;196.7;29.9;;;;;;;;;;;;;;;;;;
 ;01:18:31;4.200;0.030;196.7;29.9;;;;;;;;;;;;;;;;;;
 ;01:18:32;4.200;0.030;196.7;29.9;;;;;;;;;;;;;;;;;;
 ;01:18:33;4.200;0.030;196.7;29.9;;;;;;;;;;;;;;;;;;
 ;01:18:34;4.200;0.030;196.7;29.9;;;;;;;;;;;;;;;;;;
 ;01:18:35;4.200;0.030;196.7;29.9;;;;;;;;;;;;;;;;;;
 ;01:18:36;4.200;0.030;196.7;29.9;;;;;;;;;;;;;;;;;;
 ;01:18:37;4.200;0.030;196.7;29.9;;;;;;;;;;;;;;;;;;
 ;01:18:38;4.200;0.030;196.7;29.9;;;;;;;;;;;;;;;;;;
 ;01:18:39;4.200;0.030;196.7;29.9;;;;;;;;;;;;;;;;;;
 ;01:18:40;4.200;0.030;196.7;29.9;;;;;;;;;;;;;;;;;;
 ;01:18:41;4.200;0.030;196.7;29.9;;;;;;;;;;;;;;;;;;
 ;01:18:42;4.200;0.030;196.8;29.9;;;;;;;;;;;;;;;;;;
 ;01:18:43;4.200;0.030;196.8;29.9;;;;;;;;;;;;;;;;;;
 ;01:18:44;4.200;0.030;196.8;29.9;;;;;;;;;;;;;;;;;;
 ;01:18:45;4.200;0.030;196.8;29.9;;;;;;;;;;;;;;;;;;
 ;01:18:46;4.200;0.030;196.8;29.9;;;;;;;;;;;;;;;;;;
 ;01:18:47;4.200;0.030;196.8;29.9;;;;;;;;;;;;;;;;;;
 ;01:18:48;4.200;0.030;196.8;29.9;;;;;;;;;;;;;;;;;;
 ;01:18:49;4.200;0.030;196.8;29.9;;;;;;;;;;;;;;;;;;
 ;01:18:50;4.200;0.029;196.8;29.9;;;;;;;;;;;;;;;;;;
 ;01:18:51;4.200;0.029;196.8;29.9;;;;;;;;;;;;;;;;;;
 ;01:18:52;4.200;0.029;196.8;29.9;;;;;;;;;;;;;;;;;;
 ;01:18:53;4.200;0.029;196.8;29.9;;;;;;;;;;;;;;;;;;
 ;01:18:54;4.200;0.029;196.9;29.9;;;;;;;;;;;;;;;;;;
 ;01:18:55;4.200;0.029;196.9;29.9;;;;;;;;;;;;;;;;;;
 ;01:18:56;4.200;0.029;196.9;29.9;;;;;;;;;;;;;;;;;;
 ;01:18:57;4.200;0.029;196.9;29.9;;;;;;;;;;;;;;;;;;
 ;01:18:58;4.200;0.029;196.9;29.9;;;;;;;;;;;;;;;;;;
 ;01:18:59;4.200;0.029;196.9;29.9;;;;;;;;;;;;;;;;;;
 ;01:19:00;4.200;0.029;196.9;29.9;;;;;;;;;;;;;;;;;;
 ;01:19:01;4.200;0.029;196.9;29.9;;;;;;;;;;;;;;;;;;
 ;01:19:02;4.200;0.029;196.9;29.9;;;;;;;;;;;;;;;;;;
 ;01:19:03;4.200;0.029;196.9;29.9;;;;;;;;;;;;;;;;;;
 ;01:19:04;4.200;0.029;196.9;29.9;;;;;;;;;;;;;;;;;;
 ;01:19:05;4.200;0.029;196.9;29.9;;;;;;;;;;;;;;;;;;
 ;01:19:06;4.200;0.029;197.0;29.9;;;;;;;;;;;;;;;;;;
 ;01:19:07;4.200;0.029;197.0;29.9;;;;;;;;;;;;;;;;;;
 ;01:19:08;4.200;0.029;197.0;29.9;;;;;;;;;;;;;;;;;;
 ;01:19:09;4.200;0.029;197.0;29.9;;;;;;;;;;;;;;;;;;
 ;01:19:10;4.200;0.029;197.0;29.9;;;;;;;;;;;;;;;;;;
 ;01:19:11;4.200;0.029;197.0;29.9;;;;;;;;;;;;;;;;;;
 ;01:19:12;4.200;0.029;197.0;29.9;;;;;;;;;;;;;;;;;;
 ;01:19:13;4.200;0.029;197.0;29.9;;;;;;;;;;;;;;;;;;
 ;01:19:14;4.200;0.029;197.0;29.9;;;;;;;;;;;;;;;;;;
 ;01:19:15;4.200;0.029;197.0;29.9;;;;;;;;;;;;;;;;;;
 ;01:19:16;4.200;0.029;197.0;29.9;;;;;;;;;;;;;;;;;;
 ;01:19:17;4.200;0.029;197.0;29.9;;;;;;;;;;;;;;;;;;
 ;01:19:18;4.200;0.029;197.1;29.9;;;;;;;;;;;;;;;;;;
 ;01:19:19;4.200;0.029;197.1;29.9;;;;;;;;;;;;;;;;;;
 ;01:19:20;4.200;0.029;197.1;29.9;;;;;;;;;;;;;;;;;;
 ;01:19:21;4.200;0.029;197.1;29.9;;;;;;;;;;;;;;;;;;
 ;01:19:22;4.200;0.029;197.1;29.9;;;;;;;;;;;;;;;;;;
 ;01:19:23;4.200;0.029;197.1;29.9;;;;;;;;;;;;;;;;;;
 ;01:19:24;4.200;0.029;197.1;29.9;;;;;;;;;;;;;;;;;;
 ;01:19:25;4.200;0.029;197.1;29.9;;;;;;;;;;;;;;;;;;
 ;01:19:26;4.200;0.029;197.1;29.9;;;;;;;;;;;;;;;;;;
 ;01:19:27;4.200;0.029;197.1;29.9;;;;;;;;;;;;;;;;;;
 ;01:19:28;4.200;0.029;197.1;29.9;;;;;;;;;;;;;;;;;;
 ;01:19:29;4.200;0.029;197.1;29.9;;;;;;;;;;;;;;;;;;
 ;01:19:30;4.200;0.029;197.1;29.9;;;;;;;;;;;;;;;;;;
 ;01:19:31;4.200;0.029;197.2;29.9;;;;;;;;;;;;;;;;;;
 ;01:19:32;4.200;0.029;197.2;29.9;;;;;;;;;;;;;;;;;;
 ;01:19:33;4.200;0.029;197.2;29.9;;;;;;;;;;;;;;;;;;
 ;01:19:34;4.200;0.029;197.2;29.9;;;;;;;;;;;;;;;;;;
 ;01:19:35;4.200;0.029;197.2;29.9;;;;;;;;;;;;;;;;;;
 ;01:19:36;4.200;0.029;197.2;29.9;;;;;;;;;;;;;;;;;;
 ;01:19:37;4.200;0.029;197.2;29.9;;;;;;;;;;;;;;;;;;
 ;01:19:38;4.200;0.029;197.2;29.9;;;;;;;;;;;;;;;;;;
 ;01:19:39;4.200;0.029;197.2;29.9;;;;;;;;;;;;;;;;;;
 ;01:19:40;4.200;0.029;197.2;29.9;;;;;;;;;;;;;;;;;;
 ;01:19:41;4.200;0.029;197.2;29.9;;;;;;;;;;;;;;;;;;
 ;01:19:42;4.200;0.029;197.2;29.9;;;;;;;;;;;;;;;;;;
 ;01:19:43;4.200;0.029;197.3;29.9;;;;;;;;;;;;;;;;;;
 ;01:19:44;4.200;0.029;197.3;29.9;;;;;;;;;;;;;;;;;;
 ;01:19:45;4.200;0.029;197.3;29.9;;;;;;;;;;;;;;;;;;
 ;01:19:46;4.200;0.029;197.3;29.9;;;;;;;;;;;;;;;;;;
 ;01:19:47;4.200;0.029;197.3;29.9;;;;;;;;;;;;;;;;;;
 ;01:19:48;4.200;0.029;197.3;29.9;;;;;;;;;;;;;;;;;;
 ;01:19:49;4.200;0.029;197.3;29.9;;;;;;;;;;;;;;;;;;
 ;01:19:50;4.200;0.029;197.3;29.9;;;;;;;;;;;;;;;;;;
 ;01:19:51;4.200;0.029;197.3;29.9;;;;;;;;;;;;;;;;;;
 ;01:19:52;4.200;0.029;197.3;29.9;;;;;;;;;;;;;;;;;;
 ;01:19:53;4.200;0.029;197.3;29.9;;;;;;;;;;;;;;;;;;
 ;01:19:54;4.200;0.029;197.3;29.9;;;;;;;;;;;;;;;;;;
 ;01:19:55;4.200;0.029;197.4;29.9;;;;;;;;;;;;;;;;;;
 ;01:19:56;4.200;0.029;197.4;29.9;;;;;;;;;;;;;;;;;;
 ;01:19:57;4.200;0.029;197.4;29.9;;;;;;;;;;;;;;;;;;
 ;01:19:58;4.200;0.029;197.4;29.9;;;;;;;;;;;;;;;;;;
 ;01:19:59;4.200;0.029;197.4;29.9;;;;;;;;;;;;;;;;;;
 ;01:20:00;4.200;0.029;197.4;29.9;;;;;;;;;;;;;;;;;;
 ;01:20:01;4.200;0.029;197.4;29.9;;;;;;;;;;;;;;;;;;
 ;01:20:02;4.200;0.029;197.4;29.9;;;;;;;;;;;;;;;;;;
 ;01:20:03;4.200;0.029;197.4;29.9;;;;;;;;;;;;;;;;;;
 ;01:20:04;4.200;0.029;197.4;29.9;;;;;;;;;;;;;;;;;;
 ;01:20:05;4.200;0.029;197.4;29.9;;;;;;;;;;;;;;;;;;
 ;01:20:06;4.200;0.029;197.4;29.9;;;;;;;;;;;;;;;;;;
 ;01:20:07;4.200;0.029;197.4;29.9;;;;;;;;;;;;;;;;;;
 ;01:20:08;4.200;0.029;197.5;29.9;;;;;;;;;;;;;;;;;;
 ;01:20:09;4.200;0.029;197.5;29.9;;;;;;;;;;;;;;;;;;
 ;01:20:10;4.200;0.029;197.5;29.9;;;;;;;;;;;;;;;;;;
 ;01:20:11;4.200;0.029;197.5;29.9;;;;;;;;;;;;;;;;;;
 ;01:20:12;4.200;0.029;197.5;29.9;;;;;;;;;;;;;;;;;;
 ;01:20:13;4.200;0.029;197.5;29.9;;;;;;;;;;;;;;;;;;
 ;01:20:14;4.200;0.029;197.5;29.9;;;;;;;;;;;;;;;;;;
 ;01:20:15;4.200;0.029;197.5;29.9;;;;;;;;;;;;;;;;;;
 ;01:20:16;4.200;0.029;197.5;29.9;;;;;;;;;;;;;;;;;;
 ;01:20:17;4.200;0.029;197.5;29.9;;;;;;;;;;;;;;;;;;
 ;01:20:18;4.200;0.029;197.5;29.9;;;;;;;;;;;;;;;;;;
 ;01:20:19;4.200;0.029;197.5;29.9;;;;;;;;;;;;;;;;;;
 ;01:20:20;4.200;0.029;197.6;29.9;;;;;;;;;;;;;;;;;;
 ;01:20:21;4.200;0.029;197.6;29.9;;;;;;;;;;;;;;;;;;
 ;01:20:22;4.200;0.029;197.6;29.9;;;;;;;;;;;;;;;;;;
 ;01:20:23;4.200;0.029;197.6;29.9;;;;;;;;;;;;;;;;;;
 ;01:20:24;4.200;0.029;197.6;29.9;;;;;;;;;;;;;;;;;;
 ;01:20:25;4.200;0.029;197.6;29.9;;;;;;;;;;;;;;;;;;
 ;01:20:26;4.200;0.029;197.6;29.9;;;;;;;;;;;;;;;;;;
 ;01:20:27;4.200;0.029;197.6;29.9;;;;;;;;;;;;;;;;;;
 ;01:20:28;4.200;0.029;197.6;29.9;;;;;;;;;;;;;;;;;;
 ;01:20:29;4.200;0.029;197.6;29.9;;;;;;;;;;;;;;;;;;
 ;01:20:30;4.200;0.029;197.6;29.9;;;;;;;;;;;;;;;;;;
 ;01:20:31;4.200;0.029;197.6;29.9;;;;;;;;;;;;;;;;;;
 ;01:20:32;4.200;0.029;197.7;29.9;;;;;;;;;;;;;;;;;;
 ;01:20:33;4.200;0.029;197.7;29.9;;;;;;;;;;;;;;;;;;
 ;01:20:34;4.200;0.029;197.7;29.9;;;;;;;;;;;;;;;;;;
 ;01:20:35;4.200;0.029;197.7;29.9;;;;;;;;;;;;;;;;;;
 ;01:20:36;4.200;0.029;197.7;29.9;;;;;;;;;;;;;;;;;;
 ;01:20:37;4.200;0.029;197.7;29.9;;;;;;;;;;;;;;;;;;
 ;01:20:38;4.200;0.029;197.7;29.9;;;;;;;;;;;;;;;;;;
 ;01:20:39;4.200;0.029;197.7;29.9;;;;;;;;;;;;;;;;;;
 ;01:20:40;4.200;0.029;197.7;29.9;;;;;;;;;;;;;;;;;;
 ;01:20:41;4.200;0.029;197.7;29.9;;;;;;;;;;;;;;;;;;
 ;01:20:42;4.200;0.029;197.7;29.9;;;;;;;;;;;;;;;;;;
 ;01:20:43;4.200;0.029;197.7;29.9;;;;;;;;;;;;;;;;;;
 ;01:20:44;4.200;0.029;197.7;29.9;;;;;;;;;;;;;;;;;;
 ;01:20:45;4.200;0.029;197.8;29.9;;;;;;;;;;;;;;;;;;
 ;01:20:46;4.200;0.029;197.8;29.9;;;;;;;;;;;;;;;;;;
 ;01:20:47;4.200;0.029;197.8;29.9;;;;;;;;;;;;;;;;;;
 ;01:20:48;4.200;0.029;197.8;29.9;;;;;;;;;;;;;;;;;;
 ;01:20:49;4.200;0.029;197.8;29.9;;;;;;;;;;;;;;;;;;
 ;01:20:50;4.200;0.029;197.8;29.9;;;;;;;;;;;;;;;;;;
 ;01:20:51;4.200;0.029;197.8;29.9;;;;;;;;;;;;;;;;;;
 ;01:20:52;4.200;0.029;197.8;29.9;;;;;;;;;;;;;;;;;;
 ;01:20:53;4.200;0.029;197.8;29.9;;;;;;;;;;;;;;;;;;
 ;01:20:54;4.200;0.029;197.8;29.9;;;;;;;;;;;;;;;;;;
 ;01:20:55;4.200;0.029;197.8;29.9;;;;;;;;;;;;;;;;;;
 ;01:20:56;4.200;0.029;197.8;29.9;;;;;;;;;;;;;;;;;;
 ;01:20:57;4.200;0.029;197.9;29.9;;;;;;;;;;;;;;;;;;
 ;01:20:58;4.200;0.029;197.9;29.9;;;;;;;;;;;;;;;;;;
 ;01:20:59;4.200;0.029;197.9;29.9;;;;;;;;;;;;;;;;;;
 ;01:21:00;4.200;0.029;197.9;29.9;;;;;;;;;;;;;;;;;;
 ;01:21:01;4.200;0.029;197.9;29.9;;;;;;;;;;;;;;;;;;
 ;01:21:02;4.200;0.029;197.9;29.9;;;;;;;;;;;;;;;;;;
 ;01:21:03;4.200;0.029;197.9;29.9;;;;;;;;;;;;;;;;;;
 ;01:21:04;4.200;0.029;197.9;29.9;;;;;;;;;;;;;;;;;;
 ;01:21:05;4.200;0.029;197.9;29.9;;;;;;;;;;;;;;;;;;
 ;01:21:06;4.200;0.029;197.9;29.9;;;;;;;;;;;;;;;;;;
 ;01:21:07;4.200;0.029;197.9;29.9;;;;;;;;;;;;;;;;;;
 ;01:21:08;4.200;0.029;197.9;29.9;;;;;;;;;;;;;;;;;;
 ;01:21:09;4.200;0.029;197.9;29.9;;;;;;;;;;;;;;;;;;
 ;01:21:10;4.200;0.029;198.0;29.9;;;;;;;;;;;;;;;;;;
 ;01:21:11;4.200;0.029;198.0;29.9;;;;;;;;;;;;;;;;;;
 ;01:21:12;4.200;0.029;198.0;29.9;;;;;;;;;;;;;;;;;;
 ;01:21:13;4.200;0.029;198.0;29.9;;;;;;;;;;;;;;;;;;
 ;01:21:14;4.200;0.029;198.0;29.9;;;;;;;;;;;;;;;;;;
 ;01:21:15;4.200;0.029;198.0;29.9;;;;;;;;;;;;;;;;;;
 ;01:21:16;4.200;0.029;198.0;29.9;;;;;;;;;;;;;;;;;;
 ;01:21:17;4.200;0.029;198.0;29.9;;;;;;;;;;;;;;;;;;
 ;01:21:18;4.200;0.029;198.0;29.9;;;;;;;;;;;;;;;;;;
 ;01:21:19;4.200;0.029;198.0;29.9;;;;;;;;;;;;;;;;;;
 ;01:21:20;4.200;0.029;198.0;29.9;;;;;;;;;;;;;;;;;;
 ;01:21:21;4.200;0.029;198.0;29.9;;;;;;;;;;;;;;;;;;
 ;01:21:22;4.200;0.029;198.1;29.9;;;;;;;;;;;;;;;;;;
 ;01:21:23;4.200;0.029;198.1;29.9;;;;;;;;;;;;;;;;;;
 ;01:21:24;4.200;0.029;198.1;29.9;;;;;;;;;;;;;;;;;;
 ;01:21:25;4.200;0.029;198.1;29.9;;;;;;;;;;;;;;;;;;
 ;01:21:26;4.200;0.029;198.1;29.9;;;;;;;;;;;;;;;;;;
 ;01:21:27;4.200;0.029;198.1;29.9;;;;;;;;;;;;;;;;;;
 ;01:21:28;4.200;0.029;198.1;29.9;;;;;;;;;;;;;;;;;;
 ;01:21:29;4.200;0.029;198.1;29.9;;;;;;;;;;;;;;;;;;
 ;01:21:30;4.200;0.029;198.1;29.9;;;;;;;;;;;;;;;;;;
 ;01:21:31;4.200;0.029;198.1;29.9;;;;;;;;;;;;;;;;;;
 ;01:21:32;4.200;0.029;198.1;29.9;;;;;;;;;;;;;;;;;;
 ;01:21:33;4.200;0.029;198.1;29.9;;;;;;;;;;;;;;;;;;
 ;01:21:34;4.200;0.029;198.1;29.9;;;;;;;;;;;;;;;;;;
 ;01:21:35;4.200;0.029;198.2;29.9;;;;;;;;;;;;;;;;;;
 ;01:21:36;4.200;0.029;198.2;29.9;;;;;;;;;;;;;;;;;;
 ;01:21:37;4.200;0.029;198.2;29.9;;;;;;;;;;;;;;;;;;
 ;01:21:38;4.200;0.029;198.2;29.9;;;;;;;;;;;;;;;;;;
 ;01:21:39;4.200;0.029;198.2;29.9;;;;;;;;;;;;;;;;;;
 ;01:21:40;4.200;0.029;198.2;29.9;;;;;;;;;;;;;;;;;;
 ;01:21:41;4.200;0.029;198.2;29.9;;;;;;;;;;;;;;;;;;
 ;01:21:42;4.200;0.029;198.2;29.9;;;;;;;;;;;;;;;;;;
 ;01:21:43;4.200;0.029;198.2;29.9;;;;;;;;;;;;;;;;;;
 ;01:21:44;4.200;0.029;198.2;29.9;;;;;;;;;;;;;;;;;;
 ;01:21:45;4.200;0.029;198.2;29.9;;;;;;;;;;;;;;;;;;
 ;01:21:46;4.200;0.029;198.2;29.9;;;;;;;;;;;;;;;;;;
 ;01:21:47;4.200;0.029;198.3;29.9;;;;;;;;;;;;;;;;;;
 ;01:21:48;4.200;0.029;198.3;29.9;;;;;;;;;;;;;;;;;;
 ;01:21:49;4.200;0.029;198.3;29.9;;;;;;;;;;;;;;;;;;
 ;01:21:50;4.200;0.029;198.3;29.9;;;;;;;;;;;;;;;;;;
 ;01:21:51;4.200;0.029;198.3;29.9;;;;;;;;;;;;;;;;;;
 ;01:21:52;4.200;0.028;198.3;29.9;;;;;;;;;;;;;;;;;;
 ;01:21:53;4.200;0.028;198.3;29.9;;;;;;;;;;;;;;;;;;
 ;01:21:54;4.200;0.028;198.3;29.9;;;;;;;;;;;;;;;;;;
 ;01:21:55;4.200;0.028;198.3;29.9;;;;;;;;;;;;;;;;;;
 ;01:21:56;4.200;0.028;198.3;29.9;;;;;;;;;;;;;;;;;;
 ;01:21:57;4.200;0.028;198.3;29.9;;;;;;;;;;;;;;;;;;
 ;01:21:58;4.200;0.028;198.3;29.9;;;;;;;;;;;;;;;;;;
 ;01:21:59;4.200;0.028;198.3;29.9;;;;;;;;;;;;;;;;;;
 ;01:22:00;4.200;0.028;198.4;29.9;;;;;;;;;;;;;;;;;;
 ;01:22:01;4.200;0.028;198.4;29.9;;;;;;;;;;;;;;;;;;
 ;01:22:02;4.200;0.028;198.4;29.9;;;;;;;;;;;;;;;;;;
 ;01:22:03;4.200;0.028;198.4;29.9;;;;;;;;;;;;;;;;;;
 ;01:22:04;4.200;0.028;198.4;29.9;;;;;;;;;;;;;;;;;;
 ;01:22:05;4.200;0.028;198.4;29.9;;;;;;;;;;;;;;;;;;
 ;01:22:06;4.200;0.028;198.4;29.9;;;;;;;;;;;;;;;;;;
 ;01:22:07;4.200;0.028;198.4;29.9;;;;;;;;;;;;;;;;;;
 ;01:22:08;4.200;0.028;198.4;29.9;;;;;;;;;;;;;;;;;;
 ;01:22:09;4.200;0.028;198.4;29.9;;;;;;;;;;;;;;;;;;
 ;01:22:10;4.200;0.028;198.4;29.9;;;;;;;;;;;;;;;;;;
 ;01:22:11;4.200;0.028;198.4;29.9;;;;;;;;;;;;;;;;;;
 ;01:22:12;4.200;0.028;198.5;29.9;;;;;;;;;;;;;;;;;;
 ;01:22:13;4.200;0.028;198.5;29.9;;;;;;;;;;;;;;;;;;
 ;01:22:14;4.200;0.028;198.5;29.9;;;;;;;;;;;;;;;;;;
 ;01:22:15;4.200;0.028;198.5;29.9;;;;;;;;;;;;;;;;;;
 ;01:22:16;4.200;0.028;198.5;29.9;;;;;;;;;;;;;;;;;;
 ;01:22:17;4.200;0.028;198.5;29.9;;;;;;;;;;;;;;;;;;
 ;01:22:18;4.200;0.028;198.5;29.9;;;;;;;;;;;;;;;;;;
 ;01:22:19;4.200;0.028;198.5;29.9;;;;;;;;;;;;;;;;;;
 ;01:22:20;4.200;0.028;198.5;29.9;;;;;;;;;;;;;;;;;;
 ;01:22:21;4.200;0.028;198.5;29.9;;;;;;;;;;;;;;;;;;
 ;01:22:22;4.200;0.028;198.5;29.9;;;;;;;;;;;;;;;;;;
 ;01:22:23;4.200;0.028;198.5;29.9;;;;;;;;;;;;;;;;;;
 ;01:22:24;4.200;0.028;198.5;29.9;;;;;;;;;;;;;;;;;;
 ;01:22:25;4.200;0.028;198.6;29.9;;;;;;;;;;;;;;;;;;
 ;01:22:26;4.200;0.028;198.6;29.9;;;;;;;;;;;;;;;;;;
 ;01:22:27;4.200;0.028;198.6;29.9;;;;;;;;;;;;;;;;;;
 ;01:22:28;4.200;0.028;198.6;29.9;;;;;;;;;;;;;;;;;;
 ;01:22:29;4.200;0.028;198.6;29.9;;;;;;;;;;;;;;;;;;
 ;01:22:30;4.200;0.028;198.6;29.9;;;;;;;;;;;;;;;;;;
 ;01:22:31;4.200;0.028;198.6;29.9;;;;;;;;;;;;;;;;;;
 ;01:22:32;4.200;0.028;198.6;29.9;;;;;;;;;;;;;;;;;;
 ;01:22:33;4.200;0.028;198.6;29.9;;;;;;;;;;;;;;;;;;
 ;01:22:34;4.200;0.028;198.6;29.9;;;;;;;;;;;;;;;;;;
 ;01:22:35;4.200;0.028;198.6;29.9;;;;;;;;;;;;;;;;;;
 ;01:22:36;4.200;0.028;198.6;29.9;;;;;;;;;;;;;;;;;;
 ;01:22:37;4.200;0.028;198.6;29.9;;;;;;;;;;;;;;;;;;
 ;01:22:38;4.200;0.028;198.7;29.9;;;;;;;;;;;;;;;;;;
 ;01:22:39;4.200;0.028;198.7;29.9;;;;;;;;;;;;;;;;;;
 ;01:22:40;4.200;0.028;198.7;30.0;;;;;;;;;;;;;;;;;;
 ;01:22:41;4.200;0.028;198.7;29.9;;;;;;;;;;;;;;;;;;
 ;01:22:42;4.200;0.028;198.7;29.9;;;;;;;;;;;;;;;;;;
 ;01:22:43;4.200;0.028;198.7;29.9;;;;;;;;;;;;;;;;;;
 ;01:22:44;4.200;0.028;198.7;30.0;;;;;;;;;;;;;;;;;;
 ;01:22:45;4.200;0.028;198.7;29.9;;;;;;;;;;;;;;;;;;
 ;01:22:46;4.200;0.028;198.7;29.9;;;;;;;;;;;;;;;;;;
 ;01:22:47;4.200;0.028;198.7;29.9;;;;;;;;;;;;;;;;;;
 ;01:22:48;4.200;0.028;198.7;29.9;;;;;;;;;;;;;;;;;;
 ;01:22:49;4.200;0.028;198.7;29.9;;;;;;;;;;;;;;;;;;
 ;01:22:50;4.200;0.028;198.7;30.0;;;;;;;;;;;;;;;;;;
 ;01:22:51;4.200;0.028;198.8;30.0;;;;;;;;;;;;;;;;;;
 ;01:22:52;4.200;0.028;198.8;30.0;;;;;;;;;;;;;;;;;;
 ;01:22:53;4.200;0.028;198.8;29.9;;;;;;;;;;;;;;;;;;
 ;01:22:54;4.200;0.028;198.8;30.0;;;;;;;;;;;;;;;;;;
 ;01:22:55;4.200;0.028;198.8;30.0;;;;;;;;;;;;;;;;;;
 ;01:22:56;4.200;0.028;198.8;30.0;;;;;;;;;;;;;;;;;;
 ;01:22:57;4.200;0.028;198.8;30.0;;;;;;;;;;;;;;;;;;
 ;01:22:58;4.200;0.028;198.8;30.0;;;;;;;;;;;;;;;;;;
 ;01:22:59;4.200;0.028;198.8;30.0;;;;;;;;;;;;;;;;;;
 ;01:23:00;4.200;0.028;198.8;30.0;;;;;;;;;;;;;;;;;;
 ;01:23:01;4.200;0.028;198.8;30.0;;;;;;;;;;;;;;;;;;
 ;01:23:02;4.200;0.028;198.8;30.0;;;;;;;;;;;;;;;;;;
 ;01:23:03;4.200;0.028;198.8;30.0;;;;;;;;;;;;;;;;;;
 ;01:23:04;4.200;0.028;198.9;30.0;;;;;;;;;;;;;;;;;;
 ;01:23:05;4.200;0.028;198.9;30.0;;;;;;;;;;;;;;;;;;
 ;01:23:06;4.200;0.028;198.9;30.0;;;;;;;;;;;;;;;;;;
 ;01:23:07;4.200;0.028;198.9;30.0;;;;;;;;;;;;;;;;;;
 ;01:23:08;4.200;0.028;198.9;30.0;;;;;;;;;;;;;;;;;;
 ;01:23:09;4.200;0.028;198.9;30.0;;;;;;;;;;;;;;;;;;
 ;01:23:10;4.200;0.028;198.9;30.0;;;;;;;;;;;;;;;;;;
 ;01:23:11;4.200;0.028;198.9;30.0;;;;;;;;;;;;;;;;;;
 ;01:23:12;4.200;0.028;198.9;30.0;;;;;;;;;;;;;;;;;;
 ;01:23:13;4.200;0.028;198.9;30.0;;;;;;;;;;;;;;;;;;
 ;01:23:14;4.200;0.028;198.9;30.0;;;;;;;;;;;;;;;;;;
 ;01:23:15;4.200;0.028;198.9;30.0;;;;;;;;;;;;;;;;;;
 ;01:23:16;4.200;0.028;198.9;30.0;;;;;;;;;;;;;;;;;;
 ;01:23:17;4.200;0.028;199.0;30.0;;;;;;;;;;;;;;;;;;
 ;01:23:18;4.200;0.028;199.0;30.0;;;;;;;;;;;;;;;;;;
 ;01:23:19;4.200;0.028;199.0;30.0;;;;;;;;;;;;;;;;;;
 ;01:23:20;4.200;0.028;199.0;30.0;;;;;;;;;;;;;;;;;;
 ;01:23:21;4.200;0.028;199.0;30.0;;;;;;;;;;;;;;;;;;
 ;01:23:22;4.200;0.028;199.0;30.0;;;;;;;;;;;;;;;;;;
 ;01:23:23;4.200;0.028;199.0;30.0;;;;;;;;;;;;;;;;;;
 ;01:23:24;4.200;0.028;199.0;30.0;;;;;;;;;;;;;;;;;;
 ;01:23:25;4.200;0.028;199.0;30.0;;;;;;;;;;;;;;;;;;
 ;01:23:26;4.200;0.028;199.0;30.0;;;;;;;;;;;;;;;;;;
 ;01:23:27;4.200;0.028;199.0;30.0;;;;;;;;;;;;;;;;;;
 ;01:23:28;4.200;0.028;199.0;30.0;;;;;;;;;;;;;;;;;;
 ;01:23:29;4.200;0.028;199.0;30.0;;;;;;;;;;;;;;;;;;
 ;01:23:30;4.200;0.028;199.1;30.0;;;;;;;;;;;;;;;;;;
 ;01:23:31;4.200;0.028;199.1;30.0;;;;;;;;;;;;;;;;;;
 ;01:23:32;4.200;0.028;199.1;30.0;;;;;;;;;;;;;;;;;;
 ;01:23:33;4.200;0.028;199.1;30.0;;;;;;;;;;;;;;;;;;
 ;01:23:34;4.200;0.028;199.1;30.0;;;;;;;;;;;;;;;;;;
 ;01:23:35;4.200;0.028;199.1;30.0;;;;;;;;;;;;;;;;;;
 ;01:23:36;4.200;0.028;199.1;30.0;;;;;;;;;;;;;;;;;;
 ;01:23:37;4.200;0.028;199.1;30.0;;;;;;;;;;;;;;;;;;
 ;01:23:38;4.200;0.028;199.1;30.0;;;;;;;;;;;;;;;;;;
 ;01:23:39;4.200;0.028;199.1;30.0;;;;;;;;;;;;;;;;;;
 ;01:23:40;4.200;0.028;199.1;30.0;;;;;;;;;;;;;;;;;;
 ;01:23:41;4.200;0.028;199.1;30.0;;;;;;;;;;;;;;;;;;
 ;01:23:42;4.200;0.028;199.2;30.0;;;;;;;;;;;;;;;;;;
 ;01:23:43;4.200;0.028;199.2;30.0;;;;;;;;;;;;;;;;;;
 ;01:23:44;4.200;0.028;199.2;30.0;;;;;;;;;;;;;;;;;;
 ;01:23:45;4.200;0.028;199.2;30.0;;;;;;;;;;;;;;;;;;
 ;01:23:46;4.200;0.028;199.2;30.0;;;;;;;;;;;;;;;;;;
 ;01:23:47;4.200;0.028;199.2;30.0;;;;;;;;;;;;;;;;;;
 ;01:23:48;4.200;0.028;199.2;30.0;;;;;;;;;;;;;;;;;;
 ;01:23:49;4.200;0.028;199.2;30.0;;;;;;;;;;;;;;;;;;
 ;01:23:50;4.200;0.028;199.2;30.0;;;;;;;;;;;;;;;;;;
 ;01:23:51;4.200;0.028;199.2;30.0;;;;;;;;;;;;;;;;;;
 ;01:23:52;4.200;0.028;199.2;30.0;;;;;;;;;;;;;;;;;;
 ;01:23:53;4.200;0.028;199.2;30.0;;;;;;;;;;;;;;;;;;
 ;01:23:54;4.200;0.028;199.2;30.0;;;;;;;;;;;;;;;;;;
 ;01:23:55;4.200;0.028;199.3;30.0;;;;;;;;;;;;;;;;;;
 ;01:23:56;4.200;0.028;199.3;30.0;;;;;;;;;;;;;;;;;;
 ;01:23:57;4.200;0.028;199.3;30.0;;;;;;;;;;;;;;;;;;
 ;01:23:58;4.200;0.028;199.3;30.0;;;;;;;;;;;;;;;;;;
 ;01:23:59;4.200;0.028;199.3;30.0;;;;;;;;;;;;;;;;;;
 ;01:24:00;4.200;0.028;199.3;30.0;;;;;;;;;;;;;;;;;;
 ;01:24:01;4.200;0.028;199.3;30.0;;;;;;;;;;;;;;;;;;
 ;01:24:02;4.200;0.028;199.3;30.0;;;;;;;;;;;;;;;;;;
 ;01:24:03;4.200;0.028;199.3;30.0;;;;;;;;;;;;;;;;;;
 ;01:24:04;4.200;0.028;199.3;30.0;;;;;;;;;;;;;;;;;;
 ;01:24:05;4.200;0.028;199.3;30.0;;;;;;;;;;;;;;;;;;
 ;01:24:06;4.200;0.028;199.3;30.0;;;;;;;;;;;;;;;;;;
 ;01:24:07;4.200;0.028;199.3;30.0;;;;;;;;;;;;;;;;;;
 ;01:24:08;4.200;0.028;199.4;30.0;;;;;;;;;;;;;;;;;;
 ;01:24:09;4.200;0.028;199.4;30.0;;;;;;;;;;;;;;;;;;
 ;01:24:10;4.200;0.028;199.4;30.0;;;;;;;;;;;;;;;;;;
 ;01:24:11;4.200;0.028;199.4;30.0;;;;;;;;;;;;;;;;;;
 ;01:24:12;4.200;0.028;199.4;30.0;;;;;;;;;;;;;;;;;;
 ;01:24:13;4.200;0.028;199.4;30.0;;;;;;;;;;;;;;;;;;
 ;01:24:14;4.200;0.028;199.4;30.0;;;;;;;;;;;;;;;;;;
 ;01:24:15;4.200;0.028;199.4;30.0;;;;;;;;;;;;;;;;;;
 ;01:24:16;4.200;0.028;199.4;30.0;;;;;;;;;;;;;;;;;;
 ;01:24:17;4.200;0.028;199.4;30.0;;;;;;;;;;;;;;;;;;
 ;01:24:18;4.200;0.028;199.4;30.0;;;;;;;;;;;;;;;;;;
 ;01:24:19;4.200;0.028;199.4;30.0;;;;;;;;;;;;;;;;;;
 ;01:24:20;4.200;0.028;199.4;30.0;;;;;;;;;;;;;;;;;;
 ;01:24:21;4.200;0.028;199.5;30.0;;;;;;;;;;;;;;;;;;
 ;01:24:22;4.200;0.028;199.5;30.0;;;;;;;;;;;;;;;;;;
 ;01:24:23;4.200;0.028;199.5;30.0;;;;;;;;;;;;;;;;;;
 ;01:24:24;4.200;0.028;199.5;30.0;;;;;;;;;;;;;;;;;;
 ;01:24:25;4.200;0.028;199.5;30.0;;;;;;;;;;;;;;;;;;
 ;01:24:26;4.200;0.028;199.5;30.0;;;;;;;;;;;;;;;;;;
 ;01:24:27;4.200;0.028;199.5;30.0;;;;;;;;;;;;;;;;;;
 ;01:24:28;4.200;0.028;199.5;30.0;;;;;;;;;;;;;;;;;;
 ;01:24:29;4.200;0.028;199.5;30.0;;;;;;;;;;;;;;;;;;
 ;01:24:30;4.200;0.028;199.5;30.0;;;;;;;;;;;;;;;;;;
 ;01:24:31;4.200;0.028;199.5;30.0;;;;;;;;;;;;;;;;;;
 ;01:24:32;4.200;0.028;199.5;30.0;;;;;;;;;;;;;;;;;;
 ;01:24:33;4.200;0.028;199.5;30.0;;;;;;;;;;;;;;;;;;
 ;01:24:34;4.200;0.028;199.6;30.0;;;;;;;;;;;;;;;;;;
 ;01:24:35;4.200;0.028;199.6;30.0;;;;;;;;;;;;;;;;;;
 ;01:24:36;4.200;0.028;199.6;30.0;;;;;;;;;;;;;;;;;;
 ;01:24:37;4.200;0.028;199.6;30.0;;;;;;;;;;;;;;;;;;
 ;01:24:38;4.200;0.028;199.6;30.0;;;;;;;;;;;;;;;;;;
 ;01:24:39;4.200;0.028;199.6;30.0;;;;;;;;;;;;;;;;;;
 ;01:24:40;4.200;0.028;199.6;30.0;;;;;;;;;;;;;;;;;;
 ;01:24:41;4.200;0.028;199.6;30.0;;;;;;;;;;;;;;;;;;
 ;01:24:42;4.200;0.028;199.6;30.0;;;;;;;;;;;;;;;;;;
 ;01:24:43;4.200;0.028;199.6;30.0;;;;;;;;;;;;;;;;;;
 ;01:24:44;4.200;0.028;199.6;30.0;;;;;;;;;;;;;;;;;;
 ;01:24:45;4.200;0.028;199.6;30.0;;;;;;;;;;;;;;;;;;
 ;01:24:46;4.200;0.028;199.6;30.0;;;;;;;;;;;;;;;;;;
 ;01:24:47;4.200;0.028;199.7;30.0;;;;;;;;;;;;;;;;;;
 ;01:24:48;4.200;0.028;199.7;30.0;;;;;;;;;;;;;;;;;;
 ;01:24:49;4.200;0.028;199.7;30.0;;;;;;;;;;;;;;;;;;
 ;01:24:50;4.200;0.028;199.7;30.0;;;;;;;;;;;;;;;;;;
 ;01:24:51;4.200;0.028;199.7;30.0;;;;;;;;;;;;;;;;;;
 ;01:24:52;4.200;0.028;199.7;30.0;;;;;;;;;;;;;;;;;;
 ;01:24:53;4.200;0.028;199.7;30.0;;;;;;;;;;;;;;;;;;
 ;01:24:54;4.200;0.028;199.7;30.0;;;;;;;;;;;;;;;;;;
 ;01:24:55;4.200;0.028;199.7;30.0;;;;;;;;;;;;;;;;;;
 ;01:24:56;4.200;0.028;199.7;30.0;;;;;;;;;;;;;;;;;;
 ;01:24:57;4.200;0.028;199.7;30.0;;;;;;;;;;;;;;;;;;
 ;01:24:58;4.200;0.028;199.7;30.0;;;;;;;;;;;;;;;;;;
 ;01:24:59;4.200;0.028;199.7;30.0;;;;;;;;;;;;;;;;;;
 ;01:25:00;4.200;0.028;199.8;30.0;;;;;;;;;;;;;;;;;;
 ;01:25:01;4.200;0.028;199.8;30.0;;;;;;;;;;;;;;;;;;
 ;01:25:02;4.200;0.028;199.8;30.0;;;;;;;;;;;;;;;;;;
 ;01:25:03;4.200;0.028;199.8;30.0;;;;;;;;;;;;;;;;;;
 ;01:25:04;4.200;0.027;199.8;30.0;;;;;;;;;;;;;;;;;;
 ;01:25:05;4.200;0.027;199.8;30.0;;;;;;;;;;;;;;;;;;
 ;01:25:06;4.200;0.027;199.8;30.0;;;;;;;;;;;;;;;;;;
 ;01:25:07;4.200;0.027;199.8;30.0;;;;;;;;;;;;;;;;;;
 ;01:25:08;4.200;0.027;199.8;30.0;;;;;;;;;;;;;;;;;;
 ;01:25:09;4.200;0.027;199.8;30.0;;;;;;;;;;;;;;;;;;
 ;01:25:10;4.200;0.027;199.8;30.0;;;;;;;;;;;;;;;;;;
 ;01:25:11;4.200;0.027;199.8;30.0;;;;;;;;;;;;;;;;;;
 ;01:25:12;4.200;0.027;199.8;30.0;;;;;;;;;;;;;;;;;;
 ;01:25:13;4.200;0.027;199.9;30.0;;;;;;;;;;;;;;;;;;
 ;01:25:14;4.200;0.027;199.9;30.0;;;;;;;;;;;;;;;;;;
 ;01:25:15;4.200;0.027;199.9;30.0;;;;;;;;;;;;;;;;;;
 ;01:25:16;4.200;0.027;199.9;30.0;;;;;;;;;;;;;;;;;;
 ;01:25:17;4.200;0.027;199.9;30.0;;;;;;;;;;;;;;;;;;
 ;01:25:18;4.200;0.027;199.9;30.0;;;;;;;;;;;;;;;;;;
 ;01:25:19;4.200;0.027;199.9;30.0;;;;;;;;;;;;;;;;;;
 ;01:25:20;4.200;0.027;199.9;30.0;;;;;;;;;;;;;;;;;;
 ;01:25:21;4.200;0.027;199.9;30.0;;;;;;;;;;;;;;;;;;
 ;01:25:22;4.200;0.027;199.9;30.0;;;;;;;;;;;;;;;;;;
 ;01:25:23;4.200;0.027;199.9;30.0;;;;;;;;;;;;;;;;;;
 ;01:25:24;4.200;0.027;199.9;30.0;;;;;;;;;;;;;;;;;;
 ;01:25:25;4.200;0.027;199.9;30.0;;;;;;;;;;;;;;;;;;
 ;01:25:26;4.200;0.027;200.0;30.0;;;;;;;;;;;;;;;;;;
 ;01:25:27;4.200;0.027;200.0;30.0;;;;;;;;;;;;;;;;;;
 ;01:25:28;4.200;0.027;200.0;30.0;;;;;;;;;;;;;;;;;;
 ;01:25:29;4.200;0.027;200.0;30.0;;;;;;;;;;;;;;;;;;
 ;01:25:30;4.200;0.027;200.0;30.0;;;;;;;;;;;;;;;;;;
 ;01:25:31;4.200;0.027;200.0;30.0;;;;;;;;;;;;;;;;;;
 ;01:25:32;4.200;0.027;200.0;30.0;;;;;;;;;;;;;;;;;;
 ;01:25:33;4.200;0.027;200.0;30.0;;;;;;;;;;;;;;;;;;
 ;01:25:34;4.200;0.027;200.0;30.0;;;;;;;;;;;;;;;;;;
 ;01:25:35;4.200;0.027;200.0;30.0;;;;;;;;;;;;;;;;;;
 ;01:25:36;4.200;0.027;200.0;30.0;;;;;;;;;;;;;;;;;;
 ;01:25:37;4.200;0.027;200.0;30.0;;;;;;;;;;;;;;;;;;
 ;01:25:38;4.200;0.027;200.0;30.0;;;;;;;;;;;;;;;;;;
 ;01:25:39;4.200;0.027;200.1;30.0;;;;;;;;;;;;;;;;;;
 ;01:25:40;4.200;0.027;200.1;30.0;;;;;;;;;;;;;;;;;;
 ;01:25:41;4.200;0.027;200.1;30.0;;;;;;;;;;;;;;;;;;
 ;01:25:42;4.200;0.027;200.1;30.0;;;;;;;;;;;;;;;;;;
 ;01:25:43;4.200;0.027;200.1;30.0;;;;;;;;;;;;;;;;;;
 ;01:25:44;4.200;0.027;200.1;30.0;;;;;;;;;;;;;;;;;;
 ;01:25:45;4.200;0.027;200.1;30.0;;;;;;;;;;;;;;;;;;
 ;01:25:46;4.200;0.027;200.1;30.0;;;;;;;;;;;;;;;;;;
 ;01:25:47;4.200;0.027;200.1;30.0;;;;;;;;;;;;;;;;;;
 ;01:25:48;4.200;0.027;200.1;30.0;;;;;;;;;;;;;;;;;;
 ;01:25:49;4.200;0.027;200.1;30.0;;;;;;;;;;;;;;;;;;
 ;01:25:50;4.200;0.027;200.1;30.0;;;;;;;;;;;;;;;;;;
 ;01:25:51;4.200;0.027;200.1;30.0;;;;;;;;;;;;;;;;;;
 ;01:25:52;4.200;0.027;200.1;30.0;;;;;;;;;;;;;;;;;;
 ;01:25:53;4.200;0.027;200.2;30.0;;;;;;;;;;;;;;;;;;
 ;01:25:54;4.200;0.027;200.2;30.0;;;;;;;;;;;;;;;;;;
 ;01:25:55;4.200;0.027;200.2;30.0;;;;;;;;;;;;;;;;;;
 ;01:25:56;4.200;0.027;200.2;30.0;;;;;;;;;;;;;;;;;;
 ;01:25:57;4.200;0.027;200.2;30.0;;;;;;;;;;;;;;;;;;
 ;01:25:58;4.200;0.027;200.2;30.0;;;;;;;;;;;;;;;;;;
 ;01:25:59;4.200;0.027;200.2;30.0;;;;;;;;;;;;;;;;;;
 ;01:26:00;4.200;0.027;200.2;30.0;;;;;;;;;;;;;;;;;;
 ;01:26:01;4.200;0.027;200.2;30.0;;;;;;;;;;;;;;;;;;
 ;01:26:02;4.200;0.027;200.2;30.0;;;;;;;;;;;;;;;;;;
 ;01:26:03;4.200;0.027;200.2;30.0;;;;;;;;;;;;;;;;;;
 ;01:26:04;4.200;0.027;200.2;30.0;;;;;;;;;;;;;;;;;;
 ;01:26:05;4.200;0.027;200.2;30.0;;;;;;;;;;;;;;;;;;
 ;01:26:06;4.200;0.027;200.3;30.0;;;;;;;;;;;;;;;;;;
 ;01:26:07;4.200;0.027;200.3;30.0;;;;;;;;;;;;;;;;;;
 ;01:26:08;4.200;0.027;200.3;30.0;;;;;;;;;;;;;;;;;;
 ;01:26:09;4.200;0.027;200.3;30.0;;;;;;;;;;;;;;;;;;
 ;01:26:10;4.200;0.027;200.3;30.0;;;;;;;;;;;;;;;;;;
 ;01:26:11;4.200;0.027;200.3;30.0;;;;;;;;;;;;;;;;;;
 ;01:26:12;4.200;0.027;200.3;30.0;;;;;;;;;;;;;;;;;;
 ;01:26:13;4.200;0.027;200.3;30.0;;;;;;;;;;;;;;;;;;
 ;01:26:14;4.200;0.027;200.3;30.0;;;;;;;;;;;;;;;;;;
 ;01:26:15;4.200;0.027;200.3;30.0;;;;;;;;;;;;;;;;;;
 ;01:26:16;4.200;0.027;200.3;30.0;;;;;;;;;;;;;;;;;;
 ;01:26:17;4.200;0.027;200.3;30.0;;;;;;;;;;;;;;;;;;
 ;01:26:18;4.200;0.027;200.3;30.0;;;;;;;;;;;;;;;;;;
 ;01:26:19;4.200;0.027;200.4;30.0;;;;;;;;;;;;;;;;;;
 ;01:26:20;4.200;0.027;200.4;30.0;;;;;;;;;;;;;;;;;;
 ;01:26:21;4.200;0.027;200.4;30.0;;;;;;;;;;;;;;;;;;
 ;01:26:22;4.200;0.027;200.4;30.0;;;;;;;;;;;;;;;;;;
 ;01:26:23;4.200;0.027;200.4;30.0;;;;;;;;;;;;;;;;;;
 ;01:26:24;4.200;0.027;200.4;30.0;;;;;;;;;;;;;;;;;;
 ;01:26:25;4.200;0.027;200.4;30.0;;;;;;;;;;;;;;;;;;
 ;01:26:26;4.200;0.027;200.4;30.0;;;;;;;;;;;;;;;;;;
 ;01:26:27;4.200;0.027;200.4;30.0;;;;;;;;;;;;;;;;;;
 ;01:26:28;4.200;0.027;200.4;30.0;;;;;;;;;;;;;;;;;;
 ;01:26:29;4.200;0.027;200.4;30.0;;;;;;;;;;;;;;;;;;
 ;01:26:30;4.200;0.027;200.4;30.0;;;;;;;;;;;;;;;;;;
 ;01:26:31;4.200;0.027;200.4;30.0;;;;;;;;;;;;;;;;;;
 ;01:26:32;4.200;0.027;200.4;30.0;;;;;;;;;;;;;;;;;;
 ;01:26:33;4.200;0.027;200.5;30.0;;;;;;;;;;;;;;;;;;
 ;01:26:34;4.200;0.027;200.5;30.0;;;;;;;;;;;;;;;;;;
 ;01:26:35;4.200;0.027;200.5;30.0;;;;;;;;;;;;;;;;;;
 ;01:26:36;4.200;0.027;200.5;30.0;;;;;;;;;;;;;;;;;;
 ;01:26:37;4.200;0.027;200.5;30.0;;;;;;;;;;;;;;;;;;
 ;01:26:38;4.200;0.027;200.5;30.0;;;;;;;;;;;;;;;;;;
 ;01:26:39;4.200;0.027;200.5;30.0;;;;;;;;;;;;;;;;;;
 ;01:26:40;4.200;0.027;200.5;30.0;;;;;;;;;;;;;;;;;;
 ;01:26:41;4.200;0.027;200.5;30.0;;;;;;;;;;;;;;;;;;
 ;01:26:42;4.200;0.027;200.5;30.0;;;;;;;;;;;;;;;;;;
 ;01:26:43;4.200;0.027;200.5;30.0;;;;;;;;;;;;;;;;;;
 ;01:26:44;4.200;0.027;200.5;30.0;;;;;;;;;;;;;;;;;;
 ;01:26:45;4.200;0.027;200.5;30.0;;;;;;;;;;;;;;;;;;
 ;01:26:46;4.200;0.027;200.6;30.0;;;;;;;;;;;;;;;;;;
 ;01:26:47;4.200;0.027;200.6;30.0;;;;;;;;;;;;;;;;;;
 ;01:26:48;4.200;0.027;200.6;30.0;;;;;;;;;;;;;;;;;;
 ;01:26:49;4.200;0.027;200.6;30.0;;;;;;;;;;;;;;;;;;
 ;01:26:50;4.200;0.027;200.6;30.0;;;;;;;;;;;;;;;;;;
 ;01:26:51;4.200;0.027;200.6;30.0;;;;;;;;;;;;;;;;;;
 ;01:26:52;4.200;0.027;200.6;30.0;;;;;;;;;;;;;;;;;;
 ;01:26:53;4.200;0.027;200.6;30.0;;;;;;;;;;;;;;;;;;
 ;01:26:54;4.200;0.027;200.6;30.0;;;;;;;;;;;;;;;;;;
 ;01:26:55;4.200;0.027;200.6;30.0;;;;;;;;;;;;;;;;;;
 ;01:26:56;4.200;0.027;200.6;30.0;;;;;;;;;;;;;;;;;;
 ;01:26:57;4.200;0.027;200.6;30.0;;;;;;;;;;;;;;;;;;
 ;01:26:58;4.200;0.027;200.6;30.0;;;;;;;;;;;;;;;;;;
 ;01:26:59;4.200;0.027;200.7;30.0;;;;;;;;;;;;;;;;;;
 ;01:27:00;4.200;0.027;200.7;30.0;;;;;;;;;;;;;;;;;;
 ;01:27:01;4.200;0.027;200.7;30.0;;;;;;;;;;;;;;;;;;
 ;01:27:02;4.200;0.027;200.7;30.0;;;;;;;;;;;;;;;;;;
 ;01:27:03;4.200;0.027;200.7;30.0;;;;;;;;;;;;;;;;;;
 ;01:27:04;4.200;0.027;200.7;30.0;;;;;;;;;;;;;;;;;;
 ;01:27:05;4.200;0.027;200.7;30.0;;;;;;;;;;;;;;;;;;
 ;01:27:06;4.200;0.027;200.7;30.0;;;;;;;;;;;;;;;;;;
 ;01:27:07;4.200;0.027;200.7;30.0;;;;;;;;;;;;;;;;;;
 ;01:27:08;4.200;0.027;200.7;30.0;;;;;;;;;;;;;;;;;;
 ;01:27:09;4.200;0.027;200.7;30.0;;;;;;;;;;;;;;;;;;
 ;01:27:10;4.200;0.027;200.7;30.0;;;;;;;;;;;;;;;;;;
 ;01:27:11;4.200;0.027;200.7;30.0;;;;;;;;;;;;;;;;;;
 ;01:27:12;4.200;0.027;200.7;30.0;;;;;;;;;;;;;;;;;;
 ;01:27:13;4.200;0.027;200.8;30.0;;;;;;;;;;;;;;;;;;
 ;01:27:14;4.200;0.027;200.8;30.0;;;;;;;;;;;;;;;;;;
 ;01:27:15;4.200;0.027;200.8;30.0;;;;;;;;;;;;;;;;;;
 ;01:27:16;4.200;0.027;200.8;30.0;;;;;;;;;;;;;;;;;;
 ;01:27:17;4.200;0.027;200.8;30.0;;;;;;;;;;;;;;;;;;
 ;01:27:18;4.200;0.025;200.8;30.0;;;;;;;;;;;;;;;;;;
 ;01:27:19;4.200;0.025;200.8;30.0;;;;;;;;;;;;;;;;;;
 ;01:27:20;4.200;0.025;200.8;30.0;;;;;;;;;;;;;;;;;;
 ;01:27:21;4.200;0.025;200.8;30.0;;;;;;;;;;;;;;;;;;
 ;01:27:22;4.200;0.025;200.8;30.0;;;;;;;;;;;;;;;;;;
 ;01:27:23;4.200;0.025;200.8;30.0;;;;;;;;;;;;;;;;;;
 ;01:27:24;4.200;0.025;200.8;30.0;;;;;;;;;;;;;;;;;;
 ;01:27:25;4.200;0.025;200.8;30.0;;;;;;;;;;;;;;;;;;
 ;01:27:26;4.200;0.025;200.8;30.0;;;;;;;;;;;;;;;;;;
 ;01:27:27;4.200;0.025;200.9;30.0;;;;;;;;;;;;;;;;;;
 ;01:27:28;4.200;0.025;200.9;30.0;;;;;;;;;;;;;;;;;;
 ;01:27:29;4.200;0.025;200.9;30.0;;;;;;;;;;;;;;;;;;
 ;01:27:30;4.200;0.025;200.9;30.0;;;;;;;;;;;;;;;;;;
 ;01:27:31;4.200;0.025;200.9;30.0;;;;;;;;;;;;;;;;;;
 ;01:27:32;4.200;0.025;200.9;30.0;;;;;;;;;;;;;;;;;;
 ;01:27:33;4.200;0.025;200.9;30.0;;;;;;;;;;;;;;;;;;
 ;01:27:34;4.200;0.025;200.9;30.0;;;;;;;;;;;;;;;;;;
 ;01:27:35;4.200;0.025;200.9;30.0;;;;;;;;;;;;;;;;;;
 ;01:27:36;4.200;0.025;200.9;30.0;;;;;;;;;;;;;;;;;;
 ;01:27:37;4.200;0.025;200.9;30.0;;;;;;;;;;;;;;;;;;
 ;01:27:38;4.200;0.025;200.9;30.0;;;;;;;;;;;;;;;;;;
 ;01:27:39;4.200;0.025;200.9;30.0;;;;;;;;;;;;;;;;;;
 ;01:27:40;4.200;0.025;200.9;30.0;;;;;;;;;;;;;;;;;;
 ;01:27:41;4.200;0.025;201.0;30.0;;;;;;;;;;;;;;;;;;
 ;01:27:42;4.200;0.025;201.0;30.0;;;;;;;;;;;;;;;;;;
 ;01:27:43;4.200;0.025;201.0;30.0;;;;;;;;;;;;;;;;;;
 ;01:27:44;4.200;0.025;201.0;30.0;;;;;;;;;;;;;;;;;;
 ;01:27:45;4.200;0.025;201.0;30.0;;;;;;;;;;;;;;;;;;
 ;01:27:46;4.200;0.025;201.0;30.0;;;;;;;;;;;;;;;;;;
 ;01:27:47;4.200;0.025;201.0;30.0;;;;;;;;;;;;;;;;;;
 ;01:27:48;4.200;0.025;201.0;30.0;;;;;;;;;;;;;;;;;;
 ;01:27:49;4.200;0.025;201.0;30.0;;;;;;;;;;;;;;;;;;
 ;01:27:50;4.200;0.025;201.0;30.0;;;;;;;;;;;;;;;;;;
 ;01:27:51;4.200;0.025;201.0;30.0;;;;;;;;;;;;;;;;;;
 ;01:27:52;4.200;0.025;201.0;30.0;;;;;;;;;;;;;;;;;;
 ;01:27:53;4.200;0.025;201.0;30.0;;;;;;;;;;;;;;;;;;
 ;01:27:54;4.200;0.025;201.0;30.0;;;;;;;;;;;;;;;;;;
 ;01:27:55;4.200;0.025;201.0;30.0;;;;;;;;;;;;;;;;;;
 ;01:27:56;4.200;0.025;201.1;30.0;;;;;;;;;;;;;;;;;;
 ;01:27:57;4.200;0.025;201.1;30.0;;;;;;;;;;;;;;;;;;
 ;01:27:58;4.200;0.025;201.1;30.0;;;;;;;;;;;;;;;;;;
 ;01:27:59;4.200;0.025;201.1;30.0;;;;;;;;;;;;;;;;;;
 ;01:28:00;4.200;0.025;201.1;30.0;;;;;;;;;;;;;;;;;;
 ;01:28:01;4.200;0.025;201.1;30.0;;;;;;;;;;;;;;;;;;
 ;01:28:02;4.200;0.025;201.1;30.0;;;;;;;;;;;;;;;;;;
 ;01:28:03;4.200;0.025;201.1;30.0;;;;;;;;;;;;;;;;;;
 ;01:28:04;4.200;0.025;201.1;30.0;;;;;;;;;;;;;;;;;;
 ;01:28:05;4.200;0.025;201.1;30.0;;;;;;;;;;;;;;;;;;
 ;01:28:06;4.200;0.025;201.1;30.0;;;;;;;;;;;;;;;;;;
 ;01:28:07;4.200;0.025;201.1;30.0;;;;;;;;;;;;;;;;;;
 ;01:28:08;4.200;0.025;201.1;30.0;;;;;;;;;;;;;;;;;;
 ;01:28:09;4.200;0.025;201.1;30.0;;;;;;;;;;;;;;;;;;
 ;01:28:10;4.200;0.025;201.2;30.0;;;;;;;;;;;;;;;;;;
 ;01:28:11;4.200;0.025;201.2;30.0;;;;;;;;;;;;;;;;;;
 ;01:28:12;4.200;0.025;201.2;30.0;;;;;;;;;;;;;;;;;;
 ;01:28:13;4.200;0.025;201.2;30.0;;;;;;;;;;;;;;;;;;
 ;01:28:14;4.200;0.025;201.2;30.0;;;;;;;;;;;;;;;;;;
 ;01:28:15;4.200;0.025;201.2;30.0;;;;;;;;;;;;;;;;;;
 ;01:28:16;4.200;0.025;201.2;30.0;;;;;;;;;;;;;;;;;;
 ;01:28:17;4.200;0.025;201.2;30.0;;;;;;;;;;;;;;;;;;
 ;01:28:18;4.200;0.025;201.2;30.0;;;;;;;;;;;;;;;;;;
 ;01:28:19;4.200;0.025;201.2;30.0;;;;;;;;;;;;;;;;;;
 ;01:28:20;4.200;0.025;201.2;30.0;;;;;;;;;;;;;;;;;;
 ;01:28:21;4.200;0.025;201.2;30.0;;;;;;;;;;;;;;;;;;
 ;01:28:22;4.200;0.025;201.2;30.0;;;;;;;;;;;;;;;;;;
 ;01:28:23;4.200;0.025;201.2;30.0;;;;;;;;;;;;;;;;;;
 ;01:28:24;4.200;0.025;201.3;30.0;;;;;;;;;;;;;;;;;;
 ;01:28:25;4.200;0.025;201.3;30.0;;;;;;;;;;;;;;;;;;
 ;01:28:26;4.200;0.025;201.3;30.0;;;;;;;;;;;;;;;;;;
 ;01:28:27;4.200;0.025;201.3;30.0;;;;;;;;;;;;;;;;;;
 ;01:28:28;4.200;0.025;201.3;30.0;;;;;;;;;;;;;;;;;;
 ;01:28:29;4.200;0.025;201.3;30.0;;;;;;;;;;;;;;;;;;
 ;01:28:30;4.200;0.025;201.3;30.0;;;;;;;;;;;;;;;;;;
 ;01:28:31;4.200;0.025;201.3;30.0;;;;;;;;;;;;;;;;;;
 ;01:28:32;4.200;0.025;201.3;30.0;;;;;;;;;;;;;;;;;;
 ;01:28:33;4.200;0.025;201.3;30.0;;;;;;;;;;;;;;;;;;
 ;01:28:34;4.200;0.025;201.3;30.0;;;;;;;;;;;;;;;;;;
 ;01:28:35;4.200;0.025;201.3;30.0;;;;;;;;;;;;;;;;;;
 ;01:28:36;4.200;0.025;201.3;30.0;;;;;;;;;;;;;;;;;;
 ;01:28:37;4.200;0.025;201.3;30.0;;;;;;;;;;;;;;;;;;
 ;01:28:38;4.200;0.025;201.3;30.0;;;;;;;;;;;;;;;;;;
 ;01:28:39;4.200;0.025;201.4;30.0;;;;;;;;;;;;;;;;;;
 ;01:28:40;4.200;0.025;201.4;30.0;;;;;;;;;;;;;;;;;;
 ;01:28:41;4.200;0.025;201.4;30.0;;;;;;;;;;;;;;;;;;
 ;01:28:42;4.200;0.025;201.4;30.0;;;;;;;;;;;;;;;;;;
 ;01:28:43;4.200;0.025;201.4;30.0;;;;;;;;;;;;;;;;;;
 ;01:28:44;4.200;0.025;201.4;30.0;;;;;;;;;;;;;;;;;;
 ;01:28:45;4.200;0.025;201.4;30.0;;;;;;;;;;;;;;;;;;
 ;01:28:46;4.200;0.025;201.4;30.0;;;;;;;;;;;;;;;;;;
 ;01:28:47;4.200;0.025;201.4;30.0;;;;;;;;;;;;;;;;;;
 ;01:28:48;4.200;0.025;201.4;30.0;;;;;;;;;;;;;;;;;;
 ;01:28:49;4.200;0.025;201.4;30.0;;;;;;;;;;;;;;;;;;
 ;01:28:50;4.200;0.025;201.4;30.0;;;;;;;;;;;;;;;;;;
 ;01:28:51;4.200;0.025;201.4;30.0;;;;;;;;;;;;;;;;;;
 ;01:28:52;4.200;0.025;201.4;30.0;;;;;;;;;;;;;;;;;;
 ;01:28:53;4.200;0.025;201.5;30.0;;;;;;;;;;;;;;;;;;
 ;01:28:54;4.200;0.025;201.5;30.0;;;;;;;;;;;;;;;;;;
 ;01:28:55;4.200;0.025;201.5;30.0;;;;;;;;;;;;;;;;;;
 ;01:28:56;4.200;0.025;201.5;30.0;;;;;;;;;;;;;;;;;;
 ;01:28:57;4.200;0.025;201.5;30.0;;;;;;;;;;;;;;;;;;
 ;01:28:58;4.200;0.025;201.5;30.0;;;;;;;;;;;;;;;;;;
 ;01:28:59;4.200;0.025;201.5;30.0;;;;;;;;;;;;;;;;;;
 ;01:29:00;4.200;0.025;201.5;30.0;;;;;;;;;;;;;;;;;;
 ;01:29:01;4.200;0.025;201.5;30.0;;;;;;;;;;;;;;;;;;
 ;01:29:02;4.200;0.025;201.5;30.0;;;;;;;;;;;;;;;;;;
 ;01:29:03;4.200;0.025;201.5;30.0;;;;;;;;;;;;;;;;;;
 ;01:29:04;4.200;0.025;201.5;30.0;;;;;;;;;;;;;;;;;;
 ;01:29:05;4.200;0.025;201.5;30.0;;;;;;;;;;;;;;;;;;
 ;01:29:06;4.200;0.025;201.5;30.0;;;;;;;;;;;;;;;;;;
 ;01:29:07;4.200;0.025;201.5;30.0;;;;;;;;;;;;;;;;;;
 ;01:29:08;4.200;0.025;201.6;30.0;;;;;;;;;;;;;;;;;;
 ;01:29:09;4.200;0.025;201.6;30.0;;;;;;;;;;;;;;;;;;
 ;01:29:10;4.200;0.025;201.6;30.0;;;;;;;;;;;;;;;;;;
 ;01:29:11;4.200;0.025;201.6;30.0;;;;;;;;;;;;;;;;;;
 ;01:29:12;4.200;0.025;201.6;30.0;;;;;;;;;;;;;;;;;;
 ;01:29:13;4.200;0.025;201.6;30.0;;;;;;;;;;;;;;;;;;
 ;01:29:14;4.200;0.025;201.6;30.0;;;;;;;;;;;;;;;;;;
 ;01:29:15;4.200;0.025;201.6;30.0;;;;;;;;;;;;;;;;;;
 ;01:29:16;4.200;0.025;201.6;30.0;;;;;;;;;;;;;;;;;;
 ;01:29:17;4.200;0.025;201.6;30.0;;;;;;;;;;;;;;;;;;
 ;01:29:18;4.200;0.025;201.6;30.0;;;;;;;;;;;;;;;;;;
 ;01:29:19;4.200;0.025;201.6;30.0;;;;;;;;;;;;;;;;;;
 ;01:29:20;4.200;0.025;201.6;30.0;;;;;;;;;;;;;;;;;;
 ;01:29:21;4.200;0.025;201.6;30.0;;;;;;;;;;;;;;;;;;
 ;01:29:22;4.200;0.025;201.7;30.0;;;;;;;;;;;;;;;;;;
 ;01:29:23;4.200;0.025;201.7;30.0;;;;;;;;;;;;;;;;;;
 ;01:29:24;4.200;0.025;201.7;30.0;;;;;;;;;;;;;;;;;;
 ;01:29:25;4.200;0.025;201.7;30.0;;;;;;;;;;;;;;;;;;
 ;01:29:26;4.200;0.025;201.7;30.0;;;;;;;;;;;;;;;;;;
 ;01:29:27;4.200;0.025;201.7;30.0;;;;;;;;;;;;;;;;;;
 ;01:29:28;4.200;0.025;201.7;30.0;;;;;;;;;;;;;;;;;;
 ;01:29:29;4.200;0.025;201.7;30.0;;;;;;;;;;;;;;;;;;
 ;01:29:30;4.200;0.025;201.7;30.0;;;;;;;;;;;;;;;;;;
 ;01:29:31;4.200;0.025;201.7;30.0;;;;;;;;;;;;;;;;;;
 ;01:29:32;4.200;0.025;201.7;30.0;;;;;;;;;;;;;;;;;;
 ;01:29:33;4.200;0.025;201.7;30.0;;;;;;;;;;;;;;;;;;
 ;01:29:34;4.200;0.025;201.7;30.0;;;;;;;;;;;;;;;;;;
 ;01:29:35;4.200;0.025;201.7;30.0;;;;;;;;;;;;;;;;;;
 ;01:29:36;4.200;0.025;201.8;30.0;;;;;;;;;;;;;;;;;;
 ;01:29:37;4.200;0.025;201.8;30.0;;;;;;;;;;;;;;;;;;
 ;01:29:38;4.200;0.025;201.8;30.0;;;;;;;;;;;;;;;;;;
 ;01:29:39;4.200;0.025;201.8;30.0;;;;;;;;;;;;;;;;;;
 ;01:29:40;4.200;0.025;201.8;30.0;;;;;;;;;;;;;;;;;;
 ;01:29:41;4.200;0.025;201.8;30.0;;;;;;;;;;;;;;;;;;
 ;01:29:42;4.200;0.025;201.8;30.0;;;;;;;;;;;;;;;;;;
 ;01:29:43;4.200;0.025;201.8;30.0;;;;;;;;;;;;;;;;;;
 ;01:29:44;4.200;0.025;201.8;30.0;;;;;;;;;;;;;;;;;;
 ;01:29:45;4.200;0.025;201.8;30.0;;;;;;;;;;;;;;;;;;
 ;01:29:46;4.200;0.025;201.8;30.0;;;;;;;;;;;;;;;;;;
 ;01:29:47;4.200;0.025;201.8;30.0;;;;;;;;;;;;;;;;;;
 ;01:29:48;4.200;0.025;201.8;30.0;;;;;;;;;;;;;;;;;;
 ;01:29:49;4.200;0.025;201.8;30.0;;;;;;;;;;;;;;;;;;
 ;01:29:50;4.200;0.025;201.8;30.0;;;;;;;;;;;;;;;;;;
 ;01:29:51;4.200;0.025;201.9;30.0;;;;;;;;;;;;;;;;;;
 ;01:29:52;4.200;0.025;201.9;30.0;;;;;;;;;;;;;;;;;;
 ;01:29:53;4.200;0.025;201.9;30.0;;;;;;;;;;;;;;;;;;
 ;01:29:54;4.200;0.025;201.9;30.0;;;;;;;;;;;;;;;;;;
 ;01:29:55;4.200;0.025;201.9;30.0;;;;;;;;;;;;;;;;;;
 ;01:29:56;4.200;0.025;201.9;30.0;;;;;;;;;;;;;;;;;;
 ;01:29:57;4.200;0.025;201.9;30.0;;;;;;;;;;;;;;;;;;
 ;01:29:58;4.200;0.025;201.9;30.0;;;;;;;;;;;;;;;;;;
 ;01:29:59;4.200;0.025;201.9;30.0;;;;;;;;;;;;;;;;;;
 ;01:30:00;4.200;0.025;201.9;30.0;;;;;;;;;;;;;;;;;;
 ;01:30:01;4.200;0.025;201.9;30.0;;;;;;;;;;;;;;;;;;
 ;01:30:02;4.200;0.025;201.9;30.0;;;;;;;;;;;;;;;;;;
 ;01:30:03;4.200;0.025;201.9;30.0;;;;;;;;;;;;;;;;;;
 ;01:30:04;4.200;0.025;201.9;30.0;;;;;;;;;;;;;;;;;;
 ;01:30:05;4.200;0.025;202.0;30.0;;;;;;;;;;;;;;;;;;
 ;01:30:06;4.200;0.025;202.0;30.0;;;;;;;;;;;;;;;;;;
 ;01:30:07;4.200;0.025;202.0;30.0;;;;;;;;;;;;;;;;;;
 ;01:30:08;4.200;0.025;202.0;30.0;;;;;;;;;;;;;;;;;;
 ;01:30:09;4.200;0.025;202.0;30.0;;;;;;;;;;;;;;;;;;
 ;01:30:10;4.200;0.025;202.0;30.0;;;;;;;;;;;;;;;;;;
 ;01:30:11;4.200;0.025;202.0;30.0;;;;;;;;;;;;;;;;;;
 ;01:30:12;4.200;0.025;202.0;30.0;;;;;;;;;;;;;;;;;;
 ;01:30:13;4.200;0.025;202.0;30.0;;;;;;;;;;;;;;;;;;
 ;01:30:14;4.200;0.025;202.0;30.0;;;;;;;;;;;;;;;;;;
 ;01:30:15;4.200;0.025;202.0;30.0;;;;;;;;;;;;;;;;;;
 ;01:30:16;4.200;0.025;202.0;30.0;;;;;;;;;;;;;;;;;;
 ;01:30:17;4.200;0.025;202.0;30.0;;;;;;;;;;;;;;;;;;
 ;01:30:18;4.200;0.025;202.0;30.0;;;;;;;;;;;;;;;;;;
 ;01:30:19;4.200;0.025;202.1;30.0;;;;;;;;;;;;;;;;;;
 ;01:30:20;4.200;0.025;202.1;30.0;;;;;;;;;;;;;;;;;;
 ;01:30:21;4.200;0.025;202.1;30.0;;;;;;;;;;;;;;;;;;
 ;01:30:22;4.200;0.025;202.1;30.0;;;;;;;;;;;;;;;;;;
 ;01:30:23;4.200;0.025;202.1;30.0;;;;;;;;;;;;;;;;;;
 ;01:30:24;4.200;0.025;202.1;30.0;;;;;;;;;;;;;;;;;;
 ;01:30:25;4.200;0.025;202.1;30.0;;;;;;;;;;;;;;;;;;
 ;01:30:26;4.200;0.025;202.1;30.0;;;;;;;;;;;;;;;;;;
 ;01:30:27;4.200;0.025;202.1;30.0;;;;;;;;;;;;;;;;;;
 ;01:30:28;4.200;0.025;202.1;30.0;;;;;;;;;;;;;;;;;;
 ;01:30:29;4.200;0.025;202.1;30.0;;;;;;;;;;;;;;;;;;
 ;01:30:30;4.200;0.025;202.1;30.0;;;;;;;;;;;;;;;;;;
 ;01:30:31;4.200;0.025;202.1;30.0;;;;;;;;;;;;;;;;;;
 ;01:30:32;4.200;0.025;202.1;30.0;;;;;;;;;;;;;;;;;;
 ;01:30:33;4.200;0.025;202.1;30.0;;;;;;;;;;;;;;;;;;
 ;01:30:34;4.200;0.025;202.2;30.0;;;;;;;;;;;;;;;;;;
 ;01:30:35;4.200;0.025;202.2;30.0;;;;;;;;;;;;;;;;;;
 ;01:30:36;4.200;0.025;202.2;30.0;;;;;;;;;;;;;;;;;;
 ;01:30:37;4.200;0.025;202.2;30.0;;;;;;;;;;;;;;;;;;
 ;01:30:38;4.200;0.025;202.2;30.0;;;;;;;;;;;;;;;;;;
 ;01:30:39;4.200;0.025;202.2;30.0;;;;;;;;;;;;;;;;;;
 ;01:30:40;4.200;0.025;202.2;30.0;;;;;;;;;;;;;;;;;;
 ;01:30:41;4.200;0.025;202.2;30.0;;;;;;;;;;;;;;;;;;
 ;01:30:42;4.200;0.025;202.2;30.0;;;;;;;;;;;;;;;;;;
 ;01:30:43;4.200;0.024;202.2;30.0;;;;;;;;;;;;;;;;;;
 ;01:30:44;4.200;0.024;202.2;30.0;;;;;;;;;;;;;;;;;;
 ;01:30:45;4.200;0.024;202.2;30.0;;;;;;;;;;;;;;;;;;
 ;01:30:46;4.200;0.024;202.2;30.0;;;;;;;;;;;;;;;;;;
 ;01:30:47;4.200;0.024;202.2;30.0;;;;;;;;;;;;;;;;;;
 ;01:30:48;4.200;0.024;202.3;30.0;;;;;;;;;;;;;;;;;;
 ;01:30:49;4.200;0.024;202.3;30.0;;;;;;;;;;;;;;;;;;
 ;01:30:50;4.200;0.024;202.3;30.0;;;;;;;;;;;;;;;;;;
 ;01:30:51;4.200;0.024;202.3;30.0;;;;;;;;;;;;;;;;;;
 ;01:30:52;4.200;0.024;202.3;30.0;;;;;;;;;;;;;;;;;;
 ;01:30:53;4.200;0.024;202.3;30.0;;;;;;;;;;;;;;;;;;
 ;01:30:54;4.200;0.024;202.3;30.0;;;;;;;;;;;;;;;;;;
 ;01:30:55;4.200;0.024;202.3;30.0;;;;;;;;;;;;;;;;;;
 ;01:30:56;4.200;0.024;202.3;30.0;;;;;;;;;;;;;;;;;;
 ;01:30:57;4.200;0.024;202.3;30.0;;;;;;;;;;;;;;;;;;
 ;01:30:58;4.200;0.024;202.3;30.0;;;;;;;;;;;;;;;;;;
 ;01:30:59;4.200;0.024;202.3;30.0;;;;;;;;;;;;;;;;;;
 ;01:31:00;4.200;0.024;202.3;30.0;;;;;;;;;;;;;;;;;;
 ;01:31:01;4.200;0.024;202.3;30.0;;;;;;;;;;;;;;;;;;
 ;01:31:02;4.200;0.024;202.3;30.0;;;;;;;;;;;;;;;;;;
 ;01:31:03;4.200;0.024;202.4;30.0;;;;;;;;;;;;;;;;;;
 ;01:31:04;4.200;0.024;202.4;30.0;;;;;;;;;;;;;;;;;;
 ;01:31:05;4.200;0.024;202.4;30.0;;;;;;;;;;;;;;;;;;
 ;01:31:06;4.200;0.024;202.4;30.0;;;;;;;;;;;;;;;;;;
 ;01:31:07;4.200;0.024;202.4;30.0;;;;;;;;;;;;;;;;;;
 ;01:31:08;4.200;0.024;202.4;30.0;;;;;;;;;;;;;;;;;;
 ;01:31:09;4.200;0.024;202.4;30.0;;;;;;;;;;;;;;;;;;
 ;01:31:10;4.200;0.024;202.4;30.0;;;;;;;;;;;;;;;;;;
 ;01:31:11;4.200;0.024;202.4;30.0;;;;;;;;;;;;;;;;;;
 ;01:31:12;4.200;0.024;202.4;30.0;;;;;;;;;;;;;;;;;;
 ;01:31:13;4.200;0.024;202.4;30.0;;;;;;;;;;;;;;;;;;
 ;01:31:14;4.200;0.024;202.4;30.0;;;;;;;;;;;;;;;;;;
 ;01:31:15;4.200;0.024;202.4;30.0;;;;;;;;;;;;;;;;;;
 ;01:31:16;4.200;0.024;202.4;30.0;;;;;;;;;;;;;;;;;;
 ;01:31:17;4.200;0.024;202.4;30.0;;;;;;;;;;;;;;;;;;
 ;01:31:18;4.200;0.024;202.5;30.0;;;;;;;;;;;;;;;;;;
 ;01:31:19;4.200;0.024;202.5;30.0;;;;;;;;;;;;;;;;;;
 ;01:31:20;4.200;0.024;202.5;30.0;;;;;;;;;;;;;;;;;;
 ;01:31:21;4.200;0.024;202.5;30.0;;;;;;;;;;;;;;;;;;
 ;01:31:22;4.200;0.024;202.5;30.0;;;;;;;;;;;;;;;;;;
 ;01:31:23;4.200;0.024;202.5;30.0;;;;;;;;;;;;;;;;;;
 ;01:31:24;4.200;0.024;202.5;30.0;;;;;;;;;;;;;;;;;;
 ;01:31:25;4.200;0.024;202.5;30.0;;;;;;;;;;;;;;;;;;
 ;01:31:26;4.200;0.024;202.5;30.0;;;;;;;;;;;;;;;;;;
 ;01:31:27;4.200;0.024;202.5;30.0;;;;;;;;;;;;;;;;;;
 ;01:31:28;4.200;0.024;202.5;30.0;;;;;;;;;;;;;;;;;;
 ;01:31:29;4.200;0.024;202.5;30.0;;;;;;;;;;;;;;;;;;
 ;01:31:30;4.200;0.024;202.5;30.0;;;;;;;;;;;;;;;;;;
 ;01:31:31;4.200;0.024;202.5;30.0;;;;;;;;;;;;;;;;;;
 ;01:31:32;4.200;0.024;202.5;30.0;;;;;;;;;;;;;;;;;;
 ;01:31:33;4.200;0.024;202.6;30.0;;;;;;;;;;;;;;;;;;
 ;01:31:34;4.200;0.024;202.6;30.0;;;;;;;;;;;;;;;;;;
 ;01:31:35;4.200;0.024;202.6;30.0;;;;;;;;;;;;;;;;;;
 ;01:31:36;4.200;0.024;202.6;30.0;;;;;;;;;;;;;;;;;;
 ;01:31:37;4.200;0.024;202.6;30.0;;;;;;;;;;;;;;;;;;
 ;01:31:38;4.200;0.024;202.6;30.0;;;;;;;;;;;;;;;;;;
 ;01:31:39;4.200;0.024;202.6;30.0;;;;;;;;;;;;;;;;;;
 ;01:31:40;4.200;0.024;202.6;30.0;;;;;;;;;;;;;;;;;;
 ;01:31:41;4.200;0.024;202.6;30.0;;;;;;;;;;;;;;;;;;
 ;01:31:42;4.200;0.024;202.6;30.0;;;;;;;;;;;;;;;;;;
 ;01:31:43;4.200;0.024;202.6;30.0;;;;;;;;;;;;;;;;;;
 ;01:31:44;4.200;0.024;202.6;30.0;;;;;;;;;;;;;;;;;;
 ;01:31:45;4.200;0.024;202.6;30.0;;;;;;;;;;;;;;;;;;
 ;01:31:46;4.200;0.024;202.6;30.0;;;;;;;;;;;;;;;;;;
 ;01:31:47;4.200;0.024;202.6;30.0;;;;;;;;;;;;;;;;;;
 ;01:31:48;4.200;0.024;202.7;30.0;;;;;;;;;;;;;;;;;;
 ;01:31:49;4.200;0.024;202.7;30.0;;;;;;;;;;;;;;;;;;
 ;01:31:50;4.200;0.024;202.7;30.0;;;;;;;;;;;;;;;;;;
 ;01:31:51;4.200;0.024;202.7;30.0;;;;;;;;;;;;;;;;;;
 ;01:31:52;4.200;0.024;202.7;30.0;;;;;;;;;;;;;;;;;;
 ;01:31:53;4.200;0.024;202.7;30.0;;;;;;;;;;;;;;;;;;
 ;01:31:54;4.200;0.024;202.7;30.0;;;;;;;;;;;;;;;;;;
 ;01:31:55;4.200;0.024;202.7;30.0;;;;;;;;;;;;;;;;;;
 ;01:31:56;4.200;0.024;202.7;30.0;;;;;;;;;;;;;;;;;;
 ;01:31:57;4.200;0.024;202.7;30.0;;;;;;;;;;;;;;;;;;
 ;01:31:58;4.200;0.024;202.7;30.0;;;;;;;;;;;;;;;;;;
 ;01:31:59;4.200;0.024;202.7;30.0;;;;;;;;;;;;;;;;;;
 ;01:32:00;4.200;0.024;202.7;30.0;;;;;;;;;;;;;;;;;;
 ;01:32:01;4.200;0.024;202.7;30.0;;;;;;;;;;;;;;;;;;
 ;01:32:02;4.200;0.024;202.7;30.0;;;;;;;;;;;;;;;;;;
 ;01:32:03;4.200;0.024;202.8;30.0;;;;;;;;;;;;;;;;;;
 ;01:32:04;4.200;0.024;202.8;30.0;;;;;;;;;;;;;;;;;;
 ;01:32:05;4.200;0.024;202.8;30.0;;;;;;;;;;;;;;;;;;
 ;01:32:06;4.200;0.024;202.8;30.0;;;;;;;;;;;;;;;;;;
 ;01:32:07;4.200;0.024;202.8;30.0;;;;;;;;;;;;;;;;;;
 ;01:32:08;4.200;0.024;202.8;30.0;;;;;;;;;;;;;;;;;;
 ;01:32:09;4.200;0.024;202.8;30.0;;;;;;;;;;;;;;;;;;
 ;01:32:10;4.200;0.024;202.8;30.0;;;;;;;;;;;;;;;;;;
 ;01:32:11;4.200;0.024;202.8;30.0;;;;;;;;;;;;;;;;;;
 ;01:32:12;4.200;0.024;202.8;30.0;;;;;;;;;;;;;;;;;;
 ;01:32:13;4.200;0.024;202.8;30.0;;;;;;;;;;;;;;;;;;
 ;01:32:14;4.200;0.024;202.8;30.0;;;;;;;;;;;;;;;;;;
 ;01:32:15;4.200;0.024;202.8;30.0;;;;;;;;;;;;;;;;;;
 ;01:32:16;4.200;0.024;202.8;30.0;;;;;;;;;;;;;;;;;;
 ;01:32:17;4.200;0.024;202.8;30.0;;;;;;;;;;;;;;;;;;
 ;01:32:18;4.200;0.024;202.9;30.0;;;;;;;;;;;;;;;;;;
 ;01:32:19;4.200;0.024;202.9;30.0;;;;;;;;;;;;;;;;;;
 ;01:32:20;4.200;0.024;202.9;30.0;;;;;;;;;;;;;;;;;;
 ;01:32:21;4.200;0.024;202.9;30.0;;;;;;;;;;;;;;;;;;
 ;01:32:22;4.200;0.024;202.9;30.0;;;;;;;;;;;;;;;;;;
 ;01:32:23;4.200;0.024;202.9;30.0;;;;;;;;;;;;;;;;;;
 ;01:32:24;4.200;0.024;202.9;30.0;;;;;;;;;;;;;;;;;;
 ;01:32:25;4.200;0.024;202.9;30.0;;;;;;;;;;;;;;;;;;
 ;01:32:26;4.200;0.024;202.9;30.0;;;;;;;;;;;;;;;;;;
 ;01:32:27;4.200;0.024;202.9;30.0;;;;;;;;;;;;;;;;;;
 ;01:32:28;4.200;0.024;202.9;30.0;;;;;;;;;;;;;;;;;;
 ;01:32:29;4.200;0.024;202.9;30.0;;;;;;;;;;;;;;;;;;
 ;01:32:30;4.200;0.024;202.9;30.0;;;;;;;;;;;;;;;;;;
 ;01:32:31;4.200;0.024;202.9;30.0;;;;;;;;;;;;;;;;;;
 ;01:32:32;4.200;0.024;202.9;30.0;;;;;;;;;;;;;;;;;;
 ;01:32:33;4.200;0.024;203.0;30.0;;;;;;;;;;;;;;;;;;
 ;01:32:34;4.200;0.024;203.0;30.0;;;;;;;;;;;;;;;;;;
 ;01:32:35;4.200;0.024;203.0;30.0;;;;;;;;;;;;;;;;;;
 ;01:32:36;4.200;0.024;203.0;30.0;;;;;;;;;;;;;;;;;;
 ;01:32:37;4.200;0.024;203.0;30.0;;;;;;;;;;;;;;;;;;
 ;01:32:38;4.200;0.024;203.0;30.0;;;;;;;;;;;;;;;;;;
 ;01:32:39;4.200;0.024;203.0;30.0;;;;;;;;;;;;;;;;;;
 ;01:32:40;4.200;0.024;203.0;30.0;;;;;;;;;;;;;;;;;;
 ;01:32:41;4.200;0.024;203.0;30.0;;;;;;;;;;;;;;;;;;
 ;01:32:42;4.200;0.024;203.0;30.0;;;;;;;;;;;;;;;;;;
 ;01:32:43;4.200;0.024;203.0;30.0;;;;;;;;;;;;;;;;;;
 ;01:32:44;4.200;0.024;203.0;30.0;;;;;;;;;;;;;;;;;;
 ;01:32:45;4.200;0.024;203.0;30.0;;;;;;;;;;;;;;;;;;
 ;01:32:46;4.200;0.024;203.0;30.0;;;;;;;;;;;;;;;;;;
 ;01:32:47;4.200;0.024;203.0;30.0;;;;;;;;;;;;;;;;;;
 ;01:32:48;4.200;0.024;203.1;30.0;;;;;;;;;;;;;;;;;;
 ;01:32:49;4.200;0.024;203.1;30.0;;;;;;;;;;;;;;;;;;
 ;01:32:50;4.200;0.024;203.1;30.0;;;;;;;;;;;;;;;;;;
 ;01:32:51;4.200;0.024;203.1;30.0;;;;;;;;;;;;;;;;;;
 ;01:32:52;4.200;0.024;203.1;30.0;;;;;;;;;;;;;;;;;;
 ;01:32:53;4.200;0.024;203.1;30.0;;;;;;;;;;;;;;;;;;
 ;01:32:54;4.200;0.024;203.1;30.0;;;;;;;;;;;;;;;;;;
 ;01:32:55;4.200;0.024;203.1;30.0;;;;;;;;;;;;;;;;;;
 ;01:32:56;4.200;0.024;203.1;30.0;;;;;;;;;;;;;;;;;;
 ;01:32:57;4.200;0.024;203.1;30.0;;;;;;;;;;;;;;;;;;
 ;01:32:58;4.200;0.024;203.1;30.0;;;;;;;;;;;;;;;;;;
 ;01:32:59;4.200;0.024;203.1;30.0;;;;;;;;;;;;;;;;;;
 ;01:33:00;4.200;0.024;203.1;30.0;;;;;;;;;;;;;;;;;;
 ;01:33:01;4.200;0.024;203.1;30.0;;;;;;;;;;;;;;;;;;
 ;01:33:02;4.200;0.024;203.1;30.0;;;;;;;;;;;;;;;;;;
 ;01:33:03;4.200;0.024;203.2;30.0;;;;;;;;;;;;;;;;;;
 ;01:33:04;4.200;0.024;203.2;30.0;;;;;;;;;;;;;;;;;;
 ;01:33:05;4.200;0.024;203.2;30.0;;;;;;;;;;;;;;;;;;
 ;01:33:06;4.200;0.024;203.2;30.0;;;;;;;;;;;;;;;;;;
 ;01:33:07;4.200;0.024;203.2;30.0;;;;;;;;;;;;;;;;;;
 ;01:33:08;4.200;0.024;203.2;30.0;;;;;;;;;;;;;;;;;;
 ;01:33:09;4.200;0.024;203.2;30.0;;;;;;;;;;;;;;;;;;
 ;01:33:10;4.200;0.024;203.2;30.0;;;;;;;;;;;;;;;;;;
 ;01:33:11;4.200;0.024;203.2;30.0;;;;;;;;;;;;;;;;;;
 ;01:33:12;4.200;0.024;203.2;30.0;;;;;;;;;;;;;;;;;;
 ;01:33:13;4.200;0.024;203.2;30.0;;;;;;;;;;;;;;;;;;
 ;01:33:14;4.200;0.023;203.2;30.0;;;;;;;;;;;;;;;;;;
 ;01:33:15;4.200;0.023;203.2;30.0;;;;;;;;;;;;;;;;;;
 ;01:33:16;4.200;0.023;203.2;30.0;;;;;;;;;;;;;;;;;;
 ;01:33:17;4.200;0.023;203.2;30.0;;;;;;;;;;;;;;;;;;
 ;01:33:18;4.200;0.023;203.2;30.0;;;;;;;;;;;;;;;;;;
 ;01:33:19;4.200;0.023;203.3;30.0;;;;;;;;;;;;;;;;;;
 ;01:33:20;4.200;0.023;203.3;30.0;;;;;;;;;;;;;;;;;;
 ;01:33:21;4.200;0.023;203.3;30.0;;;;;;;;;;;;;;;;;;
 ;01:33:22;4.200;0.023;203.3;30.0;;;;;;;;;;;;;;;;;;
 ;01:33:23;4.200;0.023;203.3;30.0;;;;;;;;;;;;;;;;;;
 ;01:33:24;4.200;0.023;203.3;30.0;;;;;;;;;;;;;;;;;;
 ;01:33:25;4.200;0.023;203.3;30.0;;;;;;;;;;;;;;;;;;
 ;01:33:26;4.200;0.023;203.3;30.0;;;;;;;;;;;;;;;;;;
 ;01:33:27;4.200;0.023;203.3;30.0;;;;;;;;;;;;;;;;;;
 ;01:33:28;4.200;0.023;203.3;30.0;;;;;;;;;;;;;;;;;;
 ;01:33:29;4.200;0.023;203.3;30.0;;;;;;;;;;;;;;;;;;
 ;01:33:30;4.200;0.023;203.3;30.0;;;;;;;;;;;;;;;;;;
 ;01:33:31;4.200;0.023;203.3;30.0;;;;;;;;;;;;;;;;;;
 ;01:33:32;4.200;0.023;203.3;30.0;;;;;;;;;;;;;;;;;;
 ;01:33:33;4.200;0.023;203.3;30.0;;;;;;;;;;;;;;;;;;
 ;01:33:34;4.200;0.023;203.4;30.0;;;;;;;;;;;;;;;;;;
 ;01:33:35;4.200;0.023;203.4;30.0;;;;;;;;;;;;;;;;;;
 ;01:33:36;4.200;0.023;203.4;30.0;;;;;;;;;;;;;;;;;;
 ;01:33:37;4.200;0.023;203.4;30.0;;;;;;;;;;;;;;;;;;
 ;01:33:38;4.200;0.023;203.4;30.0;;;;;;;;;;;;;;;;;;
 ;01:33:39;4.200;0.023;203.4;30.0;;;;;;;;;;;;;;;;;;
 ;01:33:40;4.200;0.023;203.4;30.0;;;;;;;;;;;;;;;;;;
 ;01:33:41;4.200;0.023;203.4;30.0;;;;;;;;;;;;;;;;;;
 ;01:33:42;4.200;0.023;203.4;30.0;;;;;;;;;;;;;;;;;;
 ;01:33:43;4.200;0.023;203.4;30.0;;;;;;;;;;;;;;;;;;
 ;01:33:44;4.200;0.023;203.4;30.0;;;;;;;;;;;;;;;;;;
 ;01:33:45;4.200;0.023;203.4;30.0;;;;;;;;;;;;;;;;;;
 ;01:33:46;4.200;0.023;203.4;30.0;;;;;;;;;;;;;;;;;;
 ;01:33:47;4.200;0.023;203.4;30.0;;;;;;;;;;;;;;;;;;
 ;01:33:48;4.200;0.023;203.4;30.0;;;;;;;;;;;;;;;;;;
 ;01:33:49;4.200;0.023;203.5;30.0;;;;;;;;;;;;;;;;;;
 ;01:33:50;4.200;0.023;203.5;30.0;;;;;;;;;;;;;;;;;;
 ;01:33:51;4.200;0.023;203.5;30.0;;;;;;;;;;;;;;;;;;
 ;01:33:52;4.200;0.023;203.5;30.0;;;;;;;;;;;;;;;;;;
 ;01:33:53;4.200;0.023;203.5;30.0;;;;;;;;;;;;;;;;;;
 ;01:33:54;4.200;0.023;203.5;30.0;;;;;;;;;;;;;;;;;;
 ;01:33:55;4.200;0.023;203.5;30.0;;;;;;;;;;;;;;;;;;
 ;01:33:56;4.200;0.023;203.5;30.0;;;;;;;;;;;;;;;;;;
 ;01:33:57;4.200;0.023;203.5;30.0;;;;;;;;;;;;;;;;;;
 ;01:33:58;4.200;0.023;203.5;30.0;;;;;;;;;;;;;;;;;;
 ;01:33:59;4.200;0.023;203.5;30.0;;;;;;;;;;;;;;;;;;
 ;01:34:00;4.200;0.023;203.5;30.0;;;;;;;;;;;;;;;;;;
 ;01:34:01;4.200;0.023;203.5;30.0;;;;;;;;;;;;;;;;;;
 ;01:34:02;4.200;0.023;203.5;30.0;;;;;;;;;;;;;;;;;;
 ;01:34:03;4.200;0.023;203.5;30.0;;;;;;;;;;;;;;;;;;
 ;01:34:04;4.200;0.023;203.6;30.0;;;;;;;;;;;;;;;;;;
 ;01:34:05;4.200;0.023;203.6;30.0;;;;;;;;;;;;;;;;;;
 ;01:34:06;4.200;0.023;203.6;30.0;;;;;;;;;;;;;;;;;;
 ;01:34:07;4.200;0.023;203.6;30.0;;;;;;;;;;;;;;;;;;
 ;01:34:08;4.200;0.023;203.6;30.0;;;;;;;;;;;;;;;;;;
 ;01:34:09;4.200;0.023;203.6;30.0;;;;;;;;;;;;;;;;;;
 ;01:34:10;4.200;0.023;203.6;30.0;;;;;;;;;;;;;;;;;;
 ;01:34:11;4.200;0.023;203.6;30.0;;;;;;;;;;;;;;;;;;
 ;01:34:12;4.200;0.023;203.6;30.0;;;;;;;;;;;;;;;;;;
 ;01:34:13;4.200;0.023;203.6;30.0;;;;;;;;;;;;;;;;;;
 ;01:34:14;4.200;0.023;203.6;30.0;;;;;;;;;;;;;;;;;;
 ;01:34:15;4.200;0.023;203.6;30.0;;;;;;;;;;;;;;;;;;
 ;01:34:16;4.200;0.023;203.6;30.0;;;;;;;;;;;;;;;;;;
 ;01:34:17;4.200;0.023;203.6;30.0;;;;;;;;;;;;;;;;;;
 ;01:34:18;4.200;0.023;203.6;30.0;;;;;;;;;;;;;;;;;;
 ;01:34:19;4.200;0.023;203.6;30.0;;;;;;;;;;;;;;;;;;
 ;01:34:20;4.200;0.023;203.7;30.0;;;;;;;;;;;;;;;;;;
 ;01:34:21;4.200;0.023;203.7;30.0;;;;;;;;;;;;;;;;;;
 ;01:34:22;4.200;0.023;203.7;30.0;;;;;;;;;;;;;;;;;;
 ;01:34:23;4.200;0.023;203.7;30.0;;;;;;;;;;;;;;;;;;
 ;01:34:24;4.200;0.023;203.7;30.0;;;;;;;;;;;;;;;;;;
 ;01:34:25;4.200;0.023;203.7;30.0;;;;;;;;;;;;;;;;;;
 ;01:34:26;4.200;0.023;203.7;30.0;;;;;;;;;;;;;;;;;;
 ;01:34:27;4.200;0.023;203.7;30.0;;;;;;;;;;;;;;;;;;
 ;01:34:28;4.200;0.023;203.7;30.0;;;;;;;;;;;;;;;;;;
 ;01:34:29;4.200;0.023;203.7;30.0;;;;;;;;;;;;;;;;;;
 ;01:34:30;4.200;0.023;203.7;30.0;;;;;;;;;;;;;;;;;;
 ;01:34:31;4.200;0.023;203.7;30.0;;;;;;;;;;;;;;;;;;
 ;01:34:32;4.200;0.023;203.7;30.0;;;;;;;;;;;;;;;;;;
 ;01:34:33;4.200;0.023;203.7;30.0;;;;;;;;;;;;;;;;;;
 ;01:34:34;4.200;0.023;203.7;30.0;;;;;;;;;;;;;;;;;;
 ;01:34:35;4.200;0.023;203.8;30.0;;;;;;;;;;;;;;;;;;
 ;01:34:36;4.200;0.023;203.8;30.0;;;;;;;;;;;;;;;;;;
 ;01:34:37;4.200;0.023;203.8;30.0;;;;;;;;;;;;;;;;;;
 ;01:34:38;4.200;0.023;203.8;30.0;;;;;;;;;;;;;;;;;;
 ;01:34:39;4.200;0.023;203.8;30.0;;;;;;;;;;;;;;;;;;
 ;01:34:40;4.200;0.023;203.8;30.0;;;;;;;;;;;;;;;;;;
 ;01:34:41;4.200;0.023;203.8;30.0;;;;;;;;;;;;;;;;;;
 ;01:34:42;4.200;0.023;203.8;30.0;;;;;;;;;;;;;;;;;;
 ;01:34:43;4.200;0.023;203.8;30.0;;;;;;;;;;;;;;;;;;
 ;01:34:44;4.200;0.023;203.8;30.0;;;;;;;;;;;;;;;;;;
 ;01:34:45;4.200;0.023;203.8;30.0;;;;;;;;;;;;;;;;;;
 ;01:34:46;4.200;0.023;203.8;30.0;;;;;;;;;;;;;;;;;;
 ;01:34:47;4.200;0.023;203.8;30.0;;;;;;;;;;;;;;;;;;
 ;01:34:48;4.200;0.023;203.8;30.0;;;;;;;;;;;;;;;;;;
 ;01:34:49;4.200;0.023;203.8;30.0;;;;;;;;;;;;;;;;;;
 ;01:34:50;4.200;0.023;203.8;30.0;;;;;;;;;;;;;;;;;;
 ;01:34:51;4.200;0.023;203.9;30.0;;;;;;;;;;;;;;;;;;
 ;01:34:52;4.200;0.023;203.9;30.0;;;;;;;;;;;;;;;;;;
 ;01:34:53;4.200;0.023;203.9;30.0;;;;;;;;;;;;;;;;;;
 ;01:34:54;4.200;0.023;203.9;30.0;;;;;;;;;;;;;;;;;;
 ;01:34:55;4.200;0.023;203.9;30.0;;;;;;;;;;;;;;;;;;
 ;01:34:56;4.200;0.023;203.9;30.0;;;;;;;;;;;;;;;;;;
 ;01:34:57;4.200;0.023;203.9;30.0;;;;;;;;;;;;;;;;;;
 ;01:34:58;4.200;0.023;203.9;30.0;;;;;;;;;;;;;;;;;;
 ;01:34:59;4.200;0.023;203.9;30.0;;;;;;;;;;;;;;;;;;
 ;01:35:00;4.200;0.023;203.9;30.0;;;;;;;;;;;;;;;;;;
 ;01:35:01;4.200;0.023;203.9;30.0;;;;;;;;;;;;;;;;;;
 ;01:35:02;4.200;0.023;203.9;30.0;;;;;;;;;;;;;;;;;;
 ;01:35:03;4.200;0.023;203.9;30.0;;;;;;;;;;;;;;;;;;
 ;01:35:04;4.200;0.023;203.9;30.0;;;;;;;;;;;;;;;;;;
 ;01:35:05;4.200;0.023;203.9;30.0;;;;;;;;;;;;;;;;;;
 ;01:35:06;4.200;0.023;204.0;30.0;;;;;;;;;;;;;;;;;;
 ;01:35:07;4.200;0.023;204.0;30.0;;;;;;;;;;;;;;;;;;
 ;01:35:08;4.200;0.023;204.0;30.0;;;;;;;;;;;;;;;;;;
 ;01:35:09;4.200;0.023;204.0;30.0;;;;;;;;;;;;;;;;;;
 ;01:35:10;4.200;0.023;204.0;30.0;;;;;;;;;;;;;;;;;;
 ;01:35:11;4.200;0.023;204.0;30.0;;;;;;;;;;;;;;;;;;
 ;01:35:12;4.200;0.023;204.0;30.0;;;;;;;;;;;;;;;;;;
 ;01:35:13;4.200;0.023;204.0;30.0;;;;;;;;;;;;;;;;;;
 ;01:35:14;4.200;0.023;204.0;30.0;;;;;;;;;;;;;;;;;;
 ;01:35:15;4.200;0.023;204.0;30.0;;;;;;;;;;;;;;;;;;
 ;01:35:16;4.200;0.023;204.0;30.0;;;;;;;;;;;;;;;;;;
 ;01:35:17;4.200;0.023;204.0;30.0;;;;;;;;;;;;;;;;;;
 ;01:35:18;4.200;0.023;204.0;30.0;;;;;;;;;;;;;;;;;;
 ;01:35:19;4.200;0.023;204.0;30.0;;;;;;;;;;;;;;;;;;
 ;01:35:20;4.200;0.023;204.0;30.0;;;;;;;;;;;;;;;;;;
 ;01:35:21;4.200;0.023;204.0;30.0;;;;;;;;;;;;;;;;;;
 ;01:35:22;4.200;0.023;204.1;30.0;;;;;;;;;;;;;;;;;;
 ;01:35:23;4.200;0.023;204.1;30.0;;;;;;;;;;;;;;;;;;
 ;01:35:24;4.200;0.023;204.1;30.0;;;;;;;;;;;;;;;;;;
 ;01:35:25;4.200;0.023;204.1;30.0;;;;;;;;;;;;;;;;;;
 ;01:35:26;4.200;0.023;204.1;30.0;;;;;;;;;;;;;;;;;;
 ;01:35:27;4.200;0.023;204.1;30.0;;;;;;;;;;;;;;;;;;
 ;01:35:28;4.200;0.023;204.1;30.0;;;;;;;;;;;;;;;;;;
 ;01:35:29;4.200;0.023;204.1;30.0;;;;;;;;;;;;;;;;;;
 ;01:35:30;4.200;0.023;204.1;30.0;;;;;;;;;;;;;;;;;;
 ;01:35:31;4.200;0.023;204.1;30.0;;;;;;;;;;;;;;;;;;
 ;01:35:32;4.200;0.023;204.1;30.0;;;;;;;;;;;;;;;;;;
 ;01:35:33;4.200;0.023;204.1;30.0;;;;;;;;;;;;;;;;;;
 ;01:35:34;4.200;0.023;204.1;30.0;;;;;;;;;;;;;;;;;;
 ;01:35:35;4.200;0.023;204.1;30.0;;;;;;;;;;;;;;;;;;
 ;01:35:36;4.200;0.023;204.1;30.0;;;;;;;;;;;;;;;;;;
 ;01:35:37;4.200;0.023;204.1;30.0;;;;;;;;;;;;;;;;;;
 ;01:35:38;4.200;0.023;204.2;30.0;;;;;;;;;;;;;;;;;;
 ;01:35:39;4.200;0.023;204.2;30.0;;;;;;;;;;;;;;;;;;
 ;01:35:40;4.200;0.023;204.2;30.0;;;;;;;;;;;;;;;;;;
 ;01:35:41;4.200;0.023;204.2;30.0;;;;;;;;;;;;;;;;;;
 ;01:35:42;4.200;0.023;204.2;30.0;;;;;;;;;;;;;;;;;;
 ;01:35:43;4.200;0.023;204.2;30.0;;;;;;;;;;;;;;;;;;
 ;01:35:44;4.200;0.023;204.2;30.0;;;;;;;;;;;;;;;;;;
 ;01:35:45;4.200;0.023;204.2;30.0;;;;;;;;;;;;;;;;;;
 ;01:35:46;4.200;0.023;204.2;30.0;;;;;;;;;;;;;;;;;;
 ;01:35:47;4.200;0.023;204.2;30.0;;;;;;;;;;;;;;;;;;
 ;01:35:48;4.200;0.023;204.2;30.0;;;;;;;;;;;;;;;;;;
 ;01:35:49;4.200;0.023;204.2;30.0;;;;;;;;;;;;;;;;;;
 ;01:35:50;4.200;0.023;204.2;30.0;;;;;;;;;;;;;;;;;;
 ;01:35:51;4.200;0.023;204.2;30.0;;;;;;;;;;;;;;;;;;
 ;01:35:52;4.200;0.023;204.2;30.0;;;;;;;;;;;;;;;;;;
 ;01:35:53;4.200;0.023;204.3;30.0;;;;;;;;;;;;;;;;;;
 ;01:35:54;4.200;0.023;204.3;30.0;;;;;;;;;;;;;;;;;;
 ;01:35:55;4.200;0.023;204.3;30.0;;;;;;;;;;;;;;;;;;
 ;01:35:56;4.200;0.023;204.3;30.0;;;;;;;;;;;;;;;;;;
 ;01:35:57;4.200;0.023;204.3;30.0;;;;;;;;;;;;;;;;;;
 ;01:35:58;4.200;0.023;204.3;30.0;;;;;;;;;;;;;;;;;;
 ;01:35:59;4.200;0.023;204.3;30.0;;;;;;;;;;;;;;;;;;
 ;01:36:00;4.200;0.023;204.3;30.0;;;;;;;;;;;;;;;;;;
 ;01:36:01;4.200;0.023;204.3;30.0;;;;;;;;;;;;;;;;;;
 ;01:36:02;4.200;0.023;204.3;30.0;;;;;;;;;;;;;;;;;;
 ;01:36:03;4.200;0.023;204.3;30.0;;;;;;;;;;;;;;;;;;
 ;01:36:04;4.200;0.023;204.3;30.0;;;;;;;;;;;;;;;;;;
 ;01:36:05;4.200;0.023;204.3;30.0;;;;;;;;;;;;;;;;;;
 ;01:36:06;4.200;0.023;204.3;30.0;;;;;;;;;;;;;;;;;;
 ;01:36:07;4.200;0.023;204.3;30.0;;;;;;;;;;;;;;;;;;
 ;01:36:08;4.200;0.023;204.3;30.0;;;;;;;;;;;;;;;;;;
 ;01:36:09;4.200;0.023;204.4;30.0;;;;;;;;;;;;;;;;;;
 ;01:36:10;4.200;0.023;204.4;30.0;;;;;;;;;;;;;;;;;;
 ;01:36:11;4.200;0.023;204.4;30.0;;;;;;;;;;;;;;;;;;
 ;01:36:12;4.200;0.023;204.4;30.0;;;;;;;;;;;;;;;;;;
 ;01:36:13;4.200;0.023;204.4;30.0;;;;;;;;;;;;;;;;;;
 ;01:36:14;4.200;0.023;204.4;30.0;;;;;;;;;;;;;;;;;;
 ;01:36:15;4.200;0.023;204.4;30.0;;;;;;;;;;;;;;;;;;
 ;01:36:16;4.200;0.023;204.4;30.0;;;;;;;;;;;;;;;;;;
 ;01:36:17;4.200;0.023;204.4;30.0;;;;;;;;;;;;;;;;;;
 ;01:36:18;4.200;0.023;204.4;30.0;;;;;;;;;;;;;;;;;;
 ;01:36:19;4.200;0.023;204.4;30.0;;;;;;;;;;;;;;;;;;
 ;01:36:20;4.200;0.023;204.4;30.0;;;;;;;;;;;;;;;;;;
 ;01:36:21;4.200;0.023;204.4;30.0;;;;;;;;;;;;;;;;;;
 ;01:36:22;4.200;0.023;204.4;30.0;;;;;;;;;;;;;;;;;;
 ;01:36:23;4.200;0.023;204.4;30.0;;;;;;;;;;;;;;;;;;
 ;01:36:24;4.200;0.023;204.5;30.0;;;;;;;;;;;;;;;;;;
 ;01:36:25;4.200;0.023;204.5;30.0;;;;;;;;;;;;;;;;;;
 ;01:36:26;4.200;0.023;204.5;30.0;;;;;;;;;;;;;;;;;;
 ;01:36:27;4.200;0.023;204.5;30.0;;;;;;;;;;;;;;;;;;
 ;01:36:28;4.200;0.023;204.5;30.0;;;;;;;;;;;;;;;;;;
 ;01:36:29;4.200;0.023;204.5;30.0;;;;;;;;;;;;;;;;;;
 ;01:36:30;4.200;0.023;204.5;30.0;;;;;;;;;;;;;;;;;;
 ;01:36:31;4.200;0.023;204.5;30.0;;;;;;;;;;;;;;;;;;
 ;01:36:32;4.200;0.023;204.5;30.0;;;;;;;;;;;;;;;;;;
 ;01:36:33;4.200;0.023;204.5;30.0;;;;;;;;;;;;;;;;;;
 ;01:36:34;4.200;0.023;204.5;30.0;;;;;;;;;;;;;;;;;;
 ;01:36:35;4.200;0.023;204.5;30.0;;;;;;;;;;;;;;;;;;
 ;01:36:36;4.200;0.023;204.5;30.0;;;;;;;;;;;;;;;;;;
 ;01:36:37;4.200;0.023;204.5;30.0;;;;;;;;;;;;;;;;;;
 ;01:36:38;4.200;0.023;204.5;30.0;;;;;;;;;;;;;;;;;;
 ;01:36:39;4.200;0.023;204.5;30.0;;;;;;;;;;;;;;;;;;
 ;01:36:40;4.200;0.023;204.6;30.0;;;;;;;;;;;;;;;;;;
 ;01:36:41;4.200;0.023;204.6;30.0;;;;;;;;;;;;;;;;;;
 ;01:36:42;4.200;0.023;204.6;30.0;;;;;;;;;;;;;;;;;;
 ;01:36:43;4.200;0.023;204.6;30.0;;;;;;;;;;;;;;;;;;
 ;01:36:44;4.200;0.023;204.6;30.0;;;;;;;;;;;;;;;;;;
 ;01:36:45;4.200;0.023;204.6;30.0;;;;;;;;;;;;;;;;;;
 ;01:36:46;4.200;0.023;204.6;30.0;;;;;;;;;;;;;;;;;;
 ;01:36:47;4.200;0.023;204.6;30.0;;;;;;;;;;;;;;;;;;
 ;01:36:48;4.200;0.023;204.6;30.0;;;;;;;;;;;;;;;;;;
 ;01:36:49;4.200;0.023;204.6;30.0;;;;;;;;;;;;;;;;;;
 ;01:36:50;4.200;0.023;204.6;30.0;;;;;;;;;;;;;;;;;;
 ;01:36:51;4.200;0.023;204.6;30.0;;;;;;;;;;;;;;;;;;
 ;01:36:52;4.200;0.023;204.6;30.0;;;;;;;;;;;;;;;;;;
 ;01:36:53;4.200;0.023;204.6;30.0;;;;;;;;;;;;;;;;;;
 ;01:36:54;4.200;0.023;204.6;30.0;;;;;;;;;;;;;;;;;;
 ;01:36:55;4.200;0.023;204.6;30.0;;;;;;;;;;;;;;;;;;
 ;01:36:56;4.200;0.023;204.7;30.0;;;;;;;;;;;;;;;;;;
 ;01:36:57;4.200;0.023;204.7;30.0;;;;;;;;;;;;;;;;;;
 ;01:36:58;4.200;0.023;204.7;30.0;;;;;;;;;;;;;;;;;;
 ;01:36:59;4.200;0.023;204.7;30.0;;;;;;;;;;;;;;;;;;
 ;01:37:00;4.200;0.023;204.7;30.0;;;;;;;;;;;;;;;;;;
 ;01:37:01;4.200;0.023;204.7;30.0;;;;;;;;;;;;;;;;;;
 ;01:37:02;4.200;0.023;204.7;30.0;;;;;;;;;;;;;;;;;;
 ;01:37:03;4.200;0.023;204.7;30.0;;;;;;;;;;;;;;;;;;
 ;01:37:04;4.200;0.023;204.7;30.0;;;;;;;;;;;;;;;;;;
 ;01:37:05;4.200;0.023;204.7;30.0;;;;;;;;;;;;;;;;;;
 ;01:37:06;4.200;0.023;204.7;30.0;;;;;;;;;;;;;;;;;;
 ;01:37:07;4.200;0.023;204.7;30.0;;;;;;;;;;;;;;;;;;
 ;01:37:08;4.200;0.023;204.7;30.0;;;;;;;;;;;;;;;;;;
 ;01:37:09;4.200;0.023;204.7;30.0;;;;;;;;;;;;;;;;;;
 ;01:37:10;4.200;0.023;204.7;30.0;;;;;;;;;;;;;;;;;;
 ;01:37:11;4.200;0.023;204.8;30.0;;;;;;;;;;;;;;;;;;
 ;01:37:12;4.200;0.023;204.8;30.0;;;;;;;;;;;;;;;;;;
 ;01:37:13;4.200;0.023;204.8;30.0;;;;;;;;;;;;;;;;;;
 ;01:37:14;4.200;0.022;204.8;30.0;;;;;;;;;;;;;;;;;;
 ;01:37:15;4.200;0.022;204.8;30.0;;;;;;;;;;;;;;;;;;
 ;01:37:16;4.200;0.022;204.8;30.0;;;;;;;;;;;;;;;;;;
 ;01:37:17;4.200;0.022;204.8;30.0;;;;;;;;;;;;;;;;;;
 ;01:37:18;4.200;0.022;204.8;30.0;;;;;;;;;;;;;;;;;;
 ;01:37:19;4.200;0.022;204.8;30.0;;;;;;;;;;;;;;;;;;
 ;01:37:20;4.200;0.022;204.8;30.0;;;;;;;;;;;;;;;;;;
 ;01:37:21;4.200;0.022;204.8;30.0;;;;;;;;;;;;;;;;;;
 ;01:37:22;4.200;0.022;204.8;30.0;;;;;;;;;;;;;;;;;;
 ;01:37:23;4.200;0.022;204.8;30.0;;;;;;;;;;;;;;;;;;
 ;01:37:24;4.200;0.022;204.8;30.0;;;;;;;;;;;;;;;;;;
 ;01:37:25;4.200;0.022;204.8;30.0;;;;;;;;;;;;;;;;;;
 ;01:37:26;4.200;0.022;204.8;30.0;;;;;;;;;;;;;;;;;;
 ;01:37:27;4.200;0.022;204.8;30.0;;;;;;;;;;;;;;;;;;
 ;01:37:28;4.200;0.022;204.9;30.0;;;;;;;;;;;;;;;;;;
 ;01:37:29;4.200;0.022;204.9;30.0;;;;;;;;;;;;;;;;;;
 ;01:37:30;4.200;0.022;204.9;30.0;;;;;;;;;;;;;;;;;;
 ;01:37:31;4.200;0.022;204.9;30.0;;;;;;;;;;;;;;;;;;
 ;01:37:32;4.200;0.022;204.9;30.0;;;;;;;;;;;;;;;;;;
 ;01:37:33;4.200;0.022;204.9;30.0;;;;;;;;;;;;;;;;;;
 ;01:37:34;4.200;0.022;204.9;30.0;;;;;;;;;;;;;;;;;;
 ;01:37:35;4.200;0.022;204.9;30.0;;;;;;;;;;;;;;;;;;
 ;01:37:36;4.200;0.022;204.9;30.0;;;;;;;;;;;;;;;;;;
 ;01:37:37;4.200;0.022;204.9;30.0;;;;;;;;;;;;;;;;;;
 ;01:37:38;4.200;0.022;204.9;30.0;;;;;;;;;;;;;;;;;;
 ;01:37:39;4.200;0.022;204.9;30.0;;;;;;;;;;;;;;;;;;
 ;01:37:40;4.200;0.022;204.9;30.0;;;;;;;;;;;;;;;;;;
 ;01:37:41;4.200;0.022;204.9;30.0;;;;;;;;;;;;;;;;;;
 ;01:37:42;4.200;0.022;204.9;30.0;;;;;;;;;;;;;;;;;;
 ;01:37:43;4.200;0.022;204.9;30.0;;;;;;;;;;;;;;;;;;
 ;01:37:44;4.200;0.022;205.0;30.0;;;;;;;;;;;;;;;;;;
 ;01:37:45;4.200;0.022;205.0;30.0;;;;;;;;;;;;;;;;;;
 ;01:37:46;4.200;0.022;205.0;30.0;;;;;;;;;;;;;;;;;;
 ;01:37:47;4.200;0.022;205.0;30.0;;;;;;;;;;;;;;;;;;
 ;01:37:48;4.200;0.022;205.0;30.0;;;;;;;;;;;;;;;;;;
 ;01:37:49;4.200;0.022;205.0;30.0;;;;;;;;;;;;;;;;;;
 ;01:37:50;4.200;0.022;205.0;30.0;;;;;;;;;;;;;;;;;;
 ;01:37:51;4.200;0.022;205.0;30.0;;;;;;;;;;;;;;;;;;
 ;01:37:52;4.200;0.022;205.0;30.0;;;;;;;;;;;;;;;;;;
 ;01:37:53;4.200;0.022;205.0;30.0;;;;;;;;;;;;;;;;;;
 ;01:37:54;4.200;0.022;205.0;30.0;;;;;;;;;;;;;;;;;;
 ;01:37:55;4.200;0.022;205.0;30.0;;;;;;;;;;;;;;;;;;
 ;01:37:56;4.200;0.022;205.0;30.0;;;;;;;;;;;;;;;;;;
 ;01:37:57;4.200;0.022;205.0;30.0;;;;;;;;;;;;;;;;;;
 ;01:37:58;4.200;0.022;205.0;30.0;;;;;;;;;;;;;;;;;;
 ;01:37:59;4.200;0.022;205.0;30.0;;;;;;;;;;;;;;;;;;
 ;01:38:00;4.200;0.022;205.1;30.0;;;;;;;;;;;;;;;;;;
 ;01:38:01;4.200;0.022;205.1;30.0;;;;;;;;;;;;;;;;;;
 ;01:38:02;4.200;0.022;205.1;30.0;;;;;;;;;;;;;;;;;;
 ;01:38:03;4.200;0.022;205.1;30.0;;;;;;;;;;;;;;;;;;
 ;01:38:04;4.200;0.022;205.1;30.0;;;;;;;;;;;;;;;;;;
 ;01:38:05;4.200;0.022;205.1;30.0;;;;;;;;;;;;;;;;;;
 ;01:38:06;4.200;0.022;205.1;30.0;;;;;;;;;;;;;;;;;;
 ;01:38:07;4.200;0.022;205.1;30.0;;;;;;;;;;;;;;;;;;
 ;01:38:08;4.200;0.022;205.1;30.0;;;;;;;;;;;;;;;;;;
 ;01:38:09;4.200;0.022;205.1;30.0;;;;;;;;;;;;;;;;;;
 ;01:38:10;4.200;0.022;205.1;30.0;;;;;;;;;;;;;;;;;;
 ;01:38:11;4.200;0.022;205.1;30.0;;;;;;;;;;;;;;;;;;
 ;01:38:12;4.200;0.022;205.1;30.0;;;;;;;;;;;;;;;;;;
 ;01:38:13;4.200;0.022;205.1;30.0;;;;;;;;;;;;;;;;;;
 ;01:38:14;4.200;0.022;205.1;30.0;;;;;;;;;;;;;;;;;;
 ;01:38:15;4.200;0.022;205.1;30.0;;;;;;;;;;;;;;;;;;
 ;01:38:16;4.200;0.022;205.1;30.0;;;;;;;;;;;;;;;;;;
 ;01:38:17;4.200;0.022;205.2;30.0;;;;;;;;;;;;;;;;;;
 ;01:38:18;4.200;0.022;205.2;30.0;;;;;;;;;;;;;;;;;;
 ;01:38:19;4.200;0.022;205.2;30.0;;;;;;;;;;;;;;;;;;
 ;01:38:20;4.200;0.022;205.2;30.0;;;;;;;;;;;;;;;;;;
 ;01:38:21;4.200;0.022;205.2;30.0;;;;;;;;;;;;;;;;;;
 ;01:38:22;4.200;0.022;205.2;30.0;;;;;;;;;;;;;;;;;;
 ;01:38:23;4.200;0.022;205.2;30.0;;;;;;;;;;;;;;;;;;
 ;01:38:24;4.200;0.022;205.2;30.0;;;;;;;;;;;;;;;;;;
 ;01:38:25;4.200;0.022;205.2;30.0;;;;;;;;;;;;;;;;;;
 ;01:38:26;4.200;0.022;205.2;30.0;;;;;;;;;;;;;;;;;;
 ;01:38:27;4.200;0.022;205.2;30.0;;;;;;;;;;;;;;;;;;
 ;01:38:28;4.200;0.022;205.2;30.0;;;;;;;;;;;;;;;;;;
 ;01:38:29;4.200;0.022;205.2;30.0;;;;;;;;;;;;;;;;;;
 ;01:38:30;4.200;0.022;205.2;30.0;;;;;;;;;;;;;;;;;;
 ;01:38:31;4.200;0.022;205.2;30.0;;;;;;;;;;;;;;;;;;
 ;01:38:32;4.200;0.022;205.2;30.0;;;;;;;;;;;;;;;;;;
 ;01:38:33;4.200;0.022;205.3;30.0;;;;;;;;;;;;;;;;;;
 ;01:38:34;4.200;0.022;205.3;30.0;;;;;;;;;;;;;;;;;;
 ;01:38:35;4.200;0.022;205.3;30.0;;;;;;;;;;;;;;;;;;
 ;01:38:36;4.200;0.022;205.3;30.0;;;;;;;;;;;;;;;;;;
 ;01:38:37;4.200;0.022;205.3;30.0;;;;;;;;;;;;;;;;;;
 ;01:38:38;4.200;0.022;205.3;30.0;;;;;;;;;;;;;;;;;;
 ;01:38:39;4.200;0.022;205.3;30.0;;;;;;;;;;;;;;;;;;
 ;01:38:40;4.200;0.022;205.3;30.0;;;;;;;;;;;;;;;;;;
 ;01:38:41;4.200;0.022;205.3;30.0;;;;;;;;;;;;;;;;;;
 ;01:38:42;4.200;0.022;205.3;30.0;;;;;;;;;;;;;;;;;;
 ;01:38:43;4.200;0.022;205.3;30.0;;;;;;;;;;;;;;;;;;
 ;01:38:44;4.200;0.022;205.3;30.0;;;;;;;;;;;;;;;;;;
 ;01:38:45;4.200;0.022;205.3;30.0;;;;;;;;;;;;;;;;;;
 ;01:38:46;4.200;0.022;205.3;30.0;;;;;;;;;;;;;;;;;;
 ;01:38:47;4.200;0.022;205.3;30.0;;;;;;;;;;;;;;;;;;
 ;01:38:48;4.200;0.022;205.3;30.0;;;;;;;;;;;;;;;;;;
 ;01:38:49;4.200;0.022;205.4;30.0;;;;;;;;;;;;;;;;;;
 ;01:38:50;4.200;0.022;205.4;30.0;;;;;;;;;;;;;;;;;;
 ;01:38:51;4.200;0.022;205.4;30.0;;;;;;;;;;;;;;;;;;
 ;01:38:52;4.200;0.022;205.4;30.0;;;;;;;;;;;;;;;;;;
 ;01:38:53;4.200;0.022;205.4;30.0;;;;;;;;;;;;;;;;;;
 ;01:38:54;4.200;0.022;205.4;30.0;;;;;;;;;;;;;;;;;;
 ;01:38:55;4.200;0.022;205.4;30.0;;;;;;;;;;;;;;;;;;
 ;01:38:56;4.200;0.022;205.4;30.0;;;;;;;;;;;;;;;;;;
 ;01:38:57;4.200;0.022;205.4;30.0;;;;;;;;;;;;;;;;;;
 ;01:38:58;4.200;0.022;205.4;30.0;;;;;;;;;;;;;;;;;;
 ;01:38:59;4.200;0.022;205.4;30.0;;;;;;;;;;;;;;;;;;
 ;01:39:00;4.200;0.022;205.4;30.0;;;;;;;;;;;;;;;;;;
 ;01:39:01;4.200;0.022;205.4;30.0;;;;;;;;;;;;;;;;;;
 ;01:39:02;4.200;0.022;205.4;30.0;;;;;;;;;;;;;;;;;;
 ;01:39:03;4.200;0.022;205.4;30.0;;;;;;;;;;;;;;;;;;
 ;01:39:04;4.200;0.022;205.4;30.0;;;;;;;;;;;;;;;;;;
 ;01:39:05;4.200;0.022;205.4;30.0;;;;;;;;;;;;;;;;;;
 ;01:39:06;4.200;0.022;205.5;30.0;;;;;;;;;;;;;;;;;;
 ;01:39:07;4.200;0.022;205.5;30.0;;;;;;;;;;;;;;;;;;
 ;01:39:08;4.200;0.022;205.5;30.0;;;;;;;;;;;;;;;;;;
 ;01:39:09;4.200;0.022;205.5;30.0;;;;;;;;;;;;;;;;;;
 ;01:39:10;4.200;0.022;205.5;30.0;;;;;;;;;;;;;;;;;;
 ;01:39:11;4.200;0.022;205.5;30.0;;;;;;;;;;;;;;;;;;
 ;01:39:12;4.200;0.022;205.5;30.0;;;;;;;;;;;;;;;;;;
 ;01:39:13;4.200;0.022;205.5;30.0;;;;;;;;;;;;;;;;;;
 ;01:39:14;4.200;0.022;205.5;30.0;;;;;;;;;;;;;;;;;;
 ;01:39:15;4.200;0.022;205.5;30.0;;;;;;;;;;;;;;;;;;
 ;01:39:16;4.200;0.022;205.5;30.0;;;;;;;;;;;;;;;;;;
 ;01:39:17;4.200;0.022;205.5;30.0;;;;;;;;;;;;;;;;;;
 ;01:39:18;4.200;0.022;205.5;30.0;;;;;;;;;;;;;;;;;;
 ;01:39:19;4.200;0.022;205.5;30.0;;;;;;;;;;;;;;;;;;
 ;01:39:20;4.200;0.022;205.5;30.0;;;;;;;;;;;;;;;;;;
 ;01:39:21;4.200;0.022;205.5;30.0;;;;;;;;;;;;;;;;;;
 ;01:39:22;4.200;0.022;205.6;30.0;;;;;;;;;;;;;;;;;;
 ;01:39:23;4.200;0.022;205.6;30.0;;;;;;;;;;;;;;;;;;
 ;01:39:24;4.200;0.022;205.6;30.0;;;;;;;;;;;;;;;;;;
 ;01:39:25;4.200;0.022;205.6;30.0;;;;;;;;;;;;;;;;;;
 ;01:39:26;4.200;0.022;205.6;30.0;;;;;;;;;;;;;;;;;;
 ;01:39:27;4.200;0.022;205.6;30.0;;;;;;;;;;;;;;;;;;
 ;01:39:28;4.200;0.022;205.6;30.0;;;;;;;;;;;;;;;;;;
 ;01:39:29;4.200;0.022;205.6;30.0;;;;;;;;;;;;;;;;;;
 ;01:39:30;4.200;0.022;205.6;30.0;;;;;;;;;;;;;;;;;;
 ;01:39:31;4.200;0.022;205.6;30.0;;;;;;;;;;;;;;;;;;
 ;01:39:32;4.200;0.022;205.6;30.0;;;;;;;;;;;;;;;;;;
 ;01:39:33;4.200;0.022;205.6;30.0;;;;;;;;;;;;;;;;;;
 ;01:39:34;4.200;0.022;205.6;30.0;;;;;;;;;;;;;;;;;;
 ;01:39:35;4.200;0.022;205.6;30.0;;;;;;;;;;;;;;;;;;
 ;01:39:36;4.200;0.022;205.6;30.0;;;;;;;;;;;;;;;;;;
 ;01:39:37;4.200;0.022;205.6;30.0;;;;;;;;;;;;;;;;;;
 ;01:39:38;4.200;0.022;205.6;30.0;;;;;;;;;;;;;;;;;;
 ;01:39:39;4.200;0.022;205.7;30.0;;;;;;;;;;;;;;;;;;
 ;01:39:40;4.200;0.022;205.7;30.0;;;;;;;;;;;;;;;;;;
 ;01:39:41;4.200;0.022;205.7;30.0;;;;;;;;;;;;;;;;;;
 ;01:39:42;4.200;0.022;205.7;30.0;;;;;;;;;;;;;;;;;;
 ;01:39:43;4.200;0.022;205.7;30.0;;;;;;;;;;;;;;;;;;
 ;01:39:44;4.200;0.022;205.7;30.0;;;;;;;;;;;;;;;;;;
 ;01:39:45;4.200;0.022;205.7;30.0;;;;;;;;;;;;;;;;;;
 ;01:39:46;4.200;0.022;205.7;30.0;;;;;;;;;;;;;;;;;;
 ;01:39:47;4.200;0.022;205.7;30.0;;;;;;;;;;;;;;;;;;
 ;01:39:48;4.200;0.022;205.7;30.0;;;;;;;;;;;;;;;;;;
 ;01:39:49;4.200;0.022;205.7;30.0;;;;;;;;;;;;;;;;;;
 ;01:39:50;4.200;0.022;205.7;30.0;;;;;;;;;;;;;;;;;;
 ;01:39:51;4.200;0.022;205.7;30.0;;;;;;;;;;;;;;;;;;
 ;01:39:52;4.200;0.022;205.7;30.0;;;;;;;;;;;;;;;;;;
 ;01:39:53;4.200;0.022;205.7;30.0;;;;;;;;;;;;;;;;;;
 ;01:39:54;4.200;0.022;205.7;30.0;;;;;;;;;;;;;;;;;;
 ;01:39:55;4.200;0.022;205.8;30.0;;;;;;;;;;;;;;;;;;
 ;01:39:56;4.200;0.022;205.8;30.0;;;;;;;;;;;;;;;;;;
 ;01:39:57;4.200;0.022;205.8;30.0;;;;;;;;;;;;;;;;;;
 ;01:39:58;4.200;0.022;205.8;30.0;;;;;;;;;;;;;;;;;;
 ;01:39:59;4.200;0.022;205.8;30.0;;;;;;;;;;;;;;;;;;
 ;01:40:00;4.200;0.022;205.8;30.0;;;;;;;;;;;;;;;;;;
 ;01:40:01;4.200;0.022;205.8;30.0;;;;;;;;;;;;;;;;;;
 ;01:40:02;4.200;0.022;205.8;30.0;;;;;;;;;;;;;;;;;;
 ;01:40:03;4.200;0.022;205.8;30.0;;;;;;;;;;;;;;;;;;
 ;01:40:04;4.200;0.022;205.8;30.0;;;;;;;;;;;;;;;;;;
 ;01:40:05;4.200;0.022;205.8;30.0;;;;;;;;;;;;;;;;;;
 ;01:40:06;4.200;0.022;205.8;30.0;;;;;;;;;;;;;;;;;;
 ;01:40:07;4.200;0.022;205.8;30.0;;;;;;;;;;;;;;;;;;
 ;01:40:08;4.200;0.022;205.8;30.0;;;;;;;;;;;;;;;;;;
 ;01:40:09;4.200;0.022;205.8;30.0;;;;;;;;;;;;;;;;;;
 ;01:40:10;4.200;0.022;205.8;30.0;;;;;;;;;;;;;;;;;;
 ;01:40:11;4.200;0.022;205.9;30.0;;;;;;;;;;;;;;;;;;
 ;01:40:12;4.200;0.022;205.9;30.0;;;;;;;;;;;;;;;;;;
 ;01:40:13;4.200;0.022;205.9;30.0;;;;;;;;;;;;;;;;;;
 ;01:40:14;4.200;0.022;205.9;30.0;;;;;;;;;;;;;;;;;;
 ;01:40:15;4.200;0.022;205.9;30.0;;;;;;;;;;;;;;;;;;
 ;01:40:16;4.200;0.022;205.9;30.0;;;;;;;;;;;;;;;;;;
 ;01:40:17;4.200;0.022;205.9;30.0;;;;;;;;;;;;;;;;;;
 ;01:40:18;4.200;0.022;205.9;30.0;;;;;;;;;;;;;;;;;;
 ;01:40:19;4.200;0.022;205.9;30.0;;;;;;;;;;;;;;;;;;
 ;01:40:20;4.200;0.022;205.9;30.0;;;;;;;;;;;;;;;;;;
 ;01:40:21;4.200;0.022;205.9;30.0;;;;;;;;;;;;;;;;;;
 ;01:40:22;4.200;0.022;205.9;30.0;;;;;;;;;;;;;;;;;;
 ;01:40:23;4.200;0.022;205.9;30.0;;;;;;;;;;;;;;;;;;
 ;01:40:24;4.200;0.022;205.9;30.0;;;;;;;;;;;;;;;;;;
 ;01:40:25;4.200;0.022;205.9;30.0;;;;;;;;;;;;;;;;;;
 ;01:40:26;4.200;0.022;205.9;30.0;;;;;;;;;;;;;;;;;;
 ;01:40:27;4.200;0.022;205.9;30.0;;;;;;;;;;;;;;;;;;
 ;01:40:28;4.200;0.022;206.0;30.0;;;;;;;;;;;;;;;;;;
 ;01:40:29;4.200;0.022;206.0;30.0;;;;;;;;;;;;;;;;;;
 ;01:40:30;4.200;0.022;206.0;30.0;;;;;;;;;;;;;;;;;;
 ;01:40:31;4.200;0.022;206.0;30.0;;;;;;;;;;;;;;;;;;
 ;01:40:32;4.200;0.022;206.0;30.0;;;;;;;;;;;;;;;;;;
 ;01:40:33;4.200;0.022;206.0;30.0;;;;;;;;;;;;;;;;;;
 ;01:40:34;4.200;0.022;206.0;30.0;;;;;;;;;;;;;;;;;;
 ;01:40:35;4.200;0.022;206.0;30.0;;;;;;;;;;;;;;;;;;
 ;01:40:36;4.200;0.022;206.0;30.0;;;;;;;;;;;;;;;;;;
 ;01:40:37;4.200;0.022;206.0;30.0;;;;;;;;;;;;;;;;;;
 ;01:40:38;4.200;0.022;206.0;30.0;;;;;;;;;;;;;;;;;;
 ;01:40:39;4.200;0.022;206.0;30.0;;;;;;;;;;;;;;;;;;
 ;01:40:40;4.200;0.022;206.0;30.0;;;;;;;;;;;;;;;;;;
 ;01:40:41;4.200;0.022;206.0;30.0;;;;;;;;;;;;;;;;;;
 ;01:40:42;4.200;0.022;206.0;30.0;;;;;;;;;;;;;;;;;;
 ;01:40:43;4.200;0.022;206.0;30.0;;;;;;;;;;;;;;;;;;
 ;01:40:44;4.200;0.022;206.1;30.0;;;;;;;;;;;;;;;;;;
 ;01:40:45;4.200;0.022;206.1;30.0;;;;;;;;;;;;;;;;;;
 ;01:40:46;4.200;0.022;206.1;30.0;;;;;;;;;;;;;;;;;;
 ;01:40:47;4.200;0.022;206.1;30.0;;;;;;;;;;;;;;;;;;
 ;01:40:48;4.200;0.022;206.1;30.0;;;;;;;;;;;;;;;;;;
 ;01:40:49;4.200;0.022;206.1;30.0;;;;;;;;;;;;;;;;;;
 ;01:40:50;4.200;0.022;206.1;30.0;;;;;;;;;;;;;;;;;;
 ;01:40:51;4.200;0.022;206.1;30.0;;;;;;;;;;;;;;;;;;
 ;01:40:52;4.200;0.022;206.1;30.0;;;;;;;;;;;;;;;;;;
 ;01:40:53;4.200;0.022;206.1;30.0;;;;;;;;;;;;;;;;;;
 ;01:40:54;4.200;0.022;206.1;30.0;;;;;;;;;;;;;;;;;;
 ;01:40:55;4.200;0.022;206.1;30.0;;;;;;;;;;;;;;;;;;
 ;01:40:56;4.200;0.022;206.1;30.0;;;;;;;;;;;;;;;;;;
 ;01:40:57;4.200;0.022;206.1;30.0;;;;;;;;;;;;;;;;;;
 ;01:40:58;4.200;0.022;206.1;30.0;;;;;;;;;;;;;;;;;;
 ;01:40:59;4.200;0.022;206.1;30.0;;;;;;;;;;;;;;;;;;
 ;01:41:00;4.200;0.022;206.2;30.0;;;;;;;;;;;;;;;;;;
 ;01:41:01;4.200;0.022;206.2;30.0;;;;;;;;;;;;;;;;;;
 ;01:41:02;4.200;0.022;206.2;30.0;;;;;;;;;;;;;;;;;;
 ;01:41:03;4.200;0.022;206.2;30.0;;;;;;;;;;;;;;;;;;
 ;01:41:04;4.200;0.022;206.2;30.0;;;;;;;;;;;;;;;;;;
 ;01:41:05;4.200;0.022;206.2;30.0;;;;;;;;;;;;;;;;;;
 ;01:41:06;4.200;0.022;206.2;30.0;;;;;;;;;;;;;;;;;;
 ;01:41:07;4.200;0.022;206.2;30.1;;;;;;;;;;;;;;;;;;
 ;01:41:08;4.200;0.022;206.2;30.1;;;;;;;;;;;;;;;;;;
 ;01:41:09;4.200;0.022;206.2;30.0;;;;;;;;;;;;;;;;;;
 ;01:41:10;4.200;0.022;206.2;30.0;;;;;;;;;;;;;;;;;;
 ;01:41:11;4.200;0.022;206.2;30.0;;;;;;;;;;;;;;;;;;
 ;01:41:12;4.200;0.022;206.2;30.0;;;;;;;;;;;;;;;;;;
 ;01:41:13;4.200;0.022;206.2;30.1;;;;;;;;;;;;;;;;;;
 ;01:41:14;4.200;0.022;206.2;30.0;;;;;;;;;;;;;;;;;;
 ;01:41:15;4.200;0.022;206.2;30.1;;;;;;;;;;;;;;;;;;
 ;01:41:16;4.200;0.022;206.2;30.1;;;;;;;;;;;;;;;;;;
 ;01:41:17;4.200;0.022;206.3;30.0;;;;;;;;;;;;;;;;;;
 ;01:41:18;4.200;0.022;206.3;30.0;;;;;;;;;;;;;;;;;;
 ;01:41:19;4.200;0.022;206.3;30.1;;;;;;;;;;;;;;;;;;
 ;01:41:20;4.200;0.022;206.3;30.1;;;;;;;;;;;;;;;;;;
 ;01:41:21;4.200;0.022;206.3;30.1;;;;;;;;;;;;;;;;;;
 ;01:41:22;4.200;0.022;206.3;30.0;;;;;;;;;;;;;;;;;;
 ;01:41:23;4.200;0.022;206.3;30.1;;;;;;;;;;;;;;;;;;
 ;01:41:24;4.200;0.022;206.3;30.1;;;;;;;;;;;;;;;;;;
 ;01:41:25;4.200;0.022;206.3;30.1;;;;;;;;;;;;;;;;;;
 ;01:41:26;4.200;0.022;206.3;30.1;;;;;;;;;;;;;;;;;;
 ;01:41:27;4.200;0.021;206.3;30.0;;;;;;;;;;;;;;;;;;
 ;01:41:28;4.200;0.021;206.3;30.1;;;;;;;;;;;;;;;;;;
 ;01:41:29;4.200;0.021;206.3;30.1;;;;;;;;;;;;;;;;;;
 ;01:41:30;4.200;0.021;206.3;30.1;;;;;;;;;;;;;;;;;;
 ;01:41:31;4.200;0.021;206.3;30.1;;;;;;;;;;;;;;;;;;
 ;01:41:32;4.200;0.021;206.3;30.1;;;;;;;;;;;;;;;;;;
 ;01:41:33;4.200;0.021;206.4;30.1;;;;;;;;;;;;;;;;;;
 ;01:41:34;4.200;0.021;206.4;30.1;;;;;;;;;;;;;;;;;;
 ;01:41:35;4.200;0.021;206.4;30.1;;;;;;;;;;;;;;;;;;
 ;01:41:36;4.200;0.021;206.4;30.1;;;;;;;;;;;;;;;;;;
 ;01:41:37;4.200;0.021;206.4;30.1;;;;;;;;;;;;;;;;;;
 ;01:41:38;4.200;0.021;206.4;30.1;;;;;;;;;;;;;;;;;;
 ;01:41:39;4.200;0.021;206.4;30.1;;;;;;;;;;;;;;;;;;
 ;01:41:40;4.200;0.021;206.4;30.1;;;;;;;;;;;;;;;;;;
 ;01:41:41;4.200;0.021;206.4;30.1;;;;;;;;;;;;;;;;;;
 ;01:41:42;4.200;0.021;206.4;30.1;;;;;;;;;;;;;;;;;;
 ;01:41:43;4.200;0.021;206.4;30.1;;;;;;;;;;;;;;;;;;
 ;01:41:44;4.200;0.021;206.4;30.1;;;;;;;;;;;;;;;;;;
 ;01:41:45;4.200;0.021;206.4;30.1;;;;;;;;;;;;;;;;;;
 ;01:41:46;4.200;0.021;206.4;30.1;;;;;;;;;;;;;;;;;;
 ;01:41:47;4.200;0.021;206.4;30.1;;;;;;;;;;;;;;;;;;
 ;01:41:48;4.200;0.021;206.4;30.1;;;;;;;;;;;;;;;;;;
 ;01:41:49;4.200;0.021;206.4;30.1;;;;;;;;;;;;;;;;;;
 ;01:41:50;4.200;0.021;206.4;30.1;;;;;;;;;;;;;;;;;;
 ;01:41:51;4.200;0.021;206.5;30.1;;;;;;;;;;;;;;;;;;
 ;01:41:52;4.200;0.021;206.5;30.1;;;;;;;;;;;;;;;;;;
 ;01:41:53;4.200;0.021;206.5;30.1;;;;;;;;;;;;;;;;;;
 ;01:41:54;4.200;0.021;206.5;30.1;;;;;;;;;;;;;;;;;;
 ;01:41:55;4.200;0.021;206.5;30.1;;;;;;;;;;;;;;;;;;
 ;01:41:56;4.200;0.021;206.5;30.1;;;;;;;;;;;;;;;;;;
 ;01:41:57;4.200;0.021;206.5;30.1;;;;;;;;;;;;;;;;;;
 ;01:41:58;4.200;0.021;206.5;30.1;;;;;;;;;;;;;;;;;;
 ;01:41:59;4.200;0.021;206.5;30.1;;;;;;;;;;;;;;;;;;
 ;01:42:00;4.200;0.021;206.5;30.1;;;;;;;;;;;;;;;;;;
 ;01:42:01;4.200;0.021;206.5;30.1;;;;;;;;;;;;;;;;;;
 ;01:42:02;4.200;0.021;206.5;30.1;;;;;;;;;;;;;;;;;;
 ;01:42:03;4.200;0.021;206.5;30.1;;;;;;;;;;;;;;;;;;
 ;01:42:04;4.200;0.021;206.5;30.1;;;;;;;;;;;;;;;;;;
 ;01:42:05;4.200;0.021;206.5;30.1;;;;;;;;;;;;;;;;;;
 ;01:42:06;4.200;0.021;206.5;30.1;;;;;;;;;;;;;;;;;;
 ;01:42:07;4.200;0.021;206.5;30.1;;;;;;;;;;;;;;;;;;
 ;01:42:08;4.200;0.021;206.6;30.1;;;;;;;;;;;;;;;;;;
 ;01:42:09;4.200;0.021;206.6;30.1;;;;;;;;;;;;;;;;;;
 ;01:42:10;4.200;0.021;206.6;30.1;;;;;;;;;;;;;;;;;;
 ;01:42:11;4.200;0.021;206.6;30.1;;;;;;;;;;;;;;;;;;
 ;01:42:12;4.200;0.021;206.6;30.1;;;;;;;;;;;;;;;;;;
 ;01:42:13;4.200;0.021;206.6;30.1;;;;;;;;;;;;;;;;;;
 ;01:42:14;4.200;0.021;206.6;30.1;;;;;;;;;;;;;;;;;;
 ;01:42:15;4.200;0.021;206.6;30.1;;;;;;;;;;;;;;;;;;
 ;01:42:16;4.200;0.021;206.6;30.1;;;;;;;;;;;;;;;;;;
 ;01:42:17;4.200;0.021;206.6;30.1;;;;;;;;;;;;;;;;;;
 ;01:42:18;4.200;0.021;206.6;30.1;;;;;;;;;;;;;;;;;;
 ;01:42:19;4.200;0.021;206.6;30.1;;;;;;;;;;;;;;;;;;
 ;01:42:20;4.200;0.021;206.6;30.1;;;;;;;;;;;;;;;;;;
 ;01:42:21;4.200;0.021;206.6;30.1;;;;;;;;;;;;;;;;;;
 ;01:42:22;4.200;0.021;206.6;30.1;;;;;;;;;;;;;;;;;;
 ;01:42:23;4.200;0.021;206.6;30.1;;;;;;;;;;;;;;;;;;
 ;01:42:24;4.200;0.021;206.6;30.1;;;;;;;;;;;;;;;;;;
 ;01:42:25;4.200;0.021;206.7;30.1;;;;;;;;;;;;;;;;;;
 ;01:42:26;4.200;0.021;206.7;30.1;;;;;;;;;;;;;;;;;;
 ;01:42:27;4.200;0.021;206.7;30.1;;;;;;;;;;;;;;;;;;
 ;01:42:28;4.200;0.021;206.7;30.1;;;;;;;;;;;;;;;;;;
 ;01:42:29;4.200;0.021;206.7;30.1;;;;;;;;;;;;;;;;;;
 ;01:42:30;4.200;0.021;206.7;30.1;;;;;;;;;;;;;;;;;;
 ;01:42:31;4.200;0.021;206.7;30.1;;;;;;;;;;;;;;;;;;
 ;01:42:32;4.200;0.021;206.7;30.1;;;;;;;;;;;;;;;;;;
 ;01:42:33;4.200;0.021;206.7;30.1;;;;;;;;;;;;;;;;;;
 ;01:42:34;4.200;0.021;206.7;30.1;;;;;;;;;;;;;;;;;;
 ;01:42:35;4.200;0.021;206.7;30.1;;;;;;;;;;;;;;;;;;
 ;01:42:36;4.200;0.021;206.7;30.1;;;;;;;;;;;;;;;;;;
 ;01:42:37;4.200;0.021;206.7;30.1;;;;;;;;;;;;;;;;;;
 ;01:42:38;4.200;0.021;206.7;30.1;;;;;;;;;;;;;;;;;;
 ;01:42:39;4.200;0.021;206.7;30.1;;;;;;;;;;;;;;;;;;
 ;01:42:40;4.200;0.021;206.7;30.1;;;;;;;;;;;;;;;;;;
 ;01:42:41;4.200;0.021;206.7;30.1;;;;;;;;;;;;;;;;;;
 ;01:42:42;4.200;0.021;206.8;30.1;;;;;;;;;;;;;;;;;;
 ;01:42:43;4.200;0.021;206.8;30.1;;;;;;;;;;;;;;;;;;
 ;01:42:44;4.200;0.021;206.8;30.1;;;;;;;;;;;;;;;;;;
 ;01:42:45;4.200;0.021;206.8;30.1;;;;;;;;;;;;;;;;;;
 ;01:42:46;4.200;0.021;206.8;30.1;;;;;;;;;;;;;;;;;;
 ;01:42:47;4.200;0.021;206.8;30.1;;;;;;;;;;;;;;;;;;
 ;01:42:48;4.200;0.021;206.8;30.1;;;;;;;;;;;;;;;;;;
 ;01:42:49;4.200;0.021;206.8;30.1;;;;;;;;;;;;;;;;;;
 ;01:42:50;4.200;0.021;206.8;30.1;;;;;;;;;;;;;;;;;;
 ;01:42:51;4.200;0.021;206.8;30.1;;;;;;;;;;;;;;;;;;
 ;01:42:52;4.200;0.021;206.8;30.1;;;;;;;;;;;;;;;;;;
 ;01:42:53;4.200;0.021;206.8;30.1;;;;;;;;;;;;;;;;;;
 ;01:42:54;4.200;0.021;206.8;30.1;;;;;;;;;;;;;;;;;;
 ;01:42:55;4.200;0.021;206.8;30.1;;;;;;;;;;;;;;;;;;
 ;01:42:56;4.200;0.021;206.8;30.1;;;;;;;;;;;;;;;;;;
 ;01:42:57;4.200;0.021;206.8;30.1;;;;;;;;;;;;;;;;;;
 ;01:42:58;4.200;0.021;206.8;30.1;;;;;;;;;;;;;;;;;;
 ;01:42:59;4.200;0.021;206.9;30.1;;;;;;;;;;;;;;;;;;
 ;01:43:00;4.200;0.021;206.9;30.1;;;;;;;;;;;;;;;;;;
 ;01:43:01;4.200;0.021;206.9;30.1;;;;;;;;;;;;;;;;;;
 ;01:43:02;4.200;0.021;206.9;30.1;;;;;;;;;;;;;;;;;;
 ;01:43:03;4.200;0.021;206.9;30.1;;;;;;;;;;;;;;;;;;
 ;01:43:04;4.200;0.021;206.9;30.1;;;;;;;;;;;;;;;;;;
 ;01:43:05;4.200;0.021;206.9;30.1;;;;;;;;;;;;;;;;;;
 ;01:43:06;4.200;0.021;206.9;30.1;;;;;;;;;;;;;;;;;;
 ;01:43:07;4.200;0.021;206.9;30.1;;;;;;;;;;;;;;;;;;
 ;01:43:08;4.200;0.021;206.9;30.1;;;;;;;;;;;;;;;;;;
 ;01:43:09;4.200;0.021;206.9;30.1;;;;;;;;;;;;;;;;;;
 ;01:43:10;4.200;0.021;206.9;30.1;;;;;;;;;;;;;;;;;;
 ;01:43:11;4.200;0.021;206.9;30.1;;;;;;;;;;;;;;;;;;
 ;01:43:12;4.200;0.021;206.9;30.1;;;;;;;;;;;;;;;;;;
 ;01:43:13;4.200;0.021;206.9;30.1;;;;;;;;;;;;;;;;;;
 ;01:43:14;4.200;0.021;206.9;30.1;;;;;;;;;;;;;;;;;;
 ;01:43:15;4.200;0.021;206.9;30.1;;;;;;;;;;;;;;;;;;
 ;01:43:16;4.200;0.021;207.0;30.1;;;;;;;;;;;;;;;;;;
 ;01:43:17;4.200;0.021;207.0;30.1;;;;;;;;;;;;;;;;;;
 ;01:43:18;4.200;0.021;207.0;30.1;;;;;;;;;;;;;;;;;;
 ;01:43:19;4.200;0.021;207.0;30.1;;;;;;;;;;;;;;;;;;
 ;01:43:20;4.200;0.021;207.0;30.1;;;;;;;;;;;;;;;;;;
 ;01:43:21;4.200;0.021;207.0;30.1;;;;;;;;;;;;;;;;;;
 ;01:43:22;4.200;0.021;207.0;30.1;;;;;;;;;;;;;;;;;;
 ;01:43:23;4.200;0.021;207.0;30.1;;;;;;;;;;;;;;;;;;
 ;01:43:24;4.200;0.021;207.0;30.1;;;;;;;;;;;;;;;;;;
 ;01:43:25;4.200;0.021;207.0;30.1;;;;;;;;;;;;;;;;;;
 ;01:43:26;4.200;0.021;207.0;30.1;;;;;;;;;;;;;;;;;;
 ;01:43:27;4.200;0.021;207.0;30.1;;;;;;;;;;;;;;;;;;
 ;01:43:28;4.200;0.021;207.0;30.1;;;;;;;;;;;;;;;;;;
 ;01:43:29;4.200;0.021;207.0;30.1;;;;;;;;;;;;;;;;;;
 ;01:43:30;4.200;0.021;207.0;30.1;;;;;;;;;;;;;;;;;;
 ;01:43:31;4.200;0.021;207.0;30.0;;;;;;;;;;;;;;;;;;
 ;01:43:32;4.200;0.021;207.0;30.1;;;;;;;;;;;;;;;;;;
 ;01:43:33;4.200;0.021;207.1;30.0;;;;;;;;;;;;;;;;;;
 ;01:43:34;4.200;0.021;207.1;30.1;;;;;;;;;;;;;;;;;;
 ;01:43:35;4.200;0.021;207.1;30.1;;;;;;;;;;;;;;;;;;
 ;01:43:36;4.200;0.021;207.1;30.1;;;;;;;;;;;;;;;;;;
 ;01:43:37;4.200;0.021;207.1;30.1;;;;;;;;;;;;;;;;;;
 ;01:43:38;4.200;0.021;207.1;30.0;;;;;;;;;;;;;;;;;;
 ;01:43:39;4.200;0.021;207.1;30.1;;;;;;;;;;;;;;;;;;
 ;01:43:40;4.200;0.021;207.1;30.1;;;;;;;;;;;;;;;;;;
 ;01:43:41;4.200;0.021;207.1;30.0;;;;;;;;;;;;;;;;;;
 ;01:43:42;4.200;0.021;207.1;30.0;;;;;;;;;;;;;;;;;;
 ;01:43:43;4.200;0.021;207.1;30.0;;;;;;;;;;;;;;;;;;
 ;01:43:44;4.200;0.021;207.1;30.0;;;;;;;;;;;;;;;;;;
 ;01:43:45;4.200;0.021;207.1;30.0;;;;;;;;;;;;;;;;;;
 ;01:43:46;4.200;0.021;207.1;30.0;;;;;;;;;;;;;;;;;;
 ;01:43:47;4.200;0.021;207.1;30.0;;;;;;;;;;;;;;;;;;
 ;01:43:48;4.200;0.021;207.1;30.0;;;;;;;;;;;;;;;;;;
 ;01:43:49;4.200;0.021;207.1;30.0;;;;;;;;;;;;;;;;;;
 ;01:43:50;4.200;0.021;207.1;30.0;;;;;;;;;;;;;;;;;;
 ;01:43:51;4.200;0.021;207.2;30.0;;;;;;;;;;;;;;;;;;
 ;01:43:52;4.200;0.021;207.2;30.0;;;;;;;;;;;;;;;;;;
 ;01:43:53;4.200;0.021;207.2;30.0;;;;;;;;;;;;;;;;;;
 ;01:43:54;4.200;0.021;207.2;30.0;;;;;;;;;;;;;;;;;;
 ;01:43:55;4.200;0.021;207.2;30.0;;;;;;;;;;;;;;;;;;
 ;01:43:56;4.200;0.021;207.2;30.0;;;;;;;;;;;;;;;;;;
 ;01:43:57;4.200;0.021;207.2;30.0;;;;;;;;;;;;;;;;;;
 ;01:43:58;4.200;0.021;207.2;30.1;;;;;;;;;;;;;;;;;;
 ;01:43:59;4.200;0.021;207.2;30.1;;;;;;;;;;;;;;;;;;
 ;01:44:00;4.200;0.021;207.2;30.0;;;;;;;;;;;;;;;;;;
 ;01:44:01;4.200;0.021;207.2;30.0;;;;;;;;;;;;;;;;;;
 ;01:44:02;4.200;0.021;207.2;30.0;;;;;;;;;;;;;;;;;;
 ;01:44:03;4.200;0.021;207.2;30.0;;;;;;;;;;;;;;;;;;
 ;01:44:04;4.200;0.021;207.2;30.0;;;;;;;;;;;;;;;;;;
 ;01:44:05;4.200;0.021;207.2;30.0;;;;;;;;;;;;;;;;;;
 ;01:44:06;4.200;0.021;207.2;30.0;;;;;;;;;;;;;;;;;;
 ;01:44:07;4.200;0.021;207.2;30.0;;;;;;;;;;;;;;;;;;
 ;01:44:08;4.200;0.021;207.3;30.0;;;;;;;;;;;;;;;;;;
 ;01:44:09;4.200;0.021;207.3;30.0;;;;;;;;;;;;;;;;;;
 ;01:44:10;4.200;0.021;207.3;30.0;;;;;;;;;;;;;;;;;;
 ;01:44:11;4.200;0.021;207.3;30.0;;;;;;;;;;;;;;;;;;
 ;01:44:12;4.200;0.021;207.3;30.0;;;;;;;;;;;;;;;;;;
 ;01:44:13;4.200;0.021;207.3;30.0;;;;;;;;;;;;;;;;;;
 ;01:44:14;4.200;0.021;207.3;30.0;;;;;;;;;;;;;;;;;;
 ;01:44:15;4.200;0.021;207.3;30.0;;;;;;;;;;;;;;;;;;
 ;01:44:16;4.200;0.021;207.3;30.0;;;;;;;;;;;;;;;;;;
 ;01:44:17;4.200;0.021;207.3;30.0;;;;;;;;;;;;;;;;;;
 ;01:44:18;4.200;0.021;207.3;30.0;;;;;;;;;;;;;;;;;;
 ;01:44:19;4.200;0.021;207.3;30.0;;;;;;;;;;;;;;;;;;
 ;01:44:20;4.200;0.021;207.3;30.0;;;;;;;;;;;;;;;;;;
 ;01:44:21;4.200;0.021;207.3;30.0;;;;;;;;;;;;;;;;;;
 ;01:44:22;4.200;0.021;207.3;30.0;;;;;;;;;;;;;;;;;;
 ;01:44:23;4.200;0.021;207.3;30.0;;;;;;;;;;;;;;;;;;
 ;01:44:24;4.200;0.021;207.3;30.0;;;;;;;;;;;;;;;;;;
 ;01:44:25;4.200;0.021;207.4;30.0;;;;;;;;;;;;;;;;;;
 ;01:44:26;4.200;0.021;207.4;30.0;;;;;;;;;;;;;;;;;;
 ;01:44:27;4.200;0.021;207.4;30.0;;;;;;;;;;;;;;;;;;
 ;01:44:28;4.200;0.021;207.4;30.0;;;;;;;;;;;;;;;;;;
 ;01:44:29;4.200;0.021;207.4;30.0;;;;;;;;;;;;;;;;;;
 ;01:44:30;4.200;0.021;207.4;30.0;;;;;;;;;;;;;;;;;;
 ;01:44:31;4.200;0.021;207.4;30.0;;;;;;;;;;;;;;;;;;
 ;01:44:32;4.200;0.021;207.4;30.0;;;;;;;;;;;;;;;;;;
 ;01:44:33;4.200;0.021;207.4;30.0;;;;;;;;;;;;;;;;;;
 ;01:44:34;4.200;0.021;207.4;30.0;;;;;;;;;;;;;;;;;;
 ;01:44:35;4.200;0.021;207.4;30.0;;;;;;;;;;;;;;;;;;
 ;01:44:36;4.200;0.021;207.4;30.0;;;;;;;;;;;;;;;;;;
 ;01:44:37;4.200;0.021;207.4;30.0;;;;;;;;;;;;;;;;;;
 ;01:44:38;4.200;0.021;207.4;30.0;;;;;;;;;;;;;;;;;;
 ;01:44:39;4.200;0.021;207.4;30.0;;;;;;;;;;;;;;;;;;
 ;01:44:40;4.200;0.021;207.4;30.0;;;;;;;;;;;;;;;;;;
 ;01:44:41;4.200;0.021;207.4;30.0;;;;;;;;;;;;;;;;;;
 ;01:44:42;4.200;0.021;207.5;30.0;;;;;;;;;;;;;;;;;;
 ;01:44:43;4.200;0.021;207.5;30.0;;;;;;;;;;;;;;;;;;
 ;01:44:44;4.200;0.021;207.5;30.0;;;;;;;;;;;;;;;;;;
 ;01:44:45;4.200;0.021;207.5;30.0;;;;;;;;;;;;;;;;;;
 ;01:44:46;4.200;0.021;207.5;30.0;;;;;;;;;;;;;;;;;;
 ;01:44:47;4.200;0.021;207.5;30.0;;;;;;;;;;;;;;;;;;
 ;01:44:48;4.200;0.021;207.5;30.0;;;;;;;;;;;;;;;;;;
 ;01:44:49;4.200;0.021;207.5;30.0;;;;;;;;;;;;;;;;;;
 ;01:44:50;4.200;0.021;207.5;30.0;;;;;;;;;;;;;;;;;;
 ;01:44:51;4.200;0.021;207.5;30.0;;;;;;;;;;;;;;;;;;
 ;01:44:52;4.200;0.021;207.5;30.0;;;;;;;;;;;;;;;;;;
 ;01:44:53;4.200;0.021;207.5;30.0;;;;;;;;;;;;;;;;;;
 ;01:44:54;4.200;0.021;207.5;30.0;;;;;;;;;;;;;;;;;;
 ;01:44:55;4.200;0.021;207.5;30.0;;;;;;;;;;;;;;;;;;
 ;01:44:56;4.200;0.021;207.5;30.0;;;;;;;;;;;;;;;;;;
 ;01:44:57;4.200;0.021;207.5;30.0;;;;;;;;;;;;;;;;;;
 ;01:44:58;4.200;0.021;207.5;30.0;;;;;;;;;;;;;;;;;;
 ;01:44:59;4.200;0.021;207.6;30.0;;;;;;;;;;;;;;;;;;
 ;01:45:00;4.200;0.021;207.6;30.0;;;;;;;;;;;;;;;;;;
 ;01:45:01;4.200;0.021;207.6;30.0;;;;;;;;;;;;;;;;;;
 ;01:45:02;4.200;0.021;207.6;30.0;;;;;;;;;;;;;;;;;;
 ;01:45:03;4.200;0.021;207.6;30.0;;;;;;;;;;;;;;;;;;
 ;01:45:04;4.200;0.021;207.6;30.0;;;;;;;;;;;;;;;;;;
 ;01:45:05;4.200;0.021;207.6;30.0;;;;;;;;;;;;;;;;;;
 ;01:45:06;4.200;0.021;207.6;30.0;;;;;;;;;;;;;;;;;;
 ;01:45:07;4.200;0.021;207.6;30.0;;;;;;;;;;;;;;;;;;
 ;01:45:08;4.200;0.021;207.6;30.0;;;;;;;;;;;;;;;;;;
 ;01:45:09;4.200;0.021;207.6;30.0;;;;;;;;;;;;;;;;;;
 ;01:45:10;4.200;0.021;207.6;30.0;;;;;;;;;;;;;;;;;;
 ;01:45:11;4.200;0.021;207.6;30.0;;;;;;;;;;;;;;;;;;
 ;01:45:12;4.200;0.021;207.6;30.0;;;;;;;;;;;;;;;;;;
 ;01:45:13;4.200;0.021;207.6;30.0;;;;;;;;;;;;;;;;;;
 ;01:45:14;4.200;0.021;207.6;30.0;;;;;;;;;;;;;;;;;;
 ;01:45:15;4.200;0.021;207.6;30.0;;;;;;;;;;;;;;;;;;
 ;01:45:16;4.200;0.021;207.7;30.0;;;;;;;;;;;;;;;;;;
 ;01:45:17;4.200;0.021;207.7;30.0;;;;;;;;;;;;;;;;;;
 ;01:45:18;4.200;0.021;207.7;30.0;;;;;;;;;;;;;;;;;;
 ;01:45:19;4.200;0.021;207.7;30.0;;;;;;;;;;;;;;;;;;
 ;01:45:20;4.200;0.021;207.7;30.0;;;;;;;;;;;;;;;;;;
 ;01:45:21;4.200;0.021;207.7;30.0;;;;;;;;;;;;;;;;;;
 ;01:45:22;4.200;0.021;207.7;30.0;;;;;;;;;;;;;;;;;;
 ;01:45:23;4.200;0.021;207.7;30.0;;;;;;;;;;;;;;;;;;
 ;01:45:24;4.200;0.021;207.7;30.0;;;;;;;;;;;;;;;;;;
 ;01:45:25;4.200;0.021;207.7;30.0;;;;;;;;;;;;;;;;;;
 ;01:45:26;4.200;0.021;207.7;30.0;;;;;;;;;;;;;;;;;;
 ;01:45:27;4.200;0.021;207.7;30.0;;;;;;;;;;;;;;;;;;
 ;01:45:28;4.200;0.021;207.7;30.0;;;;;;;;;;;;;;;;;;
 ;01:45:29;4.200;0.021;207.7;30.0;;;;;;;;;;;;;;;;;;
 ;01:45:30;4.200;0.021;207.7;30.0;;;;;;;;;;;;;;;;;;
 ;01:45:31;4.200;0.021;207.7;30.0;;;;;;;;;;;;;;;;;;
 ;01:45:32;4.200;0.021;207.7;30.0;;;;;;;;;;;;;;;;;;
 ;01:45:33;4.200;0.021;207.8;30.0;;;;;;;;;;;;;;;;;;
 ;01:45:34;4.200;0.021;207.8;30.0;;;;;;;;;;;;;;;;;;
 ;01:45:35;4.200;0.021;207.8;30.0;;;;;;;;;;;;;;;;;;
 ;01:45:36;4.200;0.021;207.8;30.0;;;;;;;;;;;;;;;;;;
 ;01:45:37;4.200;0.021;207.8;30.0;;;;;;;;;;;;;;;;;;
 ;01:45:38;4.200;0.021;207.8;30.0;;;;;;;;;;;;;;;;;;
 ;01:45:39;4.200;0.021;207.8;30.0;;;;;;;;;;;;;;;;;;
 ;01:45:40;4.200;0.021;207.8;30.0;;;;;;;;;;;;;;;;;;
 ;01:45:41;4.200;0.021;207.8;30.0;;;;;;;;;;;;;;;;;;
 ;01:45:42;4.200;0.021;207.8;30.0;;;;;;;;;;;;;;;;;;
 ;01:45:43;4.200;0.021;207.8;30.0;;;;;;;;;;;;;;;;;;
 ;01:45:44;4.200;0.021;207.8;30.0;;;;;;;;;;;;;;;;;;
 ;01:45:45;4.200;0.021;207.8;30.0;;;;;;;;;;;;;;;;;;
 ;01:45:46;4.200;0.021;207.8;30.0;;;;;;;;;;;;;;;;;;
 ;01:45:47;4.200;0.021;207.8;30.0;;;;;;;;;;;;;;;;;;
 ;01:45:48;4.200;0.021;207.8;30.0;;;;;;;;;;;;;;;;;;
 ;01:45:49;4.200;0.021;207.8;30.0;;;;;;;;;;;;;;;;;;
 ;01:45:50;4.200;0.021;207.9;30.0;;;;;;;;;;;;;;;;;;
 ;01:45:51;4.200;0.021;207.9;30.0;;;;;;;;;;;;;;;;;;
 ;01:45:52;4.200;0.021;207.9;30.0;;;;;;;;;;;;;;;;;;
 ;01:45:53;4.200;0.021;207.9;30.0;;;;;;;;;;;;;;;;;;
 ;01:45:54;4.200;0.021;207.9;30.0;;;;;;;;;;;;;;;;;;
 ;01:45:55;4.200;0.021;207.9;30.0;;;;;;;;;;;;;;;;;;
 ;01:45:56;4.200;0.021;207.9;30.0;;;;;;;;;;;;;;;;;;
 ;01:45:57;4.200;0.021;207.9;30.0;;;;;;;;;;;;;;;;;;
 ;01:45:58;4.200;0.021;207.9;30.0;;;;;;;;;;;;;;;;;;
 ;01:45:59;4.200;0.021;207.9;30.0;;;;;;;;;;;;;;;;;;
 ;01:46:00;4.200;0.019;207.9;30.0;;;;;;;;;;;;;;;;;;
 ;01:46:01;4.200;0.019;207.9;30.0;;;;;;;;;;;;;;;;;;
 ;01:46:02;4.200;0.019;207.9;30.0;;;;;;;;;;;;;;;;;;
 ;01:46:03;4.200;0.019;207.9;30.0;;;;;;;;;;;;;;;;;;
 ;01:46:04;4.200;0.019;207.9;30.0;;;;;;;;;;;;;;;;;;
 ;01:46:05;4.200;0.019;207.9;30.0;;;;;;;;;;;;;;;;;;
 ;01:46:06;4.200;0.019;207.9;30.0;;;;;;;;;;;;;;;;;;
 ;01:46:07;4.200;0.019;207.9;30.0;;;;;;;;;;;;;;;;;;
 ;01:46:08;4.200;0.019;208.0;30.0;;;;;;;;;;;;;;;;;;
 ;01:46:09;4.200;0.019;208.0;30.0;;;;;;;;;;;;;;;;;;
 ;01:46:10;4.200;0.019;208.0;30.0;;;;;;;;;;;;;;;;;;
 ;01:46:11;4.200;0.019;208.0;30.0;;;;;;;;;;;;;;;;;;
 ;01:46:12;4.200;0.019;208.0;30.0;;;;;;;;;;;;;;;;;;
 ;01:46:13;4.200;0.019;208.0;30.0;;;;;;;;;;;;;;;;;;
 ;01:46:14;4.200;0.019;208.0;30.0;;;;;;;;;;;;;;;;;;
 ;01:46:15;4.200;0.019;208.0;30.0;;;;;;;;;;;;;;;;;;
 ;01:46:16;4.200;0.019;208.0;30.0;;;;;;;;;;;;;;;;;;
 ;01:46:17;4.200;0.019;208.0;30.0;;;;;;;;;;;;;;;;;;
 ;01:46:18;4.200;0.019;208.0;30.0;;;;;;;;;;;;;;;;;;
 ;01:46:19;4.200;0.019;208.0;30.0;;;;;;;;;;;;;;;;;;
 ;01:46:20;4.200;0.019;208.0;30.0;;;;;;;;;;;;;;;;;;
 ;01:46:21;4.200;0.019;208.0;30.0;;;;;;;;;;;;;;;;;;
 ;01:46:22;4.200;0.019;208.0;30.0;;;;;;;;;;;;;;;;;;
 ;01:46:23;4.200;0.019;208.0;30.0;;;;;;;;;;;;;;;;;;
 ;01:46:24;4.200;0.019;208.0;30.0;;;;;;;;;;;;;;;;;;
 ;01:46:25;4.200;0.019;208.0;30.0;;;;;;;;;;;;;;;;;;
 ;01:46:26;4.200;0.019;208.0;30.0;;;;;;;;;;;;;;;;;;
 ;01:46:27;4.200;0.019;208.1;30.0;;;;;;;;;;;;;;;;;;
 ;01:46:28;4.200;0.019;208.1;30.0;;;;;;;;;;;;;;;;;;
 ;01:46:29;4.200;0.019;208.1;30.0;;;;;;;;;;;;;;;;;;
 ;01:46:30;4.200;0.019;208.1;30.0;;;;;;;;;;;;;;;;;;
 ;01:46:31;4.200;0.019;208.1;30.0;;;;;;;;;;;;;;;;;;
 ;01:46:32;4.200;0.019;208.1;30.0;;;;;;;;;;;;;;;;;;
 ;01:46:33;4.200;0.019;208.1;30.0;;;;;;;;;;;;;;;;;;
 ;01:46:34;4.200;0.019;208.1;30.0;;;;;;;;;;;;;;;;;;
 ;01:46:35;4.200;0.019;208.1;30.0;;;;;;;;;;;;;;;;;;
 ;01:46:36;4.200;0.019;208.1;30.0;;;;;;;;;;;;;;;;;;
 ;01:46:37;4.200;0.019;208.1;30.0;;;;;;;;;;;;;;;;;;
 ;01:46:38;4.200;0.019;208.1;30.0;;;;;;;;;;;;;;;;;;
 ;01:46:39;4.200;0.019;208.1;30.0;;;;;;;;;;;;;;;;;;
 ;01:46:40;4.200;0.019;208.1;30.0;;;;;;;;;;;;;;;;;;
 ;01:46:41;4.200;0.019;208.1;30.0;;;;;;;;;;;;;;;;;;
 ;01:46:42;4.200;0.019;208.1;30.0;;;;;;;;;;;;;;;;;;
 ;01:46:43;4.200;0.019;208.1;30.0;;;;;;;;;;;;;;;;;;
 ;01:46:44;4.200;0.019;208.1;30.0;;;;;;;;;;;;;;;;;;
 ;01:46:45;4.200;0.019;208.1;30.0;;;;;;;;;;;;;;;;;;
 ;01:46:46;4.200;0.019;208.2;30.0;;;;;;;;;;;;;;;;;;
 ;01:46:47;4.200;0.019;208.2;30.0;;;;;;;;;;;;;;;;;;
 ;01:46:48;4.200;0.019;208.2;30.0;;;;;;;;;;;;;;;;;;
 ;01:46:49;4.200;0.019;208.2;30.0;;;;;;;;;;;;;;;;;;
 ;01:46:50;4.200;0.019;208.2;30.0;;;;;;;;;;;;;;;;;;
 ;01:46:51;4.200;0.019;208.2;30.0;;;;;;;;;;;;;;;;;;
 ;01:46:52;4.200;0.019;208.2;30.0;;;;;;;;;;;;;;;;;;
 ;01:46:53;4.200;0.019;208.2;30.0;;;;;;;;;;;;;;;;;;
 ;01:46:54;4.200;0.019;208.2;30.0;;;;;;;;;;;;;;;;;;
 ;01:46:55;4.200;0.019;208.2;30.0;;;;;;;;;;;;;;;;;;
 ;01:46:56;4.200;0.019;208.2;30.0;;;;;;;;;;;;;;;;;;
 ;01:46:57;4.200;0.019;208.2;30.0;;;;;;;;;;;;;;;;;;
 ;01:46:58;4.200;0.019;208.2;30.0;;;;;;;;;;;;;;;;;;
 ;01:46:59;4.200;0.019;208.2;30.0;;;;;;;;;;;;;;;;;;
 ;01:47:00;4.200;0.019;208.2;30.0;;;;;;;;;;;;;;;;;;
 ;01:47:01;4.200;0.019;208.2;30.0;;;;;;;;;;;;;;;;;;
 ;01:47:02;4.200;0.019;208.2;30.0;;;;;;;;;;;;;;;;;;
 ;01:47:03;4.200;0.019;208.2;30.0;;;;;;;;;;;;;;;;;;
 ;01:47:04;4.200;0.019;208.2;30.0;;;;;;;;;;;;;;;;;;
 ;01:47:05;4.200;0.019;208.3;30.0;;;;;;;;;;;;;;;;;;
 ;01:47:06;4.200;0.019;208.3;30.0;;;;;;;;;;;;;;;;;;
 ;01:47:07;4.200;0.019;208.3;30.0;;;;;;;;;;;;;;;;;;
 ;01:47:08;4.200;0.019;208.3;30.0;;;;;;;;;;;;;;;;;;
 ;01:47:09;4.200;0.019;208.3;30.0;;;;;;;;;;;;;;;;;;
 ;01:47:10;4.200;0.019;208.3;30.0;;;;;;;;;;;;;;;;;;
 ;01:47:11;4.200;0.019;208.3;30.0;;;;;;;;;;;;;;;;;;
 ;01:47:12;4.200;0.019;208.3;30.0;;;;;;;;;;;;;;;;;;
 ;01:47:13;4.200;0.019;208.3;30.0;;;;;;;;;;;;;;;;;;
 ;01:47:14;4.200;0.019;208.3;30.0;;;;;;;;;;;;;;;;;;
 ;01:47:15;4.200;0.019;208.3;30.0;;;;;;;;;;;;;;;;;;
 ;01:47:16;4.200;0.019;208.3;30.0;;;;;;;;;;;;;;;;;;
 ;01:47:17;4.200;0.019;208.3;30.0;;;;;;;;;;;;;;;;;;
 ;01:47:18;4.200;0.019;208.3;30.0;;;;;;;;;;;;;;;;;;
 ;01:47:19;4.200;0.019;208.3;30.0;;;;;;;;;;;;;;;;;;
 ;01:47:20;4.200;0.019;208.3;30.0;;;;;;;;;;;;;;;;;;
 ;01:47:21;4.200;0.019;208.3;30.0;;;;;;;;;;;;;;;;;;
 ;01:47:22;4.200;0.019;208.3;30.0;;;;;;;;;;;;;;;;;;
 ;01:47:23;4.200;0.019;208.3;30.0;;;;;;;;;;;;;;;;;;
 ;01:47:24;4.200;0.019;208.4;30.0;;;;;;;;;;;;;;;;;;
 ;01:47:25;4.200;0.019;208.4;30.0;;;;;;;;;;;;;;;;;;
 ;01:47:26;4.200;0.019;208.4;30.0;;;;;;;;;;;;;;;;;;
 ;01:47:27;4.200;0.019;208.4;30.0;;;;;;;;;;;;;;;;;;
 ;01:47:28;4.200;0.019;208.4;30.0;;;;;;;;;;;;;;;;;;
 ;01:47:29;4.200;0.019;208.4;30.0;;;;;;;;;;;;;;;;;;
 ;01:47:30;4.200;0.019;208.4;30.0;;;;;;;;;;;;;;;;;;
 ;01:47:31;4.200;0.019;208.4;30.0;;;;;;;;;;;;;;;;;;
 ;01:47:32;4.200;0.019;208.4;30.0;;;;;;;;;;;;;;;;;;
 ;01:47:33;4.200;0.019;208.4;30.0;;;;;;;;;;;;;;;;;;
 ;01:47:34;4.200;0.019;208.4;30.0;;;;;;;;;;;;;;;;;;
 ;01:47:35;4.200;0.019;208.4;30.0;;;;;;;;;;;;;;;;;;
 ;01:47:36;4.200;0.019;208.4;30.0;;;;;;;;;;;;;;;;;;
 ;01:47:37;4.200;0.019;208.4;30.0;;;;;;;;;;;;;;;;;;
 ;01:47:38;4.200;0.019;208.4;30.0;;;;;;;;;;;;;;;;;;
 ;01:47:39;4.200;0.019;208.4;30.0;;;;;;;;;;;;;;;;;;
 ;01:47:40;4.200;0.019;208.4;30.0;;;;;;;;;;;;;;;;;;
 ;01:47:41;4.200;0.019;208.4;30.0;;;;;;;;;;;;;;;;;;
 ;01:47:42;4.200;0.019;208.4;30.0;;;;;;;;;;;;;;;;;;
 ;01:47:43;4.200;0.019;208.5;30.0;;;;;;;;;;;;;;;;;;
 ;01:47:44;4.200;0.019;208.5;30.0;;;;;;;;;;;;;;;;;;
 ;01:47:45;4.200;0.019;208.5;30.0;;;;;;;;;;;;;;;;;;
 ;01:47:46;4.200;0.019;208.5;30.0;;;;;;;;;;;;;;;;;;
 ;01:47:47;4.200;0.019;208.5;30.0;;;;;;;;;;;;;;;;;;
 ;01:47:48;4.200;0.019;208.5;30.0;;;;;;;;;;;;;;;;;;
 ;01:47:49;4.200;0.019;208.5;30.0;;;;;;;;;;;;;;;;;;
 ;01:47:50;4.200;0.019;208.5;30.0;;;;;;;;;;;;;;;;;;
 ;01:47:51;4.200;0.019;208.5;30.0;;;;;;;;;;;;;;;;;;
 ;01:47:52;4.200;0.019;208.5;30.0;;;;;;;;;;;;;;;;;;
 ;01:47:53;4.200;0.019;208.5;30.0;;;;;;;;;;;;;;;;;;
 ;01:47:54;4.200;0.019;208.5;30.0;;;;;;;;;;;;;;;;;;
 ;01:47:55;4.200;0.019;208.5;30.0;;;;;;;;;;;;;;;;;;
 ;01:47:56;4.200;0.019;208.5;30.0;;;;;;;;;;;;;;;;;;
 ;01:47:57;4.200;0.019;208.5;30.0;;;;;;;;;;;;;;;;;;
 ;01:47:58;4.200;0.019;208.5;30.0;;;;;;;;;;;;;;;;;;
 ;01:47:59;4.200;0.019;208.5;30.0;;;;;;;;;;;;;;;;;;
 ;01:48:00;4.200;0.019;208.5;30.0;;;;;;;;;;;;;;;;;;
 ;01:48:01;4.200;0.019;208.5;30.0;;;;;;;;;;;;;;;;;;
 ;01:48:02;4.200;0.019;208.6;30.0;;;;;;;;;;;;;;;;;;
 ;01:48:03;4.200;0.019;208.6;30.0;;;;;;;;;;;;;;;;;;
 ;01:48:04;4.200;0.019;208.6;30.0;;;;;;;;;;;;;;;;;;
 ;01:48:05;4.200;0.019;208.6;30.0;;;;;;;;;;;;;;;;;;
 ;01:48:06;4.200;0.019;208.6;30.0;;;;;;;;;;;;;;;;;;
 ;01:48:07;4.200;0.019;208.6;30.0;;;;;;;;;;;;;;;;;;
 ;01:48:08;4.200;0.019;208.6;30.0;;;;;;;;;;;;;;;;;;
 ;01:48:09;4.200;0.019;208.6;30.0;;;;;;;;;;;;;;;;;;
 ;01:48:10;4.200;0.019;208.6;30.0;;;;;;;;;;;;;;;;;;
 ;01:48:11;4.200;0.019;208.6;30.0;;;;;;;;;;;;;;;;;;
 ;01:48:12;4.200;0.019;208.6;30.0;;;;;;;;;;;;;;;;;;
 ;01:48:13;4.200;0.019;208.6;30.0;;;;;;;;;;;;;;;;;;
 ;01:48:14;4.200;0.019;208.6;30.0;;;;;;;;;;;;;;;;;;
 ;01:48:15;4.200;0.019;208.6;30.0;;;;;;;;;;;;;;;;;;
 ;01:48:16;4.200;0.019;208.6;30.0;;;;;;;;;;;;;;;;;;
 ;01:48:17;4.200;0.019;208.6;30.0;;;;;;;;;;;;;;;;;;
 ;01:48:18;4.200;0.019;208.6;30.0;;;;;;;;;;;;;;;;;;
 ;01:48:19;4.200;0.019;208.6;30.0;;;;;;;;;;;;;;;;;;
 ;01:48:20;4.200;0.019;208.6;30.0;;;;;;;;;;;;;;;;;;
 ;01:48:21;4.200;0.019;208.7;30.0;;;;;;;;;;;;;;;;;;
 ;01:48:22;4.200;0.019;208.7;30.0;;;;;;;;;;;;;;;;;;
 ;01:48:23;4.200;0.019;208.7;30.0;;;;;;;;;;;;;;;;;;
 ;01:48:24;4.200;0.019;208.7;30.0;;;;;;;;;;;;;;;;;;
 ;01:48:25;4.200;0.019;208.7;30.0;;;;;;;;;;;;;;;;;;
 ;01:48:26;4.200;0.019;208.7;30.0;;;;;;;;;;;;;;;;;;
 ;01:48:27;4.200;0.019;208.7;30.0;;;;;;;;;;;;;;;;;;
 ;01:48:28;4.200;0.019;208.7;30.0;;;;;;;;;;;;;;;;;;
 ;01:48:29;4.200;0.019;208.7;30.0;;;;;;;;;;;;;;;;;;
 ;01:48:30;4.200;0.019;208.7;30.0;;;;;;;;;;;;;;;;;;
 ;01:48:31;4.200;0.019;208.7;30.0;;;;;;;;;;;;;;;;;;
 ;01:48:32;4.200;0.019;208.7;30.0;;;;;;;;;;;;;;;;;;
 ;01:48:33;4.200;0.019;208.7;30.0;;;;;;;;;;;;;;;;;;
 ;01:48:34;4.200;0.019;208.7;30.0;;;;;;;;;;;;;;;;;;
 ;01:48:35;4.200;0.019;208.7;30.0;;;;;;;;;;;;;;;;;;
 ;01:48:36;4.200;0.019;208.7;30.0;;;;;;;;;;;;;;;;;;
 ;01:48:37;4.200;0.019;208.7;30.0;;;;;;;;;;;;;;;;;;
 ;01:48:38;4.200;0.019;208.7;30.0;;;;;;;;;;;;;;;;;;
 ;01:48:39;4.200;0.019;208.7;30.0;;;;;;;;;;;;;;;;;;
 ;01:48:40;4.200;0.019;208.8;30.0;;;;;;;;;;;;;;;;;;
 ;01:48:41;4.200;0.019;208.8;30.0;;;;;;;;;;;;;;;;;;
 ;01:48:42;4.200;0.019;208.8;30.0;;;;;;;;;;;;;;;;;;
 ;01:48:43;4.200;0.019;208.8;30.0;;;;;;;;;;;;;;;;;;
 ;01:48:44;4.200;0.019;208.8;30.0;;;;;;;;;;;;;;;;;;
 ;01:48:45;4.200;0.019;208.8;30.0;;;;;;;;;;;;;;;;;;
 ;01:48:46;4.200;0.019;208.8;30.0;;;;;;;;;;;;;;;;;;
 ;01:48:47;4.200;0.019;208.8;30.0;;;;;;;;;;;;;;;;;;
 ;01:48:48;4.200;0.019;208.8;30.0;;;;;;;;;;;;;;;;;;
 ;01:48:49;4.200;0.019;208.8;30.0;;;;;;;;;;;;;;;;;;
 ;01:48:50;4.200;0.019;208.8;30.0;;;;;;;;;;;;;;;;;;
 ;01:48:51;4.200;0.019;208.8;30.0;;;;;;;;;;;;;;;;;;
 ;01:48:52;4.200;0.019;208.8;30.0;;;;;;;;;;;;;;;;;;
 ;01:48:53;4.200;0.019;208.8;30.0;;;;;;;;;;;;;;;;;;
 ;01:48:54;4.200;0.019;208.8;30.0;;;;;;;;;;;;;;;;;;
 ;01:48:55;4.200;0.019;208.8;30.0;;;;;;;;;;;;;;;;;;
 ;01:48:56;4.200;0.019;208.8;30.0;;;;;;;;;;;;;;;;;;
 ;01:48:57;4.200;0.019;208.8;30.0;;;;;;;;;;;;;;;;;;
 ;01:48:58;4.200;0.019;208.8;30.0;;;;;;;;;;;;;;;;;;
 ;01:48:59;4.200;0.019;208.9;30.0;;;;;;;;;;;;;;;;;;
 ;01:49:00;4.200;0.019;208.9;30.0;;;;;;;;;;;;;;;;;;
 ;01:49:01;4.200;0.019;208.9;30.0;;;;;;;;;;;;;;;;;;
 ;01:49:02;4.200;0.019;208.9;30.0;;;;;;;;;;;;;;;;;;
 ;01:49:03;4.200;0.019;208.9;30.0;;;;;;;;;;;;;;;;;;
 ;01:49:04;4.200;0.019;208.9;30.0;;;;;;;;;;;;;;;;;;
 ;01:49:05;4.200;0.019;208.9;30.0;;;;;;;;;;;;;;;;;;
 ;01:49:06;4.200;0.019;208.9;30.0;;;;;;;;;;;;;;;;;;
 ;01:49:07;4.200;0.019;208.9;30.0;;;;;;;;;;;;;;;;;;
 ;01:49:08;4.200;0.019;208.9;30.0;;;;;;;;;;;;;;;;;;
 ;01:49:09;4.200;0.019;208.9;30.0;;;;;;;;;;;;;;;;;;
 ;01:49:10;4.200;0.019;208.9;30.0;;;;;;;;;;;;;;;;;;
 ;01:49:11;4.200;0.019;208.9;30.0;;;;;;;;;;;;;;;;;;
 ;01:49:12;4.200;0.019;208.9;30.0;;;;;;;;;;;;;;;;;;
 ;01:49:13;4.200;0.019;208.9;30.0;;;;;;;;;;;;;;;;;;
 ;01:49:14;4.200;0.019;208.9;30.0;;;;;;;;;;;;;;;;;;
 ;01:49:15;4.200;0.019;208.9;30.0;;;;;;;;;;;;;;;;;;
 ;01:49:16;4.200;0.019;208.9;30.0;;;;;;;;;;;;;;;;;;
 ;01:49:17;4.200;0.019;208.9;30.0;;;;;;;;;;;;;;;;;;
 ;01:49:18;4.200;0.019;209.0;30.0;;;;;;;;;;;;;;;;;;
 ;01:49:19;4.200;0.019;209.0;30.0;;;;;;;;;;;;;;;;;;
 ;01:49:20;4.200;0.019;209.0;30.0;;;;;;;;;;;;;;;;;;
 ;01:49:21;4.200;0.019;209.0;30.0;;;;;;;;;;;;;;;;;;
 ;01:49:22;4.200;0.019;209.0;30.0;;;;;;;;;;;;;;;;;;
 ;01:49:23;4.200;0.019;209.0;30.0;;;;;;;;;;;;;;;;;;
 ;01:49:24;4.200;0.019;209.0;30.0;;;;;;;;;;;;;;;;;;
 ;01:49:25;4.200;0.019;209.0;30.0;;;;;;;;;;;;;;;;;;
 ;01:49:26;4.200;0.019;209.0;30.0;;;;;;;;;;;;;;;;;;
 ;01:49:27;4.200;0.019;209.0;30.0;;;;;;;;;;;;;;;;;;
 ;01:49:28;4.200;0.019;209.0;30.0;;;;;;;;;;;;;;;;;;
 ;01:49:29;4.200;0.019;209.0;30.0;;;;;;;;;;;;;;;;;;
 ;01:49:30;4.200;0.019;209.0;30.0;;;;;;;;;;;;;;;;;;
 ;01:49:31;4.200;0.019;209.0;30.0;;;;;;;;;;;;;;;;;;
 ;01:49:32;4.200;0.019;209.0;30.0;;;;;;;;;;;;;;;;;;
 ;01:49:33;4.200;0.019;209.0;30.0;;;;;;;;;;;;;;;;;;
 ;01:49:34;4.200;0.019;209.0;30.0;;;;;;;;;;;;;;;;;;
 ;01:49:35;4.200;0.019;209.0;30.0;;;;;;;;;;;;;;;;;;
 ;01:49:36;4.200;0.019;209.0;30.0;;;;;;;;;;;;;;;;;;
 ;01:49:37;4.200;0.019;209.1;30.0;;;;;;;;;;;;;;;;;;
 ;01:49:38;4.200;0.019;209.1;30.0;;;;;;;;;;;;;;;;;;
 ;01:49:39;4.200;0.019;209.1;30.0;;;;;;;;;;;;;;;;;;
 ;01:49:40;4.200;0.019;209.1;30.0;;;;;;;;;;;;;;;;;;
 ;01:49:41;4.200;0.019;209.1;30.0;;;;;;;;;;;;;;;;;;
 ;01:49:42;4.200;0.019;209.1;30.0;;;;;;;;;;;;;;;;;;
 ;01:49:43;4.200;0.019;209.1;30.0;;;;;;;;;;;;;;;;;;
 ;01:49:44;4.200;0.019;209.1;30.0;;;;;;;;;;;;;;;;;;
 ;01:49:45;4.200;0.019;209.1;30.0;;;;;;;;;;;;;;;;;;
 ;01:49:46;4.200;0.019;209.1;30.0;;;;;;;;;;;;;;;;;;
 ;01:49:47;4.200;0.019;209.1;30.0;;;;;;;;;;;;;;;;;;
 ;01:49:48;4.200;0.019;209.1;30.0;;;;;;;;;;;;;;;;;;
 ;01:49:49;4.200;0.019;209.1;30.0;;;;;;;;;;;;;;;;;;
 ;01:49:50;4.200;0.019;209.1;30.0;;;;;;;;;;;;;;;;;;
 ;01:49:51;4.200;0.019;209.1;30.0;;;;;;;;;;;;;;;;;;
 ;01:49:52;4.200;0.019;209.1;30.0;;;;;;;;;;;;;;;;;;
 ;01:49:53;4.200;0.019;209.1;30.0;;;;;;;;;;;;;;;;;;
 ;01:49:54;4.200;0.019;209.1;30.0;;;;;;;;;;;;;;;;;;
 ;01:49:55;4.200;0.019;209.1;30.0;;;;;;;;;;;;;;;;;;
 ;01:49:56;4.200;0.019;209.2;30.0;;;;;;;;;;;;;;;;;;
 ;01:49:57;4.200;0.019;209.2;30.0;;;;;;;;;;;;;;;;;;
 ;01:49:58;4.200;0.019;209.2;30.0;;;;;;;;;;;;;;;;;;
 ;01:49:59;4.200;0.019;209.2;30.0;;;;;;;;;;;;;;;;;;
 ;01:50:00;4.200;0.019;209.2;30.0;;;;;;;;;;;;;;;;;;
 ;01:50:01;4.200;0.019;209.2;30.0;;;;;;;;;;;;;;;;;;
 ;01:50:02;4.200;0.019;209.2;30.0;;;;;;;;;;;;;;;;;;
 ;01:50:03;4.200;0.019;209.2;30.0;;;;;;;;;;;;;;;;;;
 ;01:50:04;4.200;0.019;209.2;30.0;;;;;;;;;;;;;;;;;;
 ;01:50:05;4.200;0.019;209.2;30.0;;;;;;;;;;;;;;;;;;
 ;01:50:06;4.200;0.019;209.2;30.0;;;;;;;;;;;;;;;;;;
 ;01:50:07;4.200;0.019;209.2;30.0;;;;;;;;;;;;;;;;;;
 ;01:50:08;4.200;0.019;209.2;30.0;;;;;;;;;;;;;;;;;;
 ;01:50:09;4.200;0.019;209.2;30.0;;;;;;;;;;;;;;;;;;
 ;01:50:10;4.200;0.019;209.2;30.0;;;;;;;;;;;;;;;;;;
 ;01:50:11;4.200;0.019;209.2;30.0;;;;;;;;;;;;;;;;;;
 ;01:50:12;4.200;0.019;209.2;30.0;;;;;;;;;;;;;;;;;;
 ;01:50:13;4.200;0.019;209.2;30.0;;;;;;;;;;;;;;;;;;
 ;01:50:14;4.200;0.019;209.2;30.0;;;;;;;;;;;;;;;;;;
 ;01:50:15;4.200;0.019;209.3;30.0;;;;;;;;;;;;;;;;;;
 ;01:50:16;4.200;0.019;209.3;30.0;;;;;;;;;;;;;;;;;;
 ;01:50:17;4.200;0.019;209.3;30.0;;;;;;;;;;;;;;;;;;
 ;01:50:18;4.200;0.019;209.3;30.0;;;;;;;;;;;;;;;;;;
 ;01:50:19;4.200;0.019;209.3;30.0;;;;;;;;;;;;;;;;;;
 ;01:50:20;4.200;0.019;209.3;30.0;;;;;;;;;;;;;;;;;;
 ;01:50:21;4.200;0.019;209.3;30.0;;;;;;;;;;;;;;;;;;
 ;01:50:22;4.200;0.019;209.3;30.0;;;;;;;;;;;;;;;;;;
 ;01:50:23;4.200;0.019;209.3;30.0;;;;;;;;;;;;;;;;;;
 ;01:50:24;4.200;0.019;209.3;30.0;;;;;;;;;;;;;;;;;;
 ;01:50:25;4.200;0.019;209.3;30.0;;;;;;;;;;;;;;;;;;
 ;01:50:26;4.200;0.019;209.3;30.0;;;;;;;;;;;;;;;;;;
 ;01:50:27;4.200;0.019;209.3;30.0;;;;;;;;;;;;;;;;;;
 ;01:50:28;4.200;0.019;209.3;30.0;;;;;;;;;;;;;;;;;;
 ;01:50:29;4.200;0.019;209.3;30.0;;;;;;;;;;;;;;;;;;
 ;01:50:30;4.200;0.019;209.3;30.0;;;;;;;;;;;;;;;;;;
 ;01:50:31;4.200;0.019;209.3;30.0;;;;;;;;;;;;;;;;;;
 ;01:50:32;4.200;0.019;209.3;30.0;;;;;;;;;;;;;;;;;;
 ;01:50:33;4.200;0.019;209.3;30.0;;;;;;;;;;;;;;;;;;
 ;01:50:34;4.200;0.018;209.4;30.0;;;;;;;;;;;;;;;;;;
 ;01:50:35;4.200;0.018;209.4;30.0;;;;;;;;;;;;;;;;;;
 ;01:50:36;4.200;0.018;209.4;30.0;;;;;;;;;;;;;;;;;;
 ;01:50:37;4.200;0.018;209.4;30.0;;;;;;;;;;;;;;;;;;
 ;01:50:38;4.200;0.018;209.4;30.0;;;;;;;;;;;;;;;;;;
 ;01:50:39;4.200;0.018;209.4;30.0;;;;;;;;;;;;;;;;;;
 ;01:50:40;4.200;0.018;209.4;30.0;;;;;;;;;;;;;;;;;;
 ;01:50:41;4.200;0.018;209.4;30.0;;;;;;;;;;;;;;;;;;
 ;01:50:42;4.200;0.018;209.4;30.0;;;;;;;;;;;;;;;;;;
 ;01:50:43;4.200;0.018;209.4;30.0;;;;;;;;;;;;;;;;;;
 ;01:50:44;4.200;0.018;209.4;30.0;;;;;;;;;;;;;;;;;;
 ;01:50:45;4.200;0.018;209.4;30.0;;;;;;;;;;;;;;;;;;
 ;01:50:46;4.200;0.018;209.4;30.0;;;;;;;;;;;;;;;;;;
 ;01:50:47;4.200;0.018;209.4;30.0;;;;;;;;;;;;;;;;;;
 ;01:50:48;4.200;0.018;209.4;30.0;;;;;;;;;;;;;;;;;;
 ;01:50:49;4.200;0.018;209.4;30.0;;;;;;;;;;;;;;;;;;
 ;01:50:50;4.200;0.018;209.4;30.0;;;;;;;;;;;;;;;;;;
 ;01:50:51;4.200;0.018;209.4;30.0;;;;;;;;;;;;;;;;;;
 ;01:50:52;4.200;0.018;209.4;30.0;;;;;;;;;;;;;;;;;;
 ;01:50:53;4.200;0.018;209.4;30.0;;;;;;;;;;;;;;;;;;
 ;01:50:54;4.200;0.018;209.5;30.0;;;;;;;;;;;;;;;;;;
 ;01:50:55;4.200;0.018;209.5;30.0;;;;;;;;;;;;;;;;;;
 ;01:50:56;4.200;0.018;209.5;30.0;;;;;;;;;;;;;;;;;;
 ;01:50:57;4.200;0.018;209.5;30.0;;;;;;;;;;;;;;;;;;
 ;01:50:58;4.200;0.018;209.5;30.0;;;;;;;;;;;;;;;;;;
 ;01:50:59;4.200;0.018;209.5;30.0;;;;;;;;;;;;;;;;;;
 ;01:51:00;4.200;0.018;209.5;30.0;;;;;;;;;;;;;;;;;;
 ;01:51:01;4.200;0.018;209.5;30.0;;;;;;;;;;;;;;;;;;
 ;01:51:02;4.200;0.018;209.5;30.0;;;;;;;;;;;;;;;;;;
 ;01:51:03;4.200;0.018;209.5;30.0;;;;;;;;;;;;;;;;;;
 ;01:51:04;4.200;0.018;209.5;30.0;;;;;;;;;;;;;;;;;;
 ;01:51:05;4.200;0.018;209.5;30.0;;;;;;;;;;;;;;;;;;
 ;01:51:06;4.200;0.018;209.5;30.0;;;;;;;;;;;;;;;;;;
 ;01:51:07;4.200;0.018;209.5;30.0;;;;;;;;;;;;;;;;;;
 ;01:51:08;4.200;0.018;209.5;30.0;;;;;;;;;;;;;;;;;;
 ;01:51:09;4.200;0.018;209.5;30.0;;;;;;;;;;;;;;;;;;
 ;01:51:10;4.200;0.018;209.5;30.0;;;;;;;;;;;;;;;;;;
 ;01:51:11;4.200;0.018;209.5;30.0;;;;;;;;;;;;;;;;;;
 ;01:51:12;4.200;0.018;209.5;30.0;;;;;;;;;;;;;;;;;;
 ;01:51:13;4.200;0.018;209.5;30.0;;;;;;;;;;;;;;;;;;
 ;01:51:14;4.200;0.018;209.6;30.0;;;;;;;;;;;;;;;;;;
 ;01:51:15;4.200;0.018;209.6;30.0;;;;;;;;;;;;;;;;;;
 ;01:51:16;4.200;0.018;209.6;30.0;;;;;;;;;;;;;;;;;;
 ;01:51:17;4.200;0.018;209.6;30.0;;;;;;;;;;;;;;;;;;
 ;01:51:18;4.200;0.018;209.6;30.0;;;;;;;;;;;;;;;;;;
 ;01:51:19;4.200;0.018;209.6;30.0;;;;;;;;;;;;;;;;;;
 ;01:51:20;4.200;0.018;209.6;30.0;;;;;;;;;;;;;;;;;;
 ;01:51:21;4.200;0.018;209.6;30.0;;;;;;;;;;;;;;;;;;
 ;01:51:22;4.200;0.018;209.6;30.0;;;;;;;;;;;;;;;;;;
 ;01:51:23;4.200;0.018;209.6;30.0;;;;;;;;;;;;;;;;;;
 ;01:51:24;4.200;0.018;209.6;30.0;;;;;;;;;;;;;;;;;;
 ;01:51:25;4.200;0.018;209.6;30.0;;;;;;;;;;;;;;;;;;
 ;01:51:26;4.200;0.018;209.6;30.0;;;;;;;;;;;;;;;;;;
 ;01:51:27;4.200;0.018;209.6;30.0;;;;;;;;;;;;;;;;;;
 ;01:51:28;4.200;0.018;209.6;30.0;;;;;;;;;;;;;;;;;;
 ;01:51:29;4.200;0.018;209.6;30.0;;;;;;;;;;;;;;;;;;
 ;01:51:30;4.200;0.018;209.6;30.0;;;;;;;;;;;;;;;;;;
 ;01:51:31;4.200;0.018;209.6;30.0;;;;;;;;;;;;;;;;;;
 ;01:51:32;4.200;0.018;209.6;30.0;;;;;;;;;;;;;;;;;;
 ;01:51:33;4.200;0.018;209.6;30.0;;;;;;;;;;;;;;;;;;
 ;01:51:34;4.200;0.018;209.7;30.0;;;;;;;;;;;;;;;;;;
 ;01:51:35;4.200;0.018;209.7;30.0;;;;;;;;;;;;;;;;;;
 ;01:51:36;4.200;0.018;209.7;30.0;;;;;;;;;;;;;;;;;;
 ;01:51:37;4.200;0.018;209.7;30.0;;;;;;;;;;;;;;;;;;
 ;01:51:38;4.200;0.018;209.7;30.0;;;;;;;;;;;;;;;;;;
 ;01:51:39;4.200;0.018;209.7;30.0;;;;;;;;;;;;;;;;;;
 ;01:51:40;4.200;0.018;209.7;30.0;;;;;;;;;;;;;;;;;;
 ;01:51:41;4.200;0.018;209.7;30.0;;;;;;;;;;;;;;;;;;
 ;01:51:42;4.200;0.018;209.7;30.0;;;;;;;;;;;;;;;;;;
 ;01:51:43;4.200;0.018;209.7;30.0;;;;;;;;;;;;;;;;;;
 ;01:51:44;4.200;0.018;209.7;30.0;;;;;;;;;;;;;;;;;;
 ;01:51:45;4.200;0.018;209.7;30.0;;;;;;;;;;;;;;;;;;
 ;01:51:46;4.200;0.018;209.7;30.0;;;;;;;;;;;;;;;;;;
 ;01:51:47;4.200;0.018;209.7;30.0;;;;;;;;;;;;;;;;;;
 ;01:51:48;4.200;0.018;209.7;30.0;;;;;;;;;;;;;;;;;;
 ;01:51:49;4.200;0.018;209.7;30.0;;;;;;;;;;;;;;;;;;
 ;01:51:50;4.200;0.018;209.7;30.0;;;;;;;;;;;;;;;;;;
 ;01:51:51;4.200;0.018;209.7;30.0;;;;;;;;;;;;;;;;;;
 ;01:51:52;4.200;0.018;209.7;30.0;;;;;;;;;;;;;;;;;;
 ;01:51:53;4.200;0.018;209.7;30.0;;;;;;;;;;;;;;;;;;
 ;01:51:54;4.200;0.018;209.8;30.0;;;;;;;;;;;;;;;;;;
 ;01:51:55;4.200;0.018;209.8;30.0;;;;;;;;;;;;;;;;;;
 ;01:51:56;4.200;0.018;209.8;30.0;;;;;;;;;;;;;;;;;;
 ;01:51:57;4.200;0.018;209.8;30.0;;;;;;;;;;;;;;;;;;
 ;01:51:58;4.200;0.018;209.8;30.0;;;;;;;;;;;;;;;;;;
 ;01:51:59;4.200;0.018;209.8;30.0;;;;;;;;;;;;;;;;;;
 ;01:52:00;4.200;0.018;209.8;30.0;;;;;;;;;;;;;;;;;;
 ;01:52:01;4.200;0.018;209.8;30.0;;;;;;;;;;;;;;;;;;
 ;01:52:02;4.200;0.018;209.8;30.0;;;;;;;;;;;;;;;;;;
 ;01:52:03;4.200;0.018;209.8;30.0;;;;;;;;;;;;;;;;;;
 ;01:52:04;4.200;0.018;209.8;30.0;;;;;;;;;;;;;;;;;;
 ;01:52:05;4.200;0.018;209.8;30.0;;;;;;;;;;;;;;;;;;
 ;01:52:06;4.200;0.018;209.8;30.0;;;;;;;;;;;;;;;;;;
 ;01:52:07;4.200;0.018;209.8;30.0;;;;;;;;;;;;;;;;;;
 ;01:52:08;4.200;0.018;209.8;30.0;;;;;;;;;;;;;;;;;;
 ;01:52:09;4.200;0.018;209.8;30.0;;;;;;;;;;;;;;;;;;
 ;01:52:10;4.200;0.018;209.8;30.0;;;;;;;;;;;;;;;;;;
 ;01:52:11;4.200;0.018;209.8;30.0;;;;;;;;;;;;;;;;;;
 ;01:52:12;4.200;0.018;209.8;30.0;;;;;;;;;;;;;;;;;;
 ;01:52:13;4.200;0.018;209.8;30.0;;;;;;;;;;;;;;;;;;
 ;01:52:14;4.200;0.018;209.9;30.0;;;;;;;;;;;;;;;;;;
 ;01:52:15;4.200;0.018;209.9;30.0;;;;;;;;;;;;;;;;;;
 ;01:52:16;4.200;0.018;209.9;30.0;;;;;;;;;;;;;;;;;;
 ;01:52:17;4.200;0.018;209.9;30.0;;;;;;;;;;;;;;;;;;
 ;01:52:18;4.200;0.018;209.9;30.0;;;;;;;;;;;;;;;;;;
 ;01:52:19;4.200;0.018;209.9;30.0;;;;;;;;;;;;;;;;;;
 ;01:52:20;4.200;0.018;209.9;30.0;;;;;;;;;;;;;;;;;;
 ;01:52:21;4.200;0.018;209.9;30.0;;;;;;;;;;;;;;;;;;
 ;01:52:22;4.200;0.018;209.9;30.0;;;;;;;;;;;;;;;;;;
 ;01:52:23;4.200;0.018;209.9;30.0;;;;;;;;;;;;;;;;;;
 ;01:52:24;4.200;0.018;209.9;30.0;;;;;;;;;;;;;;;;;;
 ;01:52:25;4.200;0.018;209.9;30.0;;;;;;;;;;;;;;;;;;
 ;01:52:26;4.200;0.018;209.9;30.0;;;;;;;;;;;;;;;;;;
 ;01:52:27;4.200;0.018;209.9;30.0;;;;;;;;;;;;;;;;;;
 ;01:52:28;4.200;0.018;209.9;30.0;;;;;;;;;;;;;;;;;;
 ;01:52:29;4.200;0.018;209.9;30.0;;;;;;;;;;;;;;;;;;
 ;01:52:30;4.200;0.018;209.9;30.0;;;;;;;;;;;;;;;;;;
 ;01:52:31;4.200;0.018;209.9;30.0;;;;;;;;;;;;;;;;;;
 ;01:52:32;4.200;0.018;209.9;30.0;;;;;;;;;;;;;;;;;;
 ;01:52:33;4.200;0.018;209.9;30.0;;;;;;;;;;;;;;;;;;
 ;01:52:34;4.200;0.018;210.0;30.0;;;;;;;;;;;;;;;;;;
 ;01:52:35;4.200;0.018;210.0;30.0;;;;;;;;;;;;;;;;;;
 ;01:52:36;4.200;0.018;210.0;30.0;;;;;;;;;;;;;;;;;;
 ;01:52:37;4.200;0.018;210.0;30.0;;;;;;;;;;;;;;;;;;
 ;01:52:38;4.200;0.018;210.0;30.0;;;;;;;;;;;;;;;;;;
 ;01:52:39;4.200;0.018;210.0;30.0;;;;;;;;;;;;;;;;;;
 ;01:52:40;4.200;0.018;210.0;30.0;;;;;;;;;;;;;;;;;;
 ;01:52:41;4.200;0.018;210.0;30.0;;;;;;;;;;;;;;;;;;
 ;01:52:42;4.200;0.018;210.0;30.0;;;;;;;;;;;;;;;;;;
 ;01:52:43;4.200;0.018;210.0;30.0;;;;;;;;;;;;;;;;;;
 ;01:52:44;4.200;0.018;210.0;30.0;;;;;;;;;;;;;;;;;;
 ;01:52:45;4.200;0.018;210.0;30.0;;;;;;;;;;;;;;;;;;
 ;01:52:46;4.200;0.018;210.0;30.0;;;;;;;;;;;;;;;;;;
 ;01:52:47;4.200;0.018;210.0;30.0;;;;;;;;;;;;;;;;;;
 ;01:52:48;4.200;0.018;210.0;30.0;;;;;;;;;;;;;;;;;;
 ;01:52:49;4.200;0.018;210.0;30.0;;;;;;;;;;;;;;;;;;
 ;01:52:50;4.200;0.018;210.0;30.0;;;;;;;;;;;;;;;;;;
 ;01:52:51;4.200;0.018;210.0;30.0;;;;;;;;;;;;;;;;;;
 ;01:52:52;4.200;0.018;210.0;30.0;;;;;;;;;;;;;;;;;;
 ;01:52:53;4.200;0.018;210.0;30.0;;;;;;;;;;;;;;;;;;
 ;01:52:54;4.200;0.018;210.1;30.0;;;;;;;;;;;;;;;;;;
 ;01:52:55;4.200;0.018;210.1;30.0;;;;;;;;;;;;;;;;;;
 ;01:52:56;4.200;0.018;210.1;30.0;;;;;;;;;;;;;;;;;;
 ;01:52:57;4.200;0.018;210.1;30.0;;;;;;;;;;;;;;;;;;
 ;01:52:58;4.200;0.018;210.1;30.0;;;;;;;;;;;;;;;;;;
 ;01:52:59;4.200;0.018;210.1;30.0;;;;;;;;;;;;;;;;;;
 ;01:53:00;4.200;0.018;210.1;30.0;;;;;;;;;;;;;;;;;;
 ;01:53:01;4.200;0.018;210.1;30.0;;;;;;;;;;;;;;;;;;
 ;01:53:02;4.200;0.018;210.1;30.0;;;;;;;;;;;;;;;;;;
 ;01:53:03;4.200;0.018;210.1;30.0;;;;;;;;;;;;;;;;;;
 ;01:53:04;4.200;0.018;210.1;30.0;;;;;;;;;;;;;;;;;;
 ;01:53:05;4.200;0.018;210.1;30.0;;;;;;;;;;;;;;;;;;
 ;01:53:06;4.200;0.018;210.1;30.0;;;;;;;;;;;;;;;;;;
 ;01:53:07;4.200;0.018;210.1;30.0;;;;;;;;;;;;;;;;;;
 ;01:53:08;4.200;0.018;210.1;30.0;;;;;;;;;;;;;;;;;;
 ;01:53:09;4.200;0.018;210.1;30.0;;;;;;;;;;;;;;;;;;
 ;01:53:10;4.200;0.018;210.1;30.0;;;;;;;;;;;;;;;;;;
 ;01:53:11;4.200;0.018;210.1;30.0;;;;;;;;;;;;;;;;;;
 ;01:53:12;4.200;0.018;210.1;30.0;;;;;;;;;;;;;;;;;;
 ;01:53:13;4.200;0.018;210.1;30.0;;;;;;;;;;;;;;;;;;
 ;01:53:14;4.200;0.018;210.2;30.0;;;;;;;;;;;;;;;;;;
 ;01:53:15;4.200;0.018;210.2;30.0;;;;;;;;;;;;;;;;;;
 ;01:53:16;4.200;0.018;210.2;30.0;;;;;;;;;;;;;;;;;;
 ;01:53:17;4.200;0.018;210.2;30.0;;;;;;;;;;;;;;;;;;
 ;01:53:18;4.200;0.018;210.2;30.0;;;;;;;;;;;;;;;;;;
 ;01:53:19;4.200;0.018;210.2;30.0;;;;;;;;;;;;;;;;;;
 ;01:53:20;4.200;0.018;210.2;30.0;;;;;;;;;;;;;;;;;;
 ;01:53:21;4.200;0.018;210.2;30.0;;;;;;;;;;;;;;;;;;
 ;01:53:22;4.200;0.018;210.2;30.0;;;;;;;;;;;;;;;;;;
 ;01:53:23;4.200;0.018;210.2;30.0;;;;;;;;;;;;;;;;;;
 ;01:53:24;4.200;0.018;210.2;30.0;;;;;;;;;;;;;;;;;;
 ;01:53:25;4.200;0.018;210.2;30.0;;;;;;;;;;;;;;;;;;
 ;01:53:26;4.200;0.018;210.2;30.0;;;;;;;;;;;;;;;;;;
 ;01:53:27;4.200;0.018;210.2;30.0;;;;;;;;;;;;;;;;;;
 ;01:53:28;4.200;0.018;210.2;30.0;;;;;;;;;;;;;;;;;;
 ;01:53:29;4.200;0.018;210.2;30.0;;;;;;;;;;;;;;;;;;
 ;01:53:30;4.200;0.018;210.2;30.0;;;;;;;;;;;;;;;;;;
 ;01:53:31;4.200;0.018;210.2;30.0;;;;;;;;;;;;;;;;;;
 ;01:53:32;4.200;0.018;210.2;30.0;;;;;;;;;;;;;;;;;;
 ;01:53:33;4.200;0.018;210.2;30.0;;;;;;;;;;;;;;;;;;
 ;01:53:34;4.200;0.018;210.3;30.0;;;;;;;;;;;;;;;;;;
 ;01:53:35;4.200;0.018;210.3;30.0;;;;;;;;;;;;;;;;;;
 ;01:53:36;4.200;0.018;210.3;30.0;;;;;;;;;;;;;;;;;;
 ;01:53:37;4.200;0.018;210.3;30.0;;;;;;;;;;;;;;;;;;
 ;01:53:38;4.200;0.018;210.3;30.0;;;;;;;;;;;;;;;;;;
 ;01:53:39;4.200;0.018;210.3;30.0;;;;;;;;;;;;;;;;;;
 ;01:53:40;4.200;0.018;210.3;30.0;;;;;;;;;;;;;;;;;;
 ;01:53:41;4.200;0.018;210.3;30.0;;;;;;;;;;;;;;;;;;
 ;01:53:42;4.200;0.018;210.3;30.0;;;;;;;;;;;;;;;;;;
 ;01:53:43;4.200;0.018;210.3;30.0;;;;;;;;;;;;;;;;;;
 ;01:53:44;4.200;0.018;210.3;30.0;;;;;;;;;;;;;;;;;;
 ;01:53:45;4.200;0.018;210.3;30.0;;;;;;;;;;;;;;;;;;
 ;01:53:46;4.200;0.018;210.3;30.0;;;;;;;;;;;;;;;;;;
 ;01:53:47;4.200;0.018;210.3;30.0;;;;;;;;;;;;;;;;;;
 ;01:53:48;4.200;0.018;210.3;30.0;;;;;;;;;;;;;;;;;;
 ;01:53:49;4.200;0.018;210.3;30.0;;;;;;;;;;;;;;;;;;
 ;01:53:50;4.200;0.018;210.3;30.0;;;;;;;;;;;;;;;;;;
 ;01:53:51;4.200;0.018;210.3;30.0;;;;;;;;;;;;;;;;;;
 ;01:53:52;4.200;0.018;210.3;30.0;;;;;;;;;;;;;;;;;;
 ;01:53:53;4.200;0.018;210.3;30.0;;;;;;;;;;;;;;;;;;
 ;01:53:54;4.200;0.018;210.4;30.0;;;;;;;;;;;;;;;;;;
 ;01:53:55;4.200;0.018;210.4;30.0;;;;;;;;;;;;;;;;;;
 ;01:53:56;4.200;0.018;210.4;30.0;;;;;;;;;;;;;;;;;;
 ;01:53:57;4.200;0.018;210.4;30.0;;;;;;;;;;;;;;;;;;
 ;01:53:58;4.200;0.018;210.4;30.0;;;;;;;;;;;;;;;;;;
 ;01:53:59;4.200;0.018;210.4;30.0;;;;;;;;;;;;;;;;;;
 ;01:54:00;4.200;0.018;210.4;30.0;;;;;;;;;;;;;;;;;;
 ;01:54:01;4.200;0.018;210.4;30.0;;;;;;;;;;;;;;;;;;
 ;01:54:02;4.200;0.018;210.4;30.0;;;;;;;;;;;;;;;;;;
 ;01:54:03;4.200;0.018;210.4;30.0;;;;;;;;;;;;;;;;;;
 ;01:54:04;4.200;0.018;210.4;30.0;;;;;;;;;;;;;;;;;;
 ;01:54:05;4.200;0.018;210.4;30.0;;;;;;;;;;;;;;;;;;
 ;01:54:06;4.200;0.018;210.4;30.0;;;;;;;;;;;;;;;;;;
 ;01:54:07;4.200;0.018;210.4;30.0;;;;;;;;;;;;;;;;;;
 ;01:54:08;4.200;0.018;210.4;30.0;;;;;;;;;;;;;;;;;;
 ;01:54:09;4.200;0.018;210.4;30.0;;;;;;;;;;;;;;;;;;
 ;01:54:10;4.200;0.018;210.4;30.0;;;;;;;;;;;;;;;;;;
 ;01:54:11;4.200;0.018;210.4;30.0;;;;;;;;;;;;;;;;;;
 ;01:54:12;4.200;0.018;210.4;30.0;;;;;;;;;;;;;;;;;;
 ;01:54:13;4.200;0.018;210.4;30.0;;;;;;;;;;;;;;;;;;
 ;01:54:14;4.200;0.018;210.5;30.0;;;;;;;;;;;;;;;;;;
 ;01:54:15;4.200;0.018;210.5;30.0;;;;;;;;;;;;;;;;;;
 ;01:54:16;4.200;0.018;210.5;30.0;;;;;;;;;;;;;;;;;;
 ;01:54:17;4.200;0.018;210.5;30.0;;;;;;;;;;;;;;;;;;
 ;01:54:18;4.200;0.018;210.5;30.0;;;;;;;;;;;;;;;;;;
 ;01:54:19;4.200;0.018;210.5;30.0;;;;;;;;;;;;;;;;;;
 ;01:54:20;4.200;0.018;210.5;30.0;;;;;;;;;;;;;;;;;;
 ;01:54:21;4.200;0.018;210.5;30.0;;;;;;;;;;;;;;;;;;
 ;01:54:22;4.200;0.018;210.5;30.0;;;;;;;;;;;;;;;;;;
 ;01:54:23;4.200;0.018;210.5;30.0;;;;;;;;;;;;;;;;;;
 ;01:54:24;4.200;0.018;210.5;30.0;;;;;;;;;;;;;;;;;;
 ;01:54:25;4.200;0.018;210.5;30.0;;;;;;;;;;;;;;;;;;
 ;01:54:26;4.200;0.018;210.5;30.0;;;;;;;;;;;;;;;;;;
 ;01:54:27;4.200;0.018;210.5;30.0;;;;;;;;;;;;;;;;;;
 ;01:54:28;4.200;0.018;210.5;30.0;;;;;;;;;;;;;;;;;;
 ;01:54:29;4.200;0.018;210.5;30.0;;;;;;;;;;;;;;;;;;
 ;01:54:30;4.200;0.018;210.5;30.0;;;;;;;;;;;;;;;;;;
 ;01:54:31;4.200;0.018;210.5;30.0;;;;;;;;;;;;;;;;;;
 ;01:54:32;4.200;0.018;210.5;30.0;;;;;;;;;;;;;;;;;;
 ;01:54:33;4.200;0.018;210.5;30.0;;;;;;;;;;;;;;;;;;
 ;01:54:34;4.200;0.018;210.6;30.0;;;;;;;;;;;;;;;;;;
 ;01:54:35;4.200;0.018;210.6;30.0;;;;;;;;;;;;;;;;;;
 ;01:54:36;4.200;0.018;210.6;30.0;;;;;;;;;;;;;;;;;;
 ;01:54:37;4.200;0.018;210.6;30.0;;;;;;;;;;;;;;;;;;
 ;01:54:38;4.200;0.018;210.6;30.0;;;;;;;;;;;;;;;;;;
 ;01:54:39;4.200;0.018;210.6;30.0;;;;;;;;;;;;;;;;;;
 ;01:54:40;4.200;0.018;210.6;30.0;;;;;;;;;;;;;;;;;;
 ;01:54:41;4.200;0.018;210.6;30.0;;;;;;;;;;;;;;;;;;
 ;01:54:42;4.200;0.018;210.6;30.0;;;;;;;;;;;;;;;;;;
 ;01:54:43;4.200;0.018;210.6;30.0;;;;;;;;;;;;;;;;;;
 ;01:54:44;4.200;0.018;210.6;30.0;;;;;;;;;;;;;;;;;;
 ;01:54:45;4.200;0.018;210.6;30.0;;;;;;;;;;;;;;;;;;
 ;01:54:46;4.200;0.018;210.6;30.0;;;;;;;;;;;;;;;;;;
 ;01:54:47;4.200;0.018;210.6;30.0;;;;;;;;;;;;;;;;;;
 ;01:54:48;4.200;0.018;210.6;30.0;;;;;;;;;;;;;;;;;;
 ;01:54:49;4.200;0.018;210.6;30.0;;;;;;;;;;;;;;;;;;
 ;01:54:50;4.200;0.018;210.6;30.0;;;;;;;;;;;;;;;;;;
 ;01:54:51;4.200;0.018;210.6;30.0;;;;;;;;;;;;;;;;;;
 ;01:54:52;4.200;0.018;210.6;30.0;;;;;;;;;;;;;;;;;;
 ;01:54:53;4.200;0.018;210.6;30.0;;;;;;;;;;;;;;;;;;
 ;01:54:54;4.200;0.018;210.7;30.0;;;;;;;;;;;;;;;;;;
 ;01:54:55;4.200;0.018;210.7;30.0;;;;;;;;;;;;;;;;;;
 ;01:54:56;4.200;0.018;210.7;30.0;;;;;;;;;;;;;;;;;;
 ;01:54:57;4.200;0.018;210.7;30.0;;;;;;;;;;;;;;;;;;
 ;01:54:58;4.200;0.018;210.7;30.0;;;;;;;;;;;;;;;;;;
 ;01:54:59;4.200;0.018;210.7;30.0;;;;;;;;;;;;;;;;;;
 ;01:55:00;4.200;0.018;210.7;30.0;;;;;;;;;;;;;;;;;;
 ;01:55:01;4.200;0.018;210.7;30.0;;;;;;;;;;;;;;;;;;
 ;01:55:02;4.200;0.018;210.7;30.0;;;;;;;;;;;;;;;;;;
 ;01:55:03;4.200;0.018;210.7;30.0;;;;;;;;;;;;;;;;;;
 ;01:55:04;4.200;0.018;210.7;30.0;;;;;;;;;;;;;;;;;;
 ;01:55:05;4.200;0.018;210.7;30.0;;;;;;;;;;;;;;;;;;
 ;01:55:06;4.200;0.018;210.7;30.0;;;;;;;;;;;;;;;;;;
 ;01:55:07;4.200;0.018;210.7;30.0;;;;;;;;;;;;;;;;;;
 ;01:55:08;4.200;0.018;210.7;30.0;;;;;;;;;;;;;;;;;;
 ;01:55:09;4.200;0.018;210.7;30.0;;;;;;;;;;;;;;;;;;
 ;01:55:10;4.200;0.018;210.7;30.0;;;;;;;;;;;;;;;;;;
 ;01:55:11;4.200;0.018;210.7;30.0;;;;;;;;;;;;;;;;;;
 ;01:55:12;4.200;0.018;210.7;30.0;;;;;;;;;;;;;;;;;;
 ;01:55:13;4.200;0.018;210.7;30.0;;;;;;;;;;;;;;;;;;
 ;01:55:14;4.200;0.018;210.8;30.0;;;;;;;;;;;;;;;;;;
 ;01:55:15;4.200;0.018;210.8;30.0;;;;;;;;;;;;;;;;;;
 ;01:55:16;4.200;0.018;210.8;30.0;;;;;;;;;;;;;;;;;;
 ;01:55:17;4.200;0.018;210.8;30.0;;;;;;;;;;;;;;;;;;
 ;01:55:18;4.200;0.018;210.8;30.0;;;;;;;;;;;;;;;;;;
 ;01:55:19;4.200;0.018;210.8;30.0;;;;;;;;;;;;;;;;;;
 ;01:55:20;4.200;0.018;210.8;30.0;;;;;;;;;;;;;;;;;;
 ;01:55:21;4.200;0.018;210.8;30.0;;;;;;;;;;;;;;;;;;
 ;01:55:22;4.200;0.018;210.8;30.0;;;;;;;;;;;;;;;;;;
 ;01:55:23;4.200;0.018;210.8;30.0;;;;;;;;;;;;;;;;;;
 ;01:55:24;4.200;0.018;210.8;30.0;;;;;;;;;;;;;;;;;;
 ;01:55:25;4.200;0.018;210.8;30.0;;;;;;;;;;;;;;;;;;
 ;01:55:26;4.200;0.018;210.8;30.0;;;;;;;;;;;;;;;;;;
 ;01:55:27;4.200;0.018;210.8;30.0;;;;;;;;;;;;;;;;;;
 ;01:55:28;4.200;0.018;210.8;30.0;;;;;;;;;;;;;;;;;;
 ;01:55:29;4.200;0.018;210.8;30.0;;;;;;;;;;;;;;;;;;
 ;01:55:30;4.200;0.018;210.8;30.0;;;;;;;;;;;;;;;;;;
 ;01:55:31;4.200;0.018;210.8;30.0;;;;;;;;;;;;;;;;;;
 ;01:55:32;4.200;0.018;210.8;30.0;;;;;;;;;;;;;;;;;;
 ;01:55:33;4.200;0.018;210.8;30.0;;;;;;;;;;;;;;;;;;
 ;01:55:34;4.200;0.017;210.9;30.0;;;;;;;;;;;;;;;;;;
 ;01:55:35;4.200;0.017;210.9;30.0;;;;;;;;;;;;;;;;;;
 ;01:55:36;4.200;0.017;210.9;30.0;;;;;;;;;;;;;;;;;;
 ;01:55:37;4.200;0.017;210.9;30.0;;;;;;;;;;;;;;;;;;
 ;01:55:38;4.200;0.017;210.9;30.0;;;;;;;;;;;;;;;;;;
 ;01:55:39;4.200;0.017;210.9;30.0;;;;;;;;;;;;;;;;;;
 ;01:55:40;4.200;0.017;210.9;30.0;;;;;;;;;;;;;;;;;;
 ;01:55:41;4.200;0.017;210.9;30.0;;;;;;;;;;;;;;;;;;
 ;01:55:42;4.200;0.017;210.9;30.0;;;;;;;;;;;;;;;;;;
 ;01:55:43;4.200;0.017;210.9;30.0;;;;;;;;;;;;;;;;;;
 ;01:55:44;4.200;0.017;210.9;30.0;;;;;;;;;;;;;;;;;;
 ;01:55:45;4.200;0.017;210.9;30.0;;;;;;;;;;;;;;;;;;
 ;01:55:46;4.200;0.017;210.9;30.0;;;;;;;;;;;;;;;;;;
 ;01:55:47;4.200;0.017;210.9;30.0;;;;;;;;;;;;;;;;;;
 ;01:55:48;4.200;0.017;210.9;30.0;;;;;;;;;;;;;;;;;;
 ;01:55:49;4.200;0.017;210.9;30.0;;;;;;;;;;;;;;;;;;
 ;01:55:50;4.200;0.017;210.9;30.0;;;;;;;;;;;;;;;;;;
 ;01:55:51;4.200;0.017;210.9;30.0;;;;;;;;;;;;;;;;;;
 ;01:55:52;4.200;0.017;210.9;30.0;;;;;;;;;;;;;;;;;;
 ;01:55:53;4.200;0.017;210.9;30.0;;;;;;;;;;;;;;;;;;
 ;01:55:54;4.200;0.017;211.0;30.0;;;;;;;;;;;;;;;;;;
 ;01:55:55;4.200;0.017;211.0;30.0;;;;;;;;;;;;;;;;;;
 ;01:55:56;4.200;0.017;211.0;30.0;;;;;;;;;;;;;;;;;;
 ;01:55:57;4.200;0.017;211.0;30.0;;;;;;;;;;;;;;;;;;
 ;01:55:58;4.200;0.017;211.0;30.0;;;;;;;;;;;;;;;;;;
 ;01:55:59;4.200;0.017;211.0;30.0;;;;;;;;;;;;;;;;;;
 ;01:56:00;4.200;0.017;211.0;30.0;;;;;;;;;;;;;;;;;;
 ;01:56:01;4.200;0.017;211.0;30.0;;;;;;;;;;;;;;;;;;
 ;01:56:02;4.200;0.017;211.0;30.0;;;;;;;;;;;;;;;;;;
 ;01:56:03;4.200;0.017;211.0;30.0;;;;;;;;;;;;;;;;;;
 ;01:56:04;4.200;0.017;211.0;30.0;;;;;;;;;;;;;;;;;;
 ;01:56:05;4.200;0.017;211.0;30.0;;;;;;;;;;;;;;;;;;
 ;01:56:06;4.200;0.017;211.0;30.0;;;;;;;;;;;;;;;;;;
 ;01:56:07;4.200;0.017;211.0;30.0;;;;;;;;;;;;;;;;;;
 ;01:56:08;4.200;0.017;211.0;30.0;;;;;;;;;;;;;;;;;;
 ;01:56:09;4.200;0.017;211.0;30.0;;;;;;;;;;;;;;;;;;
 ;01:56:10;4.200;0.017;211.0;30.0;;;;;;;;;;;;;;;;;;
 ;01:56:11;4.200;0.017;211.0;30.0;;;;;;;;;;;;;;;;;;
 ;01:56:12;4.200;0.017;211.0;30.0;;;;;;;;;;;;;;;;;;
 ;01:56:13;4.200;0.017;211.0;30.0;;;;;;;;;;;;;;;;;;
 ;01:56:14;4.200;0.017;211.0;30.0;;;;;;;;;;;;;;;;;;
 ;01:56:15;4.200;0.017;211.1;30.0;;;;;;;;;;;;;;;;;;
 ;01:56:16;4.200;0.017;211.1;30.0;;;;;;;;;;;;;;;;;;
 ;01:56:17;4.200;0.017;211.1;30.0;;;;;;;;;;;;;;;;;;
 ;01:56:18;4.200;0.017;211.1;30.0;;;;;;;;;;;;;;;;;;
 ;01:56:19;4.200;0.017;211.1;30.0;;;;;;;;;;;;;;;;;;
 ;01:56:20;4.200;0.017;211.1;30.0;;;;;;;;;;;;;;;;;;
 ;01:56:21;4.200;0.017;211.1;30.0;;;;;;;;;;;;;;;;;;
 ;01:56:22;4.200;0.017;211.1;30.0;;;;;;;;;;;;;;;;;;
 ;01:56:23;4.200;0.017;211.1;30.0;;;;;;;;;;;;;;;;;;
 ;01:56:24;4.200;0.017;211.1;30.0;;;;;;;;;;;;;;;;;;
 ;01:56:25;4.200;0.017;211.1;30.0;;;;;;;;;;;;;;;;;;
 ;01:56:26;4.200;0.017;211.1;30.0;;;;;;;;;;;;;;;;;;
 ;01:56:27;4.200;0.017;211.1;30.0;;;;;;;;;;;;;;;;;;
 ;01:56:28;4.200;0.017;211.1;30.0;;;;;;;;;;;;;;;;;;
 ;01:56:29;4.200;0.017;211.1;30.0;;;;;;;;;;;;;;;;;;
 ;01:56:30;4.200;0.017;211.1;30.0;;;;;;;;;;;;;;;;;;
 ;01:56:31;4.200;0.017;211.1;30.0;;;;;;;;;;;;;;;;;;
 ;01:56:32;4.200;0.017;211.1;30.0;;;;;;;;;;;;;;;;;;
 ;01:56:33;4.200;0.017;211.1;30.0;;;;;;;;;;;;;;;;;;
 ;01:56:34;4.200;0.017;211.1;30.0;;;;;;;;;;;;;;;;;;
 ;01:56:35;4.200;0.017;211.2;30.0;;;;;;;;;;;;;;;;;;
 ;01:56:36;4.200;0.017;211.2;30.0;;;;;;;;;;;;;;;;;;
 ;01:56:37;4.200;0.017;211.2;30.0;;;;;;;;;;;;;;;;;;
 ;01:56:38;4.200;0.017;211.2;30.0;;;;;;;;;;;;;;;;;;
 ;01:56:39;4.200;0.017;211.2;30.0;;;;;;;;;;;;;;;;;;
 ;01:56:40;4.200;0.017;211.2;30.0;;;;;;;;;;;;;;;;;;
 ;01:56:41;4.200;0.017;211.2;30.0;;;;;;;;;;;;;;;;;;
 ;01:56:42;4.200;0.017;211.2;30.0;;;;;;;;;;;;;;;;;;
 ;01:56:43;4.200;0.017;211.2;30.0;;;;;;;;;;;;;;;;;;
 ;01:56:44;4.200;0.017;211.2;30.0;;;;;;;;;;;;;;;;;;
 ;01:56:45;4.200;0.017;211.2;30.0;;;;;;;;;;;;;;;;;;
 ;01:56:46;4.200;0.017;211.2;30.0;;;;;;;;;;;;;;;;;;
 ;01:56:47;4.200;0.017;211.2;30.0;;;;;;;;;;;;;;;;;;
 ;01:56:48;4.200;0.017;211.2;30.0;;;;;;;;;;;;;;;;;;
 ;01:56:49;4.200;0.017;211.2;30.0;;;;;;;;;;;;;;;;;;
 ;01:56:50;4.200;0.017;211.2;30.0;;;;;;;;;;;;;;;;;;
 ;01:56:51;4.200;0.017;211.2;30.0;;;;;;;;;;;;;;;;;;
 ;01:56:52;4.200;0.017;211.2;30.0;;;;;;;;;;;;;;;;;;
 ;01:56:53;4.200;0.017;211.2;30.0;;;;;;;;;;;;;;;;;;
 ;01:56:54;4.200;0.017;211.2;30.0;;;;;;;;;;;;;;;;;;
 ;01:56:55;4.200;0.017;211.2;30.0;;;;;;;;;;;;;;;;;;
 ;01:56:56;4.200;0.017;211.3;30.0;;;;;;;;;;;;;;;;;;
 ;01:56:57;4.200;0.017;211.3;30.0;;;;;;;;;;;;;;;;;;
 ;01:56:58;4.200;0.017;211.3;30.0;;;;;;;;;;;;;;;;;;
 ;01:56:59;4.200;0.017;211.3;30.0;;;;;;;;;;;;;;;;;;
 ;01:57:00;4.200;0.017;211.3;30.0;;;;;;;;;;;;;;;;;;
 ;01:57:01;4.200;0.017;211.3;30.0;;;;;;;;;;;;;;;;;;
 ;01:57:02;4.200;0.017;211.3;30.0;;;;;;;;;;;;;;;;;;
 ;01:57:03;4.200;0.017;211.3;30.0;;;;;;;;;;;;;;;;;;
 ;01:57:04;4.200;0.017;211.3;30.0;;;;;;;;;;;;;;;;;;
 ;01:57:05;4.200;0.017;211.3;30.0;;;;;;;;;;;;;;;;;;
 ;01:57:06;4.200;0.017;211.3;30.0;;;;;;;;;;;;;;;;;;
 ;01:57:07;4.200;0.017;211.3;30.0;;;;;;;;;;;;;;;;;;
 ;01:57:08;4.200;0.017;211.3;30.0;;;;;;;;;;;;;;;;;;
 ;01:57:09;4.200;0.017;211.3;30.0;;;;;;;;;;;;;;;;;;
 ;01:57:10;4.200;0.017;211.3;30.0;;;;;;;;;;;;;;;;;;
 ;01:57:11;4.200;0.017;211.3;30.0;;;;;;;;;;;;;;;;;;
 ;01:57:12;4.200;0.017;211.3;30.0;;;;;;;;;;;;;;;;;;
 ;01:57:13;4.200;0.017;211.3;30.0;;;;;;;;;;;;;;;;;;
 ;01:57:14;4.200;0.017;211.3;30.0;;;;;;;;;;;;;;;;;;
 ;01:57:15;4.200;0.017;211.3;30.0;;;;;;;;;;;;;;;;;;
 ;01:57:16;4.200;0.017;211.4;30.0;;;;;;;;;;;;;;;;;;
 ;01:57:17;4.200;0.017;211.4;30.0;;;;;;;;;;;;;;;;;;
 ;01:57:18;4.200;0.017;211.4;30.0;;;;;;;;;;;;;;;;;;
 ;01:57:19;4.200;0.017;211.4;30.0;;;;;;;;;;;;;;;;;;
 ;01:57:20;4.200;0.017;211.4;30.0;;;;;;;;;;;;;;;;;;
 ;01:57:21;4.200;0.017;211.4;30.0;;;;;;;;;;;;;;;;;;
 ;01:57:22;4.200;0.017;211.4;30.0;;;;;;;;;;;;;;;;;;
 ;01:57:23;4.200;0.017;211.4;30.0;;;;;;;;;;;;;;;;;;
 ;01:57:24;4.200;0.017;211.4;30.0;;;;;;;;;;;;;;;;;;
 ;01:57:25;4.200;0.017;211.4;30.0;;;;;;;;;;;;;;;;;;
 ;01:57:26;4.200;0.017;211.4;30.0;;;;;;;;;;;;;;;;;;
 ;01:57:27;4.200;0.017;211.4;30.0;;;;;;;;;;;;;;;;;;
 ;01:57:28;4.200;0.017;211.4;30.0;;;;;;;;;;;;;;;;;;
 ;01:57:29;4.200;0.017;211.4;30.0;;;;;;;;;;;;;;;;;;
 ;01:57:30;4.200;0.017;211.4;30.0;;;;;;;;;;;;;;;;;;
 ;01:57:31;4.200;0.017;211.4;30.0;;;;;;;;;;;;;;;;;;
 ;01:57:32;4.200;0.017;211.4;30.0;;;;;;;;;;;;;;;;;;
 ;01:57:33;4.200;0.017;211.4;30.0;;;;;;;;;;;;;;;;;;
 ;01:57:34;4.200;0.017;211.4;30.0;;;;;;;;;;;;;;;;;;
 ;01:57:35;4.200;0.017;211.4;30.0;;;;;;;;;;;;;;;;;;
 ;01:57:36;4.200;0.017;211.4;30.0;;;;;;;;;;;;;;;;;;
 ;01:57:37;4.200;0.017;211.5;30.0;;;;;;;;;;;;;;;;;;
 ;01:57:38;4.200;0.017;211.5;30.0;;;;;;;;;;;;;;;;;;
 ;01:57:39;4.200;0.017;211.5;30.0;;;;;;;;;;;;;;;;;;
 ;01:57:40;4.200;0.017;211.5;30.0;;;;;;;;;;;;;;;;;;
 ;01:57:41;4.200;0.017;211.5;30.0;;;;;;;;;;;;;;;;;;
 ;01:57:42;4.200;0.017;211.5;30.0;;;;;;;;;;;;;;;;;;
 ;01:57:43;4.200;0.017;211.5;30.0;;;;;;;;;;;;;;;;;;
 ;01:57:44;4.200;0.017;211.5;30.0;;;;;;;;;;;;;;;;;;
 ;01:57:45;4.200;0.017;211.5;30.0;;;;;;;;;;;;;;;;;;
 ;01:57:46;4.200;0.017;211.5;30.0;;;;;;;;;;;;;;;;;;
 ;01:57:47;4.200;0.017;211.5;30.0;;;;;;;;;;;;;;;;;;
 ;01:57:48;4.200;0.017;211.5;30.0;;;;;;;;;;;;;;;;;;
 ;01:57:49;4.200;0.017;211.5;30.0;;;;;;;;;;;;;;;;;;
 ;01:57:50;4.200;0.017;211.5;30.0;;;;;;;;;;;;;;;;;;
 ;01:57:51;4.200;0.017;211.5;30.0;;;;;;;;;;;;;;;;;;
 ;01:57:52;4.200;0.017;211.5;30.0;;;;;;;;;;;;;;;;;;
 ;01:57:53;4.200;0.017;211.5;30.0;;;;;;;;;;;;;;;;;;
 ;01:57:54;4.200;0.017;211.5;30.0;;;;;;;;;;;;;;;;;;
 ;01:57:55;4.200;0.017;211.5;30.0;;;;;;;;;;;;;;;;;;
 ;01:57:56;4.200;0.017;211.5;30.0;;;;;;;;;;;;;;;;;;
 ;01:57:57;4.200;0.017;211.5;30.0;;;;;;;;;;;;;;;;;;
 ;01:57:58;4.200;0.017;211.6;30.0;;;;;;;;;;;;;;;;;;
 ;01:57:59;4.200;0.017;211.6;30.0;;;;;;;;;;;;;;;;;;
 ;01:58:00;4.200;0.017;211.6;30.0;;;;;;;;;;;;;;;;;;
 ;01:58:01;4.200;0.017;211.6;30.0;;;;;;;;;;;;;;;;;;
 ;01:58:02;4.200;0.017;211.6;30.0;;;;;;;;;;;;;;;;;;
 ;01:58:03;4.200;0.017;211.6;30.0;;;;;;;;;;;;;;;;;;
 ;01:58:04;4.200;0.017;211.6;30.0;;;;;;;;;;;;;;;;;;
 ;01:58:05;4.200;0.017;211.6;30.0;;;;;;;;;;;;;;;;;;
 ;01:58:06;4.200;0.017;211.6;30.0;;;;;;;;;;;;;;;;;;
 ;01:58:07;4.200;0.017;211.6;30.0;;;;;;;;;;;;;;;;;;
 ;01:58:08;4.200;0.017;211.6;30.0;;;;;;;;;;;;;;;;;;
 ;01:58:09;4.200;0.017;211.6;30.0;;;;;;;;;;;;;;;;;;
 ;01:58:10;4.200;0.017;211.6;30.0;;;;;;;;;;;;;;;;;;
 ;01:58:11;4.200;0.017;211.6;30.0;;;;;;;;;;;;;;;;;;
 ;01:58:12;4.200;0.017;211.6;30.0;;;;;;;;;;;;;;;;;;
 ;01:58:13;4.200;0.017;211.6;30.0;;;;;;;;;;;;;;;;;;
 ;01:58:14;4.200;0.017;211.6;30.0;;;;;;;;;;;;;;;;;;
 ;01:58:15;4.200;0.017;211.6;30.0;;;;;;;;;;;;;;;;;;
 ;01:58:16;4.200;0.017;211.6;30.0;;;;;;;;;;;;;;;;;;
 ;01:58:17;4.200;0.017;211.6;30.0;;;;;;;;;;;;;;;;;;
 ;01:58:18;4.200;0.017;211.6;30.0;;;;;;;;;;;;;;;;;;
 ;01:58:19;4.200;0.017;211.7;30.0;;;;;;;;;;;;;;;;;;
 ;01:58:20;4.200;0.017;211.7;30.0;;;;;;;;;;;;;;;;;;
 ;01:58:21;4.200;0.017;211.7;30.0;;;;;;;;;;;;;;;;;;
 ;01:58:22;4.200;0.017;211.7;30.0;;;;;;;;;;;;;;;;;;
 ;01:58:23;4.200;0.017;211.7;30.0;;;;;;;;;;;;;;;;;;
 ;01:58:24;4.200;0.017;211.7;30.0;;;;;;;;;;;;;;;;;;
 ;01:58:25;4.200;0.017;211.7;30.0;;;;;;;;;;;;;;;;;;
 ;01:58:26;4.200;0.017;211.7;30.0;;;;;;;;;;;;;;;;;;
 ;01:58:27;4.200;0.017;211.7;30.0;;;;;;;;;;;;;;;;;;
 ;01:58:28;4.200;0.017;211.7;30.0;;;;;;;;;;;;;;;;;;
 ;01:58:29;4.200;0.017;211.7;30.0;;;;;;;;;;;;;;;;;;
 ;01:58:30;4.200;0.017;211.7;30.0;;;;;;;;;;;;;;;;;;
 ;01:58:31;4.200;0.017;211.7;30.0;;;;;;;;;;;;;;;;;;
 ;01:58:32;4.200;0.017;211.7;30.0;;;;;;;;;;;;;;;;;;
 ;01:58:33;4.200;0.017;211.7;30.0;;;;;;;;;;;;;;;;;;
 ;01:58:34;4.200;0.017;211.7;30.0;;;;;;;;;;;;;;;;;;
 ;01:58:35;4.200;0.017;211.7;30.0;;;;;;;;;;;;;;;;;;
 ;01:58:36;4.200;0.017;211.7;30.0;;;;;;;;;;;;;;;;;;
 ;01:58:37;4.200;0.017;211.7;30.0;;;;;;;;;;;;;;;;;;
 ;01:58:38;4.200;0.017;211.7;30.0;;;;;;;;;;;;;;;;;;
 ;01:58:39;4.200;0.017;211.7;30.0;;;;;;;;;;;;;;;;;;
 ;01:58:40;4.200;0.017;211.7;30.0;;;;;;;;;;;;;;;;;;
 ;01:58:41;4.200;0.017;211.8;30.0;;;;;;;;;;;;;;;;;;
 ;01:58:42;4.200;0.017;211.8;30.0;;;;;;;;;;;;;;;;;;
 ;01:58:43;4.200;0.017;211.8;30.0;;;;;;;;;;;;;;;;;;
 ;01:58:44;4.200;0.017;211.8;30.0;;;;;;;;;;;;;;;;;;
 ;01:58:45;4.200;0.017;211.8;30.0;;;;;;;;;;;;;;;;;;
 ;01:58:46;4.200;0.017;211.8;30.0;;;;;;;;;;;;;;;;;;
 ;01:58:47;4.200;0.017;211.8;30.0;;;;;;;;;;;;;;;;;;
 ;01:58:48;4.200;0.017;211.8;30.0;;;;;;;;;;;;;;;;;;
 ;01:58:49;4.200;0.017;211.8;30.0;;;;;;;;;;;;;;;;;;
 ;01:58:50;4.200;0.017;211.8;30.0;;;;;;;;;;;;;;;;;;
 ;01:58:51;4.200;0.017;211.8;30.0;;;;;;;;;;;;;;;;;;
 ;01:58:52;4.200;0.017;211.8;30.0;;;;;;;;;;;;;;;;;;
 ;01:58:53;4.200;0.017;211.8;30.0;;;;;;;;;;;;;;;;;;
 ;01:58:54;4.200;0.017;211.8;30.0;;;;;;;;;;;;;;;;;;
 ;01:58:55;4.200;0.017;211.8;30.0;;;;;;;;;;;;;;;;;;
 ;01:58:56;4.200;0.017;211.8;30.0;;;;;;;;;;;;;;;;;;
 ;01:58:57;4.200;0.017;211.8;30.0;;;;;;;;;;;;;;;;;;
 ;01:58:58;4.200;0.017;211.8;30.0;;;;;;;;;;;;;;;;;;
 ;01:58:59;4.200;0.017;211.8;30.0;;;;;;;;;;;;;;;;;;
 ;01:59:00;4.200;0.017;211.8;30.0;;;;;;;;;;;;;;;;;;
 ;01:59:01;4.200;0.017;211.8;30.0;;;;;;;;;;;;;;;;;;
 ;01:59:02;4.200;0.017;211.9;30.0;;;;;;;;;;;;;;;;;;
 ;01:59:03;4.200;0.017;211.9;30.0;;;;;;;;;;;;;;;;;;
 ;01:59:04;4.200;0.017;211.9;30.0;;;;;;;;;;;;;;;;;;
 ;01:59:05;4.200;0.017;211.9;30.0;;;;;;;;;;;;;;;;;;
 ;01:59:06;4.200;0.017;211.9;30.0;;;;;;;;;;;;;;;;;;
 ;01:59:07;4.200;0.017;211.9;30.0;;;;;;;;;;;;;;;;;;
 ;01:59:08;4.200;0.017;211.9;30.0;;;;;;;;;;;;;;;;;;
 ;01:59:09;4.200;0.017;211.9;30.0;;;;;;;;;;;;;;;;;;
 ;01:59:10;4.200;0.017;211.9;30.0;;;;;;;;;;;;;;;;;;
 ;01:59:11;4.200;0.017;211.9;30.0;;;;;;;;;;;;;;;;;;
 ;01:59:12;4.200;0.017;211.9;30.0;;;;;;;;;;;;;;;;;;
 ;01:59:13;4.200;0.017;211.9;30.0;;;;;;;;;;;;;;;;;;
 ;01:59:14;4.200;0.017;211.9;30.0;;;;;;;;;;;;;;;;;;
 ;01:59:15;4.200;0.017;211.9;30.0;;;;;;;;;;;;;;;;;;
 ;01:59:16;4.200;0.017;211.9;30.0;;;;;;;;;;;;;;;;;;
 ;01:59:17;4.200;0.017;211.9;30.0;;;;;;;;;;;;;;;;;;
 ;01:59:18;4.200;0.017;211.9;30.0;;;;;;;;;;;;;;;;;;
 ;01:59:19;4.200;0.017;211.9;30.0;;;;;;;;;;;;;;;;;;
 ;01:59:20;4.200;0.017;211.9;30.0;;;;;;;;;;;;;;;;;;
 ;01:59:21;4.200;0.017;211.9;30.0;;;;;;;;;;;;;;;;;;
 ;01:59:22;4.200;0.017;211.9;30.0;;;;;;;;;;;;;;;;;;
 ;01:59:23;4.200;0.017;212.0;30.0;;;;;;;;;;;;;;;;;;
 ;01:59:24;4.200;0.017;212.0;30.0;;;;;;;;;;;;;;;;;;
 ;01:59:25;4.200;0.017;212.0;30.0;;;;;;;;;;;;;;;;;;
 ;01:59:26;4.200;0.017;212.0;30.0;;;;;;;;;;;;;;;;;;
 ;01:59:27;4.200;0.017;212.0;30.0;;;;;;;;;;;;;;;;;;
 ;01:59:28;4.200;0.017;212.0;30.0;;;;;;;;;;;;;;;;;;
 ;01:59:29;4.200;0.017;212.0;30.0;;;;;;;;;;;;;;;;;;
 ;01:59:30;4.200;0.017;212.0;30.0;;;;;;;;;;;;;;;;;;
 ;01:59:31;4.200;0.017;212.0;30.0;;;;;;;;;;;;;;;;;;
 ;01:59:32;4.200;0.017;212.0;30.0;;;;;;;;;;;;;;;;;;
 ;01:59:33;4.200;0.017;212.0;30.0;;;;;;;;;;;;;;;;;;
 ;01:59:34;4.200;0.017;212.0;30.0;;;;;;;;;;;;;;;;;;
 ;01:59:35;4.200;0.017;212.0;30.0;;;;;;;;;;;;;;;;;;
 ;01:59:36;4.200;0.017;212.0;30.0;;;;;;;;;;;;;;;;;;
 ;01:59:37;4.200;0.017;212.0;30.0;;;;;;;;;;;;;;;;;;
 ;01:59:38;4.200;0.017;212.0;30.0;;;;;;;;;;;;;;;;;;
 ;01:59:39;4.200;0.017;212.0;30.0;;;;;;;;;;;;;;;;;;
 ;01:59:40;4.200;0.017;212.0;30.0;;;;;;;;;;;;;;;;;;
 ;01:59:41;4.200;0.017;212.0;30.0;;;;;;;;;;;;;;;;;;
 ;01:59:42;4.200;0.017;212.0;30.0;;;;;;;;;;;;;;;;;;
 ;01:59:43;4.200;0.017;212.0;30.0;;;;;;;;;;;;;;;;;;
 ;01:59:44;4.200;0.017;212.1;30.0;;;;;;;;;;;;;;;;;;
 ;01:59:45;4.200;0.017;212.1;30.0;;;;;;;;;;;;;;;;;;
 ;01:59:46;4.200;0.017;212.1;30.0;;;;;;;;;;;;;;;;;;
 ;01:59:47;4.200;0.017;212.1;30.0;;;;;;;;;;;;;;;;;;
 ;01:59:48;4.200;0.017;212.1;30.0;;;;;;;;;;;;;;;;;;
 ;01:59:49;4.200;0.017;212.1;30.0;;;;;;;;;;;;;;;;;;
 ;01:59:50;4.200;0.017;212.1;30.0;;;;;;;;;;;;;;;;;;
 ;01:59:51;4.200;0.017;212.1;30.0;;;;;;;;;;;;;;;;;;
 ;01:59:52;4.200;0.017;212.1;30.0;;;;;;;;;;;;;;;;;;
 ;01:59:53;4.200;0.017;212.1;30.0;;;;;;;;;;;;;;;;;;
 ;01:59:54;4.200;0.017;212.1;30.0;;;;;;;;;;;;;;;;;;
 ;01:59:55;4.200;0.017;212.1;30.0;;;;;;;;;;;;;;;;;;
 ;01:59:56;4.200;0.017;212.1;30.0;;;;;;;;;;;;;;;;;;
 ;01:59:57;4.200;0.017;212.1;30.0;;;;;;;;;;;;;;;;;;
 ;01:59:58;4.200;0.017;212.1;30.0;;;;;;;;;;;;;;;;;;
 ;01:59:59;4.200;0.017;212.1;30.0;;;;;;;;;;;;;;;;;;
 ;02:00:00;4.200;0.017;212.1;30.0;;;;;;;;;;;;;;;;;;
 ;02:00:01;4.200;0.017;212.1;30.0;;;;;;;;;;;;;;;;;;
 ;02:00:02;4.200;0.017;212.1;30.0;;;;;;;;;;;;;;;;;;
 ;02:00:03;4.200;0.017;212.1;30.0;;;;;;;;;;;;;;;;;;
 ;02:00:04;4.200;0.017;212.1;30.0;;;;;;;;;;;;;;;;;;
 ;02:00:05;4.200;0.017;212.2;30.0;;;;;;;;;;;;;;;;;;
 ;02:00:06;4.200;0.017;212.2;30.0;;;;;;;;;;;;;;;;;;
 ;02:00:07;4.200;0.017;212.2;30.0;;;;;;;;;;;;;;;;;;
 ;02:00:08;4.200;0.017;212.2;30.0;;;;;;;;;;;;;;;;;;
 ;02:00:09;4.200;0.017;212.2;30.0;;;;;;;;;;;;;;;;;;
 ;02:00:10;4.200;0.017;212.2;30.0;;;;;;;;;;;;;;;;;;
 ;02:00:11;4.200;0.017;212.2;30.0;;;;;;;;;;;;;;;;;;
 ;02:00:12;4.200;0.017;212.2;30.0;;;;;;;;;;;;;;;;;;
 ;02:00:13;4.200;0.017;212.2;30.0;;;;;;;;;;;;;;;;;;
 ;02:00:14;4.200;0.017;212.2;30.0;;;;;;;;;;;;;;;;;;
 ;02:00:15;4.200;0.017;212.2;30.0;;;;;;;;;;;;;;;;;;
 ;02:00:16;4.200;0.017;212.2;30.0;;;;;;;;;;;;;;;;;;
 ;02:00:17;4.200;0.017;212.2;30.0;;;;;;;;;;;;;;;;;;
 ;02:00:18;4.200;0.017;212.2;30.0;;;;;;;;;;;;;;;;;;
 ;02:00:19;4.200;0.017;212.2;30.0;;;;;;;;;;;;;;;;;;
 ;02:00:20;4.200;0.017;212.2;30.0;;;;;;;;;;;;;;;;;;
 ;02:00:21;4.200;0.017;212.2;30.0;;;;;;;;;;;;;;;;;;
 ;02:00:22;4.200;0.017;212.2;30.0;;;;;;;;;;;;;;;;;;
 ;02:00:23;4.200;0.017;212.2;30.0;;;;;;;;;;;;;;;;;;
 ;02:00:24;4.200;0.017;212.2;30.0;;;;;;;;;;;;;;;;;;
 ;02:00:25;4.200;0.017;212.2;30.0;;;;;;;;;;;;;;;;;;
 ;02:00:26;4.200;0.017;212.3;30.0;;;;;;;;;;;;;;;;;;
 ;02:00:27;4.200;0.017;212.3;30.0;;;;;;;;;;;;;;;;;;
 ;02:00:28;4.200;0.017;212.3;30.0;;;;;;;;;;;;;;;;;;
 ;02:00:29;4.200;0.017;212.3;30.0;;;;;;;;;;;;;;;;;;
 ;02:00:30;4.200;0.017;212.3;30.0;;;;;;;;;;;;;;;;;;
 ;02:00:31;4.200;0.017;212.3;30.0;;;;;;;;;;;;;;;;;;
 ;02:00:32;4.200;0.017;212.3;30.0;;;;;;;;;;;;;;;;;;
 ;02:00:33;4.200;0.017;212.3;30.0;;;;;;;;;;;;;;;;;;
 ;02:00:34;4.200;0.017;212.3;30.0;;;;;;;;;;;;;;;;;;
 ;02:00:35;4.200;0.017;212.3;30.0;;;;;;;;;;;;;;;;;;
 ;02:00:36;4.200;0.017;212.3;30.0;;;;;;;;;;;;;;;;;;
 ;02:00:37;4.200;0.017;212.3;30.0;;;;;;;;;;;;;;;;;;
 ;02:00:38;4.200;0.017;212.3;30.0;;;;;;;;;;;;;;;;;;
 ;02:00:39;4.200;0.017;212.3;30.0;;;;;;;;;;;;;;;;;;
 ;02:00:40;4.200;0.017;212.3;30.0;;;;;;;;;;;;;;;;;;
 ;02:00:41;4.200;0.017;212.3;30.0;;;;;;;;;;;;;;;;;;
 ;02:00:42;4.200;0.017;212.3;30.0;;;;;;;;;;;;;;;;;;
 ;02:00:43;4.200;0.017;212.3;30.0;;;;;;;;;;;;;;;;;;
 ;02:00:44;4.200;0.017;212.3;30.0;;;;;;;;;;;;;;;;;;
 ;02:00:45;4.200;0.017;212.3;30.0;;;;;;;;;;;;;;;;;;
 ;02:00:46;4.200;0.017;212.3;30.0;;;;;;;;;;;;;;;;;;
 ;02:00:47;4.200;0.017;212.3;30.0;;;;;;;;;;;;;;;;;;
 ;02:00:48;4.200;0.017;212.4;30.0;;;;;;;;;;;;;;;;;;
 ;02:00:49;4.200;0.017;212.4;30.0;;;;;;;;;;;;;;;;;;
 ;02:00:50;4.200;0.017;212.4;30.0;;;;;;;;;;;;;;;;;;
 ;02:00:51;4.200;0.017;212.4;30.0;;;;;;;;;;;;;;;;;;
 ;02:00:52;4.200;0.017;212.4;30.0;;;;;;;;;;;;;;;;;;
 ;02:00:53;4.200;0.017;212.4;30.0;;;;;;;;;;;;;;;;;;
 ;02:00:54;4.200;0.017;212.4;30.0;;;;;;;;;;;;;;;;;;
 ;02:00:55;4.200;0.017;212.4;30.0;;;;;;;;;;;;;;;;;;
 ;02:00:56;4.200;0.017;212.4;30.0;;;;;;;;;;;;;;;;;;
 ;02:00:57;4.200;0.017;212.4;30.0;;;;;;;;;;;;;;;;;;
 ;02:00:58;4.200;0.017;212.4;30.0;;;;;;;;;;;;;;;;;;
 ;02:00:59;4.200;0.017;212.4;30.0;;;;;;;;;;;;;;;;;;
 ;02:01:00;4.200;0.017;212.4;30.0;;;;;;;;;;;;;;;;;;
 ;02:01:01;4.200;0.017;212.4;30.0;;;;;;;;;;;;;;;;;;
 ;02:01:02;4.200;0.017;212.4;30.0;;;;;;;;;;;;;;;;;;
 ;02:01:03;4.200;0.017;212.4;30.0;;;;;;;;;;;;;;;;;;
 ;02:01:04;4.200;0.017;212.4;30.0;;;;;;;;;;;;;;;;;;
 ;02:01:05;4.200;0.017;212.4;30.0;;;;;;;;;;;;;;;;;;
 ;02:01:06;4.200;0.017;212.4;30.0;;;;;;;;;;;;;;;;;;
 ;02:01:07;4.200;0.017;212.4;30.0;;;;;;;;;;;;;;;;;;
 ;02:01:08;4.200;0.017;212.4;30.0;;;;;;;;;;;;;;;;;;
 ;02:01:09;4.200;0.017;212.5;30.0;;;;;;;;;;;;;;;;;;
 ;02:01:10;4.200;0.017;212.5;30.0;;;;;;;;;;;;;;;;;;
 ;02:01:11;4.200;0.017;212.5;30.0;;;;;;;;;;;;;;;;;;
 ;02:01:12;4.200;0.017;212.5;30.0;;;;;;;;;;;;;;;;;;
 ;02:01:13;4.200;0.017;212.5;30.0;;;;;;;;;;;;;;;;;;
 ;02:01:14;4.200;0.017;212.5;30.0;;;;;;;;;;;;;;;;;;
 ;02:01:15;4.200;0.017;212.5;30.0;;;;;;;;;;;;;;;;;;
 ;02:01:16;4.200;0.017;212.5;30.0;;;;;;;;;;;;;;;;;;
 ;02:01:17;4.200;0.017;212.5;30.0;;;;;;;;;;;;;;;;;;
 ;02:01:18;4.200;0.017;212.5;30.0;;;;;;;;;;;;;;;;;;
 ;02:01:19;4.200;0.017;212.5;30.0;;;;;;;;;;;;;;;;;;
 ;02:01:20;4.200;0.017;212.5;30.0;;;;;;;;;;;;;;;;;;
 ;02:01:21;4.200;0.017;212.5;30.0;;;;;;;;;;;;;;;;;;
 ;02:01:22;4.200;0.017;212.5;30.0;;;;;;;;;;;;;;;;;;
 ;02:01:23;4.200;0.017;212.5;30.0;;;;;;;;;;;;;;;;;;
 ;02:01:24;4.200;0.017;212.5;30.0;;;;;;;;;;;;;;;;;;
 ;02:01:25;4.200;0.017;212.5;30.0;;;;;;;;;;;;;;;;;;
 ;02:01:26;4.200;0.017;212.5;30.0;;;;;;;;;;;;;;;;;;
 ;02:01:27;4.200;0.017;212.5;30.0;;;;;;;;;;;;;;;;;;
 ;02:01:28;4.200;0.017;212.5;30.0;;;;;;;;;;;;;;;;;;
 ;02:01:29;4.200;0.017;212.5;30.0;;;;;;;;;;;;;;;;;;
 ;02:01:30;4.200;0.017;212.6;30.0;;;;;;;;;;;;;;;;;;
 ;02:01:31;4.200;0.017;212.6;30.0;;;;;;;;;;;;;;;;;;
 ;02:01:32;4.200;0.016;212.6;30.0;;;;;;;;;;;;;;;;;;
 ;02:01:33;4.200;0.017;212.6;30.0;;;;;;;;;;;;;;;;;;
 ;02:01:34;4.200;0.017;212.6;30.0;;;;;;;;;;;;;;;;;;
 ;02:01:35;4.200;0.017;212.6;30.0;;;;;;;;;;;;;;;;;;
 ;02:01:36;4.200;0.017;212.6;30.0;;;;;;;;;;;;;;;;;;
 ;02:01:37;4.200;0.017;212.6;30.0;;;;;;;;;;;;;;;;;;
 ;02:01:38;4.200;0.017;212.6;30.0;;;;;;;;;;;;;;;;;;
 ;02:01:39;4.200;0.017;212.6;30.0;;;;;;;;;;;;;;;;;;
 ;02:01:40;4.200;0.017;212.6;30.0;;;;;;;;;;;;;;;;;;
 ;02:01:41;4.200;0.017;212.6;30.0;;;;;;;;;;;;;;;;;;
 ;02:01:42;4.200;0.017;212.6;30.0;;;;;;;;;;;;;;;;;;
 ;02:01:43;4.200;0.017;212.6;30.0;;;;;;;;;;;;;;;;;;
 ;02:01:44;4.200;0.017;212.6;30.0;;;;;;;;;;;;;;;;;;
 ;02:01:45;4.200;0.017;212.6;30.0;;;;;;;;;;;;;;;;;;
 ;02:01:46;4.200;0.017;212.6;30.0;;;;;;;;;;;;;;;;;;
 ;02:01:47;4.200;0.017;212.6;30.0;;;;;;;;;;;;;;;;;;
 ;02:01:48;4.200;0.017;212.6;30.0;;;;;;;;;;;;;;;;;;
 ;02:01:49;4.200;0.017;212.6;30.0;;;;;;;;;;;;;;;;;;
 ;02:01:50;4.200;0.017;212.6;30.0;;;;;;;;;;;;;;;;;;
 ;02:01:51;4.200;0.017;212.7;30.0;;;;;;;;;;;;;;;;;;
 ;02:01:52;4.200;0.017;212.7;30.0;;;;;;;;;;;;;;;;;;
 ;02:01:53;4.200;0.017;212.7;30.0;;;;;;;;;;;;;;;;;;
 ;02:01:54;4.200;0.017;212.7;30.0;;;;;;;;;;;;;;;;;;
 ;02:01:55;4.200;0.017;212.7;30.0;;;;;;;;;;;;;;;;;;
 ;02:01:56;4.200;0.017;212.7;30.0;;;;;;;;;;;;;;;;;;
 ;02:01:57;4.200;0.017;212.7;30.0;;;;;;;;;;;;;;;;;;
 ;02:01:58;4.200;0.017;212.7;30.0;;;;;;;;;;;;;;;;;;
 ;02:01:59;4.200;0.017;212.7;30.0;;;;;;;;;;;;;;;;;;
 ;02:02:00;4.200;0.017;212.7;30.0;;;;;;;;;;;;;;;;;;
 ;02:02:01;4.200;0.017;212.7;30.0;;;;;;;;;;;;;;;;;;
 ;02:02:02;4.200;0.017;212.7;30.0;;;;;;;;;;;;;;;;;;
 ;02:02:03;4.200;0.017;212.7;30.0;;;;;;;;;;;;;;;;;;
 ;02:02:04;4.200;0.017;212.7;30.0;;;;;;;;;;;;;;;;;;
 ;02:02:05;4.200;0.017;212.7;30.0;;;;;;;;;;;;;;;;;;
 ;02:02:06;4.200;0.017;212.7;30.0;;;;;;;;;;;;;;;;;;
 ;02:02:07;4.200;0.017;212.7;30.0;;;;;;;;;;;;;;;;;;
 ;02:02:08;4.200;0.017;212.7;30.0;;;;;;;;;;;;;;;;;;
 ;02:02:09;4.200;0.017;212.7;30.0;;;;;;;;;;;;;;;;;;
 ;02:02:10;4.200;0.017;212.7;30.0;;;;;;;;;;;;;;;;;;
 ;02:02:11;4.200;0.017;212.7;30.0;;;;;;;;;;;;;;;;;;
 ;02:02:12;4.200;0.017;212.8;30.0;;;;;;;;;;;;;;;;;;
 ;02:02:13;4.200;0.017;212.8;30.0;;;;;;;;;;;;;;;;;;
 ;02:02:14;4.200;0.017;212.8;30.0;;;;;;;;;;;;;;;;;;
 ;02:02:15;4.200;0.017;212.8;30.0;;;;;;;;;;;;;;;;;;
 ;02:02:16;4.200;0.017;212.8;30.0;;;;;;;;;;;;;;;;;;
 ;02:02:17;4.200;0.017;212.8;30.0;;;;;;;;;;;;;;;;;;
 ;02:02:18;4.200;0.017;212.8;30.0;;;;;;;;;;;;;;;;;;
 ;02:02:19;4.200;0.017;212.8;30.0;;;;;;;;;;;;;;;;;;
 ;02:02:20;4.200;0.017;212.8;30.0;;;;;;;;;;;;;;;;;;
 ;02:02:21;4.200;0.017;212.8;30.0;;;;;;;;;;;;;;;;;;
 ;02:02:22;4.200;0.017;212.8;30.0;;;;;;;;;;;;;;;;;;
 ;02:02:23;4.200;0.017;212.8;30.0;;;;;;;;;;;;;;;;;;
 ;02:02:24;4.200;0.017;212.8;30.0;;;;;;;;;;;;;;;;;;
 ;02:02:25;4.200;0.017;212.8;30.0;;;;;;;;;;;;;;;;;;
 ;02:02:26;4.200;0.017;212.8;30.0;;;;;;;;;;;;;;;;;;
 ;02:02:27;4.200;0.017;212.8;30.0;;;;;;;;;;;;;;;;;;
 ;02:02:28;4.200;0.017;212.8;30.0;;;;;;;;;;;;;;;;;;
 ;02:02:29;4.200;0.017;212.8;30.0;;;;;;;;;;;;;;;;;;
 ;02:02:30;4.200;0.017;212.8;30.0;;;;;;;;;;;;;;;;;;
 ;02:02:31;4.200;0.017;212.8;30.0;;;;;;;;;;;;;;;;;;
 ;02:02:32;4.200;0.017;212.8;30.0;;;;;;;;;;;;;;;;;;
 ;02:02:33;4.200;0.017;212.8;30.0;;;;;;;;;;;;;;;;;;
 ;02:02:34;4.200;0.017;212.9;30.0;;;;;;;;;;;;;;;;;;
 ;02:02:35;4.200;0.017;212.9;30.0;;;;;;;;;;;;;;;;;;
 ;02:02:36;4.200;0.017;212.9;30.0;;;;;;;;;;;;;;;;;;
 ;02:02:37;4.200;0.017;212.9;30.0;;;;;;;;;;;;;;;;;;
 ;02:02:38;4.200;0.017;212.9;30.0;;;;;;;;;;;;;;;;;;
 ;02:02:39;4.200;0.017;212.9;30.0;;;;;;;;;;;;;;;;;;
 ;02:02:40;4.200;0.017;212.9;30.0;;;;;;;;;;;;;;;;;;
 ;02:02:41;4.200;0.017;212.9;30.0;;;;;;;;;;;;;;;;;;
 ;02:02:42;4.200;0.017;212.9;30.0;;;;;;;;;;;;;;;;;;
 ;02:02:43;4.200;0.017;212.9;30.0;;;;;;;;;;;;;;;;;;
 ;02:02:44;4.200;0.017;212.9;30.0;;;;;;;;;;;;;;;;;;
 ;02:02:45;4.200;0.017;212.9;30.0;;;;;;;;;;;;;;;;;;
 ;02:02:46;4.200;0.017;212.9;30.0;;;;;;;;;;;;;;;;;;
 ;02:02:47;4.200;0.017;212.9;30.0;;;;;;;;;;;;;;;;;;
 ;02:02:48;4.200;0.017;212.9;30.0;;;;;;;;;;;;;;;;;;
 ;02:02:49;4.200;0.017;212.9;30.0;;;;;;;;;;;;;;;;;;
 ;02:02:50;4.200;0.016;212.9;30.0;;;;;;;;;;;;;;;;;;
 ;02:02:51;4.200;0.016;212.9;30.0;;;;;;;;;;;;;;;;;;
 ;02:02:52;4.200;0.016;212.9;30.0;;;;;;;;;;;;;;;;;;
 ;02:02:53;4.200;0.016;212.9;30.0;;;;;;;;;;;;;;;;;;
 ;02:02:54;4.200;0.016;212.9;30.0;;;;;;;;;;;;;;;;;;
 ;02:02:55;4.200;0.016;213.0;30.0;;;;;;;;;;;;;;;;;;
 ;02:02:56;4.200;0.016;213.0;30.0;;;;;;;;;;;;;;;;;;
 ;02:02:57;4.200;0.016;213.0;30.0;;;;;;;;;;;;;;;;;;
 ;02:02:58;4.200;0.016;213.0;30.0;;;;;;;;;;;;;;;;;;
 ;02:02:59;4.200;0.016;213.0;30.0;;;;;;;;;;;;;;;;;;
 ;02:03:00;4.200;0.016;213.0;30.0;;;;;;;;;;;;;;;;;;
 ;02:03:01;4.200;0.016;213.0;30.0;;;;;;;;;;;;;;;;;;
 ;02:03:02;4.200;0.016;213.0;30.0;;;;;;;;;;;;;;;;;;
 ;02:03:03;4.200;0.016;213.0;30.0;;;;;;;;;;;;;;;;;;
 ;02:03:04;4.200;0.016;213.0;30.0;;;;;;;;;;;;;;;;;;
 ;02:03:05;4.200;0.016;213.0;30.0;;;;;;;;;;;;;;;;;;
 ;02:03:06;4.200;0.016;213.0;30.0;;;;;;;;;;;;;;;;;;
 ;02:03:07;4.200;0.016;213.0;30.0;;;;;;;;;;;;;;;;;;
 ;02:03:08;4.200;0.016;213.0;30.0;;;;;;;;;;;;;;;;;;
 ;02:03:09;4.200;0.016;213.0;30.0;;;;;;;;;;;;;;;;;;
 ;02:03:10;4.200;0.016;213.0;30.0;;;;;;;;;;;;;;;;;;
 ;02:03:11;4.200;0.016;213.0;30.0;;;;;;;;;;;;;;;;;;
 ;02:03:12;4.200;0.016;213.0;30.0;;;;;;;;;;;;;;;;;;
 ;02:03:13;4.200;0.016;213.0;30.0;;;;;;;;;;;;;;;;;;
 ;02:03:14;4.200;0.016;213.0;30.0;;;;;;;;;;;;;;;;;;
 ;02:03:15;4.200;0.016;213.0;30.0;;;;;;;;;;;;;;;;;;
 ;02:03:16;4.200;0.016;213.0;30.0;;;;;;;;;;;;;;;;;;
 ;02:03:17;4.200;0.016;213.1;30.0;;;;;;;;;;;;;;;;;;
 ;02:03:18;4.200;0.016;213.1;30.0;;;;;;;;;;;;;;;;;;
 ;02:03:19;4.200;0.016;213.1;30.0;;;;;;;;;;;;;;;;;;
 ;02:03:20;4.200;0.016;213.1;30.0;;;;;;;;;;;;;;;;;;
 ;02:03:21;4.200;0.016;213.1;30.0;;;;;;;;;;;;;;;;;;
 ;02:03:22;4.200;0.016;213.1;30.0;;;;;;;;;;;;;;;;;;
 ;02:03:23;4.200;0.016;213.1;30.0;;;;;;;;;;;;;;;;;;
 ;02:03:24;4.200;0.016;213.1;30.0;;;;;;;;;;;;;;;;;;
 ;02:03:25;4.200;0.016;213.1;30.0;;;;;;;;;;;;;;;;;;
 ;02:03:26;4.200;0.016;213.1;30.0;;;;;;;;;;;;;;;;;;
 ;02:03:27;4.200;0.016;213.1;30.0;;;;;;;;;;;;;;;;;;
 ;02:03:28;4.200;0.016;213.1;30.0;;;;;;;;;;;;;;;;;;
 ;02:03:29;4.200;0.016;213.1;30.0;;;;;;;;;;;;;;;;;;
 ;02:03:30;4.200;0.016;213.1;30.0;;;;;;;;;;;;;;;;;;
 ;02:03:31;4.200;0.016;213.1;30.0;;;;;;;;;;;;;;;;;;
 ;02:03:32;4.200;0.016;213.1;30.0;;;;;;;;;;;;;;;;;;
 ;02:03:33;4.200;0.016;213.1;30.0;;;;;;;;;;;;;;;;;;
 ;02:03:34;4.200;0.016;213.1;30.0;;;;;;;;;;;;;;;;;;
 ;02:03:35;4.200;0.016;213.1;30.0;;;;;;;;;;;;;;;;;;
 ;02:03:36;4.200;0.016;213.1;30.0;;;;;;;;;;;;;;;;;;
 ;02:03:37;4.200;0.016;213.1;30.0;;;;;;;;;;;;;;;;;;
 ;02:03:38;4.200;0.016;213.1;30.0;;;;;;;;;;;;;;;;;;
 ;02:03:39;4.200;0.016;213.1;30.0;;;;;;;;;;;;;;;;;;
 ;02:03:40;4.200;0.016;213.2;30.0;;;;;;;;;;;;;;;;;;
 ;02:03:41;4.200;0.016;213.2;30.0;;;;;;;;;;;;;;;;;;
 ;02:03:42;4.200;0.016;213.2;30.0;;;;;;;;;;;;;;;;;;
 ;02:03:43;4.200;0.016;213.2;30.0;;;;;;;;;;;;;;;;;;
 ;02:03:44;4.200;0.016;213.2;30.0;;;;;;;;;;;;;;;;;;
 ;02:03:45;4.200;0.016;213.2;30.0;;;;;;;;;;;;;;;;;;
 ;02:03:46;4.200;0.016;213.2;30.0;;;;;;;;;;;;;;;;;;
 ;02:03:47;4.200;0.016;213.2;30.0;;;;;;;;;;;;;;;;;;
 ;02:03:48;4.200;0.016;213.2;30.0;;;;;;;;;;;;;;;;;;
 ;02:03:49;4.200;0.016;213.2;30.0;;;;;;;;;;;;;;;;;;
 ;02:03:50;4.200;0.016;213.2;30.0;;;;;;;;;;;;;;;;;;
 ;02:03:51;4.200;0.016;213.2;30.0;;;;;;;;;;;;;;;;;;
 ;02:03:52;4.200;0.016;213.2;30.0;;;;;;;;;;;;;;;;;;
 ;02:03:53;4.200;0.016;213.2;30.0;;;;;;;;;;;;;;;;;;
 ;02:03:54;4.200;0.016;213.2;30.0;;;;;;;;;;;;;;;;;;
 ;02:03:55;4.200;0.016;213.2;30.0;;;;;;;;;;;;;;;;;;
 ;02:03:56;4.200;0.016;213.2;30.0;;;;;;;;;;;;;;;;;;
 ;02:03:57;4.200;0.016;213.2;30.0;;;;;;;;;;;;;;;;;;
 ;02:03:58;4.200;0.016;213.2;30.0;;;;;;;;;;;;;;;;;;
 ;02:03:59;4.200;0.016;213.2;30.0;;;;;;;;;;;;;;;;;;
 ;02:04:00;4.200;0.016;213.2;30.0;;;;;;;;;;;;;;;;;;
 ;02:04:01;4.200;0.016;213.2;30.0;;;;;;;;;;;;;;;;;;
 ;02:04:02;4.200;0.016;213.3;30.0;;;;;;;;;;;;;;;;;;
 ;02:04:03;4.200;0.016;213.3;30.0;;;;;;;;;;;;;;;;;;
 ;02:04:04;4.200;0.016;213.3;30.0;;;;;;;;;;;;;;;;;;
 ;02:04:05;4.200;0.016;213.3;30.0;;;;;;;;;;;;;;;;;;
 ;02:04:06;4.200;0.016;213.3;30.0;;;;;;;;;;;;;;;;;;
 ;02:04:07;4.200;0.016;213.3;30.0;;;;;;;;;;;;;;;;;;
 ;02:04:08;4.200;0.016;213.3;30.0;;;;;;;;;;;;;;;;;;
 ;02:04:09;4.200;0.016;213.3;30.0;;;;;;;;;;;;;;;;;;
 ;02:04:10;4.200;0.016;213.3;30.0;;;;;;;;;;;;;;;;;;
 ;02:04:11;4.200;0.016;213.3;30.0;;;;;;;;;;;;;;;;;;
 ;02:04:12;4.200;0.016;213.3;30.0;;;;;;;;;;;;;;;;;;
 ;02:04:13;4.200;0.016;213.3;30.0;;;;;;;;;;;;;;;;;;
 ;02:04:14;4.200;0.016;213.3;30.0;;;;;;;;;;;;;;;;;;
 ;02:04:15;4.200;0.016;213.3;30.0;;;;;;;;;;;;;;;;;;
 ;02:04:16;4.200;0.016;213.3;30.0;;;;;;;;;;;;;;;;;;
 ;02:04:17;4.200;0.016;213.3;30.0;;;;;;;;;;;;;;;;;;
 ;02:04:18;4.200;0.016;213.3;30.0;;;;;;;;;;;;;;;;;;
 ;02:04:19;4.200;0.016;213.3;30.0;;;;;;;;;;;;;;;;;;
 ;02:04:20;4.200;0.016;213.3;30.0;;;;;;;;;;;;;;;;;;
 ;02:04:21;4.200;0.016;213.3;30.0;;;;;;;;;;;;;;;;;;
 ;02:04:22;4.200;0.016;213.3;30.0;;;;;;;;;;;;;;;;;;
 ;02:04:23;4.200;0.016;213.3;30.0;;;;;;;;;;;;;;;;;;
 ;02:04:24;4.200;0.016;213.3;30.0;;;;;;;;;;;;;;;;;;
 ;02:04:25;4.200;0.016;213.4;30.0;;;;;;;;;;;;;;;;;;
 ;02:04:26;4.200;0.016;213.4;30.0;;;;;;;;;;;;;;;;;;
 ;02:04:27;4.200;0.016;213.4;30.0;;;;;;;;;;;;;;;;;;
 ;02:04:28;4.200;0.016;213.4;30.0;;;;;;;;;;;;;;;;;;
 ;02:04:29;4.200;0.016;213.4;30.0;;;;;;;;;;;;;;;;;;
 ;02:04:30;4.200;0.016;213.4;30.0;;;;;;;;;;;;;;;;;;
 ;02:04:31;4.200;0.016;213.4;30.0;;;;;;;;;;;;;;;;;;
 ;02:04:32;4.200;0.016;213.4;30.0;;;;;;;;;;;;;;;;;;
 ;02:04:33;4.200;0.016;213.4;30.0;;;;;;;;;;;;;;;;;;
 ;02:04:34;4.200;0.016;213.4;30.0;;;;;;;;;;;;;;;;;;
 ;02:04:35;4.200;0.016;213.4;30.0;;;;;;;;;;;;;;;;;;
 ;02:04:36;4.200;0.016;213.4;30.0;;;;;;;;;;;;;;;;;;
 ;02:04:37;4.200;0.016;213.4;30.0;;;;;;;;;;;;;;;;;;
 ;02:04:38;4.200;0.016;213.4;30.0;;;;;;;;;;;;;;;;;;
 ;02:04:39;4.200;0.016;213.4;30.0;;;;;;;;;;;;;;;;;;
 ;02:04:40;4.200;0.016;213.4;30.0;;;;;;;;;;;;;;;;;;
 ;02:04:41;4.200;0.016;213.4;30.0;;;;;;;;;;;;;;;;;;
 ;02:04:42;4.200;0.016;213.4;30.0;;;;;;;;;;;;;;;;;;
 ;02:04:43;4.200;0.016;213.4;30.0;;;;;;;;;;;;;;;;;;
 ;02:04:44;4.200;0.016;213.4;30.0;;;;;;;;;;;;;;;;;;
 ;02:04:45;4.200;0.016;213.4;30.0;;;;;;;;;;;;;;;;;;
 ;02:04:46;4.200;0.016;213.4;30.0;;;;;;;;;;;;;;;;;;
 ;02:04:47;4.200;0.016;213.5;30.0;;;;;;;;;;;;;;;;;;
 ;02:04:48;4.200;0.016;213.5;30.0;;;;;;;;;;;;;;;;;;
 ;02:04:49;4.200;0.016;213.5;30.0;;;;;;;;;;;;;;;;;;
 ;02:04:50;4.200;0.016;213.5;30.0;;;;;;;;;;;;;;;;;;
 ;02:04:51;4.200;0.016;213.5;30.0;;;;;;;;;;;;;;;;;;
 ;02:04:52;4.200;0.016;213.5;30.0;;;;;;;;;;;;;;;;;;
 ;02:04:53;4.200;0.016;213.5;30.0;;;;;;;;;;;;;;;;;;
 ;02:04:54;4.200;0.016;213.5;30.0;;;;;;;;;;;;;;;;;;
 ;02:04:55;4.200;0.016;213.5;30.0;;;;;;;;;;;;;;;;;;
 ;02:04:56;4.200;0.016;213.5;30.0;;;;;;;;;;;;;;;;;;
 ;02:04:57;4.200;0.016;213.5;30.0;;;;;;;;;;;;;;;;;;
 ;02:04:58;4.200;0.016;213.5;30.0;;;;;;;;;;;;;;;;;;
 ;02:04:59;4.200;0.016;213.5;30.0;;;;;;;;;;;;;;;;;;
 ;02:05:00;4.200;0.016;213.5;30.0;;;;;;;;;;;;;;;;;;
 ;02:05:01;4.200;0.016;213.5;30.0;;;;;;;;;;;;;;;;;;
 ;02:05:02;4.200;0.016;213.5;30.0;;;;;;;;;;;;;;;;;;
 ;02:05:03;4.200;0.016;213.5;30.0;;;;;;;;;;;;;;;;;;
 ;02:05:04;4.200;0.016;213.5;30.0;;;;;;;;;;;;;;;;;;
 ;02:05:05;4.200;0.016;213.5;30.0;;;;;;;;;;;;;;;;;;
 ;02:05:06;4.200;0.016;213.5;30.0;;;;;;;;;;;;;;;;;;
 ;02:05:07;4.200;0.016;213.5;30.0;;;;;;;;;;;;;;;;;;
 ;02:05:08;4.200;0.016;213.5;30.0;;;;;;;;;;;;;;;;;;
 ;02:05:09;4.200;0.016;213.5;30.0;;;;;;;;;;;;;;;;;;
 ;02:05:10;4.200;0.016;213.6;30.0;;;;;;;;;;;;;;;;;;
 ;02:05:11;4.200;0.016;213.6;30.0;;;;;;;;;;;;;;;;;;
 ;02:05:12;4.200;0.016;213.6;30.0;;;;;;;;;;;;;;;;;;
 ;02:05:13;4.200;0.016;213.6;30.0;;;;;;;;;;;;;;;;;;
 ;02:05:14;4.200;0.016;213.6;30.0;;;;;;;;;;;;;;;;;;
 ;02:05:15;4.200;0.016;213.6;30.0;;;;;;;;;;;;;;;;;;
 ;02:05:16;4.200;0.016;213.6;30.0;;;;;;;;;;;;;;;;;;
 ;02:05:17;4.200;0.016;213.6;30.0;;;;;;;;;;;;;;;;;;
 ;02:05:18;4.200;0.016;213.6;30.0;;;;;;;;;;;;;;;;;;
 ;02:05:19;4.200;0.016;213.6;30.0;;;;;;;;;;;;;;;;;;
 ;02:05:20;4.200;0.016;213.6;30.0;;;;;;;;;;;;;;;;;;
 ;02:05:21;4.200;0.016;213.6;30.0;;;;;;;;;;;;;;;;;;
 ;02:05:22;4.200;0.016;213.6;30.0;;;;;;;;;;;;;;;;;;
 ;02:05:23;4.200;0.016;213.6;30.0;;;;;;;;;;;;;;;;;;
 ;02:05:24;4.200;0.016;213.6;30.0;;;;;;;;;;;;;;;;;;
 ;02:05:25;4.200;0.016;213.6;30.0;;;;;;;;;;;;;;;;;;
 ;02:05:26;4.200;0.016;213.6;30.0;;;;;;;;;;;;;;;;;;
 ;02:05:27;4.200;0.016;213.6;30.0;;;;;;;;;;;;;;;;;;
 ;02:05:28;4.200;0.016;213.6;30.0;;;;;;;;;;;;;;;;;;
 ;02:05:29;4.200;0.016;213.6;30.0;;;;;;;;;;;;;;;;;;
 ;02:05:30;4.200;0.016;213.6;30.0;;;;;;;;;;;;;;;;;;
 ;02:05:31;4.200;0.016;213.6;30.0;;;;;;;;;;;;;;;;;;
 ;02:05:32;4.200;0.016;213.7;30.0;;;;;;;;;;;;;;;;;;
 ;02:05:33;4.200;0.016;213.7;30.0;;;;;;;;;;;;;;;;;;
 ;02:05:34;4.200;0.016;213.7;30.0;;;;;;;;;;;;;;;;;;
 ;02:05:35;4.200;0.016;213.7;30.0;;;;;;;;;;;;;;;;;;
 ;02:05:36;4.200;0.016;213.7;30.0;;;;;;;;;;;;;;;;;;
 ;02:05:37;4.200;0.016;213.7;30.0;;;;;;;;;;;;;;;;;;
 ;02:05:38;4.200;0.016;213.7;30.0;;;;;;;;;;;;;;;;;;
 ;02:05:39;4.200;0.016;213.7;30.0;;;;;;;;;;;;;;;;;;
 ;02:05:40;4.200;0.016;213.7;30.0;;;;;;;;;;;;;;;;;;
 ;02:05:41;4.200;0.016;213.7;30.0;;;;;;;;;;;;;;;;;;
 ;02:05:42;4.200;0.016;213.7;30.0;;;;;;;;;;;;;;;;;;
 ;02:05:43;4.200;0.016;213.7;30.0;;;;;;;;;;;;;;;;;;
 ;02:05:44;4.200;0.016;213.7;30.0;;;;;;;;;;;;;;;;;;
 ;02:05:45;4.200;0.016;213.7;30.0;;;;;;;;;;;;;;;;;;
 ;02:05:46;4.200;0.016;213.7;30.0;;;;;;;;;;;;;;;;;;
 ;02:05:47;4.200;0.016;213.7;30.0;;;;;;;;;;;;;;;;;;
 ;02:05:48;4.200;0.016;213.7;30.0;;;;;;;;;;;;;;;;;;
 ;02:05:49;4.200;0.016;213.7;30.0;;;;;;;;;;;;;;;;;;
 ;02:05:50;4.200;0.016;213.7;30.0;;;;;;;;;;;;;;;;;;
 ;02:05:51;4.200;0.016;213.7;30.0;;;;;;;;;;;;;;;;;;
 ;02:05:52;4.200;0.016;213.7;30.0;;;;;;;;;;;;;;;;;;
 ;02:05:53;4.200;0.016;213.7;30.0;;;;;;;;;;;;;;;;;;
 ;02:05:54;4.200;0.016;213.7;30.0;;;;;;;;;;;;;;;;;;
 ;02:05:55;4.200;0.016;213.8;30.0;;;;;;;;;;;;;;;;;;
 ;02:05:56;4.200;0.016;213.8;30.0;;;;;;;;;;;;;;;;;;
 ;02:05:57;4.200;0.016;213.8;30.0;;;;;;;;;;;;;;;;;;
 ;02:05:58;4.200;0.016;213.8;30.0;;;;;;;;;;;;;;;;;;
 ;02:05:59;4.200;0.016;213.8;30.0;;;;;;;;;;;;;;;;;;
 ;02:06:00;4.200;0.016;213.8;30.0;;;;;;;;;;;;;;;;;;
 ;02:06:01;4.200;0.016;213.8;30.0;;;;;;;;;;;;;;;;;;
 ;02:06:02;4.200;0.016;213.8;30.0;;;;;;;;;;;;;;;;;;
 ;02:06:03;4.200;0.016;213.8;30.0;;;;;;;;;;;;;;;;;;
 ;02:06:04;4.200;0.016;213.8;30.0;;;;;;;;;;;;;;;;;;
 ;02:06:05;4.200;0.016;213.8;30.0;;;;;;;;;;;;;;;;;;
 ;02:06:06;4.200;0.016;213.8;30.0;;;;;;;;;;;;;;;;;;
 ;02:06:07;4.200;0.016;213.8;30.0;;;;;;;;;;;;;;;;;;
 ;02:06:08;4.200;0.016;213.8;30.0;;;;;;;;;;;;;;;;;;
 ;02:06:09;4.200;0.016;213.8;30.0;;;;;;;;;;;;;;;;;;
 ;02:06:10;4.200;0.016;213.8;30.0;;;;;;;;;;;;;;;;;;
 ;02:06:11;4.200;0.016;213.8;30.0;;;;;;;;;;;;;;;;;;
 ;02:06:12;4.200;0.016;213.8;30.0;;;;;;;;;;;;;;;;;;
 ;02:06:13;4.200;0.016;213.8;30.0;;;;;;;;;;;;;;;;;;
 ;02:06:14;4.200;0.016;213.8;30.0;;;;;;;;;;;;;;;;;;
 ;02:06:15;4.200;0.016;213.8;30.0;;;;;;;;;;;;;;;;;;
 ;02:06:16;4.200;0.016;213.8;30.0;;;;;;;;;;;;;;;;;;
 ;02:06:17;4.200;0.016;213.9;30.0;;;;;;;;;;;;;;;;;;
 ;02:06:18;4.200;0.016;213.9;30.0;;;;;;;;;;;;;;;;;;
 ;02:06:19;4.200;0.016;213.9;30.0;;;;;;;;;;;;;;;;;;
 ;02:06:20;4.200;0.016;213.9;30.0;;;;;;;;;;;;;;;;;;
 ;02:06:21;4.200;0.016;213.9;30.0;;;;;;;;;;;;;;;;;;
 ;02:06:22;4.200;0.016;213.9;30.0;;;;;;;;;;;;;;;;;;
 ;02:06:23;4.200;0.016;213.9;30.0;;;;;;;;;;;;;;;;;;
 ;02:06:24;4.200;0.016;213.9;30.0;;;;;;;;;;;;;;;;;;
 ;02:06:25;4.200;0.016;213.9;30.0;;;;;;;;;;;;;;;;;;
 ;02:06:26;4.200;0.016;213.9;30.0;;;;;;;;;;;;;;;;;;
 ;02:06:27;4.200;0.016;213.9;30.0;;;;;;;;;;;;;;;;;;
 ;02:06:28;4.200;0.016;213.9;30.0;;;;;;;;;;;;;;;;;;
 ;02:06:29;4.200;0.016;213.9;30.0;;;;;;;;;;;;;;;;;;
 ;02:06:30;4.200;0.016;213.9;30.0;;;;;;;;;;;;;;;;;;
 ;02:06:31;4.200;0.016;213.9;30.0;;;;;;;;;;;;;;;;;;
 ;02:06:32;4.200;0.016;213.9;30.0;;;;;;;;;;;;;;;;;;
 ;02:06:33;4.200;0.016;213.9;30.0;;;;;;;;;;;;;;;;;;
 ;02:06:34;4.200;0.016;213.9;30.0;;;;;;;;;;;;;;;;;;
 ;02:06:35;4.200;0.016;213.9;30.0;;;;;;;;;;;;;;;;;;
 ;02:06:36;4.200;0.016;213.9;30.0;;;;;;;;;;;;;;;;;;
 ;02:06:37;4.200;0.016;213.9;30.0;;;;;;;;;;;;;;;;;;
 ;02:06:38;4.200;0.016;213.9;30.0;;;;;;;;;;;;;;;;;;
 ;02:06:39;4.200;0.016;213.9;30.0;;;;;;;;;;;;;;;;;;
 ;02:06:40;4.200;0.016;214.0;30.0;;;;;;;;;;;;;;;;;;
 ;02:06:41;4.200;0.016;214.0;30.0;;;;;;;;;;;;;;;;;;
 ;02:06:42;4.200;0.015;214.0;30.0;;;;;;;;;;;;;;;;;;
 ;02:06:43;4.200;0.015;214.0;30.0;;;;;;;;;;;;;;;;;;
 ;02:06:44;4.200;0.015;214.0;30.0;;;;;;;;;;;;;;;;;;
 ;02:06:45;4.200;0.015;214.0;30.0;;;;;;;;;;;;;;;;;;
 ;02:06:46;4.200;0.015;214.0;30.0;;;;;;;;;;;;;;;;;;
 ;02:06:47;4.200;0.015;214.0;30.0;;;;;;;;;;;;;;;;;;
 ;02:06:48;4.200;0.015;214.0;30.0;;;;;;;;;;;;;;;;;;
 ;02:06:49;4.200;0.015;214.0;30.0;;;;;;;;;;;;;;;;;;
 ;02:06:50;4.200;0.015;214.0;30.0;;;;;;;;;;;;;;;;;;
 ;02:06:51;4.200;0.015;214.0;30.0;;;;;;;;;;;;;;;;;;
 ;02:06:52;4.200;0.015;214.0;30.0;;;;;;;;;;;;;;;;;;
 ;02:06:53;4.200;0.015;214.0;30.0;;;;;;;;;;;;;;;;;;
 ;02:06:54;4.200;0.015;214.0;30.0;;;;;;;;;;;;;;;;;;
 ;02:06:55;4.200;0.015;214.0;30.0;;;;;;;;;;;;;;;;;;
 ;02:06:56;4.200;0.015;214.0;30.0;;;;;;;;;;;;;;;;;;
 ;02:06:57;4.200;0.015;214.0;30.0;;;;;;;;;;;;;;;;;;
 ;02:06:58;4.200;0.015;214.0;30.0;;;;;;;;;;;;;;;;;;
 ;02:06:59;4.200;0.015;214.0;30.0;;;;;;;;;;;;;;;;;;
 ;02:07:00;4.200;0.015;214.0;30.0;;;;;;;;;;;;;;;;;;
 ;02:07:01;4.200;0.015;214.0;30.0;;;;;;;;;;;;;;;;;;
 ;02:07:02;4.200;0.015;214.0;29.9;;;;;;;;;;;;;;;;;;
 ;02:07:03;4.200;0.015;214.1;30.0;;;;;;;;;;;;;;;;;;
 ;02:07:04;4.200;0.015;214.1;30.0;;;;;;;;;;;;;;;;;;
 ;02:07:05;4.200;0.015;214.1;30.0;;;;;;;;;;;;;;;;;;
 ;02:07:06;4.200;0.015;214.1;30.0;;;;;;;;;;;;;;;;;;
 ;02:07:07;4.200;0.015;214.1;30.0;;;;;;;;;;;;;;;;;;
 ;02:07:08;4.200;0.015;214.1;30.0;;;;;;;;;;;;;;;;;;
 ;02:07:09;4.200;0.015;214.1;30.0;;;;;;;;;;;;;;;;;;
 ;02:07:10;4.200;0.015;214.1;30.0;;;;;;;;;;;;;;;;;;
 ;02:07:11;4.200;0.015;214.1;30.0;;;;;;;;;;;;;;;;;;
 ;02:07:12;4.200;0.014;214.1;30.0;;;;;;;;;;;;;;;;;;
 ;02:07:13;4.200;0.015;214.1;30.0;;;;;;;;;;;;;;;;;;
 ;02:07:14;4.200;0.015;214.1;30.0;;;;;;;;;;;;;;;;;;
 ;02:07:15;4.200;0.015;214.1;30.0;;;;;;;;;;;;;;;;;;
 ;02:07:16;4.200;0.015;214.1;30.0;;;;;;;;;;;;;;;;;;
 ;02:07:17;4.200;0.015;214.1;30.0;;;;;;;;;;;;;;;;;;
 ;02:07:18;4.200;0.015;214.1;30.0;;;;;;;;;;;;;;;;;;
 ;02:07:19;4.200;0.014;214.1;30.0;;;;;;;;;;;;;;;;;;
 ;02:07:20;4.200;0.015;214.1;30.0;;;;;;;;;;;;;;;;;;
 ;02:07:21;4.200;0.015;214.1;30.0;;;;;;;;;;;;;;;;;;
 ;02:07:22;4.200;0.015;214.1;30.0;;;;;;;;;;;;;;;;;;
 ;02:07:23;4.200;0.015;214.1;30.0;;;;;;;;;;;;;;;;;;
 ;02:07:24;4.200;0.015;214.1;30.0;;;;;;;;;;;;;;;;;;
 ;02:07:25;4.200;0.015;214.1;30.0;;;;;;;;;;;;;;;;;;
 ;02:07:26;4.200;0.015;214.2;30.0;;;;;;;;;;;;;;;;;;
 ;02:07:27;4.200;0.015;214.2;30.0;;;;;;;;;;;;;;;;;;
 ;02:07:28;4.200;0.015;214.2;30.0;;;;;;;;;;;;;;;;;;
 ;02:07:29;4.200;0.015;214.2;30.0;;;;;;;;;;;;;;;;;;
 ;02:07:30;4.200;0.015;214.2;30.0;;;;;;;;;;;;;;;;;;
 ;02:07:31;4.200;0.015;214.2;30.0;;;;;;;;;;;;;;;;;;
 ;02:07:32;4.200;0.015;214.2;30.0;;;;;;;;;;;;;;;;;;
 ;02:07:33;4.200;0.015;214.2;30.0;;;;;;;;;;;;;;;;;;
 ;02:07:34;4.200;0.015;214.2;30.0;;;;;;;;;;;;;;;;;;
 ;02:07:35;4.200;0.015;214.2;29.9;;;;;;;;;;;;;;;;;;
 ;02:07:36;4.200;0.015;214.2;30.0;;;;;;;;;;;;;;;;;;
 ;02:07:37;4.200;0.015;214.2;30.0;;;;;;;;;;;;;;;;;;
 ;02:07:38;4.200;0.015;214.2;30.0;;;;;;;;;;;;;;;;;;
 ;02:07:39;4.200;0.015;214.2;30.0;;;;;;;;;;;;;;;;;;
 ;02:07:40;4.200;0.015;214.2;30.0;;;;;;;;;;;;;;;;;;
 ;02:07:41;4.200;0.015;214.2;29.9;;;;;;;;;;;;;;;;;;
 ;02:07:42;4.200;0.015;214.2;30.0;;;;;;;;;;;;;;;;;;
 ;02:07:43;4.200;0.015;214.2;30.0;;;;;;;;;;;;;;;;;;
 ;02:07:44;4.200;0.015;214.2;30.0;;;;;;;;;;;;;;;;;;
 ;02:07:45;4.200;0.015;214.2;30.0;;;;;;;;;;;;;;;;;;
 ;02:07:46;4.200;0.015;214.2;29.9;;;;;;;;;;;;;;;;;;
 ;02:07:47;4.200;0.015;214.2;30.0;;;;;;;;;;;;;;;;;;
 ;02:07:48;4.200;0.015;214.2;30.0;;;;;;;;;;;;;;;;;;
 ;02:07:49;4.200;0.015;214.2;30.0;;;;;;;;;;;;;;;;;;
 ;02:07:50;4.200;0.015;214.3;29.9;;;;;;;;;;;;;;;;;;
 ;02:07:51;4.200;0.015;214.3;30.0;;;;;;;;;;;;;;;;;;
 ;02:07:52;4.200;0.015;214.3;30.0;;;;;;;;;;;;;;;;;;
 ;02:07:53;4.200;0.015;214.3;30.0;;;;;;;;;;;;;;;;;;
 ;02:07:54;4.200;0.015;214.3;30.0;;;;;;;;;;;;;;;;;;
 ;02:07:55;4.200;0.015;214.3;30.0;;;;;;;;;;;;;;;;;;
 ;02:07:56;4.200;0.015;214.3;30.0;;;;;;;;;;;;;;;;;;
 ;02:07:57;4.200;0.015;214.3;30.0;;;;;;;;;;;;;;;;;;
 ;02:07:58;4.200;0.015;214.3;30.0;;;;;;;;;;;;;;;;;;
 ;02:07:59;4.200;0.015;214.3;29.9;;;;;;;;;;;;;;;;;;
 ;02:08:00;4.200;0.015;214.3;30.0;;;;;;;;;;;;;;;;;;
 ;02:08:01;4.200;0.015;214.3;30.0;;;;;;;;;;;;;;;;;;
 ;02:08:02;4.200;0.015;214.3;30.0;;;;;;;;;;;;;;;;;;
 ;02:08:03;4.200;0.015;214.3;30.0;;;;;;;;;;;;;;;;;;
 ;02:08:04;4.200;0.015;214.3;29.9;;;;;;;;;;;;;;;;;;
 ;02:08:05;4.200;0.015;214.3;29.9;;;;;;;;;;;;;;;;;;
 ;02:08:06;4.200;0.015;214.3;29.9;;;;;;;;;;;;;;;;;;
 ;02:08:07;4.200;0.015;214.3;30.0;;;;;;;;;;;;;;;;;;
 ;02:08:08;4.200;0.015;214.3;29.9;;;;;;;;;;;;;;;;;;
 ;02:08:09;4.200;0.015;214.3;29.9;;;;;;;;;;;;;;;;;;
 ;02:08:10;4.200;0.015;214.3;29.9;;;;;;;;;;;;;;;;;;
 ;02:08:11;4.200;0.015;214.3;29.9;;;;;;;;;;;;;;;;;;
 ;02:08:12;4.200;0.015;214.3;30.0;;;;;;;;;;;;;;;;;;
 ;02:08:13;4.200;0.015;214.4;29.9;;;;;;;;;;;;;;;;;;
 ;02:08:14;4.200;0.015;214.4;30.0;;;;;;;;;;;;;;;;;;
 ;02:08:15;4.200;0.015;214.4;29.9;;;;;;;;;;;;;;;;;;
 ;02:08:16;4.200;0.015;214.4;30.0;;;;;;;;;;;;;;;;;;
 ;02:08:17;4.200;0.015;214.4;30.0;;;;;;;;;;;;;;;;;;
 ;02:08:18;4.200;0.015;214.4;29.9;;;;;;;;;;;;;;;;;;
 ;02:08:19;4.200;0.015;214.4;29.9;;;;;;;;;;;;;;;;;;
 ;02:08:20;4.200;0.015;214.4;30.0;;;;;;;;;;;;;;;;;;
 ;02:08:21;4.200;0.015;214.4;30.0;;;;;;;;;;;;;;;;;;
 ;02:08:22;4.200;0.015;214.4;30.0;;;;;;;;;;;;;;;;;;
 ;02:08:23;4.200;0.015;214.4;29.9;;;;;;;;;;;;;;;;;;
 ;02:08:24;4.200;0.015;214.4;30.0;;;;;;;;;;;;;;;;;;
 ;02:08:25;4.200;0.015;214.4;29.9;;;;;;;;;;;;;;;;;;
 ;02:08:26;4.200;0.015;214.4;29.9;;;;;;;;;;;;;;;;;;
 ;02:08:27;4.200;0.015;214.4;29.9;;;;;;;;;;;;;;;;;;
 ;02:08:28;4.200;0.015;214.4;29.9;;;;;;;;;;;;;;;;;;
 ;02:08:29;4.200;0.015;214.4;29.9;;;;;;;;;;;;;;;;;;
 ;02:08:30;4.200;0.015;214.4;29.9;;;;;;;;;;;;;;;;;;
 ;02:08:31;4.200;0.015;214.4;29.9;;;;;;;;;;;;;;;;;;
 ;02:08:32;4.200;0.015;214.4;29.9;;;;;;;;;;;;;;;;;;
 ;02:08:33;4.200;0.015;214.4;29.9;;;;;;;;;;;;;;;;;;
 ;02:08:34;4.200;0.015;214.4;29.9;;;;;;;;;;;;;;;;;;
 ;02:08:35;4.200;0.015;214.4;29.9;;;;;;;;;;;;;;;;;;
 ;02:08:36;4.200;0.015;214.4;29.9;;;;;;;;;;;;;;;;;;
 ;02:08:37;4.200;0.015;214.5;29.9;;;;;;;;;;;;;;;;;;
 ;02:08:38;4.200;0.014;214.5;29.9;;;;;;;;;;;;;;;;;;
 ;02:08:39;4.200;0.015;214.5;29.9;;;;;;;;;;;;;;;;;;
 ;02:08:40;4.200;0.015;214.5;29.9;;;;;;;;;;;;;;;;;;
 ;02:08:41;4.200;0.015;214.5;29.9;;;;;;;;;;;;;;;;;;
 ;02:08:42;4.200;0.015;214.5;29.9;;;;;;;;;;;;;;;;;;
 ;02:08:43;4.200;0.015;214.5;29.9;;;;;;;;;;;;;;;;;;
 ;02:08:44;4.200;0.015;214.5;29.9;;;;;;;;;;;;;;;;;;
 ;02:08:45;4.200;0.015;214.5;29.9;;;;;;;;;;;;;;;;;;
 ;02:08:46;4.200;0.015;214.5;29.9;;;;;;;;;;;;;;;;;;
 ;02:08:47;4.200;0.015;214.5;29.9;;;;;;;;;;;;;;;;;;
 ;02:08:48;4.200;0.015;214.5;29.9;;;;;;;;;;;;;;;;;;
 ;02:08:49;4.200;0.015;214.5;29.9;;;;;;;;;;;;;;;;;;
 ;02:08:50;4.200;0.015;214.5;29.9;;;;;;;;;;;;;;;;;;
 ;02:08:51;4.200;0.015;214.5;29.9;;;;;;;;;;;;;;;;;;
 ;02:08:52;4.200;0.015;214.5;29.9;;;;;;;;;;;;;;;;;;
 ;02:08:53;4.200;0.015;214.5;29.9;;;;;;;;;;;;;;;;;;
 ;02:08:54;4.200;0.015;214.5;29.9;;;;;;;;;;;;;;;;;;
 ;02:08:55;4.200;0.015;214.5;29.9;;;;;;;;;;;;;;;;;;
 ;02:08:56;4.200;0.015;214.5;29.9;;;;;;;;;;;;;;;;;;
 ;02:08:57;4.200;0.015;214.5;29.9;;;;;;;;;;;;;;;;;;
 ;02:08:58;4.200;0.015;214.5;29.9;;;;;;;;;;;;;;;;;;
 ;02:08:59;4.200;0.015;214.5;29.9;;;;;;;;;;;;;;;;;;
 ;02:09:00;4.200;0.014;214.6;29.9;;;;;;;;;;;;;;;;;;
 ;02:09:01;4.200;0.014;214.6;29.9;;;;;;;;;;;;;;;;;;
 ;02:09:02;4.200;0.014;214.6;29.9;;;;;;;;;;;;;;;;;;
 ;02:09:03;4.200;0.014;214.6;29.9;;;;;;;;;;;;;;;;;;
 ;02:09:04;4.200;0.014;214.6;29.9;;;;;;;;;;;;;;;;;;
 ;02:09:05;4.200;0.014;214.6;29.9;;;;;;;;;;;;;;;;;;
 ;02:09:06;4.200;0.014;214.6;29.9;;;;;;;;;;;;;;;;;;
 ;02:09:07;4.200;0.014;214.6;29.9;;;;;;;;;;;;;;;;;;
 ;02:09:08;4.200;0.014;214.6;29.9;;;;;;;;;;;;;;;;;;
 ;02:09:09;4.200;0.014;214.6;29.9;;;;;;;;;;;;;;;;;;
 ;02:09:10;4.200;0.014;214.6;29.9;;;;;;;;;;;;;;;;;;
 ;02:09:11;4.200;0.014;214.6;29.9;;;;;;;;;;;;;;;;;;
 ;02:09:12;4.200;0.014;214.6;29.9;;;;;;;;;;;;;;;;;;
 ;02:09:13;4.200;0.014;214.6;29.9;;;;;;;;;;;;;;;;;;
 ;02:09:14;4.200;0.014;214.6;29.9;;;;;;;;;;;;;;;;;;
 ;02:09:15;4.200;0.014;214.6;29.9;;;;;;;;;;;;;;;;;;
 ;02:09:16;4.200;0.014;214.6;29.9;;;;;;;;;;;;;;;;;;
 ;02:09:17;4.200;0.014;214.6;29.9;;;;;;;;;;;;;;;;;;
 ;02:09:18;4.200;0.014;214.6;29.9;;;;;;;;;;;;;;;;;;
 ;02:09:19;4.200;0.014;214.6;29.9;;;;;;;;;;;;;;;;;;
 ;02:09:20;4.200;0.014;214.6;29.9;;;;;;;;;;;;;;;;;;
 ;02:09:21;4.200;0.014;214.6;29.9;;;;;;;;;;;;;;;;;;
 ;02:09:22;4.200;0.014;214.6;29.9;;;;;;;;;;;;;;;;;;
 ;02:09:23;4.200;0.014;214.6;29.9;;;;;;;;;;;;;;;;;;
 ;02:09:24;4.200;0.014;214.6;29.9;;;;;;;;;;;;;;;;;;
 ;02:09:25;4.200;0.014;214.6;29.9;;;;;;;;;;;;;;;;;;
 ;02:09:26;4.200;0.014;214.7;29.9;;;;;;;;;;;;;;;;;;
 ;02:09:27;4.200;0.014;214.7;29.9;;;;;;;;;;;;;;;;;;
 ;02:09:28;4.200;0.014;214.7;29.9;;;;;;;;;;;;;;;;;;
 ;02:09:29;4.200;0.014;214.7;29.9;;;;;;;;;;;;;;;;;;
 ;02:09:30;4.200;0.014;214.7;29.9;;;;;;;;;;;;;;;;;;
 ;02:09:31;4.200;0.014;214.7;29.9;;;;;;;;;;;;;;;;;;
 ;02:09:32;4.200;0.014;214.7;29.9;;;;;;;;;;;;;;;;;;
 ;02:09:33;4.200;0.014;214.7;29.9;;;;;;;;;;;;;;;;;;
 ;02:09:34;4.200;0.014;214.7;29.9;;;;;;;;;;;;;;;;;;
 ;02:09:35;4.200;0.014;214.7;29.9;;;;;;;;;;;;;;;;;;
 ;02:09:36;4.200;0.014;214.7;29.9;;;;;;;;;;;;;;;;;;
 ;02:09:37;4.200;0.014;214.7;29.9;;;;;;;;;;;;;;;;;;
 ;02:09:38;4.200;0.014;214.7;29.9;;;;;;;;;;;;;;;;;;
 ;02:09:39;4.200;0.014;214.7;29.9;;;;;;;;;;;;;;;;;;
 ;02:09:40;4.200;0.014;214.7;29.9;;;;;;;;;;;;;;;;;;
 ;02:09:41;4.200;0.014;214.7;29.9;;;;;;;;;;;;;;;;;;
 ;02:09:42;4.200;0.014;214.7;29.9;;;;;;;;;;;;;;;;;;
 ;02:09:43;4.200;0.014;214.7;29.9;;;;;;;;;;;;;;;;;;
 ;02:09:44;4.200;0.014;214.7;29.9;;;;;;;;;;;;;;;;;;
 ;02:09:45;4.200;0.014;214.7;29.9;;;;;;;;;;;;;;;;;;
 ;02:09:46;4.200;0.014;214.7;29.9;;;;;;;;;;;;;;;;;;
 ;02:09:47;4.200;0.014;214.7;29.9;;;;;;;;;;;;;;;;;;
 ;02:09:48;4.200;0.014;214.7;29.9;;;;;;;;;;;;;;;;;;
 ;02:09:49;4.200;0.014;214.7;29.9;;;;;;;;;;;;;;;;;;
 ;02:09:50;4.200;0.014;214.7;29.9;;;;;;;;;;;;;;;;;;
 ;02:09:51;4.200;0.014;214.8;29.9;;;;;;;;;;;;;;;;;;
 ;02:09:52;4.200;0.014;214.8;29.9;;;;;;;;;;;;;;;;;;
 ;02:09:53;4.200;0.014;214.8;29.9;;;;;;;;;;;;;;;;;;
 ;02:09:54;4.200;0.014;214.8;29.9;;;;;;;;;;;;;;;;;;
 ;02:09:55;4.200;0.014;214.8;29.9;;;;;;;;;;;;;;;;;;
 ;02:09:56;4.200;0.014;214.8;29.9;;;;;;;;;;;;;;;;;;
 ;02:09:57;4.200;0.014;214.8;29.9;;;;;;;;;;;;;;;;;;
 ;02:09:58;4.200;0.014;214.8;29.9;;;;;;;;;;;;;;;;;;
 ;02:09:59;4.200;0.014;214.8;29.9;;;;;;;;;;;;;;;;;;
 ;02:10:00;4.200;0.014;214.8;29.9;;;;;;;;;;;;;;;;;;
 ;02:10:01;4.200;0.014;214.8;29.9;;;;;;;;;;;;;;;;;;
 ;02:10:02;4.200;0.014;214.8;29.9;;;;;;;;;;;;;;;;;;
 ;02:10:03;4.200;0.014;214.8;29.9;;;;;;;;;;;;;;;;;;
 ;02:10:04;4.200;0.014;214.8;29.9;;;;;;;;;;;;;;;;;;
 ;02:10:05;4.200;0.014;214.8;29.9;;;;;;;;;;;;;;;;;;
 ;02:10:06;4.200;0.014;214.8;29.9;;;;;;;;;;;;;;;;;;
 ;02:10:07;4.200;0.014;214.8;29.9;;;;;;;;;;;;;;;;;;
 ;02:10:08;4.200;0.014;214.8;29.9;;;;;;;;;;;;;;;;;;
 ;02:10:09;4.200;0.014;214.8;29.9;;;;;;;;;;;;;;;;;;
 ;02:10:10;4.200;0.014;214.8;29.9;;;;;;;;;;;;;;;;;;
 ;02:10:11;4.200;0.014;214.8;29.9;;;;;;;;;;;;;;;;;;
 ;02:10:12;4.200;0.014;214.8;29.9;;;;;;;;;;;;;;;;;;
 ;02:10:13;4.200;0.014;214.8;29.9;;;;;;;;;;;;;;;;;;
 ;02:10:14;4.200;0.014;214.8;29.9;;;;;;;;;;;;;;;;;;
 ;02:10:15;4.200;0.014;214.8;29.9;;;;;;;;;;;;;;;;;;
 ;02:10:16;4.200;0.014;214.8;29.9;;;;;;;;;;;;;;;;;;
 ;02:10:17;4.200;0.014;214.9;29.9;;;;;;;;;;;;;;;;;;
 ;02:10:18;4.200;0.014;214.9;29.9;;;;;;;;;;;;;;;;;;
 ;02:10:19;4.200;0.014;214.9;29.9;;;;;;;;;;;;;;;;;;
 ;02:10:20;4.200;0.014;214.9;29.9;;;;;;;;;;;;;;;;;;
 ;02:10:21;4.200;0.014;214.9;29.9;;;;;;;;;;;;;;;;;;
 ;02:10:22;4.200;0.014;214.9;29.9;;;;;;;;;;;;;;;;;;
 ;02:10:23;4.200;0.014;214.9;29.9;;;;;;;;;;;;;;;;;;
 ;02:10:24;4.200;0.014;214.9;29.9;;;;;;;;;;;;;;;;;;
 ;02:10:25;4.200;0.014;214.9;29.9;;;;;;;;;;;;;;;;;;
 ;02:10:26;4.200;0.014;214.9;29.9;;;;;;;;;;;;;;;;;;
 ;02:10:27;4.200;0.014;214.9;29.9;;;;;;;;;;;;;;;;;;
 ;02:10:28;4.200;0.014;214.9;29.9;;;;;;;;;;;;;;;;;;
 ;02:10:29;4.200;0.014;214.9;29.9;;;;;;;;;;;;;;;;;;
 ;02:10:30;4.200;0.014;214.9;29.9;;;;;;;;;;;;;;;;;;
 ;02:10:31;4.200;0.014;214.9;29.9;;;;;;;;;;;;;;;;;;
 ;02:10:32;4.200;0.014;214.9;29.9;;;;;;;;;;;;;;;;;;
 ;02:10:33;4.200;0.014;214.9;29.9;;;;;;;;;;;;;;;;;;
 ;02:10:34;4.200;0.014;214.9;29.9;;;;;;;;;;;;;;;;;;
 ;02:10:35;4.200;0.014;214.9;29.9;;;;;;;;;;;;;;;;;;
 ;02:10:36;4.200;0.014;214.9;29.9;;;;;;;;;;;;;;;;;;
 ;02:10:37;4.200;0.014;214.9;29.9;;;;;;;;;;;;;;;;;;
 ;02:10:38;4.200;0.014;214.9;29.9;;;;;;;;;;;;;;;;;;
 ;02:10:39;4.200;0.014;214.9;29.9;;;;;;;;;;;;;;;;;;
 ;02:10:40;4.200;0.014;214.9;29.9;;;;;;;;;;;;;;;;;;
 ;02:10:41;4.200;0.014;214.9;29.9;;;;;;;;;;;;;;;;;;
 ;02:10:42;4.200;0.014;214.9;29.9;;;;;;;;;;;;;;;;;;
 ;02:10:43;4.200;0.014;215.0;29.9;;;;;;;;;;;;;;;;;;
 ;02:10:44;4.200;0.014;215.0;29.9;;;;;;;;;;;;;;;;;;
 ;02:10:45;4.200;0.014;215.0;29.9;;;;;;;;;;;;;;;;;;
 ;02:10:46;4.200;0.014;215.0;29.9;;;;;;;;;;;;;;;;;;
 ;02:10:47;4.200;0.014;215.0;29.9;;;;;;;;;;;;;;;;;;
 ;02:10:48;4.200;0.014;215.0;29.9;;;;;;;;;;;;;;;;;;
 ;02:10:49;4.200;0.014;215.0;29.9;;;;;;;;;;;;;;;;;;
 ;02:10:50;4.200;0.014;215.0;29.9;;;;;;;;;;;;;;;;;;
 ;02:10:51;4.200;0.014;215.0;29.9;;;;;;;;;;;;;;;;;;
 ;02:10:52;4.200;0.014;215.0;29.9;;;;;;;;;;;;;;;;;;
 ;02:10:53;4.200;0.014;215.0;29.9;;;;;;;;;;;;;;;;;;
 ;02:10:54;4.200;0.014;215.0;29.9;;;;;;;;;;;;;;;;;;
 ;02:10:55;4.200;0.014;215.0;29.9;;;;;;;;;;;;;;;;;;
 ;02:10:56;4.200;0.014;215.0;29.9;;;;;;;;;;;;;;;;;;
 ;02:10:57;4.200;0.014;215.0;29.9;;;;;;;;;;;;;;;;;;
 ;02:10:58;4.200;0.014;215.0;29.9;;;;;;;;;;;;;;;;;;
 ;02:10:59;4.200;0.014;215.0;29.9;;;;;;;;;;;;;;;;;;
 ;02:11:00;4.200;0.014;215.0;29.9;;;;;;;;;;;;;;;;;;
 ;02:11:01;4.200;0.014;215.0;29.9;;;;;;;;;;;;;;;;;;
 ;02:11:02;4.200;0.014;215.0;29.9;;;;;;;;;;;;;;;;;;
 ;02:11:03;4.200;0.014;215.0;29.9;;;;;;;;;;;;;;;;;;
 ;02:11:04;4.200;0.014;215.0;29.9;;;;;;;;;;;;;;;;;;
 ;02:11:05;4.200;0.014;215.0;29.9;;;;;;;;;;;;;;;;;;
 ;02:11:06;4.200;0.014;215.0;29.9;;;;;;;;;;;;;;;;;;
 ;02:11:07;4.200;0.014;215.0;29.9;;;;;;;;;;;;;;;;;;
 ;02:11:08;4.200;0.014;215.0;29.9;;;;;;;;;;;;;;;;;;
 ;02:11:09;4.200;0.014;215.1;29.9;;;;;;;;;;;;;;;;;;
 ;02:11:10;4.200;0.014;215.1;29.9;;;;;;;;;;;;;;;;;;
 ;02:11:11;4.200;0.014;215.1;29.9;;;;;;;;;;;;;;;;;;
 ;02:11:12;4.200;0.014;215.1;29.9;;;;;;;;;;;;;;;;;;
 ;02:11:13;4.200;0.014;215.1;29.9;;;;;;;;;;;;;;;;;;
 ;02:11:14;4.200;0.014;215.1;29.9;;;;;;;;;;;;;;;;;;
 ;02:11:15;4.200;0.014;215.1;29.9;;;;;;;;;;;;;;;;;;
 ;02:11:16;4.200;0.014;215.1;29.9;;;;;;;;;;;;;;;;;;
 ;02:11:17;4.200;0.014;215.1;29.9;;;;;;;;;;;;;;;;;;
 ;02:11:18;4.200;0.014;215.1;29.9;;;;;;;;;;;;;;;;;;
 ;02:11:19;4.200;0.014;215.1;29.9;;;;;;;;;;;;;;;;;;
 ;02:11:20;4.200;0.014;215.1;29.9;;;;;;;;;;;;;;;;;;
 ;02:11:21;4.200;0.014;215.1;29.9;;;;;;;;;;;;;;;;;;
 ;02:11:22;4.200;0.014;215.1;29.9;;;;;;;;;;;;;;;;;;
 ;02:11:23;4.200;0.014;215.1;29.9;;;;;;;;;;;;;;;;;;
 ;02:11:24;4.200;0.014;215.1;29.9;;;;;;;;;;;;;;;;;;
 ;02:11:25;4.200;0.014;215.1;29.9;;;;;;;;;;;;;;;;;;
 ;02:11:26;4.200;0.014;215.1;29.9;;;;;;;;;;;;;;;;;;
 ;02:11:27;4.200;0.014;215.1;29.9;;;;;;;;;;;;;;;;;;
 ;02:11:28;4.200;0.014;215.1;29.9;;;;;;;;;;;;;;;;;;
 ;02:11:29;4.200;0.014;215.1;29.9;;;;;;;;;;;;;;;;;;
 ;02:11:30;4.200;0.014;215.1;29.9;;;;;;;;;;;;;;;;;;
 ;02:11:31;4.200;0.014;215.1;29.9;;;;;;;;;;;;;;;;;;
 ;02:11:32;4.200;0.014;215.1;29.9;;;;;;;;;;;;;;;;;;
 ;02:11:33;4.200;0.014;215.1;29.9;;;;;;;;;;;;;;;;;;
 ;02:11:34;4.200;0.014;215.2;29.9;;;;;;;;;;;;;;;;;;
 ;02:11:35;4.200;0.014;215.2;29.9;;;;;;;;;;;;;;;;;;
 ;02:11:36;4.200;0.014;215.2;29.9;;;;;;;;;;;;;;;;;;
 ;02:11:37;4.200;0.014;215.2;29.9;;;;;;;;;;;;;;;;;;
 ;02:11:38;4.200;0.014;215.2;29.9;;;;;;;;;;;;;;;;;;
 ;02:11:39;4.200;0.014;215.2;29.9;;;;;;;;;;;;;;;;;;
 ;02:11:40;4.200;0.014;215.2;29.9;;;;;;;;;;;;;;;;;;
 ;02:11:41;4.200;0.014;215.2;29.9;;;;;;;;;;;;;;;;;;
 ;02:11:42;4.200;0.014;215.2;29.9;;;;;;;;;;;;;;;;;;
 ;02:11:43;4.200;0.014;215.2;29.9;;;;;;;;;;;;;;;;;;
 ;02:11:44;4.200;0.014;215.2;29.9;;;;;;;;;;;;;;;;;;
 ;02:11:45;4.200;0.014;215.2;29.9;;;;;;;;;;;;;;;;;;
 ;02:11:46;4.200;0.014;215.2;29.9;;;;;;;;;;;;;;;;;;
 ;02:11:47;4.200;0.014;215.2;29.9;;;;;;;;;;;;;;;;;;
 ;02:11:48;4.200;0.014;215.2;29.9;;;;;;;;;;;;;;;;;;
 ;02:11:49;4.200;0.014;215.2;29.9;;;;;;;;;;;;;;;;;;
 ;02:11:50;4.200;0.014;215.2;29.9;;;;;;;;;;;;;;;;;;
 ;02:11:51;4.200;0.014;215.2;29.9;;;;;;;;;;;;;;;;;;
 ;02:11:52;4.200;0.014;215.2;29.9;;;;;;;;;;;;;;;;;;
 ;02:11:53;4.200;0.014;215.2;29.9;;;;;;;;;;;;;;;;;;
 ;02:11:54;4.200;0.014;215.2;29.9;;;;;;;;;;;;;;;;;;
 ;02:11:55;4.200;0.014;215.2;29.9;;;;;;;;;;;;;;;;;;
 ;02:11:56;4.200;0.014;215.2;29.9;;;;;;;;;;;;;;;;;;
 ;02:11:57;4.200;0.014;215.2;29.9;;;;;;;;;;;;;;;;;;
 ;02:11:58;4.200;0.014;215.2;29.9;;;;;;;;;;;;;;;;;;
 ;02:11:59;4.200;0.014;215.2;29.9;;;;;;;;;;;;;;;;;;
 ;02:12:00;4.200;0.014;215.3;29.9;;;;;;;;;;;;;;;;;;
 ;02:12:01;4.200;0.014;215.3;29.9;;;;;;;;;;;;;;;;;;
 ;02:12:02;4.200;0.014;215.3;29.9;;;;;;;;;;;;;;;;;;
 ;02:12:03;4.200;0.014;215.3;29.9;;;;;;;;;;;;;;;;;;
 ;02:12:04;4.200;0.014;215.3;29.9;;;;;;;;;;;;;;;;;;
 ;02:12:05;4.200;0.014;215.3;29.9;;;;;;;;;;;;;;;;;;
 ;02:12:06;4.200;0.014;215.3;29.9;;;;;;;;;;;;;;;;;;
 ;02:12:07;4.200;0.014;215.3;29.9;;;;;;;;;;;;;;;;;;
 ;02:12:08;4.200;0.014;215.3;29.9;;;;;;;;;;;;;;;;;;
 ;02:12:09;4.200;0.014;215.3;29.9;;;;;;;;;;;;;;;;;;
 ;02:12:10;4.200;0.014;215.3;29.9;;;;;;;;;;;;;;;;;;
 ;02:12:11;4.200;0.014;215.3;29.9;;;;;;;;;;;;;;;;;;
 ;02:12:12;4.200;0.014;215.3;29.9;;;;;;;;;;;;;;;;;;
 ;02:12:13;4.200;0.014;215.3;29.9;;;;;;;;;;;;;;;;;;
 ;02:12:14;4.200;0.014;215.3;29.9;;;;;;;;;;;;;;;;;;
 ;02:12:15;4.200;0.014;215.3;29.9;;;;;;;;;;;;;;;;;;
 ;02:12:16;4.200;0.014;215.3;29.9;;;;;;;;;;;;;;;;;;
 ;02:12:17;4.200;0.014;215.3;29.9;;;;;;;;;;;;;;;;;;
 ;02:12:18;4.200;0.014;215.3;29.9;;;;;;;;;;;;;;;;;;
 ;02:12:19;4.200;0.014;215.3;29.9;;;;;;;;;;;;;;;;;;
 ;02:12:20;4.200;0.014;215.3;29.9;;;;;;;;;;;;;;;;;;
 ;02:12:21;4.200;0.014;215.3;29.9;;;;;;;;;;;;;;;;;;
 ;02:12:22;4.200;0.014;215.3;29.9;;;;;;;;;;;;;;;;;;
 ;02:12:23;4.200;0.014;215.3;29.9;;;;;;;;;;;;;;;;;;
 ;02:12:24;4.200;0.014;215.3;29.9;;;;;;;;;;;;;;;;;;
 ;02:12:25;4.200;0.014;215.3;29.9;;;;;;;;;;;;;;;;;;
 ;02:12:26;4.200;0.014;215.4;29.9;;;;;;;;;;;;;;;;;;
 ;02:12:27;4.200;0.014;215.4;29.9;;;;;;;;;;;;;;;;;;
 ;02:12:28;4.200;0.014;215.4;29.9;;;;;;;;;;;;;;;;;;
 ;02:12:29;4.200;0.014;215.4;29.9;;;;;;;;;;;;;;;;;;
 ;02:12:30;4.200;0.014;215.4;29.9;;;;;;;;;;;;;;;;;;
 ;02:12:31;4.200;0.014;215.4;29.9;;;;;;;;;;;;;;;;;;
 ;02:12:32;4.200;0.014;215.4;29.9;;;;;;;;;;;;;;;;;;
 ;02:12:33;4.200;0.014;215.4;29.9;;;;;;;;;;;;;;;;;;
 ;02:12:34;4.200;0.014;215.4;29.9;;;;;;;;;;;;;;;;;;
 ;02:12:35;4.200;0.014;215.4;29.9;;;;;;;;;;;;;;;;;;
 ;02:12:36;4.200;0.014;215.4;29.9;;;;;;;;;;;;;;;;;;
 ;02:12:37;4.200;0.014;215.4;29.9;;;;;;;;;;;;;;;;;;
 ;02:12:38;4.200;0.014;215.4;29.9;;;;;;;;;;;;;;;;;;
 ;02:12:39;4.200;0.014;215.4;29.9;;;;;;;;;;;;;;;;;;
 ;02:12:40;4.200;0.014;215.4;29.9;;;;;;;;;;;;;;;;;;
 ;02:12:41;4.200;0.014;215.4;29.9;;;;;;;;;;;;;;;;;;
 ;02:12:42;4.200;0.014;215.4;29.9;;;;;;;;;;;;;;;;;;
 ;02:12:43;4.200;0.014;215.4;29.9;;;;;;;;;;;;;;;;;;
 ;02:12:44;4.200;0.014;215.4;29.9;;;;;;;;;;;;;;;;;;
 ;02:12:45;4.200;0.014;215.4;29.9;;;;;;;;;;;;;;;;;;
 ;02:12:46;4.200;0.014;215.4;29.9;;;;;;;;;;;;;;;;;;
 ;02:12:47;4.200;0.014;215.4;29.9;;;;;;;;;;;;;;;;;;
 ;02:12:48;4.200;0.014;215.4;29.9;;;;;;;;;;;;;;;;;;
 ;02:12:49;4.200;0.014;215.4;29.9;;;;;;;;;;;;;;;;;;
 ;02:12:50;4.200;0.014;215.4;29.9;;;;;;;;;;;;;;;;;;
 ;02:12:51;4.200;0.014;215.5;29.9;;;;;;;;;;;;;;;;;;
 ;02:12:52;4.200;0.014;215.5;29.9;;;;;;;;;;;;;;;;;;
 ;02:12:53;4.200;0.014;215.5;29.9;;;;;;;;;;;;;;;;;;
 ;02:12:54;4.200;0.014;215.5;29.9;;;;;;;;;;;;;;;;;;
 ;02:12:55;4.200;0.014;215.5;29.9;;;;;;;;;;;;;;;;;;
 ;02:12:56;4.200;0.014;215.5;29.9;;;;;;;;;;;;;;;;;;
 ;02:12:57;4.200;0.014;215.5;29.9;;;;;;;;;;;;;;;;;;
 ;02:12:58;4.200;0.014;215.5;29.9;;;;;;;;;;;;;;;;;;
 ;02:12:59;4.200;0.014;215.5;29.9;;;;;;;;;;;;;;;;;;
 ;02:13:00;4.200;0.014;215.5;29.9;;;;;;;;;;;;;;;;;;
 ;02:13:01;4.200;0.014;215.5;29.9;;;;;;;;;;;;;;;;;;
 ;02:13:02;4.200;0.014;215.5;29.9;;;;;;;;;;;;;;;;;;
 ;02:13:03;4.200;0.014;215.5;29.9;;;;;;;;;;;;;;;;;;
 ;02:13:04;4.200;0.014;215.5;29.9;;;;;;;;;;;;;;;;;;
 ;02:13:05;4.200;0.014;215.5;29.9;;;;;;;;;;;;;;;;;;
 ;02:13:06;4.200;0.014;215.5;29.9;;;;;;;;;;;;;;;;;;
 ;02:13:07;4.200;0.014;215.5;29.9;;;;;;;;;;;;;;;;;;
 ;02:13:08;4.200;0.014;215.5;29.9;;;;;;;;;;;;;;;;;;
 ;02:13:09;4.200;0.014;215.5;29.9;;;;;;;;;;;;;;;;;;
 ;02:13:10;4.200;0.014;215.5;29.9;;;;;;;;;;;;;;;;;;
 ;02:13:11;4.200;0.014;215.5;29.9;;;;;;;;;;;;;;;;;;
 ;02:13:12;4.200;0.014;215.5;29.9;;;;;;;;;;;;;;;;;;
 ;02:13:13;4.200;0.014;215.5;29.9;;;;;;;;;;;;;;;;;;
 ;02:13:14;4.200;0.014;215.5;29.9;;;;;;;;;;;;;;;;;;
 ;02:13:15;4.200;0.014;215.5;29.9;;;;;;;;;;;;;;;;;;
 ;02:13:16;4.200;0.014;215.5;29.9;;;;;;;;;;;;;;;;;;
 ;02:13:17;4.200;0.014;215.6;29.9;;;;;;;;;;;;;;;;;;
 ;02:13:18;4.200;0.014;215.6;29.9;;;;;;;;;;;;;;;;;;
 ;02:13:19;4.200;0.014;215.6;29.9;;;;;;;;;;;;;;;;;;
 ;02:13:20;4.200;0.014;215.6;29.9;;;;;;;;;;;;;;;;;;
 ;02:13:21;4.200;0.014;215.6;29.9;;;;;;;;;;;;;;;;;;
 ;02:13:22;4.200;0.014;215.6;29.9;;;;;;;;;;;;;;;;;;
 ;02:13:23;4.200;0.014;215.6;29.9;;;;;;;;;;;;;;;;;;
 ;02:13:24;4.200;0.014;215.6;29.9;;;;;;;;;;;;;;;;;;
 ;02:13:25;4.200;0.014;215.6;29.9;;;;;;;;;;;;;;;;;;
 ;02:13:26;4.200;0.014;215.6;29.9;;;;;;;;;;;;;;;;;;
 ;02:13:27;4.200;0.014;215.6;29.9;;;;;;;;;;;;;;;;;;
 ;02:13:28;4.200;0.014;215.6;29.9;;;;;;;;;;;;;;;;;;
 ;02:13:29;4.200;0.014;215.6;29.9;;;;;;;;;;;;;;;;;;
 ;02:13:30;4.200;0.014;215.6;29.9;;;;;;;;;;;;;;;;;;
 ;02:13:31;4.200;0.014;215.6;29.9;;;;;;;;;;;;;;;;;;
 ;02:13:32;4.200;0.014;215.6;29.9;;;;;;;;;;;;;;;;;;
 ;02:13:33;4.200;0.014;215.6;29.9;;;;;;;;;;;;;;;;;;
 ;02:13:34;4.200;0.014;215.6;29.9;;;;;;;;;;;;;;;;;;
 ;02:13:35;4.200;0.014;215.6;29.9;;;;;;;;;;;;;;;;;;
 ;02:13:36;4.200;0.014;215.6;29.9;;;;;;;;;;;;;;;;;;
 ;02:13:37;4.200;0.014;215.6;29.9;;;;;;;;;;;;;;;;;;
 ;02:13:38;4.200;0.014;215.6;29.9;;;;;;;;;;;;;;;;;;
 ;02:13:39;4.200;0.014;215.6;29.9;;;;;;;;;;;;;;;;;;
 ;02:13:40;4.200;0.014;215.6;29.9;;;;;;;;;;;;;;;;;;
 ;02:13:41;4.200;0.014;215.6;29.9;;;;;;;;;;;;;;;;;;
 ;02:13:42;4.200;0.014;215.6;29.9;;;;;;;;;;;;;;;;;;
 ;02:13:43;4.200;0.014;215.7;29.9;;;;;;;;;;;;;;;;;;
 ;02:13:44;4.200;0.014;215.7;29.9;;;;;;;;;;;;;;;;;;
 ;02:13:45;4.200;0.014;215.7;29.9;;;;;;;;;;;;;;;;;;
 ;02:13:46;4.200;0.014;215.7;29.9;;;;;;;;;;;;;;;;;;
 ;02:13:47;4.200;0.014;215.7;29.9;;;;;;;;;;;;;;;;;;
 ;02:13:48;4.200;0.014;215.7;29.9;;;;;;;;;;;;;;;;;;
 ;02:13:49;4.200;0.014;215.7;29.9;;;;;;;;;;;;;;;;;;
 ;02:13:50;4.200;0.014;215.7;29.9;;;;;;;;;;;;;;;;;;
 ;02:13:51;4.200;0.014;215.7;29.9;;;;;;;;;;;;;;;;;;
 ;02:13:52;4.200;0.014;215.7;29.9;;;;;;;;;;;;;;;;;;
 ;02:13:53;4.200;0.014;215.7;29.9;;;;;;;;;;;;;;;;;;
 ;02:13:54;4.200;0.014;215.7;29.9;;;;;;;;;;;;;;;;;;
 ;02:13:55;4.200;0.014;215.7;29.9;;;;;;;;;;;;;;;;;;
 ;02:13:56;4.200;0.014;215.7;29.9;;;;;;;;;;;;;;;;;;
 ;02:13:57;4.200;0.014;215.7;29.9;;;;;;;;;;;;;;;;;;
 ;02:13:58;4.200;0.014;215.7;29.9;;;;;;;;;;;;;;;;;;
 ;02:13:59;4.200;0.014;215.7;29.9;;;;;;;;;;;;;;;;;;
 ;02:14:00;4.200;0.014;215.7;29.9;;;;;;;;;;;;;;;;;;
 ;02:14:01;4.200;0.014;215.7;29.9;;;;;;;;;;;;;;;;;;
 ;02:14:02;4.200;0.014;215.7;29.9;;;;;;;;;;;;;;;;;;
 ;02:14:03;4.200;0.014;215.7;29.9;;;;;;;;;;;;;;;;;;
 ;02:14:04;4.200;0.014;215.7;29.9;;;;;;;;;;;;;;;;;;
 ;02:14:05;4.200;0.014;215.7;29.9;;;;;;;;;;;;;;;;;;
 ;02:14:06;4.200;0.014;215.7;29.9;;;;;;;;;;;;;;;;;;
 ;02:14:07;4.200;0.014;215.7;29.9;;;;;;;;;;;;;;;;;;
 ;02:14:08;4.200;0.014;215.7;29.9;;;;;;;;;;;;;;;;;;
 ;02:14:09;4.200;0.014;215.8;29.9;;;;;;;;;;;;;;;;;;
 ;02:14:10;4.200;0.014;215.8;29.9;;;;;;;;;;;;;;;;;;
 ;02:14:11;4.200;0.014;215.8;29.9;;;;;;;;;;;;;;;;;;
 ;02:14:12;4.200;0.014;215.8;29.9;;;;;;;;;;;;;;;;;;
 ;02:14:13;4.200;0.014;215.8;29.9;;;;;;;;;;;;;;;;;;
 ;02:14:14;4.200;0.014;215.8;29.9;;;;;;;;;;;;;;;;;;
 ;02:14:15;4.200;0.014;215.8;29.9;;;;;;;;;;;;;;;;;;
 ;02:14:16;4.200;0.014;215.8;29.9;;;;;;;;;;;;;;;;;;
 ;02:14:17;4.200;0.014;215.8;29.9;;;;;;;;;;;;;;;;;;
 ;02:14:18;4.200;0.014;215.8;29.9;;;;;;;;;;;;;;;;;;
 ;02:14:19;4.200;0.014;215.8;29.9;;;;;;;;;;;;;;;;;;
 ;02:14:20;4.200;0.014;215.8;29.9;;;;;;;;;;;;;;;;;;
 ;02:14:21;4.200;0.014;215.8;29.9;;;;;;;;;;;;;;;;;;
 ;02:14:22;4.200;0.014;215.8;29.9;;;;;;;;;;;;;;;;;;
 ;02:14:23;4.200;0.014;215.8;29.9;;;;;;;;;;;;;;;;;;
 ;02:14:24;4.200;0.014;215.8;29.9;;;;;;;;;;;;;;;;;;
 ;02:14:25;4.200;0.014;215.8;29.9;;;;;;;;;;;;;;;;;;
 ;02:14:26;4.200;0.014;215.8;29.9;;;;;;;;;;;;;;;;;;
 ;02:14:27;4.200;0.014;215.8;29.9;;;;;;;;;;;;;;;;;;
 ;02:14:28;4.200;0.014;215.8;29.9;;;;;;;;;;;;;;;;;;
 ;02:14:29;4.200;0.014;215.8;29.9;;;;;;;;;;;;;;;;;;
 ;02:14:30;4.200;0.014;215.8;29.9;;;;;;;;;;;;;;;;;;
 ;02:14:31;4.200;0.014;215.8;29.9;;;;;;;;;;;;;;;;;;
 ;02:14:32;4.200;0.014;215.8;29.9;;;;;;;;;;;;;;;;;;
 ;02:14:33;4.200;0.014;215.8;29.9;;;;;;;;;;;;;;;;;;
 ;02:14:34;4.200;0.014;215.9;29.9;;;;;;;;;;;;;;;;;;
 ;02:14:35;4.200;0.014;215.9;29.9;;;;;;;;;;;;;;;;;;
 ;02:14:36;4.200;0.014;215.9;29.9;;;;;;;;;;;;;;;;;;
 ;02:14:37;4.200;0.014;215.9;29.9;;;;;;;;;;;;;;;;;;
 ;02:14:38;4.200;0.014;215.9;29.9;;;;;;;;;;;;;;;;;;
 ;02:14:39;4.200;0.014;215.9;29.9;;;;;;;;;;;;;;;;;;
 ;02:14:40;4.200;0.014;215.9;29.9;;;;;;;;;;;;;;;;;;
 ;02:14:41;4.200;0.014;215.9;29.9;;;;;;;;;;;;;;;;;;
 ;02:14:42;4.200;0.014;215.9;29.9;;;;;;;;;;;;;;;;;;
 ;02:14:43;4.200;0.014;215.9;29.9;;;;;;;;;;;;;;;;;;
 ;02:14:44;4.200;0.014;215.9;29.9;;;;;;;;;;;;;;;;;;
 ;02:14:45;4.200;0.014;215.9;29.9;;;;;;;;;;;;;;;;;;
 ;02:14:46;4.200;0.014;215.9;29.9;;;;;;;;;;;;;;;;;;
 ;02:14:47;4.200;0.014;215.9;29.9;;;;;;;;;;;;;;;;;;
 ;02:14:48;4.200;0.014;215.9;29.9;;;;;;;;;;;;;;;;;;
 ;02:14:49;4.200;0.014;215.9;29.9;;;;;;;;;;;;;;;;;;
 ;02:14:50;4.200;0.014;215.9;29.9;;;;;;;;;;;;;;;;;;
 ;02:14:51;4.200;0.014;215.9;29.9;;;;;;;;;;;;;;;;;;
 ;02:14:52;4.200;0.014;215.9;29.9;;;;;;;;;;;;;;;;;;
 ;02:14:53;4.200;0.014;215.9;29.9;;;;;;;;;;;;;;;;;;
 ;02:14:54;4.200;0.014;215.9;29.9;;;;;;;;;;;;;;;;;;
 ;02:14:55;4.200;0.014;215.9;29.9;;;;;;;;;;;;;;;;;;
 ;02:14:56;4.200;0.014;215.9;29.9;;;;;;;;;;;;;;;;;;
 ;02:14:57;4.200;0.014;215.9;29.9;;;;;;;;;;;;;;;;;;
 ;02:14:58;4.200;0.014;215.9;29.9;;;;;;;;;;;;;;;;;;
 ;02:14:59;4.200;0.014;215.9;29.9;;;;;;;;;;;;;;;;;;
 ;02:15:00;4.200;0.014;216.0;29.9;;;;;;;;;;;;;;;;;;
 ;02:15:01;4.200;0.014;216.0;29.9;;;;;;;;;;;;;;;;;;
 ;02:15:02;4.200;0.014;216.0;29.9;;;;;;;;;;;;;;;;;;
 ;02:15:03;4.200;0.014;216.0;29.9;;;;;;;;;;;;;;;;;;
 ;02:15:04;4.200;0.014;216.0;29.9;;;;;;;;;;;;;;;;;;
 ;02:15:05;4.200;0.014;216.0;29.9;;;;;;;;;;;;;;;;;;
 ;02:15:06;4.200;0.014;216.0;29.9;;;;;;;;;;;;;;;;;;
 ;02:15:07;4.200;0.014;216.0;29.9;;;;;;;;;;;;;;;;;;
 ;02:15:08;4.200;0.014;216.0;29.9;;;;;;;;;;;;;;;;;;
 ;02:15:09;4.200;0.014;216.0;29.9;;;;;;;;;;;;;;;;;;
 ;02:15:10;4.200;0.014;216.0;29.9;;;;;;;;;;;;;;;;;;
 ;02:15:11;4.200;0.014;216.0;29.9;;;;;;;;;;;;;;;;;;
 ;02:15:12;4.200;0.014;216.0;29.9;;;;;;;;;;;;;;;;;;
 ;02:15:13;4.200;0.014;216.0;29.9;;;;;;;;;;;;;;;;;;
 ;02:15:14;4.200;0.014;216.0;29.9;;;;;;;;;;;;;;;;;;
 ;02:15:15;4.200;0.014;216.0;29.9;;;;;;;;;;;;;;;;;;
 ;02:15:16;4.200;0.014;216.0;29.9;;;;;;;;;;;;;;;;;;
 ;02:15:17;4.200;0.014;216.0;29.9;;;;;;;;;;;;;;;;;;
 ;02:15:18;4.200;0.014;216.0;29.9;;;;;;;;;;;;;;;;;;
 ;02:15:19;4.200;0.014;216.0;29.9;;;;;;;;;;;;;;;;;;
 ;02:15:20;4.200;0.014;216.0;29.9;;;;;;;;;;;;;;;;;;
 ;02:15:21;4.200;0.014;216.0;29.9;;;;;;;;;;;;;;;;;;
 ;02:15:22;4.200;0.014;216.0;29.9;;;;;;;;;;;;;;;;;;
 ;02:15:23;4.200;0.014;216.0;29.9;;;;;;;;;;;;;;;;;;
 ;02:15:24;4.200;0.014;216.0;29.9;;;;;;;;;;;;;;;;;;
 ;02:15:25;4.200;0.014;216.0;29.9;;;;;;;;;;;;;;;;;;
 ;02:15:26;4.200;0.014;216.1;29.9;;;;;;;;;;;;;;;;;;
 ;02:15:27;4.200;0.014;216.1;29.9;;;;;;;;;;;;;;;;;;
 ;02:15:28;4.200;0.014;216.1;29.9;;;;;;;;;;;;;;;;;;
 ;02:15:29;4.200;0.014;216.1;29.9;;;;;;;;;;;;;;;;;;
 ;02:15:30;4.200;0.014;216.1;29.9;;;;;;;;;;;;;;;;;;
 ;02:15:31;4.200;0.014;216.1;29.9;;;;;;;;;;;;;;;;;;
 ;02:15:32;4.200;0.014;216.1;29.9;;;;;;;;;;;;;;;;;;
 ;02:15:33;4.200;0.014;216.1;29.9;;;;;;;;;;;;;;;;;;
 ;02:15:34;4.200;0.014;216.1;29.9;;;;;;;;;;;;;;;;;;
 ;02:15:35;4.200;0.014;216.1;29.9;;;;;;;;;;;;;;;;;;
 ;02:15:36;4.200;0.014;216.1;29.9;;;;;;;;;;;;;;;;;;
 ;02:15:37;4.200;0.013;216.1;29.9;;;;;;;;;;;;;;;;;;
 ;02:15:38;4.200;0.013;216.1;29.9;;;;;;;;;;;;;;;;;;
 ;02:15:39;4.200;0.013;216.1;29.9;;;;;;;;;;;;;;;;;;
 ;02:15:40;4.200;0.013;216.1;29.9;;;;;;;;;;;;;;;;;;
 ;02:15:41;4.200;0.013;216.1;29.9;;;;;;;;;;;;;;;;;;
 ;02:15:42;4.200;0.013;216.1;29.9;;;;;;;;;;;;;;;;;;
 ;02:15:43;4.200;0.013;216.1;29.9;;;;;;;;;;;;;;;;;;
 ;02:15:44;4.200;0.013;216.1;29.9;;;;;;;;;;;;;;;;;;
 ;02:15:45;4.200;0.013;216.1;29.9;;;;;;;;;;;;;;;;;;
 ;02:15:46;4.200;0.013;216.1;29.9;;;;;;;;;;;;;;;;;;
 ;02:15:47;4.200;0.013;216.1;29.9;;;;;;;;;;;;;;;;;;
 ;02:15:48;4.200;0.013;216.1;29.9;;;;;;;;;;;;;;;;;;
 ;02:15:49;4.200;0.013;216.1;29.9;;;;;;;;;;;;;;;;;;
 ;02:15:50;4.200;0.013;216.1;29.9;;;;;;;;;;;;;;;;;;
 ;02:15:51;4.200;0.013;216.1;29.9;;;;;;;;;;;;;;;;;;
 ;02:15:52;4.200;0.013;216.1;29.9;;;;;;;;;;;;;;;;;;
 ;02:15:53;4.200;0.013;216.2;29.9;;;;;;;;;;;;;;;;;;
 ;02:15:54;4.200;0.013;216.2;29.9;;;;;;;;;;;;;;;;;;
 ;02:15:55;4.200;0.013;216.2;29.9;;;;;;;;;;;;;;;;;;
 ;02:15:56;4.200;0.013;216.2;29.9;;;;;;;;;;;;;;;;;;
 ;02:15:57;4.200;0.013;216.2;29.9;;;;;;;;;;;;;;;;;;
 ;02:15:58;4.200;0.013;216.2;29.9;;;;;;;;;;;;;;;;;;
 ;02:15:59;4.200;0.013;216.2;29.9;;;;;;;;;;;;;;;;;;
 ;02:16:00;4.200;0.013;216.2;29.9;;;;;;;;;;;;;;;;;;
 ;02:16:01;4.200;0.013;216.2;29.9;;;;;;;;;;;;;;;;;;
 ;02:16:02;4.200;0.013;216.2;29.9;;;;;;;;;;;;;;;;;;
 ;02:16:03;4.200;0.013;216.2;29.9;;;;;;;;;;;;;;;;;;
 ;02:16:04;4.200;0.013;216.2;29.9;;;;;;;;;;;;;;;;;;
 ;02:16:05;4.200;0.013;216.2;29.9;;;;;;;;;;;;;;;;;;
 ;02:16:06;4.200;0.013;216.2;29.9;;;;;;;;;;;;;;;;;;
 ;02:16:07;4.200;0.013;216.2;29.9;;;;;;;;;;;;;;;;;;
 ;02:16:08;4.200;0.013;216.2;29.9;;;;;;;;;;;;;;;;;;
 ;02:16:09;4.200;0.013;216.2;29.9;;;;;;;;;;;;;;;;;;
 ;02:16:10;4.200;0.013;216.2;29.9;;;;;;;;;;;;;;;;;;
 ;02:16:11;4.200;0.013;216.2;29.9;;;;;;;;;;;;;;;;;;
 ;02:16:12;4.200;0.013;216.2;29.9;;;;;;;;;;;;;;;;;;
 ;02:16:13;4.200;0.013;216.2;29.9;;;;;;;;;;;;;;;;;;
 ;02:16:14;4.200;0.013;216.2;29.9;;;;;;;;;;;;;;;;;;
 ;02:16:15;4.200;0.013;216.2;29.9;;;;;;;;;;;;;;;;;;
 ;02:16:16;4.200;0.013;216.2;29.9;;;;;;;;;;;;;;;;;;
 ;02:16:17;4.200;0.013;216.2;29.9;;;;;;;;;;;;;;;;;;
 ;02:16:18;4.200;0.013;216.2;29.9;;;;;;;;;;;;;;;;;;
 ;02:16:19;4.200;0.013;216.2;29.9;;;;;;;;;;;;;;;;;;
 ;02:16:20;4.200;0.013;216.3;29.9;;;;;;;;;;;;;;;;;;
 ;02:16:21;4.200;0.013;216.3;29.9;;;;;;;;;;;;;;;;;;
 ;02:16:22;4.200;0.013;216.3;29.9;;;;;;;;;;;;;;;;;;
 ;02:16:23;4.200;0.013;216.3;29.9;;;;;;;;;;;;;;;;;;
 ;02:16:24;4.200;0.013;216.3;29.9;;;;;;;;;;;;;;;;;;
 ;02:16:25;4.200;0.013;216.3;29.9;;;;;;;;;;;;;;;;;;
 ;02:16:26;4.200;0.013;216.3;29.9;;;;;;;;;;;;;;;;;;
 ;02:16:27;4.200;0.013;216.3;29.9;;;;;;;;;;;;;;;;;;
 ;02:16:28;4.200;0.013;216.3;29.9;;;;;;;;;;;;;;;;;;
 ;02:16:29;4.200;0.013;216.3;29.9;;;;;;;;;;;;;;;;;;
 ;02:16:30;4.200;0.013;216.3;29.9;;;;;;;;;;;;;;;;;;
 ;02:16:31;4.200;0.013;216.3;29.9;;;;;;;;;;;;;;;;;;
 ;02:16:32;4.200;0.013;216.3;29.9;;;;;;;;;;;;;;;;;;
 ;02:16:33;4.200;0.013;216.3;29.9;;;;;;;;;;;;;;;;;;
 ;02:16:34;4.200;0.013;216.3;29.9;;;;;;;;;;;;;;;;;;
 ;02:16:35;4.200;0.013;216.3;29.9;;;;;;;;;;;;;;;;;;
 ;02:16:36;4.200;0.013;216.3;29.9;;;;;;;;;;;;;;;;;;
 ;02:16:37;4.200;0.013;216.3;29.9;;;;;;;;;;;;;;;;;;
 ;02:16:38;4.200;0.013;216.3;29.9;;;;;;;;;;;;;;;;;;
 ;02:16:39;4.200;0.013;216.3;29.9;;;;;;;;;;;;;;;;;;
 ;02:16:40;4.200;0.013;216.3;29.9;;;;;;;;;;;;;;;;;;
 ;02:16:41;4.200;0.013;216.3;29.9;;;;;;;;;;;;;;;;;;
 ;02:16:42;4.200;0.013;216.3;29.9;;;;;;;;;;;;;;;;;;
 ;02:16:43;4.200;0.013;216.3;29.9;;;;;;;;;;;;;;;;;;
 ;02:16:44;4.200;0.013;216.3;29.9;;;;;;;;;;;;;;;;;;
 ;02:16:45;4.200;0.013;216.3;29.9;;;;;;;;;;;;;;;;;;
 ;02:16:46;4.200;0.013;216.3;29.9;;;;;;;;;;;;;;;;;;
 ;02:16:47;4.200;0.013;216.3;29.9;;;;;;;;;;;;;;;;;;
 ;02:16:48;4.200;0.013;216.4;29.9;;;;;;;;;;;;;;;;;;
 ;02:16:49;4.200;0.013;216.4;29.9;;;;;;;;;;;;;;;;;;
 ;02:16:50;4.200;0.013;216.4;29.9;;;;;;;;;;;;;;;;;;
 ;02:16:51;4.200;0.013;216.4;29.9;;;;;;;;;;;;;;;;;;
 ;02:16:52;4.200;0.013;216.4;29.9;;;;;;;;;;;;;;;;;;
 ;02:16:53;4.200;0.013;216.4;29.9;;;;;;;;;;;;;;;;;;
 ;02:16:54;4.200;0.013;216.4;29.9;;;;;;;;;;;;;;;;;;
 ;02:16:55;4.200;0.013;216.4;29.9;;;;;;;;;;;;;;;;;;
 ;02:16:56;4.200;0.013;216.4;29.9;;;;;;;;;;;;;;;;;;
 ;02:16:57;4.200;0.013;216.4;29.9;;;;;;;;;;;;;;;;;;
 ;02:16:58;4.200;0.013;216.4;29.9;;;;;;;;;;;;;;;;;;
 ;02:16:59;4.200;0.013;216.4;29.9;;;;;;;;;;;;;;;;;;
 ;02:17:00;4.200;0.013;216.4;29.9;;;;;;;;;;;;;;;;;;
 ;02:17:01;4.200;0.013;216.4;29.9;;;;;;;;;;;;;;;;;;
 ;02:17:02;4.200;0.013;216.4;29.9;;;;;;;;;;;;;;;;;;
 ;02:17:03;4.200;0.013;216.4;29.9;;;;;;;;;;;;;;;;;;
 ;02:17:04;4.200;0.013;216.4;29.9;;;;;;;;;;;;;;;;;;
 ;02:17:05;4.200;0.013;216.4;29.9;;;;;;;;;;;;;;;;;;
 ;02:17:06;4.200;0.013;216.4;29.9;;;;;;;;;;;;;;;;;;
 ;02:17:07;4.200;0.013;216.4;29.9;;;;;;;;;;;;;;;;;;
 ;02:17:08;4.200;0.013;216.4;29.9;;;;;;;;;;;;;;;;;;
 ;02:17:09;4.200;0.013;216.4;29.9;;;;;;;;;;;;;;;;;;
 ;02:17:10;4.200;0.013;216.4;29.9;;;;;;;;;;;;;;;;;;
 ;02:17:11;4.200;0.013;216.4;29.9;;;;;;;;;;;;;;;;;;
 ;02:17:12;4.200;0.013;216.4;29.9;;;;;;;;;;;;;;;;;;
 ;02:17:13;4.200;0.013;216.4;29.9;;;;;;;;;;;;;;;;;;
 ;02:17:14;4.200;0.013;216.4;29.9;;;;;;;;;;;;;;;;;;
 ;02:17:15;4.200;0.013;216.4;29.9;;;;;;;;;;;;;;;;;;
 ;02:17:16;4.200;0.013;216.5;29.9;;;;;;;;;;;;;;;;;;
 ;02:17:17;4.200;0.013;216.5;29.9;;;;;;;;;;;;;;;;;;
 ;02:17:18;4.200;0.013;216.5;29.9;;;;;;;;;;;;;;;;;;
 ;02:17:19;4.200;0.013;216.5;29.9;;;;;;;;;;;;;;;;;;
 ;02:17:20;4.200;0.013;216.5;29.9;;;;;;;;;;;;;;;;;;
 ;02:17:21;4.200;0.013;216.5;29.9;;;;;;;;;;;;;;;;;;
 ;02:17:22;4.200;0.013;216.5;29.9;;;;;;;;;;;;;;;;;;
 ;02:17:23;4.200;0.013;216.5;29.9;;;;;;;;;;;;;;;;;;
 ;02:17:24;4.200;0.013;216.5;29.9;;;;;;;;;;;;;;;;;;
 ;02:17:25;4.200;0.013;216.5;29.9;;;;;;;;;;;;;;;;;;
 ;02:17:26;4.200;0.013;216.5;29.9;;;;;;;;;;;;;;;;;;
 ;02:17:27;4.200;0.013;216.5;29.9;;;;;;;;;;;;;;;;;;
 ;02:17:28;4.200;0.013;216.5;29.9;;;;;;;;;;;;;;;;;;
 ;02:17:29;4.200;0.013;216.5;29.9;;;;;;;;;;;;;;;;;;
 ;02:17:30;4.200;0.013;216.5;29.9;;;;;;;;;;;;;;;;;;
 ;02:17:31;4.200;0.013;216.5;29.9;;;;;;;;;;;;;;;;;;
 ;02:17:32;4.200;0.013;216.5;29.9;;;;;;;;;;;;;;;;;;
 ;02:17:33;4.200;0.013;216.5;29.9;;;;;;;;;;;;;;;;;;
 ;02:17:34;4.200;0.013;216.5;29.9;;;;;;;;;;;;;;;;;;
 ;02:17:35;4.200;0.013;216.5;29.9;;;;;;;;;;;;;;;;;;
 ;02:17:36;4.200;0.013;216.5;29.9;;;;;;;;;;;;;;;;;;
 ;02:17:37;4.200;0.013;216.5;29.9;;;;;;;;;;;;;;;;;;
 ;02:17:38;4.200;0.013;216.5;29.9;;;;;;;;;;;;;;;;;;
 ;02:17:39;4.200;0.013;216.5;29.9;;;;;;;;;;;;;;;;;;
 ;02:17:40;4.200;0.013;216.5;29.9;;;;;;;;;;;;;;;;;;
 ;02:17:41;4.200;0.013;216.5;29.9;;;;;;;;;;;;;;;;;;
 ;02:17:42;4.200;0.013;216.5;29.9;;;;;;;;;;;;;;;;;;
 ;02:17:43;4.200;0.013;216.6;29.9;;;;;;;;;;;;;;;;;;
 ;02:17:44;4.200;0.013;216.6;29.9;;;;;;;;;;;;;;;;;;
 ;02:17:45;4.200;0.013;216.6;29.9;;;;;;;;;;;;;;;;;;
 ;02:17:46;4.200;0.013;216.6;29.9;;;;;;;;;;;;;;;;;;
 ;02:17:47;4.200;0.013;216.6;29.9;;;;;;;;;;;;;;;;;;
 ;02:17:48;4.200;0.013;216.6;29.9;;;;;;;;;;;;;;;;;;
 ;02:17:49;4.200;0.013;216.6;29.9;;;;;;;;;;;;;;;;;;
 ;02:17:50;4.200;0.013;216.6;29.9;;;;;;;;;;;;;;;;;;
 ;02:17:51;4.200;0.013;216.6;29.9;;;;;;;;;;;;;;;;;;
 ;02:17:52;4.200;0.013;216.6;29.9;;;;;;;;;;;;;;;;;;
 ;02:17:53;4.200;0.013;216.6;29.9;;;;;;;;;;;;;;;;;;
 ;02:17:54;4.200;0.013;216.6;29.9;;;;;;;;;;;;;;;;;;
 ;02:17:55;4.200;0.013;216.6;29.9;;;;;;;;;;;;;;;;;;
 ;02:17:56;4.200;0.013;216.6;29.9;;;;;;;;;;;;;;;;;;
 ;02:17:57;4.200;0.013;216.6;29.9;;;;;;;;;;;;;;;;;;
 ;02:17:58;4.200;0.013;216.6;29.9;;;;;;;;;;;;;;;;;;
 ;02:17:59;4.200;0.013;216.6;29.9;;;;;;;;;;;;;;;;;;
 ;02:18:00;4.200;0.013;216.6;29.9;;;;;;;;;;;;;;;;;;
 ;02:18:01;4.200;0.013;216.6;29.9;;;;;;;;;;;;;;;;;;
 ;02:18:02;4.200;0.013;216.6;29.9;;;;;;;;;;;;;;;;;;
 ;02:18:03;4.200;0.013;216.6;29.9;;;;;;;;;;;;;;;;;;
 ;02:18:04;4.200;0.013;216.6;29.9;;;;;;;;;;;;;;;;;;
 ;02:18:05;4.200;0.013;216.6;29.9;;;;;;;;;;;;;;;;;;
 ;02:18:06;4.200;0.013;216.6;29.9;;;;;;;;;;;;;;;;;;
 ;02:18:07;4.200;0.013;216.6;29.9;;;;;;;;;;;;;;;;;;
 ;02:18:08;4.200;0.013;216.6;29.9;;;;;;;;;;;;;;;;;;
 ;02:18:09;4.200;0.013;216.6;29.9;;;;;;;;;;;;;;;;;;
 ;02:18:10;4.200;0.013;216.6;29.9;;;;;;;;;;;;;;;;;;
 ;02:18:11;4.200;0.013;216.7;29.9;;;;;;;;;;;;;;;;;;
 ;02:18:12;4.200;0.013;216.7;29.9;;;;;;;;;;;;;;;;;;
 ;02:18:13;4.200;0.013;216.7;29.9;;;;;;;;;;;;;;;;;;
 ;02:18:14;4.200;0.013;216.7;29.9;;;;;;;;;;;;;;;;;;
 ;02:18:15;4.200;0.013;216.7;29.9;;;;;;;;;;;;;;;;;;
 ;02:18:16;4.200;0.013;216.7;29.9;;;;;;;;;;;;;;;;;;
 ;02:18:17;4.200;0.013;216.7;29.9;;;;;;;;;;;;;;;;;;
 ;02:18:18;4.200;0.013;216.7;29.9;;;;;;;;;;;;;;;;;;
 ;02:18:19;4.200;0.013;216.7;29.9;;;;;;;;;;;;;;;;;;
 ;02:18:20;4.200;0.013;216.7;29.9;;;;;;;;;;;;;;;;;;
 ;02:18:21;4.200;0.013;216.7;29.9;;;;;;;;;;;;;;;;;;
 ;02:18:22;4.200;0.013;216.7;29.9;;;;;;;;;;;;;;;;;;
 ;02:18:23;4.200;0.013;216.7;29.9;;;;;;;;;;;;;;;;;;
 ;02:18:24;4.200;0.013;216.7;29.9;;;;;;;;;;;;;;;;;;
 ;02:18:25;4.200;0.013;216.7;29.9;;;;;;;;;;;;;;;;;;
 ;02:18:26;4.200;0.013;216.7;29.9;;;;;;;;;;;;;;;;;;
 ;02:18:27;4.200;0.013;216.7;29.9;;;;;;;;;;;;;;;;;;
 ;02:18:28;4.200;0.013;216.7;29.9;;;;;;;;;;;;;;;;;;
 ;02:18:29;4.200;0.013;216.7;29.9;;;;;;;;;;;;;;;;;;
 ;02:18:30;4.200;0.013;216.7;29.9;;;;;;;;;;;;;;;;;;
 ;02:18:31;4.200;0.013;216.7;29.9;;;;;;;;;;;;;;;;;;
 ;02:18:32;4.200;0.013;216.7;29.9;;;;;;;;;;;;;;;;;;
 ;02:18:33;4.200;0.013;216.7;29.9;;;;;;;;;;;;;;;;;;
 ;02:18:34;4.200;0.013;216.7;29.9;;;;;;;;;;;;;;;;;;
 ;02:18:35;4.200;0.013;216.7;29.9;;;;;;;;;;;;;;;;;;
 ;02:18:36;4.200;0.013;216.7;29.9;;;;;;;;;;;;;;;;;;
 ;02:18:37;4.200;0.013;216.7;29.9;;;;;;;;;;;;;;;;;;
 ;02:18:38;4.200;0.013;216.7;29.9;;;;;;;;;;;;;;;;;;
 ;02:18:39;4.200;0.013;216.8;29.9;;;;;;;;;;;;;;;;;;
 ;02:18:40;4.200;0.013;216.8;29.9;;;;;;;;;;;;;;;;;;
 ;02:18:41;4.200;0.013;216.8;29.9;;;;;;;;;;;;;;;;;;
 ;02:18:42;4.200;0.013;216.8;29.9;;;;;;;;;;;;;;;;;;
 ;02:18:43;4.200;0.013;216.8;29.9;;;;;;;;;;;;;;;;;;
 ;02:18:44;4.200;0.013;216.8;29.9;;;;;;;;;;;;;;;;;;
 ;02:18:45;4.200;0.013;216.8;29.9;;;;;;;;;;;;;;;;;;
 ;02:18:46;4.200;0.013;216.8;29.9;;;;;;;;;;;;;;;;;;
 ;02:18:47;4.200;0.013;216.8;29.9;;;;;;;;;;;;;;;;;;
 ;02:18:48;4.200;0.013;216.8;29.9;;;;;;;;;;;;;;;;;;
 ;02:18:49;4.200;0.013;216.8;29.9;;;;;;;;;;;;;;;;;;
 ;02:18:50;4.200;0.013;216.8;29.9;;;;;;;;;;;;;;;;;;
 ;02:18:51;4.200;0.013;216.8;29.9;;;;;;;;;;;;;;;;;;
 ;02:18:52;4.200;0.013;216.8;29.9;;;;;;;;;;;;;;;;;;
 ;02:18:53;4.200;0.013;216.8;29.9;;;;;;;;;;;;;;;;;;
 ;02:18:54;4.200;0.013;216.8;29.9;;;;;;;;;;;;;;;;;;
 ;02:18:55;4.200;0.013;216.8;29.9;;;;;;;;;;;;;;;;;;
 ;02:18:56;4.200;0.013;216.8;29.9;;;;;;;;;;;;;;;;;;
 ;02:18:57;4.200;0.013;216.8;29.9;;;;;;;;;;;;;;;;;;
 ;02:18:58;4.200;0.013;216.8;29.9;;;;;;;;;;;;;;;;;;
 ;02:18:59;4.200;0.013;216.8;29.9;;;;;;;;;;;;;;;;;;
 ;02:19:00;4.200;0.013;216.8;29.9;;;;;;;;;;;;;;;;;;
 ;02:19:01;4.200;0.013;216.8;29.9;;;;;;;;;;;;;;;;;;
 ;02:19:02;4.200;0.013;216.8;29.9;;;;;;;;;;;;;;;;;;
 ;02:19:03;4.200;0.013;216.8;29.9;;;;;;;;;;;;;;;;;;
 ;02:19:04;4.200;0.013;216.8;29.9;;;;;;;;;;;;;;;;;;
 ;02:19:05;4.200;0.013;216.8;29.9;;;;;;;;;;;;;;;;;;
 ;02:19:06;4.200;0.013;216.9;29.9;;;;;;;;;;;;;;;;;;
 ;02:19:07;4.200;0.013;216.9;29.9;;;;;;;;;;;;;;;;;;
 ;02:19:08;4.200;0.013;216.9;29.9;;;;;;;;;;;;;;;;;;
 ;02:19:09;4.200;0.013;216.9;29.9;;;;;;;;;;;;;;;;;;
 ;02:19:10;4.200;0.013;216.9;29.9;;;;;;;;;;;;;;;;;;
 ;02:19:11;4.200;0.013;216.9;29.9;;;;;;;;;;;;;;;;;;
 ;02:19:12;4.200;0.013;216.9;29.9;;;;;;;;;;;;;;;;;;
 ;02:19:13;4.200;0.013;216.9;29.9;;;;;;;;;;;;;;;;;;
 ;02:19:14;4.200;0.013;216.9;29.9;;;;;;;;;;;;;;;;;;
 ;02:19:15;4.200;0.013;216.9;29.9;;;;;;;;;;;;;;;;;;
 ;02:19:16;4.200;0.013;216.9;29.9;;;;;;;;;;;;;;;;;;
 ;02:19:17;4.200;0.013;216.9;29.9;;;;;;;;;;;;;;;;;;
 ;02:19:18;4.200;0.013;216.9;29.9;;;;;;;;;;;;;;;;;;
 ;02:19:19;4.200;0.013;216.9;29.9;;;;;;;;;;;;;;;;;;
 ;02:19:20;4.200;0.013;216.9;29.9;;;;;;;;;;;;;;;;;;
 ;02:19:21;4.200;0.013;216.9;29.9;;;;;;;;;;;;;;;;;;
 ;02:19:22;4.200;0.013;216.9;29.9;;;;;;;;;;;;;;;;;;
 ;02:19:23;4.200;0.013;216.9;29.9;;;;;;;;;;;;;;;;;;
 ;02:19:24;4.200;0.013;216.9;29.9;;;;;;;;;;;;;;;;;;
 ;02:19:25;4.200;0.013;216.9;29.9;;;;;;;;;;;;;;;;;;
 ;02:19:26;4.200;0.013;216.9;29.9;;;;;;;;;;;;;;;;;;
 ;02:19:27;4.200;0.013;216.9;29.9;;;;;;;;;;;;;;;;;;
 ;02:19:28;4.200;0.013;216.9;29.9;;;;;;;;;;;;;;;;;;
 ;02:19:29;4.200;0.013;216.9;29.9;;;;;;;;;;;;;;;;;;
 ;02:19:30;4.200;0.013;216.9;29.9;;;;;;;;;;;;;;;;;;
 ;02:19:31;4.200;0.013;216.9;29.9;;;;;;;;;;;;;;;;;;
 ;02:19:32;4.200;0.013;216.9;29.9;;;;;;;;;;;;;;;;;;
 ;02:19:33;4.200;0.013;216.9;29.9;;;;;;;;;;;;;;;;;;
 ;02:19:34;4.200;0.013;217.0;29.9;;;;;;;;;;;;;;;;;;
 ;02:19:35;4.200;0.013;217.0;29.9;;;;;;;;;;;;;;;;;;
 ;02:19:36;4.200;0.013;217.0;29.9;;;;;;;;;;;;;;;;;;
 ;02:19:37;4.200;0.013;217.0;29.9;;;;;;;;;;;;;;;;;;
 ;02:19:38;4.200;0.013;217.0;29.9;;;;;;;;;;;;;;;;;;
 ;02:19:39;4.200;0.013;217.0;29.9;;;;;;;;;;;;;;;;;;
 ;02:19:40;4.200;0.013;217.0;29.9;;;;;;;;;;;;;;;;;;
 ;02:19:41;4.200;0.013;217.0;29.9;;;;;;;;;;;;;;;;;;
 ;02:19:42;4.200;0.013;217.0;29.9;;;;;;;;;;;;;;;;;;
 ;02:19:43;4.200;0.013;217.0;29.9;;;;;;;;;;;;;;;;;;
 ;02:19:44;4.200;0.013;217.0;29.9;;;;;;;;;;;;;;;;;;
 ;02:19:45;4.200;0.013;217.0;29.9;;;;;;;;;;;;;;;;;;
 ;02:19:46;4.200;0.013;217.0;29.9;;;;;;;;;;;;;;;;;;
 ;02:19:47;4.200;0.013;217.0;29.9;;;;;;;;;;;;;;;;;;
 ;02:19:48;4.200;0.013;217.0;29.9;;;;;;;;;;;;;;;;;;
 ;02:19:49;4.200;0.013;217.0;29.9;;;;;;;;;;;;;;;;;;
 ;02:19:50;4.200;0.013;217.0;29.9;;;;;;;;;;;;;;;;;;
 ;02:19:51;4.200;0.013;217.0;29.9;;;;;;;;;;;;;;;;;;
 ;02:19:52;4.200;0.013;217.0;29.9;;;;;;;;;;;;;;;;;;
 ;02:19:53;4.200;0.013;217.0;29.9;;;;;;;;;;;;;;;;;;
 ;02:19:54;4.200;0.013;217.0;29.9;;;;;;;;;;;;;;;;;;
 ;02:19:55;4.200;0.013;217.0;29.9;;;;;;;;;;;;;;;;;;
 ;02:19:56;4.200;0.013;217.0;29.9;;;;;;;;;;;;;;;;;;
 ;02:19:57;4.200;0.013;217.0;29.9;;;;;;;;;;;;;;;;;;
 ;02:19:58;4.200;0.013;217.0;29.9;;;;;;;;;;;;;;;;;;
 ;02:19:59;4.200;0.013;217.0;29.9;;;;;;;;;;;;;;;;;;
 ;02:20:00;4.200;0.013;217.0;29.9;;;;;;;;;;;;;;;;;;
 ;02:20:01;4.200;0.013;217.0;29.9;;;;;;;;;;;;;;;;;;
 ;02:20:02;4.200;0.013;217.1;29.9;;;;;;;;;;;;;;;;;;
 ;02:20:03;4.200;0.013;217.1;29.9;;;;;;;;;;;;;;;;;;
 ;02:20:04;4.200;0.013;217.1;29.9;;;;;;;;;;;;;;;;;;
 ;02:20:05;4.200;0.013;217.1;29.9;;;;;;;;;;;;;;;;;;
 ;02:20:06;4.200;0.013;217.1;29.9;;;;;;;;;;;;;;;;;;
 ;02:20:07;4.200;0.013;217.1;29.9;;;;;;;;;;;;;;;;;;
 ;02:20:08;4.200;0.013;217.1;29.9;;;;;;;;;;;;;;;;;;
 ;02:20:09;4.200;0.013;217.1;29.9;;;;;;;;;;;;;;;;;;
 ;02:20:10;4.200;0.013;217.1;29.9;;;;;;;;;;;;;;;;;;
 ;02:20:11;4.200;0.013;217.1;29.9;;;;;;;;;;;;;;;;;;
 ;02:20:12;4.200;0.013;217.1;29.9;;;;;;;;;;;;;;;;;;
 ;02:20:13;4.200;0.013;217.1;29.9;;;;;;;;;;;;;;;;;;
 ;02:20:14;4.200;0.013;217.1;29.9;;;;;;;;;;;;;;;;;;
 ;02:20:15;4.200;0.013;217.1;29.9;;;;;;;;;;;;;;;;;;
 ;02:20:16;4.200;0.013;217.1;29.9;;;;;;;;;;;;;;;;;;
 ;02:20:17;4.200;0.013;217.1;29.9;;;;;;;;;;;;;;;;;;
 ;02:20:18;4.200;0.013;217.1;29.9;;;;;;;;;;;;;;;;;;
 ;02:20:19;4.200;0.013;217.1;29.9;;;;;;;;;;;;;;;;;;
 ;02:20:20;4.200;0.013;217.1;29.9;;;;;;;;;;;;;;;;;;
 ;02:20:21;4.200;0.013;217.1;29.9;;;;;;;;;;;;;;;;;;
 ;02:20:22;4.200;0.013;217.1;29.9;;;;;;;;;;;;;;;;;;
 ;02:20:23;4.200;0.013;217.1;29.9;;;;;;;;;;;;;;;;;;
 ;02:20:24;4.200;0.013;217.1;29.9;;;;;;;;;;;;;;;;;;
 ;02:20:25;4.200;0.013;217.1;29.9;;;;;;;;;;;;;;;;;;
 ;02:20:26;4.200;0.013;217.1;29.9;;;;;;;;;;;;;;;;;;
 ;02:20:27;4.200;0.013;217.1;29.9;;;;;;;;;;;;;;;;;;
 ;02:20:28;4.200;0.013;217.1;29.9;;;;;;;;;;;;;;;;;;
 ;02:20:29;4.200;0.013;217.2;29.9;;;;;;;;;;;;;;;;;;
 ;02:20:30;4.200;0.013;217.2;29.9;;;;;;;;;;;;;;;;;;
 ;02:20:31;4.200;0.013;217.2;29.9;;;;;;;;;;;;;;;;;;
 ;02:20:32;4.200;0.013;217.2;29.9;;;;;;;;;;;;;;;;;;
 ;02:20:33;4.200;0.013;217.2;29.9;;;;;;;;;;;;;;;;;;
 ;02:20:34;4.200;0.013;217.2;29.9;;;;;;;;;;;;;;;;;;
 ;02:20:35;4.200;0.013;217.2;29.9;;;;;;;;;;;;;;;;;;
 ;02:20:36;4.200;0.013;217.2;29.9;;;;;;;;;;;;;;;;;;
 ;02:20:37;4.200;0.013;217.2;29.9;;;;;;;;;;;;;;;;;;
 ;02:20:38;4.200;0.013;217.2;29.9;;;;;;;;;;;;;;;;;;
 ;02:20:39;4.200;0.013;217.2;29.9;;;;;;;;;;;;;;;;;;
 ;02:20:40;4.200;0.013;217.2;29.9;;;;;;;;;;;;;;;;;;
 ;02:20:41;4.200;0.013;217.2;29.9;;;;;;;;;;;;;;;;;;
 ;02:20:42;4.200;0.013;217.2;29.9;;;;;;;;;;;;;;;;;;
 ;02:20:43;4.200;0.013;217.2;29.9;;;;;;;;;;;;;;;;;;
 ;02:20:44;4.200;0.013;217.2;29.9;;;;;;;;;;;;;;;;;;
 ;02:20:45;4.200;0.013;217.2;29.9;;;;;;;;;;;;;;;;;;
 ;02:20:46;4.200;0.013;217.2;29.9;;;;;;;;;;;;;;;;;;
 ;02:20:47;4.200;0.013;217.2;29.9;;;;;;;;;;;;;;;;;;
 ;02:20:48;4.200;0.013;217.2;29.9;;;;;;;;;;;;;;;;;;
 ;02:20:49;4.200;0.013;217.2;29.9;;;;;;;;;;;;;;;;;;
 ;02:20:50;4.200;0.013;217.2;29.9;;;;;;;;;;;;;;;;;;
 ;02:20:51;4.200;0.013;217.2;29.9;;;;;;;;;;;;;;;;;;
 ;02:20:52;4.200;0.013;217.2;29.9;;;;;;;;;;;;;;;;;;
 ;02:20:53;4.200;0.013;217.2;29.9;;;;;;;;;;;;;;;;;;
 ;02:20:54;4.200;0.013;217.2;29.9;;;;;;;;;;;;;;;;;;
 ;02:20:55;4.200;0.013;217.2;29.9;;;;;;;;;;;;;;;;;;
 ;02:20:56;4.200;0.013;217.2;29.9;;;;;;;;;;;;;;;;;;
 ;02:20:57;4.200;0.013;217.3;29.9;;;;;;;;;;;;;;;;;;
 ;02:20:58;4.200;0.013;217.3;29.9;;;;;;;;;;;;;;;;;;
 ;02:20:59;4.200;0.013;217.3;29.9;;;;;;;;;;;;;;;;;;
 ;02:21:00;4.200;0.013;217.3;29.9;;;;;;;;;;;;;;;;;;
 ;02:21:01;4.200;0.013;217.3;29.9;;;;;;;;;;;;;;;;;;
 ;02:21:02;4.200;0.013;217.3;29.9;;;;;;;;;;;;;;;;;;
 ;02:21:03;4.200;0.013;217.3;29.9;;;;;;;;;;;;;;;;;;
 ;02:21:04;4.200;0.013;217.3;29.9;;;;;;;;;;;;;;;;;;
 ;02:21:05;4.200;0.013;217.3;29.9;;;;;;;;;;;;;;;;;;
 ;02:21:06;4.200;0.013;217.3;29.9;;;;;;;;;;;;;;;;;;
 ;02:21:07;4.200;0.013;217.3;29.9;;;;;;;;;;;;;;;;;;
 ;02:21:08;4.200;0.013;217.3;29.9;;;;;;;;;;;;;;;;;;
 ;02:21:09;4.200;0.013;217.3;29.9;;;;;;;;;;;;;;;;;;
 ;02:21:10;4.200;0.013;217.3;29.9;;;;;;;;;;;;;;;;;;
 ;02:21:11;4.200;0.013;217.3;29.9;;;;;;;;;;;;;;;;;;
 ;02:21:12;4.200;0.013;217.3;29.9;;;;;;;;;;;;;;;;;;
 ;02:21:13;4.200;0.013;217.3;29.9;;;;;;;;;;;;;;;;;;
 ;02:21:14;4.200;0.013;217.3;29.9;;;;;;;;;;;;;;;;;;
 ;02:21:15;4.200;0.013;217.3;29.9;;;;;;;;;;;;;;;;;;
 ;02:21:16;4.200;0.013;217.3;29.9;;;;;;;;;;;;;;;;;;
 ;02:21:17;4.200;0.013;217.3;29.9;;;;;;;;;;;;;;;;;;
 ;02:21:18;4.200;0.013;217.3;29.9;;;;;;;;;;;;;;;;;;
 ;02:21:19;4.200;0.013;217.3;29.9;;;;;;;;;;;;;;;;;;
 ;02:21:20;4.200;0.013;217.3;29.9;;;;;;;;;;;;;;;;;;
 ;02:21:21;4.200;0.013;217.3;29.9;;;;;;;;;;;;;;;;;;
 ;02:21:22;4.200;0.013;217.3;29.9;;;;;;;;;;;;;;;;;;
 ;02:21:23;4.200;0.013;217.3;29.9;;;;;;;;;;;;;;;;;;
 ;02:21:24;4.200;0.013;217.3;29.9;;;;;;;;;;;;;;;;;;
 ;02:21:25;4.200;0.013;217.4;29.9;;;;;;;;;;;;;;;;;;
 ;02:21:26;4.200;0.013;217.4;29.9;;;;;;;;;;;;;;;;;;
 ;02:21:27;4.200;0.013;217.4;29.9;;;;;;;;;;;;;;;;;;
 ;02:21:28;4.200;0.013;217.4;29.9;;;;;;;;;;;;;;;;;;
 ;02:21:29;4.200;0.013;217.4;29.9;;;;;;;;;;;;;;;;;;
 ;02:21:30;4.200;0.013;217.4;29.9;;;;;;;;;;;;;;;;;;
 ;02:21:31;4.200;0.013;217.4;29.9;;;;;;;;;;;;;;;;;;
 ;02:21:32;4.200;0.013;217.4;29.9;;;;;;;;;;;;;;;;;;
 ;02:21:33;4.200;0.013;217.4;29.9;;;;;;;;;;;;;;;;;;
 ;02:21:34;4.200;0.013;217.4;29.9;;;;;;;;;;;;;;;;;;
 ;02:21:35;4.200;0.013;217.4;29.9;;;;;;;;;;;;;;;;;;
 ;02:21:36;4.200;0.013;217.4;29.9;;;;;;;;;;;;;;;;;;
 ;02:21:37;4.200;0.013;217.4;29.9;;;;;;;;;;;;;;;;;;
 ;02:21:38;4.200;0.013;217.4;29.9;;;;;;;;;;;;;;;;;;
 ;02:21:39;4.200;0.013;217.4;29.9;;;;;;;;;;;;;;;;;;
 ;02:21:40;4.200;0.013;217.4;29.9;;;;;;;;;;;;;;;;;;
 ;02:21:41;4.200;0.013;217.4;29.9;;;;;;;;;;;;;;;;;;
 ;02:21:42;4.200;0.013;217.4;29.9;;;;;;;;;;;;;;;;;;
 ;02:21:43;4.200;0.013;217.4;29.9;;;;;;;;;;;;;;;;;;
 ;02:21:44;4.200;0.013;217.4;29.9;;;;;;;;;;;;;;;;;;
 ;02:21:45;4.200;0.013;217.4;29.9;;;;;;;;;;;;;;;;;;
 ;02:21:46;4.200;0.013;217.4;29.9;;;;;;;;;;;;;;;;;;
 ;02:21:47;4.200;0.013;217.4;29.9;;;;;;;;;;;;;;;;;;
 ;02:21:48;4.200;0.013;217.4;29.9;;;;;;;;;;;;;;;;;;
 ;02:21:49;4.200;0.013;217.4;29.9;;;;;;;;;;;;;;;;;;
 ;02:21:50;4.200;0.013;217.4;29.9;;;;;;;;;;;;;;;;;;
 ;02:21:51;4.200;0.013;217.4;29.9;;;;;;;;;;;;;;;;;;
 ;02:21:52;4.200;0.013;217.5;29.9;;;;;;;;;;;;;;;;;;
 ;02:21:53;4.200;0.013;217.5;29.9;;;;;;;;;;;;;;;;;;
 ;02:21:54;4.200;0.013;217.5;29.9;;;;;;;;;;;;;;;;;;
 ;02:21:55;4.200;0.013;217.5;29.9;;;;;;;;;;;;;;;;;;
 ;02:21:56;4.200;0.013;217.5;29.9;;;;;;;;;;;;;;;;;;
 ;02:21:57;4.200;0.013;217.5;29.9;;;;;;;;;;;;;;;;;;
 ;02:21:58;4.200;0.013;217.5;29.9;;;;;;;;;;;;;;;;;;
 ;02:21:59;4.200;0.013;217.5;29.9;;;;;;;;;;;;;;;;;;
 ;02:22:00;4.200;0.013;217.5;29.9;;;;;;;;;;;;;;;;;;
 ;02:22:01;4.200;0.013;217.5;29.9;;;;;;;;;;;;;;;;;;
 ;02:22:02;4.200;0.013;217.5;29.9;;;;;;;;;;;;;;;;;;
 ;02:22:03;4.200;0.013;217.5;29.9;;;;;;;;;;;;;;;;;;
 ;02:22:04;4.200;0.013;217.5;29.9;;;;;;;;;;;;;;;;;;
 ;02:22:05;4.200;0.013;217.5;29.9;;;;;;;;;;;;;;;;;;
 ;02:22:06;4.200;0.013;217.5;29.9;;;;;;;;;;;;;;;;;;
 ;02:22:07;4.200;0.013;217.5;29.9;;;;;;;;;;;;;;;;;;
 ;02:22:08;4.200;0.013;217.5;29.9;;;;;;;;;;;;;;;;;;
 ;02:22:09;4.200;0.013;217.5;29.9;;;;;;;;;;;;;;;;;;
 ;02:22:10;4.200;0.013;217.5;29.9;;;;;;;;;;;;;;;;;;
 ;02:22:11;4.200;0.013;217.5;29.9;;;;;;;;;;;;;;;;;;
 ;02:22:12;4.200;0.013;217.5;29.9;;;;;;;;;;;;;;;;;;
 ;02:22:13;4.200;0.013;217.5;29.9;;;;;;;;;;;;;;;;;;
 ;02:22:14;4.200;0.013;217.5;29.9;;;;;;;;;;;;;;;;;;
 ;02:22:15;4.200;0.013;217.5;29.9;;;;;;;;;;;;;;;;;;
 ;02:22:16;4.200;0.013;217.5;29.9;;;;;;;;;;;;;;;;;;
 ;02:22:17;4.200;0.013;217.5;29.9;;;;;;;;;;;;;;;;;;
 ;02:22:18;4.200;0.013;217.5;29.9;;;;;;;;;;;;;;;;;;
 ;02:22:19;4.200;0.013;217.5;29.9;;;;;;;;;;;;;;;;;;
 ;02:22:20;4.200;0.013;217.6;29.9;;;;;;;;;;;;;;;;;;
 ;02:22:21;4.200;0.013;217.6;29.9;;;;;;;;;;;;;;;;;;
 ;02:22:22;4.200;0.013;217.6;29.9;;;;;;;;;;;;;;;;;;
 ;02:22:23;4.200;0.013;217.6;29.9;;;;;;;;;;;;;;;;;;
 ;02:22:24;4.200;0.013;217.6;29.9;;;;;;;;;;;;;;;;;;
 ;02:22:25;4.200;0.013;217.6;29.9;;;;;;;;;;;;;;;;;;
 ;02:22:26;4.200;0.013;217.6;29.9;;;;;;;;;;;;;;;;;;
 ;02:22:27;4.200;0.013;217.6;29.9;;;;;;;;;;;;;;;;;;
 ;02:22:28;4.200;0.013;217.6;29.9;;;;;;;;;;;;;;;;;;
 ;02:22:29;4.200;0.013;217.6;29.9;;;;;;;;;;;;;;;;;;
 ;02:22:30;4.200;0.013;217.6;29.9;;;;;;;;;;;;;;;;;;
 ;02:22:31;4.200;0.013;217.6;29.9;;;;;;;;;;;;;;;;;;
 ;02:22:32;4.200;0.013;217.6;29.9;;;;;;;;;;;;;;;;;;
 ;02:22:33;4.200;0.013;217.6;29.9;;;;;;;;;;;;;;;;;;
 ;02:22:34;4.200;0.013;217.6;29.9;;;;;;;;;;;;;;;;;;
 ;02:22:35;4.200;0.013;217.6;29.9;;;;;;;;;;;;;;;;;;
 ;02:22:36;4.200;0.013;217.6;29.9;;;;;;;;;;;;;;;;;;
 ;02:22:37;4.200;0.013;217.6;29.9;;;;;;;;;;;;;;;;;;
 ;02:22:38;4.200;0.013;217.6;29.9;;;;;;;;;;;;;;;;;;
 ;02:22:39;4.200;0.013;217.6;29.9;;;;;;;;;;;;;;;;;;
 ;02:22:40;4.200;0.013;217.6;29.9;;;;;;;;;;;;;;;;;;
 ;02:22:41;4.200;0.013;217.6;29.9;;;;;;;;;;;;;;;;;;
 ;02:22:42;4.200;0.013;217.6;29.9;;;;;;;;;;;;;;;;;;
 ;02:22:43;4.200;0.013;217.6;29.9;;;;;;;;;;;;;;;;;;
 ;02:22:44;4.200;0.013;217.6;29.9;;;;;;;;;;;;;;;;;;
 ;02:22:45;4.200;0.013;217.6;29.9;;;;;;;;;;;;;;;;;;
 ;02:22:46;4.200;0.013;217.6;29.9;;;;;;;;;;;;;;;;;;
 ;02:22:47;4.200;0.013;217.6;29.9;;;;;;;;;;;;;;;;;;
 ;02:22:48;4.200;0.013;217.7;29.9;;;;;;;;;;;;;;;;;;
 ;02:22:49;4.200;0.013;217.7;29.9;;;;;;;;;;;;;;;;;;
 ;02:22:50;4.200;0.013;217.7;29.9;;;;;;;;;;;;;;;;;;
 ;02:22:51;4.200;0.013;217.7;29.9;;;;;;;;;;;;;;;;;;
 ;02:22:52;4.200;0.013;217.7;29.9;;;;;;;;;;;;;;;;;;
 ;02:22:53;4.200;0.013;217.7;29.9;;;;;;;;;;;;;;;;;;
 ;02:22:54;4.200;0.013;217.7;29.9;;;;;;;;;;;;;;;;;;
 ;02:22:55;4.200;0.013;217.7;29.9;;;;;;;;;;;;;;;;;;
 ;02:22:56;4.200;0.013;217.7;29.9;;;;;;;;;;;;;;;;;;
 ;02:22:57;4.200;0.013;217.7;29.9;;;;;;;;;;;;;;;;;;
 ;02:22:58;4.200;0.013;217.7;29.9;;;;;;;;;;;;;;;;;;
 ;02:22:59;4.200;0.013;217.7;29.9;;;;;;;;;;;;;;;;;;
 ;02:23:00;4.200;0.012;217.7;29.9;;;;;;;;;;;;;;;;;;
 ;02:23:01;4.200;0.013;217.7;29.9;;;;;;;;;;;;;;;;;;
 ;02:23:02;4.200;0.013;217.7;29.9;;;;;;;;;;;;;;;;;;
 ;02:23:03;4.200;0.013;217.7;29.9;;;;;;;;;;;;;;;;;;
 ;02:23:04;4.200;0.013;217.7;29.9;;;;;;;;;;;;;;;;;;
 ;02:23:05;4.200;0.012;217.7;29.9;;;;;;;;;;;;;;;;;;
 ;02:23:06;4.200;0.013;217.7;29.9;;;;;;;;;;;;;;;;;;
 ;02:23:07;4.200;0.013;217.7;29.9;;;;;;;;;;;;;;;;;;
 ;02:23:08;4.200;0.013;217.7;29.9;;;;;;;;;;;;;;;;;;
 ;02:23:09;4.200;0.013;217.7;29.9;;;;;;;;;;;;;;;;;;
 ;02:23:10;4.200;0.013;217.7;29.9;;;;;;;;;;;;;;;;;;
 ;02:23:11;4.200;0.013;217.7;29.9;;;;;;;;;;;;;;;;;;
 ;02:23:12;4.200;0.013;217.7;29.9;;;;;;;;;;;;;;;;;;
 ;02:23:13;4.200;0.013;217.7;29.9;;;;;;;;;;;;;;;;;;
 ;02:23:14;4.200;0.013;217.7;29.9;;;;;;;;;;;;;;;;;;
 ;02:23:15;4.200;0.013;217.7;29.9;;;;;;;;;;;;;;;;;;
 ;02:23:16;4.200;0.013;217.8;29.9;;;;;;;;;;;;;;;;;;
 ;02:23:17;4.200;0.013;217.8;29.9;;;;;;;;;;;;;;;;;;
 ;02:23:18;4.200;0.013;217.8;29.9;;;;;;;;;;;;;;;;;;
 ;02:23:19;4.200;0.013;217.8;29.9;;;;;;;;;;;;;;;;;;
 ;02:23:20;4.200;0.013;217.8;29.9;;;;;;;;;;;;;;;;;;
 ;02:23:21;4.200;0.013;217.8;29.9;;;;;;;;;;;;;;;;;;
 ;02:23:22;4.200;0.013;217.8;29.9;;;;;;;;;;;;;;;;;;
 ;02:23:23;4.200;0.013;217.8;29.9;;;;;;;;;;;;;;;;;;
 ;02:23:24;4.200;0.013;217.8;29.9;;;;;;;;;;;;;;;;;;
 ;02:23:25;4.200;0.013;217.8;29.9;;;;;;;;;;;;;;;;;;
 ;02:23:26;4.200;0.013;217.8;29.9;;;;;;;;;;;;;;;;;;
 ;02:23:27;4.200;0.013;217.8;29.9;;;;;;;;;;;;;;;;;;
 ;02:23:28;4.200;0.013;217.8;29.9;;;;;;;;;;;;;;;;;;
 ;02:23:29;4.200;0.013;217.8;29.9;;;;;;;;;;;;;;;;;;
 ;02:23:30;4.200;0.013;217.8;29.9;;;;;;;;;;;;;;;;;;
 ;02:23:31;4.200;0.013;217.8;29.9;;;;;;;;;;;;;;;;;;
 ;02:23:32;4.200;0.013;217.8;29.9;;;;;;;;;;;;;;;;;;
 ;02:23:33;4.200;0.013;217.8;29.9;;;;;;;;;;;;;;;;;;
 ;02:23:34;4.200;0.013;217.8;29.9;;;;;;;;;;;;;;;;;;
 ;02:23:35;4.200;0.013;217.8;29.9;;;;;;;;;;;;;;;;;;
 ;02:23:36;4.200;0.013;217.8;29.9;;;;;;;;;;;;;;;;;;
 ;02:23:37;4.200;0.012;217.8;29.9;;;;;;;;;;;;;;;;;;
 ;02:23:38;4.200;0.012;217.8;29.9;;;;;;;;;;;;;;;;;;
 ;02:23:39;4.200;0.013;217.8;29.9;;;;;;;;;;;;;;;;;;
 ;02:23:40;4.200;0.013;217.8;29.9;;;;;;;;;;;;;;;;;;
 ;02:23:41;4.200;0.013;217.8;29.9;;;;;;;;;;;;;;;;;;
 ;02:23:42;4.200;0.013;217.8;29.9;;;;;;;;;;;;;;;;;;
 ;02:23:43;4.200;0.013;217.9;29.9;;;;;;;;;;;;;;;;;;
 ;02:23:44;4.200;0.013;217.9;29.9;;;;;;;;;;;;;;;;;;
 ;02:23:45;4.200;0.013;217.9;29.9;;;;;;;;;;;;;;;;;;
 ;02:23:46;4.200;0.013;217.9;29.9;;;;;;;;;;;;;;;;;;
 ;02:23:47;4.200;0.013;217.9;29.9;;;;;;;;;;;;;;;;;;
 ;02:23:48;4.200;0.013;217.9;29.9;;;;;;;;;;;;;;;;;;
 ;02:23:49;4.200;0.013;217.9;29.9;;;;;;;;;;;;;;;;;;
 ;02:23:50;4.200;0.013;217.9;29.9;;;;;;;;;;;;;;;;;;
 ;02:23:51;4.200;0.013;217.9;29.9;;;;;;;;;;;;;;;;;;
 ;02:23:52;4.200;0.013;217.9;29.9;;;;;;;;;;;;;;;;;;
 ;02:23:53;4.200;0.013;217.9;29.9;;;;;;;;;;;;;;;;;;
 ;02:23:54;4.200;0.013;217.9;29.9;;;;;;;;;;;;;;;;;;
 ;02:23:55;4.200;0.013;217.9;29.9;;;;;;;;;;;;;;;;;;
 ;02:23:56;4.200;0.013;217.9;29.9;;;;;;;;;;;;;;;;;;
 ;02:23:57;4.200;0.013;217.9;29.9;;;;;;;;;;;;;;;;;;
 ;02:23:58;4.200;0.013;217.9;29.9;;;;;;;;;;;;;;;;;;
 ;02:23:59;4.200;0.013;217.9;29.9;;;;;;;;;;;;;;;;;;
 ;02:24:00;4.200;0.013;217.9;29.9;;;;;;;;;;;;;;;;;;
 ;02:24:01;4.200;0.013;217.9;29.9;;;;;;;;;;;;;;;;;;
 ;02:24:02;4.200;0.013;217.9;29.9;;;;;;;;;;;;;;;;;;
 ;02:24:03;4.200;0.013;217.9;29.9;;;;;;;;;;;;;;;;;;
 ;02:24:04;4.200;0.013;217.9;29.9;;;;;;;;;;;;;;;;;;
 ;02:24:05;4.200;0.013;217.9;29.9;;;;;;;;;;;;;;;;;;
 ;02:24:06;4.200;0.013;217.9;29.9;;;;;;;;;;;;;;;;;;
 ;02:24:07;4.200;0.013;217.9;29.9;;;;;;;;;;;;;;;;;;
 ;02:24:08;4.200;0.013;217.9;29.9;;;;;;;;;;;;;;;;;;
 ;02:24:09;4.200;0.013;217.9;29.9;;;;;;;;;;;;;;;;;;
 ;02:24:10;4.200;0.013;217.9;29.9;;;;;;;;;;;;;;;;;;
 ;02:24:11;4.200;0.013;218.0;29.9;;;;;;;;;;;;;;;;;;
 ;02:24:12;4.200;0.013;218.0;29.9;;;;;;;;;;;;;;;;;;
 ;02:24:13;4.200;0.013;218.0;29.9;;;;;;;;;;;;;;;;;;
 ;02:24:14;4.200;0.013;218.0;29.9;;;;;;;;;;;;;;;;;;
 ;02:24:15;4.200;0.013;218.0;29.9;;;;;;;;;;;;;;;;;;
 ;02:24:16;4.200;0.013;218.0;29.9;;;;;;;;;;;;;;;;;;
 ;02:24:17;4.200;0.013;218.0;29.9;;;;;;;;;;;;;;;;;;
 ;02:24:18;4.200;0.013;218.0;29.9;;;;;;;;;;;;;;;;;;
 ;02:24:19;4.200;0.013;218.0;29.9;;;;;;;;;;;;;;;;;;
 ;02:24:20;4.200;0.013;218.0;29.9;;;;;;;;;;;;;;;;;;
 ;02:24:21;4.200;0.013;218.0;29.9;;;;;;;;;;;;;;;;;;
 ;02:24:22;4.200;0.013;218.0;29.9;;;;;;;;;;;;;;;;;;
 ;02:24:23;4.200;0.013;218.0;29.9;;;;;;;;;;;;;;;;;;
 ;02:24:24;4.200;0.013;218.0;29.9;;;;;;;;;;;;;;;;;;
 ;02:24:25;4.200;0.013;218.0;29.9;;;;;;;;;;;;;;;;;;
 ;02:24:26;4.200;0.013;218.0;29.9;;;;;;;;;;;;;;;;;;
 ;02:24:27;4.200;0.013;218.0;29.9;;;;;;;;;;;;;;;;;;
 ;02:24:28;4.200;0.013;218.0;29.9;;;;;;;;;;;;;;;;;;
 ;02:24:29;4.200;0.013;218.0;29.9;;;;;;;;;;;;;;;;;;
 ;02:24:30;4.200;0.013;218.0;29.9;;;;;;;;;;;;;;;;;;
 ;02:24:31;4.200;0.013;218.0;29.9;;;;;;;;;;;;;;;;;;
 ;02:24:32;4.200;0.013;218.0;29.9;;;;;;;;;;;;;;;;;;
 ;02:24:33;4.200;0.013;218.0;29.9;;;;;;;;;;;;;;;;;;
 ;02:24:34;4.200;0.013;218.0;29.9;;;;;;;;;;;;;;;;;;
 ;02:24:35;4.200;0.013;218.0;29.9;;;;;;;;;;;;;;;;;;
 ;02:24:36;4.200;0.013;218.0;29.9;;;;;;;;;;;;;;;;;;
 ;02:24:37;4.200;0.013;218.0;29.9;;;;;;;;;;;;;;;;;;
 ;02:24:38;4.200;0.013;218.0;29.9;;;;;;;;;;;;;;;;;;
 ;02:24:39;4.200;0.013;218.1;29.9;;;;;;;;;;;;;;;;;;
 ;02:24:40;4.200;0.013;218.1;29.9;;;;;;;;;;;;;;;;;;
 ;02:24:41;4.200;0.013;218.1;29.9;;;;;;;;;;;;;;;;;;
 ;02:24:42;4.200;0.013;218.1;29.9;;;;;;;;;;;;;;;;;;
 ;02:24:43;4.200;0.013;218.1;29.9;;;;;;;;;;;;;;;;;;
 ;02:24:44;4.200;0.012;218.1;29.9;;;;;;;;;;;;;;;;;;
 ;02:24:45;4.200;0.013;218.1;29.9;;;;;;;;;;;;;;;;;;
 ;02:24:46;4.200;0.013;218.1;29.9;;;;;;;;;;;;;;;;;;
 ;02:24:47;4.200;0.013;218.1;29.9;;;;;;;;;;;;;;;;;;
 ;02:24:48;4.200;0.013;218.1;29.9;;;;;;;;;;;;;;;;;;
 ;02:24:49;4.200;0.013;218.1;29.9;;;;;;;;;;;;;;;;;;
 ;02:24:50;4.200;0.013;218.1;29.9;;;;;;;;;;;;;;;;;;
 ;02:24:51;4.200;0.013;218.1;29.9;;;;;;;;;;;;;;;;;;
 ;02:24:52;4.200;0.013;218.1;29.9;;;;;;;;;;;;;;;;;;
 ;02:24:53;4.200;0.013;218.1;29.9;;;;;;;;;;;;;;;;;;
 ;02:24:54;4.200;0.013;218.1;29.9;;;;;;;;;;;;;;;;;;
 ;02:24:55;4.200;0.013;218.1;29.9;;;;;;;;;;;;;;;;;;
 ;02:24:56;4.200;0.012;218.1;29.9;;;;;;;;;;;;;;;;;;
 ;02:24:57;4.200;0.013;218.1;29.9;;;;;;;;;;;;;;;;;;
 ;02:24:58;4.200;0.013;218.1;29.9;;;;;;;;;;;;;;;;;;
 ;02:24:59;4.200;0.013;218.1;29.9;;;;;;;;;;;;;;;;;;
 ;02:25:00;4.200;0.013;218.1;29.9;;;;;;;;;;;;;;;;;;
 ;02:25:01;4.200;0.013;218.1;29.9;;;;;;;;;;;;;;;;;;
 ;02:25:02;4.200;0.013;218.1;29.9;;;;;;;;;;;;;;;;;;
 ;02:25:03;4.200;0.013;218.1;29.9;;;;;;;;;;;;;;;;;;
 ;02:25:04;4.200;0.013;218.1;29.9;;;;;;;;;;;;;;;;;;
 ;02:25:05;4.200;0.013;218.1;29.9;;;;;;;;;;;;;;;;;;
 ;02:25:06;4.200;0.013;218.2;29.9;;;;;;;;;;;;;;;;;;
 ;02:25:07;4.200;0.013;218.2;29.9;;;;;;;;;;;;;;;;;;
 ;02:25:08;4.200;0.013;218.2;29.9;;;;;;;;;;;;;;;;;;
 ;02:25:09;4.200;0.013;218.2;29.9;;;;;;;;;;;;;;;;;;
 ;02:25:10;4.200;0.013;218.2;29.9;;;;;;;;;;;;;;;;;;
 ;02:25:11;4.200;0.013;218.2;29.9;;;;;;;;;;;;;;;;;;
 ;02:25:12;4.200;0.013;218.2;29.9;;;;;;;;;;;;;;;;;;
 ;02:25:13;4.200;0.012;218.2;29.9;;;;;;;;;;;;;;;;;;
 ;02:25:14;4.200;0.013;218.2;29.9;;;;;;;;;;;;;;;;;;
 ;02:25:15;4.200;0.013;218.2;29.9;;;;;;;;;;;;;;;;;;
 ;02:25:16;4.200;0.013;218.2;29.9;;;;;;;;;;;;;;;;;;
 ;02:25:17;4.200;0.013;218.2;29.9;;;;;;;;;;;;;;;;;;
 ;02:25:18;4.200;0.013;218.2;29.9;;;;;;;;;;;;;;;;;;
 ;02:25:19;4.200;0.013;218.2;29.9;;;;;;;;;;;;;;;;;;
 ;02:25:20;4.200;0.013;218.2;29.9;;;;;;;;;;;;;;;;;;
 ;02:25:21;4.200;0.013;218.2;29.9;;;;;;;;;;;;;;;;;;
 ;02:25:22;4.200;0.013;218.2;29.9;;;;;;;;;;;;;;;;;;
 ;02:25:23;4.200;0.012;218.2;29.9;;;;;;;;;;;;;;;;;;
 ;02:25:24;4.200;0.012;218.2;29.9;;;;;;;;;;;;;;;;;;
 ;02:25:25;4.200;0.013;218.2;29.9;;;;;;;;;;;;;;;;;;
 ;02:25:26;4.200;0.013;218.2;29.9;;;;;;;;;;;;;;;;;;
 ;02:25:27;4.200;0.013;218.2;29.9;;;;;;;;;;;;;;;;;;
 ;02:25:28;4.200;0.012;218.2;29.9;;;;;;;;;;;;;;;;;;
 ;02:25:29;4.200;0.013;218.2;29.9;;;;;;;;;;;;;;;;;;
 ;02:25:30;4.200;0.013;218.2;29.9;;;;;;;;;;;;;;;;;;
 ;02:25:31;4.200;0.013;218.2;29.9;;;;;;;;;;;;;;;;;;
 ;02:25:32;4.200;0.013;218.2;29.9;;;;;;;;;;;;;;;;;;
 ;02:25:33;4.200;0.013;218.2;29.9;;;;;;;;;;;;;;;;;;
 ;02:25:34;4.200;0.013;218.3;29.9;;;;;;;;;;;;;;;;;;
 ;02:25:35;4.200;0.013;218.3;29.9;;;;;;;;;;;;;;;;;;
 ;02:25:36;4.200;0.012;218.3;29.9;;;;;;;;;;;;;;;;;;
 ;02:25:37;4.200;0.012;218.3;29.9;;;;;;;;;;;;;;;;;;
 ;02:25:38;4.200;0.012;218.3;29.9;;;;;;;;;;;;;;;;;;
 ;02:25:39;4.200;0.012;218.3;29.9;;;;;;;;;;;;;;;;;;
 ;02:25:40;4.200;0.012;218.3;29.9;;;;;;;;;;;;;;;;;;
 ;02:25:41;4.200;0.012;218.3;29.9;;;;;;;;;;;;;;;;;;
 ;02:25:42;4.200;0.012;218.3;29.9;;;;;;;;;;;;;;;;;;
 ;02:25:43;4.200;0.012;218.3;29.9;;;;;;;;;;;;;;;;;;
 ;02:25:44;4.200;0.012;218.3;29.9;;;;;;;;;;;;;;;;;;
 ;02:25:45;4.200;0.012;218.3;29.9;;;;;;;;;;;;;;;;;;
 ;02:25:46;4.200;0.012;218.3;29.9;;;;;;;;;;;;;;;;;;
 ;02:25:47;4.200;0.012;218.3;29.9;;;;;;;;;;;;;;;;;;
 ;02:25:48;4.200;0.012;218.3;29.9;;;;;;;;;;;;;;;;;;
 ;02:25:49;4.200;0.012;218.3;29.9;;;;;;;;;;;;;;;;;;
 ;02:25:50;4.200;0.012;218.3;29.9;;;;;;;;;;;;;;;;;;
 ;02:25:51;4.200;0.012;218.3;29.9;;;;;;;;;;;;;;;;;;
 ;02:25:52;4.200;0.012;218.3;29.9;;;;;;;;;;;;;;;;;;
 ;02:25:53;4.200;0.012;218.3;29.9;;;;;;;;;;;;;;;;;;
 ;02:25:54;4.200;0.012;218.3;29.9;;;;;;;;;;;;;;;;;;
 ;02:25:55;4.200;0.012;218.3;29.9;;;;;;;;;;;;;;;;;;
 ;02:25:56;4.200;0.012;218.3;29.9;;;;;;;;;;;;;;;;;;
 ;02:25:57;4.200;0.012;218.3;29.9;;;;;;;;;;;;;;;;;;
 ;02:25:58;4.200;0.012;218.3;29.9;;;;;;;;;;;;;;;;;;
 ;02:25:59;4.200;0.012;218.3;29.9;;;;;;;;;;;;;;;;;;
 ;02:26:00;4.200;0.012;218.3;29.9;;;;;;;;;;;;;;;;;;
 ;02:26:01;4.200;0.012;218.3;29.9;;;;;;;;;;;;;;;;;;
 ;02:26:02;4.200;0.012;218.3;29.9;;;;;;;;;;;;;;;;;;
 ;02:26:03;4.200;0.012;218.3;29.9;;;;;;;;;;;;;;;;;;
 ;02:26:04;4.200;0.012;218.4;29.9;;;;;;;;;;;;;;;;;;
 ;02:26:05;4.200;0.012;218.4;29.9;;;;;;;;;;;;;;;;;;
 ;02:26:06;4.200;0.012;218.4;29.9;;;;;;;;;;;;;;;;;;
 ;02:26:07;4.200;0.012;218.4;29.9;;;;;;;;;;;;;;;;;;
 ;02:26:08;4.200;0.012;218.4;29.9;;;;;;;;;;;;;;;;;;
 ;02:26:09;4.200;0.012;218.4;29.9;;;;;;;;;;;;;;;;;;
 ;02:26:10;4.200;0.012;218.4;29.9;;;;;;;;;;;;;;;;;;
 ;02:26:11;4.200;0.012;218.4;29.9;;;;;;;;;;;;;;;;;;
 ;02:26:12;4.200;0.012;218.4;29.9;;;;;;;;;;;;;;;;;;
 ;02:26:13;4.200;0.012;218.4;29.9;;;;;;;;;;;;;;;;;;
 ;02:26:14;4.200;0.012;218.4;29.9;;;;;;;;;;;;;;;;;;
 ;02:26:15;4.200;0.012;218.4;29.9;;;;;;;;;;;;;;;;;;
 ;02:26:16;4.200;0.012;218.4;29.9;;;;;;;;;;;;;;;;;;
 ;02:26:17;4.200;0.012;218.4;29.9;;;;;;;;;;;;;;;;;;
 ;02:26:18;4.200;0.012;218.4;29.9;;;;;;;;;;;;;;;;;;
 ;02:26:19;4.200;0.012;218.4;29.9;;;;;;;;;;;;;;;;;;
 ;02:26:20;4.200;0.012;218.4;29.9;;;;;;;;;;;;;;;;;;
 ;02:26:21;4.200;0.012;218.4;29.9;;;;;;;;;;;;;;;;;;
 ;02:26:22;4.200;0.012;218.4;29.9;;;;;;;;;;;;;;;;;;
 ;02:26:23;4.200;0.012;218.4;29.9;;;;;;;;;;;;;;;;;;
 ;02:26:24;4.200;0.012;218.4;29.9;;;;;;;;;;;;;;;;;;
 ;02:26:25;4.200;0.012;218.4;29.9;;;;;;;;;;;;;;;;;;
 ;02:26:26;4.200;0.012;218.4;29.9;;;;;;;;;;;;;;;;;;
 ;02:26:27;4.200;0.012;218.4;29.9;;;;;;;;;;;;;;;;;;
 ;02:26:28;4.200;0.012;218.4;29.9;;;;;;;;;;;;;;;;;;
 ;02:26:29;4.200;0.012;218.4;29.9;;;;;;;;;;;;;;;;;;
 ;02:26:30;4.200;0.012;218.4;29.9;;;;;;;;;;;;;;;;;;
 ;02:26:31;4.200;0.012;218.4;29.9;;;;;;;;;;;;;;;;;;
 ;02:26:32;4.200;0.012;218.4;29.9;;;;;;;;;;;;;;;;;;
 ;02:26:33;4.200;0.012;218.4;29.9;;;;;;;;;;;;;;;;;;
 ;02:26:34;4.200;0.012;218.5;29.9;;;;;;;;;;;;;;;;;;
 ;02:26:35;4.200;0.012;218.5;29.9;;;;;;;;;;;;;;;;;;
 ;02:26:36;4.200;0.012;218.5;29.9;;;;;;;;;;;;;;;;;;
 ;02:26:37;4.200;0.012;218.5;29.9;;;;;;;;;;;;;;;;;;
 ;02:26:38;4.200;0.012;218.5;29.9;;;;;;;;;;;;;;;;;;
 ;02:26:39;4.200;0.012;218.5;29.9;;;;;;;;;;;;;;;;;;
 ;02:26:40;4.200;0.012;218.5;29.9;;;;;;;;;;;;;;;;;;
 ;02:26:41;4.200;0.012;218.5;29.9;;;;;;;;;;;;;;;;;;
 ;02:26:42;4.200;0.012;218.5;29.9;;;;;;;;;;;;;;;;;;
 ;02:26:43;4.200;0.012;218.5;29.9;;;;;;;;;;;;;;;;;;
 ;02:26:44;4.200;0.012;218.5;29.9;;;;;;;;;;;;;;;;;;
 ;02:26:45;4.200;0.012;218.5;29.9;;;;;;;;;;;;;;;;;;
 ;02:26:46;4.200;0.012;218.5;29.9;;;;;;;;;;;;;;;;;;
 ;02:26:47;4.200;0.012;218.5;29.9;;;;;;;;;;;;;;;;;;
 ;02:26:48;4.200;0.012;218.5;29.9;;;;;;;;;;;;;;;;;;
 ;02:26:49;4.200;0.012;218.5;29.9;;;;;;;;;;;;;;;;;;
 ;02:26:50;4.200;0.012;218.5;29.9;;;;;;;;;;;;;;;;;;
 ;02:26:51;4.200;0.012;218.5;29.9;;;;;;;;;;;;;;;;;;
 ;02:26:52;4.200;0.012;218.5;29.9;;;;;;;;;;;;;;;;;;
 ;02:26:53;4.200;0.012;218.5;29.9;;;;;;;;;;;;;;;;;;
 ;02:26:54;4.200;0.012;218.5;29.9;;;;;;;;;;;;;;;;;;
 ;02:26:55;4.200;0.012;218.5;29.9;;;;;;;;;;;;;;;;;;
 ;02:26:56;4.200;0.012;218.5;29.9;;;;;;;;;;;;;;;;;;
 ;02:26:57;4.200;0.012;218.5;29.9;;;;;;;;;;;;;;;;;;
 ;02:26:58;4.200;0.012;218.5;29.9;;;;;;;;;;;;;;;;;;
 ;02:26:59;4.200;0.012;218.5;29.9;;;;;;;;;;;;;;;;;;
 ;02:27:00;4.200;0.012;218.5;29.9;;;;;;;;;;;;;;;;;;
 ;02:27:01;4.200;0.012;218.5;29.9;;;;;;;;;;;;;;;;;;
 ;02:27:02;4.200;0.012;218.5;29.9;;;;;;;;;;;;;;;;;;
 ;02:27:03;4.200;0.012;218.5;29.9;;;;;;;;;;;;;;;;;;
 ;02:27:04;4.200;0.012;218.6;29.9;;;;;;;;;;;;;;;;;;
 ;02:27:05;4.200;0.012;218.6;29.9;;;;;;;;;;;;;;;;;;
 ;02:27:06;4.200;0.012;218.6;29.9;;;;;;;;;;;;;;;;;;
 ;02:27:07;4.200;0.012;218.6;29.9;;;;;;;;;;;;;;;;;;
 ;02:27:08;4.200;0.012;218.6;29.9;;;;;;;;;;;;;;;;;;
 ;02:27:09;4.200;0.012;218.6;29.9;;;;;;;;;;;;;;;;;;
 ;02:27:10;4.200;0.012;218.6;29.9;;;;;;;;;;;;;;;;;;
 ;02:27:11;4.200;0.012;218.6;29.9;;;;;;;;;;;;;;;;;;
 ;02:27:12;4.200;0.012;218.6;29.9;;;;;;;;;;;;;;;;;;
 ;02:27:13;4.200;0.012;218.6;29.9;;;;;;;;;;;;;;;;;;
 ;02:27:14;4.200;0.012;218.6;29.9;;;;;;;;;;;;;;;;;;
 ;02:27:15;4.200;0.012;218.6;29.9;;;;;;;;;;;;;;;;;;
 ;02:27:16;4.200;0.012;218.6;29.9;;;;;;;;;;;;;;;;;;
 ;02:27:17;4.200;0.012;218.6;29.9;;;;;;;;;;;;;;;;;;
 ;02:27:18;4.200;0.012;218.6;29.9;;;;;;;;;;;;;;;;;;
 ;02:27:19;4.200;0.012;218.6;29.9;;;;;;;;;;;;;;;;;;
 ;02:27:20;4.200;0.012;218.6;29.9;;;;;;;;;;;;;;;;;;
 ;02:27:21;4.200;0.012;218.6;29.9;;;;;;;;;;;;;;;;;;
 ;02:27:22;4.200;0.012;218.6;29.9;;;;;;;;;;;;;;;;;;
 ;02:27:23;4.200;0.012;218.6;29.9;;;;;;;;;;;;;;;;;;
 ;02:27:24;4.200;0.012;218.6;29.9;;;;;;;;;;;;;;;;;;
 ;02:27:25;4.200;0.012;218.6;29.9;;;;;;;;;;;;;;;;;;
 ;02:27:26;4.200;0.012;218.6;29.9;;;;;;;;;;;;;;;;;;
 ;02:27:27;4.200;0.012;218.6;29.9;;;;;;;;;;;;;;;;;;
 ;02:27:28;4.200;0.012;218.6;29.9;;;;;;;;;;;;;;;;;;
 ;02:27:29;4.200;0.012;218.6;29.9;;;;;;;;;;;;;;;;;;
 ;02:27:30;4.200;0.012;218.6;29.9;;;;;;;;;;;;;;;;;;
 ;02:27:31;4.200;0.012;218.6;29.9;;;;;;;;;;;;;;;;;;
 ;02:27:32;4.200;0.012;218.6;29.9;;;;;;;;;;;;;;;;;;
 ;02:27:33;4.200;0.012;218.6;29.9;;;;;;;;;;;;;;;;;;
 ;02:27:34;4.200;0.012;218.7;29.9;;;;;;;;;;;;;;;;;;
 ;02:27:35;4.200;0.012;218.7;29.9;;;;;;;;;;;;;;;;;;
 ;02:27:36;4.200;0.012;218.7;29.9;;;;;;;;;;;;;;;;;;
 ;02:27:37;4.200;0.012;218.7;29.9;;;;;;;;;;;;;;;;;;
 ;02:27:38;4.200;0.012;218.7;29.9;;;;;;;;;;;;;;;;;;
 ;02:27:39;4.200;0.012;218.7;29.9;;;;;;;;;;;;;;;;;;
 ;02:27:40;4.200;0.012;218.7;29.9;;;;;;;;;;;;;;;;;;
 ;02:27:41;4.200;0.012;218.7;29.9;;;;;;;;;;;;;;;;;;
 ;02:27:42;4.200;0.012;218.7;29.9;;;;;;;;;;;;;;;;;;
 ;02:27:43;4.200;0.012;218.7;29.9;;;;;;;;;;;;;;;;;;
 ;02:27:44;4.200;0.012;218.7;29.9;;;;;;;;;;;;;;;;;;
 ;02:27:45;4.200;0.012;218.7;29.9;;;;;;;;;;;;;;;;;;
 ;02:27:46;4.200;0.012;218.7;29.9;;;;;;;;;;;;;;;;;;
 ;02:27:47;4.200;0.012;218.7;29.9;;;;;;;;;;;;;;;;;;
 ;02:27:48;4.200;0.012;218.7;29.9;;;;;;;;;;;;;;;;;;
 ;02:27:49;4.200;0.012;218.7;29.9;;;;;;;;;;;;;;;;;;
 ;02:27:50;4.200;0.012;218.7;29.9;;;;;;;;;;;;;;;;;;
 ;02:27:51;4.200;0.012;218.7;29.9;;;;;;;;;;;;;;;;;;
 ;02:27:52;4.200;0.012;218.7;29.9;;;;;;;;;;;;;;;;;;
 ;02:27:53;4.200;0.012;218.7;29.9;;;;;;;;;;;;;;;;;;
 ;02:27:54;4.200;0.012;218.7;29.9;;;;;;;;;;;;;;;;;;
 ;02:27:55;4.200;0.012;218.7;29.9;;;;;;;;;;;;;;;;;;
 ;02:27:56;4.200;0.012;218.7;29.9;;;;;;;;;;;;;;;;;;
 ;02:27:57;4.200;0.012;218.7;29.9;;;;;;;;;;;;;;;;;;
 ;02:27:58;4.200;0.012;218.7;29.9;;;;;;;;;;;;;;;;;;
 ;02:27:59;4.200;0.012;218.7;29.9;;;;;;;;;;;;;;;;;;
 ;02:28:00;4.200;0.012;218.7;29.9;;;;;;;;;;;;;;;;;;
 ;02:28:01;4.200;0.012;218.7;29.9;;;;;;;;;;;;;;;;;;
 ;02:28:02;4.200;0.012;218.7;29.9;;;;;;;;;;;;;;;;;;
 ;02:28:03;4.200;0.012;218.7;29.9;;;;;;;;;;;;;;;;;;
 ;02:28:04;4.200;0.012;218.8;29.9;;;;;;;;;;;;;;;;;;
 ;02:28:05;4.200;0.012;218.8;29.9;;;;;;;;;;;;;;;;;;
 ;02:28:06;4.200;0.012;218.8;29.9;;;;;;;;;;;;;;;;;;
 ;02:28:07;4.200;0.012;218.8;29.9;;;;;;;;;;;;;;;;;;
 ;02:28:08;4.200;0.012;218.8;29.9;;;;;;;;;;;;;;;;;;
 ;02:28:09;4.200;0.012;218.8;29.9;;;;;;;;;;;;;;;;;;
 ;02:28:10;4.200;0.012;218.8;29.9;;;;;;;;;;;;;;;;;;
 ;02:28:11;4.200;0.012;218.8;29.9;;;;;;;;;;;;;;;;;;
 ;02:28:12;4.200;0.012;218.8;29.9;;;;;;;;;;;;;;;;;;
 ;02:28:13;4.200;0.012;218.8;29.9;;;;;;;;;;;;;;;;;;
 ;02:28:14;4.200;0.012;218.8;29.9;;;;;;;;;;;;;;;;;;
 ;02:28:15;4.200;0.012;218.8;29.9;;;;;;;;;;;;;;;;;;
 ;02:28:16;4.200;0.012;218.8;29.9;;;;;;;;;;;;;;;;;;
 ;02:28:17;4.200;0.012;218.8;29.9;;;;;;;;;;;;;;;;;;
 ;02:28:18;4.200;0.012;218.8;29.9;;;;;;;;;;;;;;;;;;
 ;02:28:19;4.200;0.012;218.8;29.9;;;;;;;;;;;;;;;;;;
 ;02:28:20;4.200;0.012;218.8;29.9;;;;;;;;;;;;;;;;;;
 ;02:28:21;4.200;0.012;218.8;29.9;;;;;;;;;;;;;;;;;;
 ;02:28:22;4.200;0.012;218.8;29.9;;;;;;;;;;;;;;;;;;
 ;02:28:23;4.200;0.012;218.8;29.9;;;;;;;;;;;;;;;;;;
 ;02:28:24;4.200;0.012;218.8;29.9;;;;;;;;;;;;;;;;;;
 ;02:28:25;4.200;0.012;218.8;29.9;;;;;;;;;;;;;;;;;;
 ;02:28:26;4.200;0.012;218.8;29.9;;;;;;;;;;;;;;;;;;
 ;02:28:27;4.200;0.012;218.8;29.9;;;;;;;;;;;;;;;;;;
 ;02:28:28;4.200;0.012;218.8;29.9;;;;;;;;;;;;;;;;;;
 ;02:28:29;4.200;0.012;218.8;29.9;;;;;;;;;;;;;;;;;;
 ;02:28:30;4.200;0.012;218.8;29.9;;;;;;;;;;;;;;;;;;
 ;02:28:31;4.200;0.012;218.8;29.9;;;;;;;;;;;;;;;;;;
 ;02:28:32;4.200;0.012;218.8;29.9;;;;;;;;;;;;;;;;;;
 ;02:28:33;4.200;0.012;218.8;29.9;;;;;;;;;;;;;;;;;;
 ;02:28:34;4.200;0.012;218.9;29.9;;;;;;;;;;;;;;;;;;
 ;02:28:35;4.200;0.012;218.9;29.9;;;;;;;;;;;;;;;;;;
 ;02:28:36;4.200;0.012;218.9;29.9;;;;;;;;;;;;;;;;;;
 ;02:28:37;4.200;0.012;218.9;29.9;;;;;;;;;;;;;;;;;;
 ;02:28:38;4.200;0.012;218.9;29.9;;;;;;;;;;;;;;;;;;
 ;02:28:39;4.200;0.012;218.9;29.9;;;;;;;;;;;;;;;;;;
 ;02:28:40;4.200;0.012;218.9;29.9;;;;;;;;;;;;;;;;;;
 ;02:28:41;4.200;0.012;218.9;29.9;;;;;;;;;;;;;;;;;;
 ;02:28:42;4.200;0.012;218.9;29.9;;;;;;;;;;;;;;;;;;
 ;02:28:43;4.200;0.012;218.9;29.9;;;;;;;;;;;;;;;;;;
 ;02:28:44;4.200;0.012;218.9;29.9;;;;;;;;;;;;;;;;;;
 ;02:28:45;4.200;0.012;218.9;29.9;;;;;;;;;;;;;;;;;;
 ;02:28:46;4.200;0.012;218.9;29.9;;;;;;;;;;;;;;;;;;
 ;02:28:47;4.200;0.012;218.9;29.9;;;;;;;;;;;;;;;;;;
 ;02:28:48;4.200;0.012;218.9;29.9;;;;;;;;;;;;;;;;;;
 ;02:28:49;4.200;0.012;218.9;29.9;;;;;;;;;;;;;;;;;;
 ;02:28:50;4.200;0.012;218.9;29.9;;;;;;;;;;;;;;;;;;
 ;02:28:51;4.200;0.012;218.9;29.9;;;;;;;;;;;;;;;;;;
 ;02:28:52;4.200;0.012;218.9;29.9;;;;;;;;;;;;;;;;;;
 ;02:28:53;4.200;0.012;218.9;29.9;;;;;;;;;;;;;;;;;;
 ;02:28:54;4.200;0.012;218.9;29.9;;;;;;;;;;;;;;;;;;
 ;02:28:55;4.200;0.012;218.9;29.9;;;;;;;;;;;;;;;;;;
 ;02:28:56;4.200;0.012;218.9;29.9;;;;;;;;;;;;;;;;;;
 ;02:28:57;4.200;0.012;218.9;29.9;;;;;;;;;;;;;;;;;;
 ;02:28:58;4.200;0.012;218.9;29.9;;;;;;;;;;;;;;;;;;
 ;02:28:59;4.200;0.012;218.9;29.9;;;;;;;;;;;;;;;;;;
 ;02:29:00;4.200;0.012;218.9;29.9;;;;;;;;;;;;;;;;;;
 ;02:29:01;4.200;0.012;218.9;29.9;;;;;;;;;;;;;;;;;;
 ;02:29:02;4.200;0.012;218.9;29.9;;;;;;;;;;;;;;;;;;
 ;02:29:03;4.200;0.012;218.9;29.9;;;;;;;;;;;;;;;;;;
 ;02:29:04;4.200;0.012;219.0;29.9;;;;;;;;;;;;;;;;;;
 ;02:29:05;4.200;0.012;219.0;29.9;;;;;;;;;;;;;;;;;;
 ;02:29:06;4.200;0.012;219.0;29.9;;;;;;;;;;;;;;;;;;
 ;02:29:07;4.200;0.012;219.0;29.9;;;;;;;;;;;;;;;;;;
 ;02:29:08;4.200;0.012;219.0;29.9;;;;;;;;;;;;;;;;;;
 ;02:29:09;4.200;0.012;219.0;29.9;;;;;;;;;;;;;;;;;;
 ;02:29:10;4.200;0.012;219.0;29.9;;;;;;;;;;;;;;;;;;
 ;02:29:11;4.200;0.012;219.0;29.9;;;;;;;;;;;;;;;;;;
 ;02:29:12;4.200;0.012;219.0;29.9;;;;;;;;;;;;;;;;;;
 ;02:29:13;4.200;0.012;219.0;29.9;;;;;;;;;;;;;;;;;;
 ;02:29:14;4.200;0.012;219.0;29.9;;;;;;;;;;;;;;;;;;
 ;02:29:15;4.200;0.012;219.0;29.9;;;;;;;;;;;;;;;;;;
 ;02:29:16;4.200;0.012;219.0;29.9;;;;;;;;;;;;;;;;;;
 ;02:29:17;4.200;0.012;219.0;29.9;;;;;;;;;;;;;;;;;;
 ;02:29:18;4.200;0.012;219.0;29.9;;;;;;;;;;;;;;;;;;
 ;02:29:19;4.200;0.012;219.0;29.9;;;;;;;;;;;;;;;;;;
 ;02:29:20;4.200;0.012;219.0;29.9;;;;;;;;;;;;;;;;;;
 ;02:29:21;4.200;0.012;219.0;29.9;;;;;;;;;;;;;;;;;;
 ;02:29:22;4.200;0.012;219.0;29.9;;;;;;;;;;;;;;;;;;
 ;02:29:23;4.200;0.012;219.0;29.9;;;;;;;;;;;;;;;;;;
 ;02:29:24;4.200;0.012;219.0;29.9;;;;;;;;;;;;;;;;;;
 ;02:29:25;4.200;0.012;219.0;29.9;;;;;;;;;;;;;;;;;;
 ;02:29:26;4.200;0.012;219.0;29.9;;;;;;;;;;;;;;;;;;
 ;02:29:27;4.200;0.012;219.0;29.9;;;;;;;;;;;;;;;;;;
 ;02:29:28;4.200;0.012;219.0;29.9;;;;;;;;;;;;;;;;;;
 ;02:29:29;4.200;0.012;219.0;29.9;;;;;;;;;;;;;;;;;;
 ;02:29:30;4.200;0.012;219.0;29.9;;;;;;;;;;;;;;;;;;
 ;02:29:31;4.200;0.012;219.0;29.9;;;;;;;;;;;;;;;;;;
 ;02:29:32;4.200;0.012;219.0;29.9;;;;;;;;;;;;;;;;;;
 ;02:29:33;4.200;0.012;219.0;29.9;;;;;;;;;;;;;;;;;;
 ;02:29:34;4.200;0.012;219.1;29.9;;;;;;;;;;;;;;;;;;
 ;02:29:35;4.200;0.012;219.1;29.9;;;;;;;;;;;;;;;;;;
 ;02:29:36;4.200;0.012;219.1;29.9;;;;;;;;;;;;;;;;;;
 ;02:29:37;4.200;0.012;219.1;29.9;;;;;;;;;;;;;;;;;;
 ;02:29:38;4.200;0.012;219.1;29.9;;;;;;;;;;;;;;;;;;
 ;02:29:39;4.200;0.012;219.1;29.9;;;;;;;;;;;;;;;;;;
 ;02:29:40;4.200;0.012;219.1;29.9;;;;;;;;;;;;;;;;;;
 ;02:29:41;4.200;0.012;219.1;29.9;;;;;;;;;;;;;;;;;;
 ;02:29:42;4.200;0.012;219.1;29.9;;;;;;;;;;;;;;;;;;
 ;02:29:43;4.200;0.012;219.1;29.9;;;;;;;;;;;;;;;;;;
 ;02:29:44;4.200;0.012;219.1;29.9;;;;;;;;;;;;;;;;;;
 ;02:29:45;4.200;0.012;219.1;29.9;;;;;;;;;;;;;;;;;;
 ;02:29:46;4.200;0.012;219.1;29.9;;;;;;;;;;;;;;;;;;
 ;02:29:47;4.200;0.012;219.1;29.9;;;;;;;;;;;;;;;;;;
 ;02:29:48;4.200;0.012;219.1;29.9;;;;;;;;;;;;;;;;;;
 ;02:29:49;4.200;0.012;219.1;29.9;;;;;;;;;;;;;;;;;;
 ;02:29:50;4.200;0.012;219.1;29.9;;;;;;;;;;;;;;;;;;
 ;02:29:51;4.200;0.012;219.1;29.9;;;;;;;;;;;;;;;;;;
 ;02:29:52;4.200;0.012;219.1;29.9;;;;;;;;;;;;;;;;;;
 ;02:29:53;4.200;0.012;219.1;29.9;;;;;;;;;;;;;;;;;;
 ;02:29:54;4.200;0.012;219.1;29.9;;;;;;;;;;;;;;;;;;
 ;02:29:55;4.200;0.012;219.1;29.9;;;;;;;;;;;;;;;;;;
 ;02:29:56;4.200;0.012;219.1;29.9;;;;;;;;;;;;;;;;;;
 ;02:29:57;4.200;0.012;219.1;29.9;;;;;;;;;;;;;;;;;;
 ;02:29:58;4.200;0.012;219.1;29.9;;;;;;;;;;;;;;;;;;
 ;02:29:59;4.200;0.012;219.1;29.9;;;;;;;;;;;;;;;;;;
 ;02:30:00;4.200;0.012;219.1;29.9;;;;;;;;;;;;;;;;;;
 ;02:30:01;4.200;0.012;219.1;29.9;;;;;;;;;;;;;;;;;;
 ;02:30:02;4.200;0.012;219.1;29.9;;;;;;;;;;;;;;;;;;
 ;02:30:03;4.200;0.012;219.1;29.9;;;;;;;;;;;;;;;;;;
 ;02:30:04;4.200;0.012;219.2;29.9;;;;;;;;;;;;;;;;;;
 ;02:30:05;4.200;0.012;219.2;29.9;;;;;;;;;;;;;;;;;;
 ;02:30:06;4.200;0.012;219.2;29.9;;;;;;;;;;;;;;;;;;
 ;02:30:07;4.200;0.012;219.2;29.9;;;;;;;;;;;;;;;;;;
 ;02:30:08;4.200;0.012;219.2;29.9;;;;;;;;;;;;;;;;;;
 ;02:30:09;4.200;0.012;219.2;29.9;;;;;;;;;;;;;;;;;;
 ;02:30:10;4.200;0.012;219.2;29.9;;;;;;;;;;;;;;;;;;
 ;02:30:11;4.200;0.012;219.2;29.9;;;;;;;;;;;;;;;;;;
 ;02:30:12;4.200;0.012;219.2;29.9;;;;;;;;;;;;;;;;;;
 ;02:30:13;4.200;0.012;219.2;29.9;;;;;;;;;;;;;;;;;;
 ;02:30:14;4.200;0.012;219.2;29.9;;;;;;;;;;;;;;;;;;
 ;02:30:15;4.200;0.012;219.2;29.9;;;;;;;;;;;;;;;;;;
 ;02:30:16;4.200;0.012;219.2;29.9;;;;;;;;;;;;;;;;;;
 ;02:30:17;4.200;0.012;219.2;29.9;;;;;;;;;;;;;;;;;;
 ;02:30:18;4.200;0.012;219.2;29.9;;;;;;;;;;;;;;;;;;
 ;02:30:19;4.200;0.012;219.2;29.9;;;;;;;;;;;;;;;;;;
 ;02:30:20;4.200;0.012;219.2;29.9;;;;;;;;;;;;;;;;;;
 ;02:30:21;4.200;0.012;219.2;29.9;;;;;;;;;;;;;;;;;;
 ;02:30:22;4.200;0.012;219.2;29.9;;;;;;;;;;;;;;;;;;
 ;02:30:23;4.200;0.012;219.2;29.9;;;;;;;;;;;;;;;;;;
 ;02:30:24;4.200;0.012;219.2;29.9;;;;;;;;;;;;;;;;;;
 ;02:30:25;4.200;0.012;219.2;29.9;;;;;;;;;;;;;;;;;;
 ;02:30:26;4.200;0.012;219.2;29.9;;;;;;;;;;;;;;;;;;
 ;02:30:27;4.200;0.012;219.2;29.9;;;;;;;;;;;;;;;;;;
 ;02:30:28;4.200;0.012;219.2;29.9;;;;;;;;;;;;;;;;;;
 ;02:30:29;4.200;0.012;219.2;29.9;;;;;;;;;;;;;;;;;;
 ;02:30:30;4.200;0.012;219.2;29.9;;;;;;;;;;;;;;;;;;
 ;02:30:31;4.200;0.012;219.2;29.9;;;;;;;;;;;;;;;;;;
 ;02:30:32;4.200;0.012;219.2;29.9;;;;;;;;;;;;;;;;;;
 ;02:30:33;4.200;0.012;219.2;29.9;;;;;;;;;;;;;;;;;;
 ;02:30:34;4.200;0.012;219.3;29.9;;;;;;;;;;;;;;;;;;
 ;02:30:35;4.200;0.012;219.3;29.9;;;;;;;;;;;;;;;;;;
 ;02:30:36;4.200;0.012;219.3;29.9;;;;;;;;;;;;;;;;;;
 ;02:30:37;4.200;0.012;219.3;29.9;;;;;;;;;;;;;;;;;;
 ;02:30:38;4.200;0.012;219.3;29.9;;;;;;;;;;;;;;;;;;
 ;02:30:39;4.200;0.012;219.3;29.9;;;;;;;;;;;;;;;;;;
 ;02:30:40;4.200;0.012;219.3;29.9;;;;;;;;;;;;;;;;;;
 ;02:30:41;4.200;0.012;219.3;29.9;;;;;;;;;;;;;;;;;;
 ;02:30:42;4.200;0.012;219.3;29.9;;;;;;;;;;;;;;;;;;
 ;02:30:43;4.200;0.012;219.3;29.9;;;;;;;;;;;;;;;;;;
 ;02:30:44;4.200;0.012;219.3;29.9;;;;;;;;;;;;;;;;;;
 ;02:30:45;4.200;0.012;219.3;29.9;;;;;;;;;;;;;;;;;;
 ;02:30:46;4.200;0.012;219.3;29.9;;;;;;;;;;;;;;;;;;
 ;02:30:47;4.200;0.012;219.3;29.9;;;;;;;;;;;;;;;;;;
 ;02:30:48;4.200;0.012;219.3;29.9;;;;;;;;;;;;;;;;;;
 ;02:30:49;4.200;0.012;219.3;29.9;;;;;;;;;;;;;;;;;;
 ;02:30:50;4.200;0.012;219.3;29.9;;;;;;;;;;;;;;;;;;
 ;02:30:51;4.200;0.012;219.3;29.9;;;;;;;;;;;;;;;;;;
 ;02:30:52;4.200;0.012;219.3;29.9;;;;;;;;;;;;;;;;;;
 ;02:30:53;4.200;0.012;219.3;29.9;;;;;;;;;;;;;;;;;;
 ;02:30:54;4.200;0.012;219.3;29.9;;;;;;;;;;;;;;;;;;
 ;02:30:55;4.200;0.012;219.3;29.9;;;;;;;;;;;;;;;;;;
 ;02:30:56;4.200;0.012;219.3;29.9;;;;;;;;;;;;;;;;;;
 ;02:30:57;4.200;0.012;219.3;29.9;;;;;;;;;;;;;;;;;;
 ;02:30:58;4.200;0.012;219.3;29.9;;;;;;;;;;;;;;;;;;
 ;02:30:59;4.200;0.012;219.3;29.9;;;;;;;;;;;;;;;;;;
 ;02:31:00;4.200;0.012;219.3;29.9;;;;;;;;;;;;;;;;;;
 ;02:31:01;4.200;0.012;219.3;29.9;;;;;;;;;;;;;;;;;;
 ;02:31:02;4.200;0.012;219.3;29.9;;;;;;;;;;;;;;;;;;
 ;02:31:03;4.200;0.012;219.3;29.9;;;;;;;;;;;;;;;;;;
 ;02:31:04;4.200;0.012;219.4;29.9;;;;;;;;;;;;;;;;;;
 ;02:31:05;4.200;0.012;219.4;29.9;;;;;;;;;;;;;;;;;;
 ;02:31:06;4.200;0.012;219.4;29.9;;;;;;;;;;;;;;;;;;
 ;02:31:07;4.200;0.012;219.4;29.9;;;;;;;;;;;;;;;;;;
 ;02:31:08;4.200;0.012;219.4;29.9;;;;;;;;;;;;;;;;;;
 ;02:31:09;4.200;0.012;219.4;29.9;;;;;;;;;;;;;;;;;;
 ;02:31:10;4.200;0.012;219.4;29.9;;;;;;;;;;;;;;;;;;
 ;02:31:11;4.200;0.012;219.4;29.9;;;;;;;;;;;;;;;;;;
 ;02:31:12;4.200;0.012;219.4;29.9;;;;;;;;;;;;;;;;;;
 ;02:31:13;4.200;0.012;219.4;29.9;;;;;;;;;;;;;;;;;;
 ;02:31:14;4.200;0.012;219.4;29.9;;;;;;;;;;;;;;;;;;
 ;02:31:15;4.200;0.012;219.4;29.9;;;;;;;;;;;;;;;;;;
 ;02:31:16;4.200;0.012;219.4;29.9;;;;;;;;;;;;;;;;;;
 ;02:31:17;4.200;0.012;219.4;29.9;;;;;;;;;;;;;;;;;;
 ;02:31:18;4.200;0.012;219.4;29.9;;;;;;;;;;;;;;;;;;
 ;02:31:19;4.200;0.012;219.4;29.9;;;;;;;;;;;;;;;;;;
 ;02:31:20;4.200;0.012;219.4;29.9;;;;;;;;;;;;;;;;;;
 ;02:31:21;4.200;0.012;219.4;29.9;;;;;;;;;;;;;;;;;;
 ;02:31:22;4.200;0.012;219.4;29.9;;;;;;;;;;;;;;;;;;
 ;02:31:23;4.200;0.012;219.4;29.9;;;;;;;;;;;;;;;;;;
 ;02:31:24;4.200;0.012;219.4;29.9;;;;;;;;;;;;;;;;;;
 ;02:31:25;4.200;0.012;219.4;29.9;;;;;;;;;;;;;;;;;;
 ;02:31:26;4.200;0.012;219.4;29.9;;;;;;;;;;;;;;;;;;
 ;02:31:27;4.200;0.012;219.4;29.9;;;;;;;;;;;;;;;;;;
 ;02:31:28;4.200;0.012;219.4;29.9;;;;;;;;;;;;;;;;;;
 ;02:31:29;4.200;0.012;219.4;29.9;;;;;;;;;;;;;;;;;;
 ;02:31:30;4.200;0.012;219.4;29.9;;;;;;;;;;;;;;;;;;
 ;02:31:31;4.200;0.012;219.4;29.9;;;;;;;;;;;;;;;;;;
 ;02:31:32;4.200;0.012;219.4;29.9;;;;;;;;;;;;;;;;;;
 ;02:31:33;4.200;0.012;219.4;29.9;;;;;;;;;;;;;;;;;;
 ;02:31:34;4.200;0.012;219.5;29.9;;;;;;;;;;;;;;;;;;
 ;02:31:35;4.200;0.012;219.5;29.9;;;;;;;;;;;;;;;;;;
 ;02:31:36;4.200;0.012;219.5;29.9;;;;;;;;;;;;;;;;;;
 ;02:31:37;4.200;0.012;219.5;29.9;;;;;;;;;;;;;;;;;;
 ;02:31:38;4.200;0.012;219.5;29.9;;;;;;;;;;;;;;;;;;
 ;02:31:39;4.200;0.012;219.5;29.9;;;;;;;;;;;;;;;;;;
 ;02:31:40;4.200;0.012;219.5;29.9;;;;;;;;;;;;;;;;;;
 ;02:31:41;4.200;0.012;219.5;29.9;;;;;;;;;;;;;;;;;;
 ;02:31:42;4.200;0.012;219.5;29.9;;;;;;;;;;;;;;;;;;
 ;02:31:43;4.200;0.012;219.5;29.9;;;;;;;;;;;;;;;;;;
 ;02:31:44;4.200;0.012;219.5;29.9;;;;;;;;;;;;;;;;;;
 ;02:31:45;4.200;0.012;219.5;29.9;;;;;;;;;;;;;;;;;;
 ;02:31:46;4.200;0.012;219.5;29.9;;;;;;;;;;;;;;;;;;
 ;02:31:47;4.200;0.012;219.5;29.9;;;;;;;;;;;;;;;;;;
 ;02:31:48;4.200;0.012;219.5;29.9;;;;;;;;;;;;;;;;;;
 ;02:31:49;4.200;0.012;219.5;29.9;;;;;;;;;;;;;;;;;;
 ;02:31:50;4.200;0.012;219.5;29.9;;;;;;;;;;;;;;;;;;
 ;02:31:51;4.200;0.012;219.5;29.9;;;;;;;;;;;;;;;;;;
 ;02:31:52;4.200;0.012;219.5;29.9;;;;;;;;;;;;;;;;;;
 ;02:31:53;4.200;0.012;219.5;29.9;;;;;;;;;;;;;;;;;;
 ;02:31:54;4.200;0.012;219.5;29.9;;;;;;;;;;;;;;;;;;
 ;02:31:55;4.200;0.012;219.5;29.9;;;;;;;;;;;;;;;;;;
 ;02:31:56;4.200;0.012;219.5;29.9;;;;;;;;;;;;;;;;;;
 ;02:31:57;4.200;0.012;219.5;29.9;;;;;;;;;;;;;;;;;;
 ;02:31:58;4.200;0.012;219.5;29.9;;;;;;;;;;;;;;;;;;
 ;02:31:59;4.200;0.012;219.5;29.9;;;;;;;;;;;;;;;;;;
 ;02:32:00;4.200;0.012;219.5;29.9;;;;;;;;;;;;;;;;;;
 ;02:32:01;4.200;0.012;219.5;29.9;;;;;;;;;;;;;;;;;;
 ;02:32:02;4.200;0.012;219.5;29.9;;;;;;;;;;;;;;;;;;
 ;02:32:03;4.200;0.012;219.5;29.9;;;;;;;;;;;;;;;;;;
 ;02:32:04;4.200;0.012;219.6;29.9;;;;;;;;;;;;;;;;;;
 ;02:32:05;4.200;0.012;219.6;29.9;;;;;;;;;;;;;;;;;;
 ;02:32:06;4.200;0.012;219.6;29.9;;;;;;;;;;;;;;;;;;
 ;02:32:07;4.200;0.012;219.6;29.9;;;;;;;;;;;;;;;;;;
 ;02:32:08;4.200;0.012;219.6;29.9;;;;;;;;;;;;;;;;;;
 ;02:32:09;4.200;0.012;219.6;29.9;;;;;;;;;;;;;;;;;;
 ;02:32:10;4.200;0.012;219.6;29.9;;;;;;;;;;;;;;;;;;
 ;02:32:11;4.200;0.012;219.6;29.9;;;;;;;;;;;;;;;;;;
 ;02:32:12;4.200;0.012;219.6;29.9;;;;;;;;;;;;;;;;;;
 ;02:32:13;4.200;0.012;219.6;29.9;;;;;;;;;;;;;;;;;;
 ;02:32:14;4.200;0.012;219.6;29.9;;;;;;;;;;;;;;;;;;
 ;02:32:15;4.200;0.012;219.6;29.9;;;;;;;;;;;;;;;;;;
 ;02:32:16;4.200;0.012;219.6;29.9;;;;;;;;;;;;;;;;;;
 ;02:32:17;4.200;0.012;219.6;29.9;;;;;;;;;;;;;;;;;;
 ;02:32:18;4.200;0.012;219.6;29.9;;;;;;;;;;;;;;;;;;
 ;02:32:19;4.200;0.012;219.6;29.9;;;;;;;;;;;;;;;;;;
 ;02:32:20;4.200;0.012;219.6;29.9;;;;;;;;;;;;;;;;;;
 ;02:32:21;4.200;0.012;219.6;29.9;;;;;;;;;;;;;;;;;;
 ;02:32:22;4.200;0.012;219.6;29.9;;;;;;;;;;;;;;;;;;
 ;02:32:23;4.200;0.012;219.6;29.9;;;;;;;;;;;;;;;;;;
 ;02:32:24;4.200;0.012;219.6;29.9;;;;;;;;;;;;;;;;;;
 ;02:32:25;4.200;0.012;219.6;29.9;;;;;;;;;;;;;;;;;;
 ;02:32:26;4.200;0.012;219.6;29.9;;;;;;;;;;;;;;;;;;
 ;02:32:27;4.200;0.012;219.6;29.9;;;;;;;;;;;;;;;;;;
 ;02:32:28;4.200;0.012;219.6;29.9;;;;;;;;;;;;;;;;;;
 ;02:32:29;4.200;0.012;219.6;29.9;;;;;;;;;;;;;;;;;;
 ;02:32:30;4.200;0.012;219.6;29.9;;;;;;;;;;;;;;;;;;
 ;02:32:31;4.200;0.012;219.6;29.9;;;;;;;;;;;;;;;;;;
 ;02:32:32;4.200;0.012;219.6;29.9;;;;;;;;;;;;;;;;;;
 ;02:32:33;4.200;0.012;219.6;29.9;;;;;;;;;;;;;;;;;;
 ;02:32:34;4.200;0.012;219.7;29.9;;;;;;;;;;;;;;;;;;
 ;02:32:35;4.200;0.012;219.7;29.9;;;;;;;;;;;;;;;;;;
 ;02:32:36;4.200;0.012;219.7;29.9;;;;;;;;;;;;;;;;;;
 ;02:32:37;4.200;0.012;219.7;29.9;;;;;;;;;;;;;;;;;;
 ;02:32:38;4.200;0.012;219.7;29.9;;;;;;;;;;;;;;;;;;
 ;02:32:39;4.200;0.012;219.7;29.9;;;;;;;;;;;;;;;;;;
 ;02:32:40;4.200;0.012;219.7;29.9;;;;;;;;;;;;;;;;;;
 ;02:32:41;4.200;0.012;219.7;29.9;;;;;;;;;;;;;;;;;;
 ;02:32:42;4.200;0.012;219.7;29.9;;;;;;;;;;;;;;;;;;
 ;02:32:43;4.200;0.012;219.7;29.9;;;;;;;;;;;;;;;;;;
 ;02:32:44;4.200;0.012;219.7;29.9;;;;;;;;;;;;;;;;;;
 ;02:32:45;4.200;0.012;219.7;29.9;;;;;;;;;;;;;;;;;;
 ;02:32:46;4.200;0.012;219.7;29.9;;;;;;;;;;;;;;;;;;
 ;02:32:47;4.200;0.012;219.7;29.9;;;;;;;;;;;;;;;;;;
 ;02:32:48;4.200;0.012;219.7;29.9;;;;;;;;;;;;;;;;;;
 ;02:32:49;4.200;0.012;219.7;29.9;;;;;;;;;;;;;;;;;;
 ;02:32:50;4.200;0.012;219.7;29.9;;;;;;;;;;;;;;;;;;
 ;02:32:51;4.200;0.012;219.7;29.9;;;;;;;;;;;;;;;;;;
 ;02:32:52;4.200;0.012;219.7;29.9;;;;;;;;;;;;;;;;;;
 ;02:32:53;4.200;0.012;219.7;29.9;;;;;;;;;;;;;;;;;;
 ;02:32:54;4.200;0.012;219.7;29.9;;;;;;;;;;;;;;;;;;
 ;02:32:55;4.200;0.012;219.7;29.9;;;;;;;;;;;;;;;;;;
 ;02:32:56;4.200;0.012;219.7;29.9;;;;;;;;;;;;;;;;;;
 ;02:32:57;4.200;0.012;219.7;29.9;;;;;;;;;;;;;;;;;;
 ;02:32:58;4.200;0.012;219.7;29.9;;;;;;;;;;;;;;;;;;
 ;02:32:59;4.200;0.012;219.7;29.9;;;;;;;;;;;;;;;;;;
 ;02:33:00;4.200;0.012;219.7;29.9;;;;;;;;;;;;;;;;;;
 ;02:33:01;4.200;0.012;219.7;29.9;;;;;;;;;;;;;;;;;;
 ;02:33:02;4.200;0.012;219.7;29.9;;;;;;;;;;;;;;;;;;
 ;02:33:03;4.200;0.012;219.7;29.9;;;;;;;;;;;;;;;;;;
 ;02:33:04;4.200;0.012;219.8;29.9;;;;;;;;;;;;;;;;;;
 ;02:33:05;4.200;0.012;219.8;29.9;;;;;;;;;;;;;;;;;;
 ;02:33:06;4.200;0.012;219.8;29.9;;;;;;;;;;;;;;;;;;
 ;02:33:07;4.200;0.012;219.8;29.9;;;;;;;;;;;;;;;;;;
 ;02:33:08;4.200;0.012;219.8;29.9;;;;;;;;;;;;;;;;;;
 ;02:33:09;4.200;0.012;219.8;29.9;;;;;;;;;;;;;;;;;;
 ;02:33:10;4.200;0.012;219.8;29.9;;;;;;;;;;;;;;;;;;
 ;02:33:11;4.200;0.012;219.8;29.9;;;;;;;;;;;;;;;;;;
 ;02:33:12;4.200;0.012;219.8;29.9;;;;;;;;;;;;;;;;;;
 ;02:33:13;4.200;0.012;219.8;29.9;;;;;;;;;;;;;;;;;;
 ;02:33:14;4.200;0.012;219.8;29.9;;;;;;;;;;;;;;;;;;
 ;02:33:15;4.200;0.012;219.8;29.9;;;;;;;;;;;;;;;;;;
 ;02:33:16;4.200;0.012;219.8;29.9;;;;;;;;;;;;;;;;;;
 ;02:33:17;4.200;0.012;219.8;29.9;;;;;;;;;;;;;;;;;;
 ;02:33:18;4.200;0.012;219.8;29.9;;;;;;;;;;;;;;;;;;
 ;02:33:19;4.200;0.012;219.8;29.9;;;;;;;;;;;;;;;;;;
 ;02:33:20;4.200;0.012;219.8;29.9;;;;;;;;;;;;;;;;;;
 ;02:33:21;4.200;0.012;219.8;29.9;;;;;;;;;;;;;;;;;;
 ;02:33:22;4.200;0.012;219.8;29.9;;;;;;;;;;;;;;;;;;
 ;02:33:23;4.200;0.012;219.8;29.9;;;;;;;;;;;;;;;;;;
 ;02:33:24;4.200;0.012;219.8;29.9;;;;;;;;;;;;;;;;;;
 ;02:33:25;4.200;0.012;219.8;29.9;;;;;;;;;;;;;;;;;;
 ;02:33:26;4.200;0.012;219.8;29.9;;;;;;;;;;;;;;;;;;
 ;02:33:27;4.200;0.012;219.8;29.9;;;;;;;;;;;;;;;;;;
 ;02:33:28;4.200;0.012;219.8;29.9;;;;;;;;;;;;;;;;;;
 ;02:33:29;4.200;0.012;219.8;29.9;;;;;;;;;;;;;;;;;;
 ;02:33:30;4.200;0.012;219.8;29.9;;;;;;;;;;;;;;;;;;
 ;02:33:31;4.200;0.012;219.8;29.9;;;;;;;;;;;;;;;;;;
 ;02:33:32;4.200;0.012;219.8;29.9;;;;;;;;;;;;;;;;;;
 ;02:33:33;4.200;0.012;219.8;29.9;;;;;;;;;;;;;;;;;;
 ;02:33:34;4.200;0.012;219.9;29.9;;;;;;;;;;;;;;;;;;
 ;02:33:35;4.200;0.012;219.9;29.9;;;;;;;;;;;;;;;;;;
 ;02:33:36;4.200;0.012;219.9;29.9;;;;;;;;;;;;;;;;;;
 ;02:33:37;4.200;0.012;219.9;29.9;;;;;;;;;;;;;;;;;;
 ;02:33:38;4.200;0.012;219.9;29.9;;;;;;;;;;;;;;;;;;
 ;02:33:39;4.200;0.012;219.9;29.9;;;;;;;;;;;;;;;;;;
 ;02:33:40;4.200;0.012;219.9;29.9;;;;;;;;;;;;;;;;;;
 ;02:33:41;4.200;0.012;219.9;29.9;;;;;;;;;;;;;;;;;;
 ;02:33:42;4.200;0.012;219.9;29.9;;;;;;;;;;;;;;;;;;
 ;02:33:43;4.200;0.012;219.9;29.9;;;;;;;;;;;;;;;;;;
 ;02:33:44;4.200;0.012;219.9;29.9;;;;;;;;;;;;;;;;;;
 ;02:33:45;4.200;0.012;219.9;29.9;;;;;;;;;;;;;;;;;;
 ;02:33:46;4.200;0.012;219.9;29.9;;;;;;;;;;;;;;;;;;
 ;02:33:47;4.200;0.012;219.9;29.9;;;;;;;;;;;;;;;;;;
 ;02:33:48;4.200;0.012;219.9;29.9;;;;;;;;;;;;;;;;;;
 ;02:33:49;4.200;0.012;219.9;29.9;;;;;;;;;;;;;;;;;;
 ;02:33:50;4.200;0.012;219.9;29.9;;;;;;;;;;;;;;;;;;
 ;02:33:51;4.200;0.012;219.9;29.9;;;;;;;;;;;;;;;;;;
 ;02:33:52;4.200;0.012;219.9;29.9;;;;;;;;;;;;;;;;;;
 ;02:33:53;4.200;0.011;219.9;29.9;;;;;;;;;;;;;;;;;;
 ;02:33:54;4.200;0.011;219.9;29.9;;;;;;;;;;;;;;;;;;
 ;02:33:55;4.200;0.011;219.9;29.9;;;;;;;;;;;;;;;;;;
 ;02:33:56;4.200;0.011;219.9;29.9;;;;;;;;;;;;;;;;;;
 ;02:33:57;4.200;0.011;219.9;29.9;;;;;;;;;;;;;;;;;;
 ;02:33:58;4.200;0.011;219.9;29.9;;;;;;;;;;;;;;;;;;
 ;02:33:59;4.200;0.011;219.9;29.9;;;;;;;;;;;;;;;;;;
 ;02:34:00;4.200;0.011;219.9;29.9;;;;;;;;;;;;;;;;;;
 ;02:34:01;4.200;0.011;219.9;29.9;;;;;;;;;;;;;;;;;;
 ;02:34:02;4.200;0.011;219.9;29.9;;;;;;;;;;;;;;;;;;
 ;02:34:03;4.200;0.011;219.9;29.9;;;;;;;;;;;;;;;;;;
 ;02:34:04;4.200;0.011;220.0;29.9;;;;;;;;;;;;;;;;;;
 ;02:34:05;4.200;0.011;220.0;29.9;;;;;;;;;;;;;;;;;;
 ;02:34:06;4.200;0.011;220.0;29.9;;;;;;;;;;;;;;;;;;
 ;02:34:07;4.200;0.011;220.0;29.9;;;;;;;;;;;;;;;;;;
 ;02:34:08;4.200;0.011;220.0;29.9;;;;;;;;;;;;;;;;;;
 ;02:34:09;4.200;0.011;220.0;29.9;;;;;;;;;;;;;;;;;;
 ;02:34:10;4.200;0.011;220.0;29.9;;;;;;;;;;;;;;;;;;
 ;02:34:11;4.200;0.011;220.0;29.9;;;;;;;;;;;;;;;;;;
 ;02:34:12;4.200;0.011;220.0;29.9;;;;;;;;;;;;;;;;;;
 ;02:34:13;4.200;0.011;220.0;29.9;;;;;;;;;;;;;;;;;;
 ;02:34:14;4.200;0.011;220.0;29.9;;;;;;;;;;;;;;;;;;
 ;02:34:15;4.200;0.011;220.0;29.9;;;;;;;;;;;;;;;;;;
 ;02:34:16;4.200;0.011;220.0;29.9;;;;;;;;;;;;;;;;;;
 ;02:34:17;4.200;0.011;220.0;29.9;;;;;;;;;;;;;;;;;;
 ;02:34:18;4.200;0.011;220.0;29.9;;;;;;;;;;;;;;;;;;
 ;02:34:19;4.200;0.011;220.0;29.9;;;;;;;;;;;;;;;;;;
 ;02:34:20;4.200;0.011;220.0;29.9;;;;;;;;;;;;;;;;;;
 ;02:34:21;4.200;0.011;220.0;29.9;;;;;;;;;;;;;;;;;;
 ;02:34:22;4.200;0.011;220.0;29.9;;;;;;;;;;;;;;;;;;
 ;02:34:23;4.200;0.011;220.0;29.9;;;;;;;;;;;;;;;;;;
 ;02:34:24;4.200;0.011;220.0;29.9;;;;;;;;;;;;;;;;;;
 ;02:34:25;4.200;0.011;220.0;29.9;;;;;;;;;;;;;;;;;;
 ;02:34:26;4.200;0.011;220.0;29.9;;;;;;;;;;;;;;;;;;
 ;02:34:27;4.200;0.011;220.0;29.9;;;;;;;;;;;;;;;;;;
 ;02:34:28;4.200;0.011;220.0;29.9;;;;;;;;;;;;;;;;;;
 ;02:34:29;4.200;0.011;220.0;29.9;;;;;;;;;;;;;;;;;;
 ;02:34:30;4.200;0.011;220.0;29.9;;;;;;;;;;;;;;;;;;
 ;02:34:31;4.200;0.011;220.0;29.9;;;;;;;;;;;;;;;;;;
 ;02:34:32;4.200;0.011;220.0;29.9;;;;;;;;;;;;;;;;;;
 ;02:34:33;4.200;0.011;220.0;29.9;;;;;;;;;;;;;;;;;;
 ;02:34:34;4.200;0.011;220.0;29.9;;;;;;;;;;;;;;;;;;
 ;02:34:35;4.200;0.011;220.1;29.9;;;;;;;;;;;;;;;;;;
 ;02:34:36;4.200;0.011;220.1;29.9;;;;;;;;;;;;;;;;;;
 ;02:34:37;4.200;0.011;220.1;29.9;;;;;;;;;;;;;;;;;;
 ;02:34:38;4.200;0.011;220.1;29.9;;;;;;;;;;;;;;;;;;
 ;02:34:39;4.200;0.011;220.1;29.9;;;;;;;;;;;;;;;;;;
 ;02:34:40;4.200;0.011;220.1;29.9;;;;;;;;;;;;;;;;;;
 ;02:34:41;4.200;0.011;220.1;29.9;;;;;;;;;;;;;;;;;;
 ;02:34:42;4.200;0.011;220.1;29.9;;;;;;;;;;;;;;;;;;
 ;02:34:43;4.200;0.011;220.1;29.9;;;;;;;;;;;;;;;;;;
 ;02:34:44;4.200;0.011;220.1;29.9;;;;;;;;;;;;;;;;;;
 ;02:34:45;4.200;0.011;220.1;29.9;;;;;;;;;;;;;;;;;;
 ;02:34:46;4.200;0.011;220.1;29.9;;;;;;;;;;;;;;;;;;
 ;02:34:47;4.200;0.011;220.1;29.9;;;;;;;;;;;;;;;;;;
 ;02:34:48;4.200;0.011;220.1;29.9;;;;;;;;;;;;;;;;;;
 ;02:34:49;4.200;0.011;220.1;29.9;;;;;;;;;;;;;;;;;;
 ;02:34:50;4.200;0.011;220.1;29.9;;;;;;;;;;;;;;;;;;
 ;02:34:51;4.200;0.011;220.1;29.9;;;;;;;;;;;;;;;;;;
 ;02:34:52;4.200;0.011;220.1;29.9;;;;;;;;;;;;;;;;;;
 ;02:34:53;4.200;0.011;220.1;29.9;;;;;;;;;;;;;;;;;;
 ;02:34:54;4.200;0.011;220.1;29.9;;;;;;;;;;;;;;;;;;
 ;02:34:55;4.200;0.011;220.1;29.9;;;;;;;;;;;;;;;;;;
 ;02:34:56;4.200;0.011;220.1;29.9;;;;;;;;;;;;;;;;;;
 ;02:34:57;4.200;0.011;220.1;29.9;;;;;;;;;;;;;;;;;;
 ;02:34:58;4.200;0.011;220.1;29.9;;;;;;;;;;;;;;;;;;
 ;02:34:59;4.200;0.011;220.1;29.9;;;;;;;;;;;;;;;;;;
 ;02:35:00;4.200;0.011;220.1;29.9;;;;;;;;;;;;;;;;;;
 ;02:35:01;4.200;0.011;220.1;29.9;;;;;;;;;;;;;;;;;;
 ;02:35:02;4.200;0.011;220.1;29.9;;;;;;;;;;;;;;;;;;
 ;02:35:03;4.200;0.011;220.1;29.9;;;;;;;;;;;;;;;;;;
 ;02:35:04;4.200;0.011;220.1;29.9;;;;;;;;;;;;;;;;;;
 ;02:35:05;4.200;0.011;220.1;29.9;;;;;;;;;;;;;;;;;;
 ;02:35:06;4.200;0.011;220.2;29.9;;;;;;;;;;;;;;;;;;
 ;02:35:07;4.200;0.011;220.2;29.9;;;;;;;;;;;;;;;;;;
 ;02:35:08;4.200;0.011;220.2;29.9;;;;;;;;;;;;;;;;;;
 ;02:35:09;4.200;0.011;220.2;29.9;;;;;;;;;;;;;;;;;;
 ;02:35:10;4.200;0.011;220.2;29.9;;;;;;;;;;;;;;;;;;
 ;02:35:11;4.200;0.011;220.2;29.9;;;;;;;;;;;;;;;;;;
 ;02:35:12;4.200;0.011;220.2;29.9;;;;;;;;;;;;;;;;;;
 ;02:35:13;4.200;0.011;220.2;29.9;;;;;;;;;;;;;;;;;;
 ;02:35:14;4.200;0.011;220.2;29.9;;;;;;;;;;;;;;;;;;
 ;02:35:15;4.200;0.011;220.2;29.9;;;;;;;;;;;;;;;;;;
 ;02:35:16;4.200;0.011;220.2;29.9;;;;;;;;;;;;;;;;;;
 ;02:35:17;4.200;0.011;220.2;29.9;;;;;;;;;;;;;;;;;;
 ;02:35:18;4.200;0.011;220.2;29.9;;;;;;;;;;;;;;;;;;
 ;02:35:19;4.200;0.011;220.2;29.9;;;;;;;;;;;;;;;;;;
 ;02:35:20;4.200;0.011;220.2;29.9;;;;;;;;;;;;;;;;;;
 ;02:35:21;4.200;0.011;220.2;29.9;;;;;;;;;;;;;;;;;;
 ;02:35:22;4.200;0.011;220.2;29.9;;;;;;;;;;;;;;;;;;
 ;02:35:23;4.200;0.011;220.2;29.9;;;;;;;;;;;;;;;;;;
 ;02:35:24;4.200;0.011;220.2;29.9;;;;;;;;;;;;;;;;;;
 ;02:35:25;4.200;0.011;220.2;29.9;;;;;;;;;;;;;;;;;;
 ;02:35:26;4.200;0.011;220.2;29.9;;;;;;;;;;;;;;;;;;
 ;02:35:27;4.200;0.011;220.2;29.9;;;;;;;;;;;;;;;;;;
 ;02:35:28;4.200;0.011;220.2;29.9;;;;;;;;;;;;;;;;;;
 ;02:35:29;4.200;0.011;220.2;29.9;;;;;;;;;;;;;;;;;;
 ;02:35:30;4.200;0.011;220.2;29.9;;;;;;;;;;;;;;;;;;
 ;02:35:31;4.200;0.011;220.2;29.9;;;;;;;;;;;;;;;;;;
 ;02:35:32;4.200;0.011;220.2;29.9;;;;;;;;;;;;;;;;;;
 ;02:35:33;4.200;0.011;220.2;29.9;;;;;;;;;;;;;;;;;;
 ;02:35:34;4.200;0.011;220.2;29.9;;;;;;;;;;;;;;;;;;
 ;02:35:35;4.200;0.011;220.2;29.9;;;;;;;;;;;;;;;;;;
 ;02:35:36;4.200;0.011;220.2;29.9;;;;;;;;;;;;;;;;;;
 ;02:35:37;4.200;0.011;220.3;29.9;;;;;;;;;;;;;;;;;;
 ;02:35:38;4.200;0.011;220.3;29.9;;;;;;;;;;;;;;;;;;
 ;02:35:39;4.200;0.011;220.3;29.9;;;;;;;;;;;;;;;;;;
 ;02:35:40;4.200;0.011;220.3;29.9;;;;;;;;;;;;;;;;;;
 ;02:35:41;4.200;0.011;220.3;29.9;;;;;;;;;;;;;;;;;;
 ;02:35:42;4.200;0.011;220.3;29.9;;;;;;;;;;;;;;;;;;
 ;02:35:43;4.200;0.011;220.3;29.9;;;;;;;;;;;;;;;;;;
 ;02:35:44;4.200;0.011;220.3;29.9;;;;;;;;;;;;;;;;;;
 ;02:35:45;4.200;0.011;220.3;29.9;;;;;;;;;;;;;;;;;;
 ;02:35:46;4.200;0.011;220.3;29.9;;;;;;;;;;;;;;;;;;
 ;02:35:47;4.200;0.011;220.3;29.9;;;;;;;;;;;;;;;;;;
 ;02:35:48;4.200;0.011;220.3;29.9;;;;;;;;;;;;;;;;;;
 ;02:35:49;4.200;0.011;220.3;29.9;;;;;;;;;;;;;;;;;;
 ;02:35:50;4.200;0.011;220.3;29.9;;;;;;;;;;;;;;;;;;
 ;02:35:51;4.200;0.011;220.3;29.9;;;;;;;;;;;;;;;;;;
 ;02:35:52;4.200;0.011;220.3;29.9;;;;;;;;;;;;;;;;;;
 ;02:35:53;4.200;0.011;220.3;29.9;;;;;;;;;;;;;;;;;;
 ;02:35:54;4.200;0.011;220.3;29.9;;;;;;;;;;;;;;;;;;
 ;02:35:55;4.200;0.011;220.3;29.9;;;;;;;;;;;;;;;;;;
 ;02:35:56;4.200;0.011;220.3;29.9;;;;;;;;;;;;;;;;;;
 ;02:35:57;4.200;0.011;220.3;29.9;;;;;;;;;;;;;;;;;;
 ;02:35:58;4.200;0.011;220.3;29.9;;;;;;;;;;;;;;;;;;
 ;02:35:59;4.200;0.011;220.3;29.9;;;;;;;;;;;;;;;;;;
 ;02:36:00;4.200;0.011;220.3;29.9;;;;;;;;;;;;;;;;;;
 ;02:36:01;4.200;0.011;220.3;29.9;;;;;;;;;;;;;;;;;;
 ;02:36:02;4.200;0.011;220.3;29.9;;;;;;;;;;;;;;;;;;
 ;02:36:03;4.200;0.011;220.3;29.9;;;;;;;;;;;;;;;;;;
 ;02:36:04;4.200;0.011;220.3;29.9;;;;;;;;;;;;;;;;;;
 ;02:36:05;4.200;0.011;220.3;29.9;;;;;;;;;;;;;;;;;;
 ;02:36:06;4.200;0.011;220.3;29.9;;;;;;;;;;;;;;;;;;
 ;02:36:07;4.200;0.011;220.3;29.9;;;;;;;;;;;;;;;;;;
 ;02:36:08;4.200;0.011;220.4;29.9;;;;;;;;;;;;;;;;;;
 ;02:36:09;4.200;0.011;220.4;29.9;;;;;;;;;;;;;;;;;;
 ;02:36:10;4.200;0.011;220.4;29.9;;;;;;;;;;;;;;;;;;
 ;02:36:11;4.200;0.011;220.4;29.9;;;;;;;;;;;;;;;;;;
 ;02:36:12;4.200;0.011;220.4;29.9;;;;;;;;;;;;;;;;;;
 ;02:36:13;4.200;0.011;220.4;29.9;;;;;;;;;;;;;;;;;;
 ;02:36:14;4.200;0.011;220.4;29.9;;;;;;;;;;;;;;;;;;
 ;02:36:15;4.200;0.011;220.4;29.9;;;;;;;;;;;;;;;;;;
 ;02:36:16;4.200;0.011;220.4;29.9;;;;;;;;;;;;;;;;;;
 ;02:36:17;4.200;0.011;220.4;29.9;;;;;;;;;;;;;;;;;;
 ;02:36:18;4.200;0.011;220.4;29.9;;;;;;;;;;;;;;;;;;
 ;02:36:19;4.200;0.011;220.4;29.9;;;;;;;;;;;;;;;;;;
 ;02:36:20;4.200;0.011;220.4;29.9;;;;;;;;;;;;;;;;;;
 ;02:36:21;4.200;0.011;220.4;29.9;;;;;;;;;;;;;;;;;;
 ;02:36:22;4.200;0.011;220.4;29.9;;;;;;;;;;;;;;;;;;
 ;02:36:23;4.200;0.011;220.4;29.9;;;;;;;;;;;;;;;;;;
 ;02:36:24;4.200;0.011;220.4;29.9;;;;;;;;;;;;;;;;;;
 ;02:36:25;4.200;0.011;220.4;29.9;;;;;;;;;;;;;;;;;;
 ;02:36:26;4.200;0.011;220.4;29.9;;;;;;;;;;;;;;;;;;
 ;02:36:27;4.200;0.011;220.4;29.9;;;;;;;;;;;;;;;;;;
 ;02:36:28;4.200;0.011;220.4;29.9;;;;;;;;;;;;;;;;;;
 ;02:36:29;4.200;0.011;220.4;29.9;;;;;;;;;;;;;;;;;;
 ;02:36:30;4.200;0.011;220.4;29.9;;;;;;;;;;;;;;;;;;
 ;02:36:31;4.200;0.011;220.4;29.9;;;;;;;;;;;;;;;;;;
 ;02:36:32;4.200;0.011;220.4;29.9;;;;;;;;;;;;;;;;;;
 ;02:36:33;4.200;0.011;220.4;29.9;;;;;;;;;;;;;;;;;;
 ;02:36:34;4.200;0.011;220.4;29.9;;;;;;;;;;;;;;;;;;
 ;02:36:35;4.200;0.011;220.4;29.9;;;;;;;;;;;;;;;;;;
 ;02:36:36;4.200;0.011;220.4;29.9;;;;;;;;;;;;;;;;;;
 ;02:36:37;4.200;0.011;220.4;29.9;;;;;;;;;;;;;;;;;;
 ;02:36:38;4.200;0.011;220.4;29.9;;;;;;;;;;;;;;;;;;
 ;02:36:39;4.200;0.011;220.5;29.9;;;;;;;;;;;;;;;;;;
 ;02:36:40;4.200;0.011;220.5;29.9;;;;;;;;;;;;;;;;;;
 ;02:36:41;4.200;0.011;220.5;29.9;;;;;;;;;;;;;;;;;;
 ;02:36:42;4.200;0.011;220.5;29.9;;;;;;;;;;;;;;;;;;
 ;02:36:43;4.200;0.011;220.5;29.9;;;;;;;;;;;;;;;;;;
 ;02:36:44;4.200;0.011;220.5;29.9;;;;;;;;;;;;;;;;;;
 ;02:36:45;4.200;0.011;220.5;29.9;;;;;;;;;;;;;;;;;;
 ;02:36:46;4.200;0.011;220.5;29.9;;;;;;;;;;;;;;;;;;
 ;02:36:47;4.200;0.011;220.5;29.9;;;;;;;;;;;;;;;;;;
 ;02:36:48;4.200;0.011;220.5;29.9;;;;;;;;;;;;;;;;;;
 ;02:36:49;4.200;0.011;220.5;29.9;;;;;;;;;;;;;;;;;;
 ;02:36:50;4.200;0.011;220.5;29.9;;;;;;;;;;;;;;;;;;
 ;02:36:51;4.200;0.011;220.5;29.9;;;;;;;;;;;;;;;;;;
 ;02:36:52;4.200;0.011;220.5;29.9;;;;;;;;;;;;;;;;;;
 ;02:36:53;4.200;0.011;220.5;29.9;;;;;;;;;;;;;;;;;;
 ;02:36:54;4.200;0.011;220.5;29.9;;;;;;;;;;;;;;;;;;
 ;02:36:55;4.200;0.011;220.5;29.9;;;;;;;;;;;;;;;;;;
 ;02:36:56;4.200;0.011;220.5;29.9;;;;;;;;;;;;;;;;;;
 ;02:36:57;4.200;0.011;220.5;29.9;;;;;;;;;;;;;;;;;;
 ;02:36:58;4.200;0.011;220.5;29.9;;;;;;;;;;;;;;;;;;
 ;02:36:59;4.200;0.011;220.5;29.9;;;;;;;;;;;;;;;;;;
 ;02:37:00;4.200;0.011;220.5;29.9;;;;;;;;;;;;;;;;;;
 ;02:37:01;4.200;0.011;220.5;29.9;;;;;;;;;;;;;;;;;;
 ;02:37:02;4.200;0.011;220.5;29.9;;;;;;;;;;;;;;;;;;
 ;02:37:03;4.200;0.011;220.5;29.9;;;;;;;;;;;;;;;;;;
 ;02:37:04;4.200;0.011;220.5;29.9;;;;;;;;;;;;;;;;;;
 ;02:37:05;4.200;0.011;220.5;29.9;;;;;;;;;;;;;;;;;;
 ;02:37:06;4.200;0.011;220.5;29.9;;;;;;;;;;;;;;;;;;
 ;02:37:07;4.200;0.011;220.5;29.9;;;;;;;;;;;;;;;;;;
 ;02:37:08;4.200;0.011;220.5;29.9;;;;;;;;;;;;;;;;;;
 ;02:37:09;4.200;0.011;220.5;29.9;;;;;;;;;;;;;;;;;;
 ;02:37:10;4.200;0.011;220.5;29.9;;;;;;;;;;;;;;;;;;
 ;02:37:11;4.200;0.011;220.6;29.9;;;;;;;;;;;;;;;;;;
 ;02:37:12;4.200;0.011;220.6;29.9;;;;;;;;;;;;;;;;;;
 ;02:37:13;4.200;0.011;220.6;29.9;;;;;;;;;;;;;;;;;;
 ;02:37:14;4.200;0.011;220.6;29.9;;;;;;;;;;;;;;;;;;
 ;02:37:15;4.200;0.011;220.6;29.9;;;;;;;;;;;;;;;;;;
 ;02:37:16;4.200;0.011;220.6;29.9;;;;;;;;;;;;;;;;;;
 ;02:37:17;4.200;0.011;220.6;29.9;;;;;;;;;;;;;;;;;;
 ;02:37:18;4.200;0.011;220.6;29.9;;;;;;;;;;;;;;;;;;
 ;02:37:19;4.200;0.011;220.6;29.9;;;;;;;;;;;;;;;;;;
 ;02:37:20;4.200;0.011;220.6;29.9;;;;;;;;;;;;;;;;;;
 ;02:37:21;4.200;0.011;220.6;29.9;;;;;;;;;;;;;;;;;;
 ;02:37:22;4.200;0.011;220.6;29.9;;;;;;;;;;;;;;;;;;
 ;02:37:23;4.200;0.011;220.6;29.9;;;;;;;;;;;;;;;;;;
 ;02:37:24;4.200;0.011;220.6;29.9;;;;;;;;;;;;;;;;;;
 ;02:37:25;4.200;0.011;220.6;29.9;;;;;;;;;;;;;;;;;;
 ;02:37:26;4.200;0.011;220.6;29.9;;;;;;;;;;;;;;;;;;
 ;02:37:27;4.200;0.011;220.6;29.9;;;;;;;;;;;;;;;;;;
 ;02:37:28;4.200;0.011;220.6;29.9;;;;;;;;;;;;;;;;;;
 ;02:37:29;4.200;0.011;220.6;29.9;;;;;;;;;;;;;;;;;;
 ;02:37:30;4.200;0.011;220.6;29.9;;;;;;;;;;;;;;;;;;
 ;02:37:31;4.200;0.011;220.6;29.9;;;;;;;;;;;;;;;;;;
 ;02:37:32;4.200;0.011;220.6;29.9;;;;;;;;;;;;;;;;;;
 ;02:37:33;4.200;0.011;220.6;29.9;;;;;;;;;;;;;;;;;;
 ;02:37:34;4.200;0.011;220.6;29.9;;;;;;;;;;;;;;;;;;
 ;02:37:35;4.200;0.011;220.6;29.9;;;;;;;;;;;;;;;;;;
 ;02:37:36;4.200;0.011;220.6;29.9;;;;;;;;;;;;;;;;;;
 ;02:37:37;4.200;0.011;220.6;29.9;;;;;;;;;;;;;;;;;;
 ;02:37:38;4.200;0.011;220.6;29.9;;;;;;;;;;;;;;;;;;
 ;02:37:39;4.200;0.011;220.6;29.9;;;;;;;;;;;;;;;;;;
 ;02:37:40;4.200;0.011;220.6;29.9;;;;;;;;;;;;;;;;;;
 ;02:37:41;4.200;0.011;220.6;29.9;;;;;;;;;;;;;;;;;;
 ;02:37:42;4.200;0.011;220.6;29.9;;;;;;;;;;;;;;;;;;
 ;02:37:43;4.200;0.011;220.6;29.9;;;;;;;;;;;;;;;;;;
 ;02:37:44;4.200;0.011;220.7;29.9;;;;;;;;;;;;;;;;;;
 ;02:37:45;4.200;0.011;220.7;29.9;;;;;;;;;;;;;;;;;;
 ;02:37:46;4.200;0.011;220.7;29.9;;;;;;;;;;;;;;;;;;
 ;02:37:47;4.200;0.011;220.7;29.9;;;;;;;;;;;;;;;;;;
 ;02:37:48;4.200;0.011;220.7;29.9;;;;;;;;;;;;;;;;;;
 ;02:37:49;4.200;0.011;220.7;29.9;;;;;;;;;;;;;;;;;;
 ;02:37:50;4.200;0.011;220.7;29.9;;;;;;;;;;;;;;;;;;
 ;02:37:51;4.200;0.011;220.7;29.9;;;;;;;;;;;;;;;;;;
 ;02:37:52;4.200;0.011;220.7;29.9;;;;;;;;;;;;;;;;;;
 ;02:37:53;4.200;0.011;220.7;29.9;;;;;;;;;;;;;;;;;;
 ;02:37:54;4.200;0.011;220.7;29.9;;;;;;;;;;;;;;;;;;
 ;02:37:55;4.200;0.011;220.7;29.9;;;;;;;;;;;;;;;;;;
 ;02:37:56;4.200;0.011;220.7;29.9;;;;;;;;;;;;;;;;;;
 ;02:37:57;4.200;0.011;220.7;29.9;;;;;;;;;;;;;;;;;;
 ;02:37:58;4.200;0.011;220.7;29.9;;;;;;;;;;;;;;;;;;
 ;02:37:59;4.200;0.011;220.7;29.9;;;;;;;;;;;;;;;;;;
 ;02:38:00;4.200;0.011;220.7;29.9;;;;;;;;;;;;;;;;;;
 ;02:38:01;4.200;0.011;220.7;29.9;;;;;;;;;;;;;;;;;;
 ;02:38:02;4.200;0.011;220.7;29.9;;;;;;;;;;;;;;;;;;
 ;02:38:03;4.200;0.011;220.7;29.9;;;;;;;;;;;;;;;;;;
 ;02:38:04;4.200;0.011;220.7;29.9;;;;;;;;;;;;;;;;;;
 ;02:38:05;4.200;0.011;220.7;29.9;;;;;;;;;;;;;;;;;;
 ;02:38:06;4.200;0.011;220.7;29.9;;;;;;;;;;;;;;;;;;
 ;02:38:07;4.200;0.011;220.7;29.9;;;;;;;;;;;;;;;;;;
 ;02:38:08;4.200;0.011;220.7;29.9;;;;;;;;;;;;;;;;;;
 ;02:38:09;4.200;0.011;220.7;29.9;;;;;;;;;;;;;;;;;;
 ;02:38:10;4.200;0.011;220.7;29.9;;;;;;;;;;;;;;;;;;
 ;02:38:11;4.200;0.011;220.7;29.9;;;;;;;;;;;;;;;;;;
 ;02:38:12;4.200;0.011;220.7;29.9;;;;;;;;;;;;;;;;;;
 ;02:38:13;4.200;0.011;220.7;29.9;;;;;;;;;;;;;;;;;;
 ;02:38:14;4.200;0.011;220.7;29.9;;;;;;;;;;;;;;;;;;
 ;02:38:15;4.200;0.011;220.7;29.9;;;;;;;;;;;;;;;;;;
 ;02:38:16;4.200;0.011;220.7;29.9;;;;;;;;;;;;;;;;;;
 ;02:38:17;4.200;0.011;220.8;29.9;;;;;;;;;;;;;;;;;;
 ;02:38:18;4.200;0.011;220.8;29.9;;;;;;;;;;;;;;;;;;
 ;02:38:19;4.200;0.011;220.8;29.9;;;;;;;;;;;;;;;;;;
 ;02:38:20;4.200;0.011;220.8;29.9;;;;;;;;;;;;;;;;;;
 ;02:38:21;4.200;0.011;220.8;29.9;;;;;;;;;;;;;;;;;;
 ;02:38:22;4.200;0.011;220.8;29.9;;;;;;;;;;;;;;;;;;
 ;02:38:23;4.200;0.011;220.8;29.9;;;;;;;;;;;;;;;;;;
 ;02:38:24;4.200;0.011;220.8;29.9;;;;;;;;;;;;;;;;;;
 ;02:38:25;4.200;0.011;220.8;29.9;;;;;;;;;;;;;;;;;;
 ;02:38:26;4.200;0.011;220.8;29.9;;;;;;;;;;;;;;;;;;
 ;02:38:27;4.200;0.011;220.8;29.9;;;;;;;;;;;;;;;;;;
 ;02:38:28;4.200;0.011;220.8;29.9;;;;;;;;;;;;;;;;;;
 ;02:38:29;4.200;0.011;220.8;29.9;;;;;;;;;;;;;;;;;;
 ;02:38:30;4.200;0.011;220.8;29.9;;;;;;;;;;;;;;;;;;
 ;02:38:31;4.200;0.011;220.8;29.9;;;;;;;;;;;;;;;;;;
 ;02:38:32;4.200;0.011;220.8;29.9;;;;;;;;;;;;;;;;;;
 ;02:38:33;4.200;0.011;220.8;29.9;;;;;;;;;;;;;;;;;;
 ;02:38:34;4.200;0.011;220.8;29.9;;;;;;;;;;;;;;;;;;
 ;02:38:35;4.200;0.011;220.8;29.9;;;;;;;;;;;;;;;;;;
 ;02:38:36;4.200;0.011;220.8;29.9;;;;;;;;;;;;;;;;;;
 ;02:38:37;4.200;0.011;220.8;29.9;;;;;;;;;;;;;;;;;;
 ;02:38:38;4.200;0.011;220.8;29.9;;;;;;;;;;;;;;;;;;
 ;02:38:39;4.200;0.011;220.8;29.9;;;;;;;;;;;;;;;;;;
 ;02:38:40;4.200;0.011;220.8;29.9;;;;;;;;;;;;;;;;;;
 ;02:38:41;4.200;0.011;220.8;29.9;;;;;;;;;;;;;;;;;;
 ;02:38:42;4.200;0.011;220.8;29.9;;;;;;;;;;;;;;;;;;
 ;02:38:43;4.200;0.011;220.8;29.9;;;;;;;;;;;;;;;;;;
 ;02:38:44;4.200;0.011;220.8;29.9;;;;;;;;;;;;;;;;;;
 ;02:38:45;4.200;0.011;220.8;29.9;;;;;;;;;;;;;;;;;;
 ;02:38:46;4.200;0.011;220.8;29.9;;;;;;;;;;;;;;;;;;
 ;02:38:47;4.200;0.011;220.8;29.9;;;;;;;;;;;;;;;;;;
 ;02:38:48;4.200;0.011;220.8;29.9;;;;;;;;;;;;;;;;;;
 ;02:38:49;4.200;0.011;220.8;29.9;;;;;;;;;;;;;;;;;;
 ;02:38:50;4.200;0.011;220.9;29.9;;;;;;;;;;;;;;;;;;
 ;02:38:51;4.200;0.011;220.9;29.9;;;;;;;;;;;;;;;;;;
 ;02:38:52;4.200;0.011;220.9;29.9;;;;;;;;;;;;;;;;;;
 ;02:38:53;4.200;0.011;220.9;29.9;;;;;;;;;;;;;;;;;;
 ;02:38:54;4.200;0.011;220.9;29.9;;;;;;;;;;;;;;;;;;
 ;02:38:55;4.200;0.011;220.9;29.9;;;;;;;;;;;;;;;;;;
 ;02:38:56;4.200;0.011;220.9;29.9;;;;;;;;;;;;;;;;;;
 ;02:38:57;4.200;0.011;220.9;29.9;;;;;;;;;;;;;;;;;;
 ;02:38:58;4.200;0.011;220.9;29.9;;;;;;;;;;;;;;;;;;
 ;02:38:59;4.200;0.011;220.9;29.9;;;;;;;;;;;;;;;;;;
 ;02:39:00;4.200;0.011;220.9;29.9;;;;;;;;;;;;;;;;;;
 ;02:39:01;4.200;0.011;220.9;29.9;;;;;;;;;;;;;;;;;;
 ;02:39:02;4.200;0.011;220.9;29.9;;;;;;;;;;;;;;;;;;
 ;02:39:03;4.200;0.011;220.9;29.9;;;;;;;;;;;;;;;;;;
 ;02:39:04;4.200;0.011;220.9;29.9;;;;;;;;;;;;;;;;;;
 ;02:39:05;4.200;0.011;220.9;29.9;;;;;;;;;;;;;;;;;;
 ;02:39:06;4.200;0.011;220.9;29.9;;;;;;;;;;;;;;;;;;
 ;02:39:07;4.200;0.011;220.9;29.9;;;;;;;;;;;;;;;;;;
 ;02:39:08;4.200;0.011;220.9;29.9;;;;;;;;;;;;;;;;;;
 ;02:39:09;4.200;0.011;220.9;29.9;;;;;;;;;;;;;;;;;;
 ;02:39:10;4.200;0.011;220.9;29.9;;;;;;;;;;;;;;;;;;
 ;02:39:11;4.200;0.011;220.9;29.9;;;;;;;;;;;;;;;;;;
 ;02:39:12;4.200;0.011;220.9;29.9;;;;;;;;;;;;;;;;;;
 ;02:39:13;4.200;0.011;220.9;29.9;;;;;;;;;;;;;;;;;;
 ;02:39:14;4.200;0.011;220.9;29.9;;;;;;;;;;;;;;;;;;
 ;02:39:15;4.200;0.011;220.9;29.9;;;;;;;;;;;;;;;;;;
 ;02:39:16;4.200;0.011;220.9;29.9;;;;;;;;;;;;;;;;;;
 ;02:39:17;4.200;0.011;220.9;29.9;;;;;;;;;;;;;;;;;;
 ;02:39:18;4.200;0.011;220.9;29.9;;;;;;;;;;;;;;;;;;
 ;02:39:19;4.200;0.011;220.9;29.9;;;;;;;;;;;;;;;;;;
 ;02:39:20;4.200;0.011;220.9;29.9;;;;;;;;;;;;;;;;;;
 ;02:39:21;4.200;0.011;220.9;29.9;;;;;;;;;;;;;;;;;;
 ;02:39:22;4.200;0.011;221.0;29.9;;;;;;;;;;;;;;;;;;
 ;02:39:23;4.200;0.011;221.0;29.9;;;;;;;;;;;;;;;;;;
 ;02:39:24;4.200;0.011;221.0;29.9;;;;;;;;;;;;;;;;;;
 ;02:39:25;4.200;0.011;221.0;29.9;;;;;;;;;;;;;;;;;;
 ;02:39:26;4.200;0.011;221.0;29.9;;;;;;;;;;;;;;;;;;
 ;02:39:27;4.200;0.011;221.0;29.9;;;;;;;;;;;;;;;;;;
 ;02:39:28;4.200;0.011;221.0;29.9;;;;;;;;;;;;;;;;;;
 ;02:39:29;4.200;0.011;221.0;29.9;;;;;;;;;;;;;;;;;;
 ;02:39:30;4.200;0.011;221.0;29.9;;;;;;;;;;;;;;;;;;
 ;02:39:31;4.200;0.011;221.0;29.9;;;;;;;;;;;;;;;;;;
 ;02:39:32;4.200;0.011;221.0;29.9;;;;;;;;;;;;;;;;;;
 ;02:39:33;4.200;0.011;221.0;29.9;;;;;;;;;;;;;;;;;;
 ;02:39:34;4.200;0.011;221.0;29.9;;;;;;;;;;;;;;;;;;
 ;02:39:35;4.200;0.011;221.0;29.9;;;;;;;;;;;;;;;;;;
 ;02:39:36;4.200;0.011;221.0;29.9;;;;;;;;;;;;;;;;;;
 ;02:39:37;4.200;0.011;221.0;29.9;;;;;;;;;;;;;;;;;;
 ;02:39:38;4.200;0.011;221.0;29.9;;;;;;;;;;;;;;;;;;
 ;02:39:39;4.200;0.011;221.0;29.9;;;;;;;;;;;;;;;;;;
 ;02:39:40;4.200;0.011;221.0;29.9;;;;;;;;;;;;;;;;;;
 ;02:39:41;4.200;0.011;221.0;29.9;;;;;;;;;;;;;;;;;;
 ;02:39:42;4.200;0.011;221.0;29.9;;;;;;;;;;;;;;;;;;
 ;02:39:43;4.200;0.011;221.0;29.9;;;;;;;;;;;;;;;;;;
 ;02:39:44;4.200;0.011;221.0;29.9;;;;;;;;;;;;;;;;;;
 ;02:39:45;4.200;0.011;221.0;29.9;;;;;;;;;;;;;;;;;;
 ;02:39:46;4.200;0.011;221.0;29.9;;;;;;;;;;;;;;;;;;
 ;02:39:47;4.200;0.011;221.0;29.9;;;;;;;;;;;;;;;;;;
 ;02:39:48;4.200;0.011;221.0;29.9;;;;;;;;;;;;;;;;;;
 ;02:39:49;4.200;0.011;221.0;29.9;;;;;;;;;;;;;;;;;;
 ;02:39:50;4.200;0.011;221.0;29.9;;;;;;;;;;;;;;;;;;
 ;02:39:51;4.200;0.011;221.0;29.9;;;;;;;;;;;;;;;;;;
 ;02:39:52;4.200;0.011;221.0;29.9;;;;;;;;;;;;;;;;;;
 ;02:39:53;4.200;0.011;221.0;29.9;;;;;;;;;;;;;;;;;;
 ;02:39:54;4.200;0.011;221.0;29.9;;;;;;;;;;;;;;;;;;
 ;02:39:55;4.200;0.011;221.1;29.9;;;;;;;;;;;;;;;;;;
 ;02:39:56;4.200;0.011;221.1;29.9;;;;;;;;;;;;;;;;;;
 ;02:39:57;4.200;0.011;221.1;29.9;;;;;;;;;;;;;;;;;;
 ;02:39:58;4.200;0.011;221.1;29.9;;;;;;;;;;;;;;;;;;
 ;02:39:59;4.200;0.011;221.1;29.9;;;;;;;;;;;;;;;;;;
 ;02:40:00;4.200;0.011;221.1;29.9;;;;;;;;;;;;;;;;;;
 ;02:40:01;4.200;0.011;221.1;29.9;;;;;;;;;;;;;;;;;;
 ;02:40:02;4.200;0.011;221.1;29.9;;;;;;;;;;;;;;;;;;
 ;02:40:03;4.200;0.011;221.1;29.9;;;;;;;;;;;;;;;;;;
 ;02:40:04;4.200;0.011;221.1;29.9;;;;;;;;;;;;;;;;;;
 ;02:40:05;4.200;0.011;221.1;29.9;;;;;;;;;;;;;;;;;;
 ;02:40:06;4.200;0.011;221.1;29.9;;;;;;;;;;;;;;;;;;
 ;02:40:07;4.200;0.011;221.1;29.9;;;;;;;;;;;;;;;;;;
 ;02:40:08;4.200;0.011;221.1;29.9;;;;;;;;;;;;;;;;;;
 ;02:40:09;4.200;0.011;221.1;29.9;;;;;;;;;;;;;;;;;;
 ;02:40:10;4.200;0.011;221.1;29.9;;;;;;;;;;;;;;;;;;
 ;02:40:11;4.200;0.011;221.1;29.9;;;;;;;;;;;;;;;;;;
 ;02:40:12;4.200;0.011;221.1;29.9;;;;;;;;;;;;;;;;;;
 ;02:40:13;4.200;0.011;221.1;29.9;;;;;;;;;;;;;;;;;;
 ;02:40:14;4.200;0.011;221.1;29.9;;;;;;;;;;;;;;;;;;
 ;02:40:15;4.200;0.011;221.1;29.9;;;;;;;;;;;;;;;;;;
 ;02:40:16;4.200;0.011;221.1;29.9;;;;;;;;;;;;;;;;;;
 ;02:40:17;4.200;0.011;221.1;29.9;;;;;;;;;;;;;;;;;;
 ;02:40:18;4.200;0.011;221.1;29.9;;;;;;;;;;;;;;;;;;
 ;02:40:19;4.200;0.011;221.1;29.9;;;;;;;;;;;;;;;;;;
 ;02:40:20;4.200;0.011;221.1;29.9;;;;;;;;;;;;;;;;;;
 ;02:40:21;4.200;0.011;221.1;29.9;;;;;;;;;;;;;;;;;;
 ;02:40:22;4.200;0.011;221.1;29.9;;;;;;;;;;;;;;;;;;
 ;02:40:23;4.200;0.011;221.1;29.9;;;;;;;;;;;;;;;;;;
 ;02:40:24;4.200;0.011;221.1;29.9;;;;;;;;;;;;;;;;;;
 ;02:40:25;4.200;0.011;221.1;29.9;;;;;;;;;;;;;;;;;;
 ;02:40:26;4.200;0.011;221.1;29.9;;;;;;;;;;;;;;;;;;
 ;02:40:27;4.200;0.011;221.1;29.9;;;;;;;;;;;;;;;;;;
 ;02:40:28;4.200;0.011;221.2;29.9;;;;;;;;;;;;;;;;;;
 ;02:40:29;4.200;0.011;221.2;29.9;;;;;;;;;;;;;;;;;;
 ;02:40:30;4.200;0.011;221.2;29.9;;;;;;;;;;;;;;;;;;
 ;02:40:31;4.200;0.011;221.2;29.9;;;;;;;;;;;;;;;;;;
 ;02:40:32;4.200;0.011;221.2;29.9;;;;;;;;;;;;;;;;;;
 ;02:40:33;4.200;0.011;221.2;29.9;;;;;;;;;;;;;;;;;;
 ;02:40:34;4.200;0.011;221.2;29.9;;;;;;;;;;;;;;;;;;
 ;02:40:35;4.200;0.011;221.2;29.9;;;;;;;;;;;;;;;;;;
 ;02:40:36;4.200;0.011;221.2;29.9;;;;;;;;;;;;;;;;;;
 ;02:40:37;4.200;0.011;221.2;29.9;;;;;;;;;;;;;;;;;;
 ;02:40:38;4.200;0.011;221.2;29.9;;;;;;;;;;;;;;;;;;
 ;02:40:39;4.200;0.011;221.2;29.9;;;;;;;;;;;;;;;;;;
 ;02:40:40;4.200;0.011;221.2;29.9;;;;;;;;;;;;;;;;;;
 ;02:40:41;4.200;0.011;221.2;29.9;;;;;;;;;;;;;;;;;;
 ;02:40:42;4.200;0.011;221.2;29.9;;;;;;;;;;;;;;;;;;
 ;02:40:43;4.200;0.011;221.2;29.9;;;;;;;;;;;;;;;;;;
 ;02:40:44;4.200;0.011;221.2;29.9;;;;;;;;;;;;;;;;;;
 ;02:40:45;4.200;0.011;221.2;29.9;;;;;;;;;;;;;;;;;;
 ;02:40:46;4.200;0.011;221.2;29.9;;;;;;;;;;;;;;;;;;
 ;02:40:47;4.200;0.011;221.2;29.9;;;;;;;;;;;;;;;;;;
 ;02:40:48;4.200;0.011;221.2;29.9;;;;;;;;;;;;;;;;;;
 ;02:40:49;4.200;0.011;221.2;29.9;;;;;;;;;;;;;;;;;;
 ;02:40:50;4.200;0.011;221.2;29.9;;;;;;;;;;;;;;;;;;
 ;02:40:51;4.200;0.011;221.2;29.9;;;;;;;;;;;;;;;;;;
 ;02:40:52;4.200;0.011;221.2;29.9;;;;;;;;;;;;;;;;;;
 ;02:40:53;4.200;0.011;221.2;29.9;;;;;;;;;;;;;;;;;;
 ;02:40:54;4.200;0.011;221.2;29.9;;;;;;;;;;;;;;;;;;
 ;02:40:55;4.200;0.011;221.2;29.9;;;;;;;;;;;;;;;;;;
 ;02:40:56;4.200;0.011;221.2;29.9;;;;;;;;;;;;;;;;;;
 ;02:40:57;4.200;0.011;221.2;29.9;;;;;;;;;;;;;;;;;;
 ;02:40:58;4.200;0.011;221.2;29.9;;;;;;;;;;;;;;;;;;
 ;02:40:59;4.200;0.011;221.2;29.9;;;;;;;;;;;;;;;;;;
 ;02:41:00;4.200;0.011;221.2;29.9;;;;;;;;;;;;;;;;;;
 ;02:41:01;4.200;0.011;221.3;29.9;;;;;;;;;;;;;;;;;;
 ;02:41:02;4.200;0.011;221.3;29.9;;;;;;;;;;;;;;;;;;
 ;02:41:03;4.200;0.011;221.3;29.9;;;;;;;;;;;;;;;;;;
 ;02:41:04;4.200;0.011;221.3;29.9;;;;;;;;;;;;;;;;;;
 ;02:41:05;4.200;0.011;221.3;29.9;;;;;;;;;;;;;;;;;;
 ;02:41:06;4.200;0.011;221.3;29.9;;;;;;;;;;;;;;;;;;
 ;02:41:07;4.200;0.011;221.3;29.9;;;;;;;;;;;;;;;;;;
 ;02:41:08;4.200;0.011;221.3;29.9;;;;;;;;;;;;;;;;;;
 ;02:41:09;4.200;0.011;221.3;29.9;;;;;;;;;;;;;;;;;;
 ;02:41:10;4.200;0.011;221.3;29.9;;;;;;;;;;;;;;;;;;
 ;02:41:11;4.200;0.011;221.3;29.9;;;;;;;;;;;;;;;;;;
 ;02:41:12;4.200;0.011;221.3;29.9;;;;;;;;;;;;;;;;;;
 ;02:41:13;4.200;0.011;221.3;29.9;;;;;;;;;;;;;;;;;;
 ;02:41:14;4.200;0.011;221.3;29.9;;;;;;;;;;;;;;;;;;
 ;02:41:15;4.200;0.011;221.3;29.9;;;;;;;;;;;;;;;;;;
 ;02:41:16;4.200;0.011;221.3;29.9;;;;;;;;;;;;;;;;;;
 ;02:41:17;4.200;0.011;221.3;29.9;;;;;;;;;;;;;;;;;;
 ;02:41:18;4.200;0.011;221.3;29.9;;;;;;;;;;;;;;;;;;
 ;02:41:19;4.200;0.011;221.3;29.9;;;;;;;;;;;;;;;;;;
 ;02:41:20;4.200;0.011;221.3;29.9;;;;;;;;;;;;;;;;;;
 ;02:41:21;4.200;0.011;221.3;29.9;;;;;;;;;;;;;;;;;;
 ;02:41:22;4.200;0.011;221.3;29.9;;;;;;;;;;;;;;;;;;
 ;02:41:23;4.200;0.011;221.3;29.9;;;;;;;;;;;;;;;;;;
 ;02:41:24;4.200;0.011;221.3;29.9;;;;;;;;;;;;;;;;;;
 ;02:41:25;4.200;0.011;221.3;29.9;;;;;;;;;;;;;;;;;;
 ;02:41:26;4.200;0.011;221.3;29.9;;;;;;;;;;;;;;;;;;
 ;02:41:27;4.200;0.011;221.3;29.9;;;;;;;;;;;;;;;;;;
 ;02:41:28;4.200;0.011;221.3;29.9;;;;;;;;;;;;;;;;;;
 ;02:41:29;4.200;0.011;221.3;29.9;;;;;;;;;;;;;;;;;;
 ;02:41:30;4.200;0.011;221.3;29.9;;;;;;;;;;;;;;;;;;
 ;02:41:31;4.200;0.011;221.3;29.9;;;;;;;;;;;;;;;;;;
 ;02:41:32;4.200;0.011;221.3;29.9;;;;;;;;;;;;;;;;;;
 ;02:41:33;4.200;0.011;221.4;29.9;;;;;;;;;;;;;;;;;;
 ;02:41:34;4.200;0.011;221.4;29.9;;;;;;;;;;;;;;;;;;
 ;02:41:35;4.200;0.011;221.4;29.9;;;;;;;;;;;;;;;;;;
 ;02:41:36;4.200;0.011;221.4;29.9;;;;;;;;;;;;;;;;;;
 ;02:41:37;4.200;0.011;221.4;29.9;;;;;;;;;;;;;;;;;;
 ;02:41:38;4.200;0.011;221.4;29.9;;;;;;;;;;;;;;;;;;
 ;02:41:39;4.200;0.011;221.4;29.9;;;;;;;;;;;;;;;;;;
 ;02:41:40;4.200;0.011;221.4;29.9;;;;;;;;;;;;;;;;;;
 ;02:41:41;4.200;0.011;221.4;29.9;;;;;;;;;;;;;;;;;;
 ;02:41:42;4.200;0.011;221.4;29.9;;;;;;;;;;;;;;;;;;
 ;02:41:43;4.200;0.011;221.4;29.9;;;;;;;;;;;;;;;;;;
 ;02:41:44;4.200;0.011;221.4;29.9;;;;;;;;;;;;;;;;;;
 ;02:41:45;4.200;0.011;221.4;29.9;;;;;;;;;;;;;;;;;;
 ;02:41:46;4.200;0.011;221.4;29.9;;;;;;;;;;;;;;;;;;
 ;02:41:47;4.200;0.011;221.4;29.9;;;;;;;;;;;;;;;;;;
 ;02:41:48;4.200;0.011;221.4;29.9;;;;;;;;;;;;;;;;;;
 ;02:41:49;4.200;0.011;221.4;29.9;;;;;;;;;;;;;;;;;;
 ;02:41:50;4.200;0.011;221.4;29.9;;;;;;;;;;;;;;;;;;
 ;02:41:51;4.200;0.011;221.4;29.9;;;;;;;;;;;;;;;;;;
 ;02:41:52;4.200;0.011;221.4;29.9;;;;;;;;;;;;;;;;;;
 ;02:41:53;4.200;0.011;221.4;29.9;;;;;;;;;;;;;;;;;;
 ;02:41:54;4.200;0.011;221.4;29.9;;;;;;;;;;;;;;;;;;
 ;02:41:55;4.200;0.011;221.4;29.9;;;;;;;;;;;;;;;;;;
 ;02:41:56;4.200;0.011;221.4;29.9;;;;;;;;;;;;;;;;;;
 ;02:41:57;4.200;0.011;221.4;29.9;;;;;;;;;;;;;;;;;;
 ;02:41:58;4.200;0.011;221.4;29.9;;;;;;;;;;;;;;;;;;
 ;02:41:59;4.200;0.011;221.4;29.9;;;;;;;;;;;;;;;;;;
 ;02:42:00;4.200;0.011;221.4;29.9;;;;;;;;;;;;;;;;;;
 ;02:42:01;4.200;0.011;221.4;29.9;;;;;;;;;;;;;;;;;;
 ;02:42:02;4.200;0.011;221.4;29.9;;;;;;;;;;;;;;;;;;
 ;02:42:03;4.200;0.011;221.4;29.9;;;;;;;;;;;;;;;;;;
 ;02:42:04;4.200;0.011;221.4;29.9;;;;;;;;;;;;;;;;;;
 ;02:42:05;4.200;0.011;221.4;29.9;;;;;;;;;;;;;;;;;;
 ;02:42:06;4.200;0.011;221.5;29.9;;;;;;;;;;;;;;;;;;
 ;02:42:07;4.200;0.011;221.5;29.9;;;;;;;;;;;;;;;;;;
 ;02:42:08;4.200;0.011;221.5;29.9;;;;;;;;;;;;;;;;;;
 ;02:42:09;4.200;0.011;221.5;29.9;;;;;;;;;;;;;;;;;;
 ;02:42:10;4.200;0.011;221.5;29.9;;;;;;;;;;;;;;;;;;
 ;02:42:11;4.200;0.011;221.5;29.9;;;;;;;;;;;;;;;;;;
 ;02:42:12;4.200;0.011;221.5;29.9;;;;;;;;;;;;;;;;;;
 ;02:42:13;4.200;0.011;221.5;29.9;;;;;;;;;;;;;;;;;;
 ;02:42:14;4.200;0.011;221.5;29.9;;;;;;;;;;;;;;;;;;
 ;02:42:15;4.200;0.011;221.5;29.9;;;;;;;;;;;;;;;;;;
 ;02:42:16;4.200;0.011;221.5;29.9;;;;;;;;;;;;;;;;;;
 ;02:42:17;4.200;0.011;221.5;29.9;;;;;;;;;;;;;;;;;;
 ;02:42:18;4.200;0.011;221.5;29.9;;;;;;;;;;;;;;;;;;
 ;02:42:19;4.200;0.011;221.5;29.9;;;;;;;;;;;;;;;;;;
 ;02:42:20;4.200;0.011;221.5;29.9;;;;;;;;;;;;;;;;;;
 ;02:42:21;4.200;0.011;221.5;29.9;;;;;;;;;;;;;;;;;;
 ;02:42:22;4.200;0.011;221.5;29.9;;;;;;;;;;;;;;;;;;
 ;02:42:23;4.200;0.011;221.5;29.9;;;;;;;;;;;;;;;;;;
 ;02:42:24;4.200;0.011;221.5;29.9;;;;;;;;;;;;;;;;;;
 ;02:42:25;4.200;0.011;221.5;29.9;;;;;;;;;;;;;;;;;;
 ;02:42:26;4.200;0.011;221.5;29.9;;;;;;;;;;;;;;;;;;
 ;02:42:27;4.200;0.011;221.5;29.9;;;;;;;;;;;;;;;;;;
 ;02:42:28;4.200;0.011;221.5;29.9;;;;;;;;;;;;;;;;;;
 ;02:42:29;4.200;0.011;221.5;29.9;;;;;;;;;;;;;;;;;;
 ;02:42:30;4.200;0.011;221.5;29.9;;;;;;;;;;;;;;;;;;
 ;02:42:31;4.200;0.011;221.5;29.9;;;;;;;;;;;;;;;;;;
 ;02:42:32;4.200;0.011;221.5;29.9;;;;;;;;;;;;;;;;;;
 ;02:42:33;4.200;0.011;221.5;29.9;;;;;;;;;;;;;;;;;;
 ;02:42:34;4.200;0.011;221.5;29.9;;;;;;;;;;;;;;;;;;
 ;02:42:35;4.200;0.011;221.5;29.9;;;;;;;;;;;;;;;;;;
 ;02:42:36;4.200;0.011;221.5;29.9;;;;;;;;;;;;;;;;;;
 ;02:42:37;4.200;0.011;221.5;29.9;;;;;;;;;;;;;;;;;;
 ;02:42:38;4.200;0.011;221.5;29.9;;;;;;;;;;;;;;;;;;
 ;02:42:39;4.200;0.011;221.6;29.9;;;;;;;;;;;;;;;;;;
 ;02:42:40;4.200;0.011;221.6;29.9;;;;;;;;;;;;;;;;;;
 ;02:42:41;4.200;0.011;221.6;29.9;;;;;;;;;;;;;;;;;;
 ;02:42:42;4.200;0.011;221.6;29.9;;;;;;;;;;;;;;;;;;
 ;02:42:43;4.200;0.011;221.6;29.9;;;;;;;;;;;;;;;;;;
 ;02:42:44;4.200;0.011;221.6;29.9;;;;;;;;;;;;;;;;;;
 ;02:42:45;4.200;0.011;221.6;29.9;;;;;;;;;;;;;;;;;;
 ;02:42:46;4.200;0.011;221.6;29.9;;;;;;;;;;;;;;;;;;
 ;02:42:47;4.200;0.011;221.6;29.9;;;;;;;;;;;;;;;;;;
 ;02:42:48;4.200;0.011;221.6;29.9;;;;;;;;;;;;;;;;;;
 ;02:42:49;4.200;0.011;221.6;29.9;;;;;;;;;;;;;;;;;;
 ;02:42:50;4.200;0.011;221.6;29.9;;;;;;;;;;;;;;;;;;
 ;02:42:51;4.200;0.011;221.6;29.9;;;;;;;;;;;;;;;;;;
 ;02:42:52;4.200;0.011;221.6;29.9;;;;;;;;;;;;;;;;;;
 ;02:42:53;4.200;0.011;221.6;29.9;;;;;;;;;;;;;;;;;;
 ;02:42:54;4.200;0.011;221.6;29.9;;;;;;;;;;;;;;;;;;
 ;02:42:55;4.200;0.011;221.6;29.9;;;;;;;;;;;;;;;;;;
 ;02:42:56;4.200;0.011;221.6;29.9;;;;;;;;;;;;;;;;;;
 ;02:42:57;4.200;0.011;221.6;29.9;;;;;;;;;;;;;;;;;;
 ;02:42:58;4.200;0.011;221.6;29.9;;;;;;;;;;;;;;;;;;
 ;02:42:59;4.200;0.011;221.6;29.9;;;;;;;;;;;;;;;;;;
 ;02:43:00;4.200;0.011;221.6;29.9;;;;;;;;;;;;;;;;;;
 ;02:43:01;4.200;0.011;221.6;29.9;;;;;;;;;;;;;;;;;;
 ;02:43:02;4.200;0.011;221.6;29.9;;;;;;;;;;;;;;;;;;
 ;02:43:03;4.200;0.011;221.6;29.9;;;;;;;;;;;;;;;;;;
 ;02:43:04;4.200;0.011;221.6;29.9;;;;;;;;;;;;;;;;;;
 ;02:43:05;4.200;0.011;221.6;29.9;;;;;;;;;;;;;;;;;;
 ;02:43:06;4.200;0.011;221.6;29.9;;;;;;;;;;;;;;;;;;
 ;02:43:07;4.200;0.011;221.6;29.9;;;;;;;;;;;;;;;;;;
 ;02:43:08;4.200;0.011;221.6;29.9;;;;;;;;;;;;;;;;;;
 ;02:43:09;4.200;0.011;221.6;29.9;;;;;;;;;;;;;;;;;;
 ;02:43:10;4.200;0.011;221.6;29.9;;;;;;;;;;;;;;;;;;
 ;02:43:11;4.200;0.011;221.7;29.9;;;;;;;;;;;;;;;;;;
 ;02:43:12;4.200;0.011;221.7;29.9;;;;;;;;;;;;;;;;;;
 ;02:43:13;4.200;0.011;221.7;29.9;;;;;;;;;;;;;;;;;;
 ;02:43:14;4.200;0.011;221.7;29.9;;;;;;;;;;;;;;;;;;
 ;02:43:15;4.200;0.011;221.7;29.9;;;;;;;;;;;;;;;;;;
 ;02:43:16;4.200;0.011;221.7;29.9;;;;;;;;;;;;;;;;;;
 ;02:43:17;4.200;0.011;221.7;29.9;;;;;;;;;;;;;;;;;;
 ;02:43:18;4.200;0.011;221.7;29.9;;;;;;;;;;;;;;;;;;
 ;02:43:19;4.200;0.011;221.7;29.9;;;;;;;;;;;;;;;;;;
 ;02:43:20;4.200;0.011;221.7;29.9;;;;;;;;;;;;;;;;;;
 ;02:43:21;4.200;0.011;221.7;29.9;;;;;;;;;;;;;;;;;;
 ;02:43:22;4.200;0.011;221.7;29.9;;;;;;;;;;;;;;;;;;
 ;02:43:23;4.200;0.011;221.7;29.9;;;;;;;;;;;;;;;;;;
 ;02:43:24;4.200;0.011;221.7;29.9;;;;;;;;;;;;;;;;;;
 ;02:43:25;4.200;0.011;221.7;29.9;;;;;;;;;;;;;;;;;;
 ;02:43:26;4.200;0.011;221.7;29.9;;;;;;;;;;;;;;;;;;
 ;02:43:27;4.200;0.011;221.7;29.9;;;;;;;;;;;;;;;;;;
 ;02:43:28;4.200;0.011;221.7;29.9;;;;;;;;;;;;;;;;;;
 ;02:43:29;4.200;0.011;221.7;29.9;;;;;;;;;;;;;;;;;;
 ;02:43:30;4.200;0.011;221.7;29.9;;;;;;;;;;;;;;;;;;
 ;02:43:31;4.200;0.011;221.7;29.9;;;;;;;;;;;;;;;;;;
 ;02:43:32;4.200;0.011;221.7;29.9;;;;;;;;;;;;;;;;;;
 ;02:43:33;4.200;0.011;221.7;29.9;;;;;;;;;;;;;;;;;;
 ;02:43:34;4.200;0.011;221.7;29.9;;;;;;;;;;;;;;;;;;
 ;02:43:35;4.200;0.011;221.7;29.9;;;;;;;;;;;;;;;;;;
 ;02:43:36;4.200;0.011;221.7;29.9;;;;;;;;;;;;;;;;;;
 ;02:43:37;4.200;0.011;221.7;29.9;;;;;;;;;;;;;;;;;;
 ;02:43:38;4.200;0.011;221.7;29.9;;;;;;;;;;;;;;;;;;
 ;02:43:39;4.200;0.011;221.7;29.9;;;;;;;;;;;;;;;;;;
 ;02:43:40;4.200;0.011;221.7;29.9;;;;;;;;;;;;;;;;;;
 ;02:43:41;4.200;0.011;221.7;29.9;;;;;;;;;;;;;;;;;;
 ;02:43:42;4.200;0.011;221.7;29.9;;;;;;;;;;;;;;;;;;
 ;02:43:43;4.200;0.011;221.7;29.9;;;;;;;;;;;;;;;;;;
 ;02:43:44;4.200;0.011;221.8;29.9;;;;;;;;;;;;;;;;;;
 ;02:43:45;4.200;0.011;221.8;29.9;;;;;;;;;;;;;;;;;;
 ;02:43:46;4.200;0.011;221.8;29.9;;;;;;;;;;;;;;;;;;
 ;02:43:47;4.200;0.011;221.8;29.9;;;;;;;;;;;;;;;;;;
 ;02:43:48;4.200;0.011;221.8;29.9;;;;;;;;;;;;;;;;;;
 ;02:43:49;4.200;0.011;221.8;29.9;;;;;;;;;;;;;;;;;;
 ;02:43:50;4.200;0.011;221.8;29.9;;;;;;;;;;;;;;;;;;
 ;02:43:51;4.200;0.011;221.8;29.9;;;;;;;;;;;;;;;;;;
 ;02:43:52;4.200;0.011;221.8;29.9;;;;;;;;;;;;;;;;;;
 ;02:43:53;4.200;0.011;221.8;29.9;;;;;;;;;;;;;;;;;;
 ;02:43:54;4.200;0.011;221.8;29.9;;;;;;;;;;;;;;;;;;
 ;02:43:55;4.200;0.011;221.8;29.9;;;;;;;;;;;;;;;;;;
 ;02:43:56;4.200;0.011;221.8;29.9;;;;;;;;;;;;;;;;;;
 ;02:43:57;4.200;0.011;221.8;29.9;;;;;;;;;;;;;;;;;;
 ;02:43:58;4.200;0.011;221.8;29.9;;;;;;;;;;;;;;;;;;
 ;02:43:59;4.200;0.011;221.8;29.9;;;;;;;;;;;;;;;;;;
 ;02:44:00;4.200;0.011;221.8;29.9;;;;;;;;;;;;;;;;;;
 ;02:44:01;4.200;0.011;221.8;29.9;;;;;;;;;;;;;;;;;;
 ;02:44:02;4.200;0.011;221.8;29.9;;;;;;;;;;;;;;;;;;
 ;02:44:03;4.200;0.011;221.8;29.9;;;;;;;;;;;;;;;;;;
 ;02:44:04;4.200;0.011;221.8;29.9;;;;;;;;;;;;;;;;;;
 ;02:44:05;4.200;0.011;221.8;29.9;;;;;;;;;;;;;;;;;;
 ;02:44:06;4.200;0.011;221.8;29.9;;;;;;;;;;;;;;;;;;
 ;02:44:07;4.200;0.011;221.8;29.9;;;;;;;;;;;;;;;;;;
 ;02:44:08;4.200;0.011;221.8;29.9;;;;;;;;;;;;;;;;;;
 ;02:44:09;4.200;0.011;221.8;29.9;;;;;;;;;;;;;;;;;;
 ;02:44:10;4.200;0.011;221.8;29.9;;;;;;;;;;;;;;;;;;
 ;02:44:11;4.200;0.011;221.8;29.9;;;;;;;;;;;;;;;;;;
 ;02:44:12;4.200;0.011;221.8;29.9;;;;;;;;;;;;;;;;;;
 ;02:44:13;4.200;0.011;221.8;29.9;;;;;;;;;;;;;;;;;;
 ;02:44:14;4.200;0.011;221.8;29.9;;;;;;;;;;;;;;;;;;
 ;02:44:15;4.200;0.011;221.8;29.9;;;;;;;;;;;;;;;;;;
 ;02:44:16;4.200;0.011;221.8;29.9;;;;;;;;;;;;;;;;;;
 ;02:44:17;4.200;0.011;221.9;29.9;;;;;;;;;;;;;;;;;;
 ;02:44:18;4.200;0.011;221.9;29.9;;;;;;;;;;;;;;;;;;
 ;02:44:19;4.200;0.011;221.9;29.9;;;;;;;;;;;;;;;;;;
 ;02:44:20;4.200;0.011;221.9;29.9;;;;;;;;;;;;;;;;;;
 ;02:44:21;4.200;0.011;221.9;29.9;;;;;;;;;;;;;;;;;;
 ;02:44:22;4.200;0.011;221.9;29.9;;;;;;;;;;;;;;;;;;
 ;02:44:23;4.200;0.011;221.9;29.9;;;;;;;;;;;;;;;;;;
 ;02:44:24;4.200;0.011;221.9;29.9;;;;;;;;;;;;;;;;;;
 ;02:44:25;4.200;0.011;221.9;29.9;;;;;;;;;;;;;;;;;;
 ;02:44:26;4.200;0.011;221.9;29.9;;;;;;;;;;;;;;;;;;
 ;02:44:27;4.200;0.011;221.9;29.9;;;;;;;;;;;;;;;;;;
 ;02:44:28;4.200;0.011;221.9;29.9;;;;;;;;;;;;;;;;;;
 ;02:44:29;4.200;0.011;221.9;29.9;;;;;;;;;;;;;;;;;;
 ;02:44:30;4.200;0.011;221.9;29.9;;;;;;;;;;;;;;;;;;
 ;02:44:31;4.200;0.011;221.9;29.9;;;;;;;;;;;;;;;;;;
 ;02:44:32;4.200;0.011;221.9;29.9;;;;;;;;;;;;;;;;;;
 ;02:44:33;4.200;0.011;221.9;29.9;;;;;;;;;;;;;;;;;;
 ;02:44:34;4.200;0.011;221.9;29.9;;;;;;;;;;;;;;;;;;
 ;02:44:35;4.200;0.011;221.9;29.9;;;;;;;;;;;;;;;;;;
 ;02:44:36;4.200;0.011;221.9;29.9;;;;;;;;;;;;;;;;;;
 ;02:44:37;4.200;0.011;221.9;29.9;;;;;;;;;;;;;;;;;;
 ;02:44:38;4.200;0.011;221.9;29.9;;;;;;;;;;;;;;;;;;
 ;02:44:39;4.200;0.011;221.9;29.9;;;;;;;;;;;;;;;;;;
 ;02:44:40;4.200;0.011;221.9;29.9;;;;;;;;;;;;;;;;;;
 ;02:44:41;4.200;0.011;221.9;29.9;;;;;;;;;;;;;;;;;;
 ;02:44:42;4.200;0.011;221.9;29.9;;;;;;;;;;;;;;;;;;
 ;02:44:43;4.200;0.011;221.9;29.9;;;;;;;;;;;;;;;;;;
 ;02:44:44;4.200;0.011;221.9;29.9;;;;;;;;;;;;;;;;;;
 ;02:44:45;4.200;0.011;221.9;29.9;;;;;;;;;;;;;;;;;;
 ;02:44:46;4.200;0.011;221.9;29.9;;;;;;;;;;;;;;;;;;
 ;02:44:47;4.200;0.011;221.9;29.9;;;;;;;;;;;;;;;;;;
 ;02:44:48;4.200;0.011;221.9;29.9;;;;;;;;;;;;;;;;;;
 ;02:44:49;4.200;0.011;221.9;29.9;;;;;;;;;;;;;;;;;;
 ;02:44:50;4.200;0.011;222.0;29.9;;;;;;;;;;;;;;;;;;
 ;02:44:51;4.200;0.011;222.0;29.9;;;;;;;;;;;;;;;;;;
 ;02:44:52;4.200;0.011;222.0;29.9;;;;;;;;;;;;;;;;;;
 ;02:44:53;4.200;0.011;222.0;29.9;;;;;;;;;;;;;;;;;;
 ;02:44:54;4.200;0.011;222.0;29.9;;;;;;;;;;;;;;;;;;
 ;02:44:55;4.200;0.011;222.0;29.9;;;;;;;;;;;;;;;;;;
 ;02:44:56;4.200;0.011;222.0;29.9;;;;;;;;;;;;;;;;;;
 ;02:44:57;4.200;0.011;222.0;29.9;;;;;;;;;;;;;;;;;;
 ;02:44:58;4.200;0.011;222.0;29.9;;;;;;;;;;;;;;;;;;
 ;02:44:59;4.200;0.011;222.0;29.9;;;;;;;;;;;;;;;;;;
 ;02:45:00;4.200;0.011;222.0;29.9;;;;;;;;;;;;;;;;;;
 ;02:45:01;4.200;0.011;222.0;29.9;;;;;;;;;;;;;;;;;;
 ;02:45:02;4.200;0.011;222.0;29.9;;;;;;;;;;;;;;;;;;
 ;02:45:03;4.200;0.011;222.0;29.9;;;;;;;;;;;;;;;;;;
 ;02:45:04;4.200;0.011;222.0;29.9;;;;;;;;;;;;;;;;;;
 ;02:45:05;4.200;0.011;222.0;29.9;;;;;;;;;;;;;;;;;;
 ;02:45:06;4.200;0.011;222.0;29.9;;;;;;;;;;;;;;;;;;
 ;02:45:07;4.200;0.011;222.0;29.9;;;;;;;;;;;;;;;;;;
 ;02:45:08;4.200;0.011;222.0;29.9;;;;;;;;;;;;;;;;;;
 ;02:45:09;4.200;0.011;222.0;29.9;;;;;;;;;;;;;;;;;;
 ;02:45:10;4.200;0.011;222.0;29.9;;;;;;;;;;;;;;;;;;
 ;02:45:11;4.200;0.011;222.0;29.9;;;;;;;;;;;;;;;;;;
 ;02:45:12;4.200;0.011;222.0;29.9;;;;;;;;;;;;;;;;;;
 ;02:45:13;4.200;0.011;222.0;29.9;;;;;;;;;;;;;;;;;;
 ;02:45:14;4.200;0.011;222.0;29.9;;;;;;;;;;;;;;;;;;
 ;02:45:15;4.200;0.011;222.0;29.9;;;;;;;;;;;;;;;;;;
 ;02:45:16;4.200;0.011;222.0;29.9;;;;;;;;;;;;;;;;;;
 ;02:45:17;4.200;0.011;222.0;29.9;;;;;;;;;;;;;;;;;;
 ;02:45:18;4.200;0.011;222.0;29.9;;;;;;;;;;;;;;;;;;
 ;02:45:19;4.200;0.011;222.0;29.9;;;;;;;;;;;;;;;;;;
 ;02:45:20;4.200;0.011;222.0;29.9;;;;;;;;;;;;;;;;;;
 ;02:45:21;4.200;0.011;222.0;29.9;;;;;;;;;;;;;;;;;;
 ;02:45:22;4.200;0.011;222.1;29.9;;;;;;;;;;;;;;;;;;
 ;02:45:23;4.200;0.011;222.1;29.9;;;;;;;;;;;;;;;;;;
 ;02:45:24;4.200;0.011;222.1;29.9;;;;;;;;;;;;;;;;;;
 ;02:45:25;4.200;0.011;222.1;29.9;;;;;;;;;;;;;;;;;;
 ;02:45:26;4.200;0.011;222.1;29.9;;;;;;;;;;;;;;;;;;
 ;02:45:27;4.200;0.011;222.1;29.9;;;;;;;;;;;;;;;;;;
 ;02:45:28;4.200;0.011;222.1;29.9;;;;;;;;;;;;;;;;;;
 ;02:45:29;4.200;0.011;222.1;29.9;;;;;;;;;;;;;;;;;;
 ;02:45:30;4.200;0.011;222.1;29.9;;;;;;;;;;;;;;;;;;
 ;02:45:31;4.200;0.011;222.1;29.9;;;;;;;;;;;;;;;;;;
 ;02:45:32;4.200;0.011;222.1;29.9;;;;;;;;;;;;;;;;;;
 ;02:45:33;4.200;0.011;222.1;29.9;;;;;;;;;;;;;;;;;;
 ;02:45:34;4.200;0.011;222.1;29.9;;;;;;;;;;;;;;;;;;
 ;02:45:35;4.200;0.011;222.1;29.9;;;;;;;;;;;;;;;;;;
 ;02:45:36;4.200;0.011;222.1;29.9;;;;;;;;;;;;;;;;;;
 ;02:45:37;4.200;0.011;222.1;29.9;;;;;;;;;;;;;;;;;;
 ;02:45:38;4.200;0.011;222.1;29.9;;;;;;;;;;;;;;;;;;
 ;02:45:39;4.200;0.011;222.1;29.9;;;;;;;;;;;;;;;;;;
 ;02:45:40;4.200;0.011;222.1;29.9;;;;;;;;;;;;;;;;;;
 ;02:45:41;4.200;0.011;222.1;29.9;;;;;;;;;;;;;;;;;;
 ;02:45:42;4.200;0.011;222.1;29.9;;;;;;;;;;;;;;;;;;
 ;02:45:43;4.200;0.011;222.1;29.9;;;;;;;;;;;;;;;;;;
 ;02:45:44;4.200;0.011;222.1;29.9;;;;;;;;;;;;;;;;;;
 ;02:45:45;4.200;0.011;222.1;29.9;;;;;;;;;;;;;;;;;;
 ;02:45:46;4.200;0.011;222.1;29.9;;;;;;;;;;;;;;;;;;
 ;02:45:47;4.200;0.011;222.1;29.9;;;;;;;;;;;;;;;;;;
 ;02:45:48;4.200;0.011;222.1;29.9;;;;;;;;;;;;;;;;;;
 ;02:45:49;4.200;0.011;222.1;29.9;;;;;;;;;;;;;;;;;;
 ;02:45:50;4.200;0.011;222.1;29.9;;;;;;;;;;;;;;;;;;
 ;02:45:51;4.200;0.011;222.1;29.9;;;;;;;;;;;;;;;;;;
 ;02:45:52;4.200;0.011;222.1;29.9;;;;;;;;;;;;;;;;;;
 ;02:45:53;4.200;0.011;222.1;29.9;;;;;;;;;;;;;;;;;;
 ;02:45:54;4.200;0.011;222.1;29.9;;;;;;;;;;;;;;;;;;
 ;02:45:55;4.200;0.011;222.2;29.9;;;;;;;;;;;;;;;;;;
 ;02:45:56;4.200;0.011;222.2;29.9;;;;;;;;;;;;;;;;;;
 ;02:45:57;4.200;0.011;222.2;29.9;;;;;;;;;;;;;;;;;;
 ;02:45:58;4.200;0.011;222.2;29.9;;;;;;;;;;;;;;;;;;
 ;02:45:59;4.200;0.011;222.2;29.9;;;;;;;;;;;;;;;;;;
 ;02:46:00;4.200;0.011;222.2;29.9;;;;;;;;;;;;;;;;;;
 ;02:46:01;4.200;0.011;222.2;29.9;;;;;;;;;;;;;;;;;;
 ;02:46:02;4.200;0.011;222.2;29.9;;;;;;;;;;;;;;;;;;
 ;02:46:03;4.200;0.011;222.2;29.9;;;;;;;;;;;;;;;;;;
 ;02:46:04;4.200;0.011;222.2;29.9;;;;;;;;;;;;;;;;;;
 ;02:46:05;4.200;0.011;222.2;29.9;;;;;;;;;;;;;;;;;;
 ;02:46:06;4.200;0.011;222.2;29.9;;;;;;;;;;;;;;;;;;
 ;02:46:07;4.200;0.011;222.2;29.9;;;;;;;;;;;;;;;;;;
 ;02:46:08;4.200;0.011;222.2;29.9;;;;;;;;;;;;;;;;;;
 ;02:46:09;4.200;0.011;222.2;29.9;;;;;;;;;;;;;;;;;;
 ;02:46:10;4.200;0.011;222.2;29.9;;;;;;;;;;;;;;;;;;
 ;02:46:11;4.200;0.011;222.2;29.9;;;;;;;;;;;;;;;;;;
 ;02:46:12;4.200;0.011;222.2;29.9;;;;;;;;;;;;;;;;;;
 ;02:46:13;4.200;0.011;222.2;29.9;;;;;;;;;;;;;;;;;;
 ;02:46:14;4.200;0.011;222.2;29.9;;;;;;;;;;;;;;;;;;
 ;02:46:15;4.200;0.011;222.2;29.9;;;;;;;;;;;;;;;;;;
 ;02:46:16;4.200;0.011;222.2;29.9;;;;;;;;;;;;;;;;;;
 ;02:46:17;4.200;0.011;222.2;29.9;;;;;;;;;;;;;;;;;;
 ;02:46:18;4.200;0.011;222.2;29.9;;;;;;;;;;;;;;;;;;
 ;02:46:19;4.200;0.011;222.2;29.9;;;;;;;;;;;;;;;;;;
 ;02:46:20;4.200;0.011;222.2;29.9;;;;;;;;;;;;;;;;;;
 ;02:46:21;4.200;0.011;222.2;29.9;;;;;;;;;;;;;;;;;;
 ;02:46:22;4.200;0.011;222.2;29.9;;;;;;;;;;;;;;;;;;
 ;02:46:23;4.200;0.011;222.2;29.9;;;;;;;;;;;;;;;;;;
 ;02:46:24;4.200;0.011;222.2;29.9;;;;;;;;;;;;;;;;;;
 ;02:46:25;4.200;0.011;222.2;29.9;;;;;;;;;;;;;;;;;;
 ;02:46:26;4.200;0.011;222.2;29.9;;;;;;;;;;;;;;;;;;
 ;02:46:27;4.200;0.011;222.2;29.9;;;;;;;;;;;;;;;;;;
 ;02:46:28;4.200;0.011;222.3;29.9;;;;;;;;;;;;;;;;;;
 ;02:46:29;4.200;0.011;222.3;29.9;;;;;;;;;;;;;;;;;;
 ;02:46:30;4.200;0.011;222.3;29.9;;;;;;;;;;;;;;;;;;
 ;02:46:31;4.200;0.011;222.3;29.9;;;;;;;;;;;;;;;;;;
 ;02:46:32;4.200;0.011;222.3;29.9;;;;;;;;;;;;;;;;;;
 ;02:46:33;4.200;0.011;222.3;29.9;;;;;;;;;;;;;;;;;;
 ;02:46:34;4.200;0.011;222.3;29.9;;;;;;;;;;;;;;;;;;
 ;02:46:35;4.200;0.011;222.3;29.9;;;;;;;;;;;;;;;;;;
 ;02:46:36;4.200;0.011;222.3;29.9;;;;;;;;;;;;;;;;;;
 ;02:46:37;4.200;0.010;222.3;29.9;;;;;;;;;;;;;;;;;;
 ;02:46:38;4.200;0.009;222.3;29.9;;;;;;;;;;;;;;;;;;
 ;02:46:39;4.198;0.000;0.3;29.9;;;;;;;;;;;;;;;;;;
 ;02:46:40;4.185;0.012;0.3;29.9;;;;;;;;;;;;;;;;;;
 ;02:46:41;4.134;0.088;0.3;29.9;;;;;;;;;;;;;;;;;;
 ;02:46:42;4.093;0.137;0.4;29.9;;;;;;;;;;;;;;;;;;
 ;02:46:43;4.064;0.170;0.4;30.0;;;;;;;;;;;;;;;;;;
 ;02:46:44;4.036;0.203;0.5;29.9;;;;;;;;;;;;;;;;;;
 ;02:46:45;4.009;0.236;0.5;29.9;;;;;;;;;;;;;;;;;;
 ;02:46:46;3.983;0.269;0.6;29.9;;;;;;;;;;;;;;;;;;
 ;02:46:47;3.957;0.302;0.7;30.0;;;;;;;;;;;;;;;;;;
 ;02:46:48;3.931;0.335;0.8;30.0;;;;;;;;;;;;;;;;;;
 ;02:46:49;3.906;0.368;0.9;29.9;;;;;;;;;;;;;;;;;;
 ;02:46:50;3.880;0.401;1.0;30.0;;;;;;;;;;;;;;;;;;
 ;02:46:51;3.855;0.434;1.1;30.0;;;;;;;;;;;;;;;;;;
 ;02:46:52;3.830;0.467;1.3;29.9;;;;;;;;;;;;;;;;;;
 ;02:46:53;3.806;0.500;1.4;30.0;;;;;;;;;;;;;;;;;;
 ;02:46:54;3.782;0.533;1.5;30.0;;;;;;;;;;;;;;;;;;
 ;02:46:55;3.758;0.566;1.7;30.0;;;;;;;;;;;;;;;;;;
 ;02:46:56;3.733;0.599;1.9;30.0;;;;;;;;;;;;;;;;;;
 ;02:46:57;3.709;0.631;2.1;30.0;;;;;;;;;;;;;;;;;;
 ;02:46:58;3.684;0.664;2.2;30.0;;;;;;;;;;;;;;;;;;
 ;02:46:59;3.659;0.697;2.4;30.0;;;;;;;;;;;;;;;;;;
 ;02:47:00;3.635;0.730;2.6;30.0;;;;;;;;;;;;;;;;;;
 ;02:47:01;3.611;0.763;2.9;30.0;;;;;;;;;;;;;;;;;;
 ;02:47:02;3.586;0.796;3.1;30.0;;;;;;;;;;;;;;;;;;
 ;02:47:03;3.561;0.829;3.3;30.0;;;;;;;;;;;;;;;;;;
 ;02:47:04;3.536;0.862;3.5;30.0;;;;;;;;;;;;;;;;;;
 ;02:47:05;3.510;0.894;3.8;30.0;;;;;;;;;;;;;;;;;;
 ;02:47:06;3.484;0.927;4.1;30.0;;;;;;;;;;;;;;;;;;
 ;02:47:07;3.462;0.954;4.3;30.0;;;;;;;;;;;;;;;;;;
 ;02:47:08;3.448;0.967;4.6;30.0;;;;;;;;;;;;;;;;;;
 ;02:47:09;3.435;0.978;4.9;30.0;;;;;;;;;;;;;;;;;;
 ;02:47:10;3.422;0.989;5.1;30.0;;;;;;;;;;;;;;;;;;
 ;02:47:11;3.411;0.997;5.4;30.0;;;;;;;;;;;;;;;;;;
 ;02:47:12;3.404;1.000;5.7;30.0;;;;;;;;;;;;;;;;;;
 ;02:47:13;3.398;1.000;6.0;30.0;;;;;;;;;;;;;;;;;;
 ;02:47:14;3.392;1.000;6.3;30.0;;;;;;;;;;;;;;;;;;
 ;02:47:15;3.386;1.000;6.5;30.0;;;;;;;;;;;;;;;;;;
 ;02:47:16;3.380;1.000;6.8;30.0;;;;;;;;;;;;;;;;;;
 ;02:47:17;3.374;1.000;7.1;30.0;;;;;;;;;;;;;;;;;;
 ;02:47:18;3.369;1.000;7.4;30.0;;;;;;;;;;;;;;;;;;
 ;02:47:19;3.363;0.999;7.6;30.1;;;;;;;;;;;;;;;;;;
 ;02:47:20;3.357;0.999;7.9;30.1;;;;;;;;;;;;;;;;;;
 ;02:47:21;3.351;1.000;8.2;30.1;;;;;;;;;;;;;;;;;;
 ;02:47:22;3.345;1.000;8.5;30.1;;;;;;;;;;;;;;;;;;
 ;02:47:23;3.339;1.000;8.8;30.1;;;;;;;;;;;;;;;;;;
 ;02:47:24;3.333;1.000;9.0;30.1;;;;;;;;;;;;;;;;;;
 ;02:47:25;3.327;1.000;9.3;30.1;;;;;;;;;;;;;;;;;;
 ;02:47:26;3.322;1.000;9.6;30.1;;;;;;;;;;;;;;;;;;
 ;02:47:27;3.315;1.000;9.9;30.1;;;;;;;;;;;;;;;;;;
 ;02:47:28;3.309;1.000;10.1;30.2;;;;;;;;;;;;;;;;;;
 ;02:47:29;3.304;0.996;10.4;30.2;;;;;;;;;;;;;;;;;;
 ;02:47:30;3.304;0.986;10.7;30.2;;;;;;;;;;;;;;;;;;
 ;02:47:31;3.303;0.978;11.0;30.2;;;;;;;;;;;;;;;;;;
 ;02:47:32;3.304;0.967;11.2;30.2;;;;;;;;;;;;;;;;;;
 ;02:47:33;3.304;0.959;11.5;30.2;;;;;;;;;;;;;;;;;;
 ;02:47:34;3.302;0.953;11.8;30.2;;;;;;;;;;;;;;;;;;
 ;02:47:35;3.304;0.942;12.0;30.2;;;;;;;;;;;;;;;;;;
 ;02:47:36;3.305;0.932;12.3;30.2;;;;;;;;;;;;;;;;;;
 ;02:47:37;3.303;0.928;12.5;30.2;;;;;;;;;;;;;;;;;;
 ;02:47:38;3.302;0.922;12.8;30.3;;;;;;;;;;;;;;;;;;
 ;02:47:39;3.304;0.911;13.0;30.3;;;;;;;;;;;;;;;;;;
 ;02:47:40;3.306;0.900;13.3;30.3;;;;;;;;;;;;;;;;;;
 ;02:47:41;3.306;0.894;13.5;30.3;;;;;;;;;;;;;;;;;;
 ;02:47:42;3.302;0.894;13.8;30.3;;;;;;;;;;;;;;;;;;
 ;02:47:43;3.303;0.885;14.0;30.3;;;;;;;;;;;;;;;;;;
 ;02:47:44;3.305;0.874;14.3;30.3;;;;;;;;;;;;;;;;;;
 ;02:47:45;3.307;0.866;14.5;30.4;;;;;;;;;;;;;;;;;;
 ;02:47:46;3.302;0.867;14.8;30.4;;;;;;;;;;;;;;;;;;
 ;02:47:47;3.301;0.862;15.0;30.4;;;;;;;;;;;;;;;;;;
 ;02:47:48;3.304;0.851;15.2;30.4;;;;;;;;;;;;;;;;;;
 ;02:47:49;3.307;0.840;15.5;30.4;;;;;;;;;;;;;;;;;;
 ;02:47:50;3.307;0.836;15.7;30.4;;;;;;;;;;;;;;;;;;
 ;02:47:51;3.301;0.839;15.9;30.4;;;;;;;;;;;;;;;;;;
 ;02:47:52;3.301;0.832;16.2;30.5;;;;;;;;;;;;;;;;;;
 ;02:47:53;3.305;0.821;16.4;30.5;;;;;;;;;;;;;;;;;;
 ;02:47:54;3.308;0.812;16.6;30.5;;;;;;;;;;;;;;;;;;
 ;02:47:55;3.305;0.812;16.8;30.5;;;;;;;;;;;;;;;;;;
 ;02:47:56;3.300;0.814;17.1;30.5;;;;;;;;;;;;;;;;;;
 ;02:47:57;3.302;0.805;17.3;30.5;;;;;;;;;;;;;;;;;;
 ;02:47:58;3.305;0.794;17.5;30.5;;;;;;;;;;;;;;;;;;
 ;02:47:59;3.308;0.786;17.7;30.5;;;;;;;;;;;;;;;;;;
 ;02:48:00;3.304;0.788;18.0;30.6;;;;;;;;;;;;;;;;;;
 ;02:48:01;3.305;0.782;18.2;30.6;;;;;;;;;;;;;;;;;;
 ;02:48:02;3.306;0.776;18.4;30.6;;;;;;;;;;;;;;;;;;
 ;02:48:03;3.304;0.775;18.6;30.6;;;;;;;;;;;;;;;;;;
 ;02:48:04;3.307;0.765;18.8;30.6;;;;;;;;;;;;;;;;;;
 ;02:48:05;3.302;0.770;19.0;30.6;;;;;;;;;;;;;;;;;;
 ;02:48:06;3.301;0.766;19.2;30.6;;;;;;;;;;;;;;;;;;
 ;02:48:07;3.305;0.756;19.5;30.7;;;;;;;;;;;;;;;;;;
 ;02:48:08;3.308;0.746;19.7;30.7;;;;;;;;;;;;;;;;;;
 ;02:48:09;3.305;0.747;19.9;30.7;;;;;;;;;;;;;;;;;;
 ;02:48:10;3.303;0.746;20.1;30.7;;;;;;;;;;;;;;;;;;
 ;02:48:11;3.306;0.736;20.3;30.7;;;;;;;;;;;;;;;;;;
 ;02:48:12;3.304;0.737;20.5;30.7;;;;;;;;;;;;;;;;;;
 ;02:48:13;3.307;0.728;20.7;30.7;;;;;;;;;;;;;;;;;;
 ;02:48:14;3.303;0.731;20.9;30.7;;;;;;;;;;;;;;;;;;
 ;02:48:15;3.306;0.722;21.1;30.7;;;;;;;;;;;;;;;;;;
 ;02:48:16;3.304;0.722;21.3;30.8;;;;;;;;;;;;;;;;;;
 ;02:48:17;3.306;0.716;21.5;30.8;;;;;;;;;;;;;;;;;;
 ;02:48:18;3.306;0.713;21.7;30.8;;;;;;;;;;;;;;;;;;
 ;02:48:19;3.305;0.710;21.9;30.8;;;;;;;;;;;;;;;;;;
 ;02:48:20;3.307;0.703;22.1;30.8;;;;;;;;;;;;;;;;;;
 ;02:48:21;3.303;0.706;22.3;30.8;;;;;;;;;;;;;;;;;;
 ;02:48:22;3.307;0.697;22.5;30.9;;;;;;;;;;;;;;;;;;
 ;02:48:23;3.304;0.699;22.7;30.9;;;;;;;;;;;;;;;;;;
 ;02:48:24;3.306;0.692;22.9;30.9;;;;;;;;;;;;;;;;;;
 ;02:48:25;3.306;0.689;23.0;30.9;;;;;;;;;;;;;;;;;;
 ;02:48:26;3.303;0.690;23.2;30.9;;;;;;;;;;;;;;;;;;
 ;02:48:27;3.307;0.681;23.4;30.9;;;;;;;;;;;;;;;;;;
 ;02:48:28;3.303;0.684;23.6;30.9;;;;;;;;;;;;;;;;;;
 ;02:48:29;3.305;0.677;23.8;30.9;;;;;;;;;;;;;;;;;;
 ;02:48:30;3.306;0.673;24.0;31.0;;;;;;;;;;;;;;;;;;
 ;02:48:31;3.304;0.672;24.2;31.0;;;;;;;;;;;;;;;;;;
 ;02:48:32;3.308;0.664;24.4;31.0;;;;;;;;;;;;;;;;;;
 ;02:48:33;3.303;0.669;24.5;31.0;;;;;;;;;;;;;;;;;;
 ;02:48:34;3.306;0.661;24.7;31.0;;;;;;;;;;;;;;;;;;
 ;02:48:35;3.306;0.659;24.9;31.0;;;;;;;;;;;;;;;;;;
 ;02:48:36;3.304;0.658;25.1;31.0;;;;;;;;;;;;;;;;;;
 ;02:48:37;3.308;0.649;25.3;31.1;;;;;;;;;;;;;;;;;;
 ;02:48:38;3.303;0.654;25.5;31.1;;;;;;;;;;;;;;;;;;
 ;02:48:39;3.306;0.647;25.6;31.1;;;;;;;;;;;;;;;;;;
 ;02:48:40;3.306;0.645;25.8;31.1;;;;;;;;;;;;;;;;;;
 ;02:48:41;3.304;0.645;26.0;31.1;;;;;;;;;;;;;;;;;;
 ;02:48:42;3.308;0.636;26.2;31.1;;;;;;;;;;;;;;;;;;
 ;02:48:43;3.304;0.640;26.4;31.1;;;;;;;;;;;;;;;;;;
 ;02:48:44;3.306;0.634;26.5;31.1;;;;;;;;;;;;;;;;;;
 ;02:48:45;3.307;0.630;26.7;31.2;;;;;;;;;;;;;;;;;;
 ;02:48:46;3.303;0.633;26.9;31.2;;;;;;;;;;;;;;;;;;
 ;02:48:47;3.307;0.624;27.1;31.2;;;;;;;;;;;;;;;;;;
 ;02:48:48;3.305;0.625;27.2;31.2;;;;;;;;;;;;;;;;;;
 ;02:48:49;3.304;0.624;27.4;31.2;;;;;;;;;;;;;;;;;;
 ;02:48:50;3.308;0.615;27.6;31.2;;;;;;;;;;;;;;;;;;
 ;02:48:51;3.303;0.620;27.7;31.2;;;;;;;;;;;;;;;;;;
 ;02:48:52;3.306;0.613;27.9;31.3;;;;;;;;;;;;;;;;;;
 ;02:48:53;3.306;0.611;28.1;31.3;;;;;;;;;;;;;;;;;;
 ;02:48:54;3.303;0.613;28.3;31.3;;;;;;;;;;;;;;;;;;
 ;02:48:55;3.307;0.604;28.4;31.3;;;;;;;;;;;;;;;;;;
 ;02:48:56;3.305;0.606;28.6;31.3;;;;;;;;;;;;;;;;;;
 ;02:48:57;3.304;0.604;28.8;31.3;;;;;;;;;;;;;;;;;;
 ;02:48:58;3.309;0.595;28.9;31.3;;;;;;;;;;;;;;;;;;
 ;02:48:59;3.304;0.601;29.1;31.3;;;;;;;;;;;;;;;;;;
 ;02:49:00;3.305;0.596;29.3;31.3;;;;;;;;;;;;;;;;;;
 ;02:49:01;3.308;0.591;29.4;31.4;;;;;;;;;;;;;;;;;;
 ;02:49:02;3.303;0.596;29.6;31.4;;;;;;;;;;;;;;;;;;
 ;02:49:03;3.307;0.587;29.7;31.4;;;;;;;;;;;;;;;;;;
 ;02:49:04;3.307;0.586;29.9;31.4;;;;;;;;;;;;;;;;;;
 ;02:49:05;3.303;0.589;30.1;31.4;;;;;;;;;;;;;;;;;;
 ;02:49:06;3.307;0.580;30.2;31.4;;;;;;;;;;;;;;;;;;
 ;02:49:07;3.306;0.582;30.4;31.4;;;;;;;;;;;;;;;;;;
 ;02:49:08;3.304;0.581;30.6;31.4;;;;;;;;;;;;;;;;;;
 ;02:49:09;3.309;0.573;30.7;31.5;;;;;;;;;;;;;;;;;;
 ;02:49:10;3.304;0.578;30.9;31.5;;;;;;;;;;;;;;;;;;
 ;02:49:11;3.305;0.574;31.0;31.5;;;;;;;;;;;;;;;;;;
 ;02:49:12;3.308;0.568;31.2;31.5;;;;;;;;;;;;;;;;;;
 ;02:49:13;3.304;0.573;31.4;31.5;;;;;;;;;;;;;;;;;;
 ;02:49:14;3.306;0.567;31.5;31.5;;;;;;;;;;;;;;;;;;
 ;02:49:15;3.307;0.563;31.7;31.5;;;;;;;;;;;;;;;;;;
 ;02:49:16;3.303;0.569;31.8;31.5;;;;;;;;;;;;;;;;;;
 ;02:49:17;3.305;0.562;32.0;31.5;;;;;;;;;;;;;;;;;;
 ;02:49:18;3.307;0.558;32.1;31.6;;;;;;;;;;;;;;;;;;
 ;02:49:19;3.303;0.563;32.3;31.6;;;;;;;;;;;;;;;;;;
 ;02:49:20;3.306;0.555;32.4;31.6;;;;;;;;;;;;;;;;;;
 ;02:49:21;3.307;0.553;32.6;31.6;;;;;;;;;;;;;;;;;;
 ;02:49:22;3.302;0.558;32.8;31.6;;;;;;;;;;;;;;;;;;
 ;02:49:23;3.307;0.549;32.9;31.6;;;;;;;;;;;;;;;;;;
 ;02:49:24;3.307;0.548;33.1;31.6;;;;;;;;;;;;;;;;;;
 ;02:49:25;3.302;0.554;33.2;31.6;;;;;;;;;;;;;;;;;;
 ;02:49:26;3.307;0.544;33.4;31.6;;;;;;;;;;;;;;;;;;
 ;02:49:27;3.307;0.543;33.5;31.6;;;;;;;;;;;;;;;;;;
 ;02:49:28;3.302;0.549;33.7;31.7;;;;;;;;;;;;;;;;;;
 ;02:49:29;3.307;0.539;33.8;31.7;;;;;;;;;;;;;;;;;;
 ;02:49:30;3.307;0.538;34.0;31.7;;;;;;;;;;;;;;;;;;
 ;02:49:31;3.303;0.544;34.1;31.7;;;;;;;;;;;;;;;;;;
 ;02:49:32;3.306;0.537;34.3;31.7;;;;;;;;;;;;;;;;;;
 ;02:49:33;3.308;0.533;34.4;31.7;;;;;;;;;;;;;;;;;;
 ;02:49:34;3.303;0.538;34.6;31.7;;;;;;;;;;;;;;;;;;
 ;02:49:35;3.307;0.531;34.7;31.7;;;;;;;;;;;;;;;;;;
 ;02:49:36;3.308;0.529;34.9;31.7;;;;;;;;;;;;;;;;;;
 ;02:49:37;3.303;0.534;35.0;31.8;;;;;;;;;;;;;;;;;;
 ;02:49:38;3.306;0.527;35.2;31.8;;;;;;;;;;;;;;;;;;
 ;02:49:39;3.307;0.525;35.3;31.8;;;;;;;;;;;;;;;;;;
 ;02:49:40;3.303;0.531;35.4;31.8;;;;;;;;;;;;;;;;;;
 ;02:49:41;3.306;0.524;35.6;31.8;;;;;;;;;;;;;;;;;;
 ;02:49:42;3.308;0.520;35.7;31.8;;;;;;;;;;;;;;;;;;
 ;02:49:43;3.303;0.526;35.9;31.8;;;;;;;;;;;;;;;;;;
 ;02:49:44;3.305;0.520;36.0;31.8;;;;;;;;;;;;;;;;;;
 ;02:49:45;3.309;0.515;36.2;31.8;;;;;;;;;;;;;;;;;;
 ;02:49:46;3.304;0.521;36.3;31.8;;;;;;;;;;;;;;;;;;
 ;02:49:47;3.305;0.517;36.5;31.8;;;;;;;;;;;;;;;;;;
 ;02:49:48;3.309;0.511;36.6;31.9;;;;;;;;;;;;;;;;;;
 ;02:49:49;3.305;0.516;36.7;31.9;;;;;;;;;;;;;;;;;;
 ;02:49:50;3.304;0.515;36.9;31.9;;;;;;;;;;;;;;;;;;
 ;02:49:51;3.309;0.506;37.0;31.9;;;;;;;;;;;;;;;;;;
 ;02:49:52;3.306;0.511;37.2;31.9;;;;;;;;;;;;;;;;;;
 ;02:49:53;3.303;0.513;37.3;31.9;;;;;;;;;;;;;;;;;;
 ;02:49:54;3.308;0.503;37.5;31.9;;;;;;;;;;;;;;;;;;
 ;02:49:55;3.306;0.506;37.6;31.9;;;;;;;;;;;;;;;;;;
 ;02:49:56;3.302;0.512;37.7;31.9;;;;;;;;;;;;;;;;;;
 ;02:49:57;3.306;0.502;37.9;31.9;;;;;;;;;;;;;;;;;;
 ;02:49:58;3.307;0.501;38.0;31.9;;;;;;;;;;;;;;;;;;
 ;02:49:59;3.303;0.506;38.2;31.9;;;;;;;;;;;;;;;;;;
 ;02:50:00;3.305;0.501;38.3;32.0;;;;;;;;;;;;;;;;;;
 ;02:50:01;3.308;0.496;38.4;32.0;;;;;;;;;;;;;;;;;;
 ;02:50:02;3.304;0.501;38.6;32.0;;;;;;;;;;;;;;;;;;
 ;02:50:03;3.305;0.498;38.7;32.0;;;;;;;;;;;;;;;;;;
 ;02:50:04;3.308;0.492;38.8;32.0;;;;;;;;;;;;;;;;;;
 ;02:50:05;3.304;0.497;39.0;32.0;;;;;;;;;;;;;;;;;;
 ;02:50:06;3.303;0.497;39.1;32.0;;;;;;;;;;;;;;;;;;
 ;02:50:07;3.308;0.487;39.3;32.0;;;;;;;;;;;;;;;;;;
 ;02:50:08;3.305;0.492;39.4;32.0;;;;;;;;;;;;;;;;;;
 ;02:50:09;3.301;0.497;39.5;32.0;;;;;;;;;;;;;;;;;;
 ;02:50:10;3.305;0.489;39.7;32.0;;;;;;;;;;;;;;;;;;
 ;02:50:11;3.308;0.483;39.8;32.0;;;;;;;;;;;;;;;;;;
 ;02:50:12;3.304;0.489;39.9;32.0;;;;;;;;;;;;;;;;;;
 ;02:50:13;3.301;0.493;40.1;32.0;;;;;;;;;;;;;;;;;;
 ;02:50:14;3.306;0.482;40.2;32.0;;;;;;;;;;;;;;;;;;
 ;02:50:15;3.308;0.480;40.3;32.1;;;;;;;;;;;;;;;;;;
 ;02:50:16;3.304;0.486;40.5;32.1;;;;;;;;;;;;;;;;;;
 ;02:50:17;3.301;0.488;40.6;32.1;;;;;;;;;;;;;;;;;;
 ;02:50:18;3.307;0.476;40.7;32.1;;;;;;;;;;;;;;;;;;
 ;02:50:19;3.307;0.477;40.9;32.1;;;;;;;;;;;;;;;;;;
 ;02:50:20;3.303;0.483;41.0;32.1;;;;;;;;;;;;;;;;;;
 ;02:50:21;3.300;0.485;41.1;32.1;;;;;;;;;;;;;;;;;;
 ;02:50:22;3.307;0.473;41.3;32.1;;;;;;;;;;;;;;;;;;
 ;02:50:23;3.307;0.474;41.4;32.1;;;;;;;;;;;;;;;;;;
 ;02:50:24;3.303;0.480;41.5;32.1;;;;;;;;;;;;;;;;;;
 ;02:50:25;3.300;0.481;41.7;32.1;;;;;;;;;;;;;;;;;;
 ;02:50:26;3.307;0.469;41.8;32.1;;;;;;;;;;;;;;;;;;
 ;02:50:27;3.307;0.470;41.9;32.1;;;;;;;;;;;;;;;;;;
 ;02:50:28;3.303;0.476;42.1;32.2;;;;;;;;;;;;;;;;;;
 ;02:50:29;3.304;0.472;42.2;32.2;;;;;;;;;;;;;;;;;;
 ;02:50:30;3.309;0.464;42.3;32.2;;;;;;;;;;;;;;;;;;
 ;02:50:31;3.305;0.469;42.5;32.2;;;;;;;;;;;;;;;;;;
 ;02:50:32;3.301;0.474;42.6;32.2;;;;;;;;;;;;;;;;;;
 ;02:50:33;3.303;0.470;42.7;32.2;;;;;;;;;;;;;;;;;;
 ;02:50:34;3.309;0.460;42.9;32.2;;;;;;;;;;;;;;;;;;
 ;02:50:35;3.306;0.465;43.0;32.2;;;;;;;;;;;;;;;;;;
 ;02:50:36;3.301;0.471;43.1;32.2;;;;;;;;;;;;;;;;;;
 ;02:50:37;3.306;0.462;43.2;32.2;;;;;;;;;;;;;;;;;;
 ;02:50:38;3.308;0.459;43.4;32.2;;;;;;;;;;;;;;;;;;
 ;02:50:39;3.304;0.463;43.5;32.2;;;;;;;;;;;;;;;;;;
 ;02:50:40;3.302;0.464;43.6;32.2;;;;;;;;;;;;;;;;;;
 ;02:50:41;3.308;0.455;43.8;32.2;;;;;;;;;;;;;;;;;;
 ;02:50:42;3.307;0.458;43.9;32.2;;;;;;;;;;;;;;;;;;
 ;02:50:43;3.303;0.462;44.0;32.2;;;;;;;;;;;;;;;;;;
 ;02:50:44;3.304;0.457;44.1;32.2;;;;;;;;;;;;;;;;;;
 ;02:50:45;3.309;0.451;44.3;32.2;;;;;;;;;;;;;;;;;;
 ;02:50:46;3.305;0.457;44.4;32.3;;;;;;;;;;;;;;;;;;
 ;02:50:47;3.301;0.462;44.5;32.3;;;;;;;;;;;;;;;;;;
 ;02:50:48;3.307;0.450;44.6;32.3;;;;;;;;;;;;;;;;;;
 ;02:50:49;3.308;0.450;44.8;32.3;;;;;;;;;;;;;;;;;;
 ;02:50:50;3.303;0.456;44.9;32.3;;;;;;;;;;;;;;;;;;
 ;02:50:51;3.302;0.456;45.0;32.3;;;;;;;;;;;;;;;;;;
 ;02:50:52;3.308;0.445;45.1;32.3;;;;;;;;;;;;;;;;;;
 ;02:50:53;3.307;0.449;45.3;32.3;;;;;;;;;;;;;;;;;;
 ;02:50:54;3.302;0.455;45.4;32.3;;;;;;;;;;;;;;;;;;
 ;02:50:55;3.304;0.449;45.5;32.3;;;;;;;;;;;;;;;;;;
 ;02:50:56;3.309;0.443;45.6;32.3;;;;;;;;;;;;;;;;;;
 ;02:50:57;3.305;0.447;45.8;32.3;;;;;;;;;;;;;;;;;;
 ;02:50:58;3.301;0.453;45.9;32.3;;;;;;;;;;;;;;;;;;
 ;02:50:59;3.305;0.445;46.0;32.3;;;;;;;;;;;;;;;;;;
 ;02:51:00;3.309;0.440;46.1;32.3;;;;;;;;;;;;;;;;;;
 ;02:51:01;3.305;0.445;46.3;32.3;;;;;;;;;;;;;;;;;;
 ;02:51:02;3.301;0.450;46.4;32.4;;;;;;;;;;;;;;;;;;
 ;02:51:03;3.306;0.440;46.5;32.4;;;;;;;;;;;;;;;;;;
 ;02:51:04;3.308;0.438;46.6;32.4;;;;;;;;;;;;;;;;;;
 ;02:51:05;3.304;0.443;46.8;32.4;;;;;;;;;;;;;;;;;;
 ;02:51:06;3.300;0.446;46.9;32.4;;;;;;;;;;;;;;;;;;
 ;02:51:07;3.307;0.436;47.0;32.4;;;;;;;;;;;;;;;;;;
 ;02:51:08;3.308;0.436;47.1;32.4;;;;;;;;;;;;;;;;;;
 ;02:51:09;3.304;0.441;47.2;32.4;;;;;;;;;;;;;;;;;;
 ;02:51:10;3.301;0.443;47.4;32.4;;;;;;;;;;;;;;;;;;
 ;02:51:11;3.307;0.432;47.5;32.4;;;;;;;;;;;;;;;;;;
 ;02:51:12;3.308;0.433;47.6;32.4;;;;;;;;;;;;;;;;;;
 ;02:51:13;3.303;0.438;47.7;32.4;;;;;;;;;;;;;;;;;;
 ;02:51:14;3.300;0.441;47.9;32.4;;;;;;;;;;;;;;;;;;
 ;02:51:15;3.307;0.430;48.0;32.4;;;;;;;;;;;;;;;;;;
 ;02:51:16;3.308;0.430;48.1;32.4;;;;;;;;;;;;;;;;;;
 ;02:51:17;3.304;0.435;48.2;32.4;;;;;;;;;;;;;;;;;;
 ;02:51:18;3.300;0.439;48.3;32.4;;;;;;;;;;;;;;;;;;
 ;02:51:19;3.306;0.428;48.5;32.4;;;;;;;;;;;;;;;;;;
 ;02:51:20;3.309;0.426;48.6;32.4;;;;;;;;;;;;;;;;;;
 ;02:51:21;3.305;0.431;48.7;32.5;;;;;;;;;;;;;;;;;;
 ;02:51:22;3.301;0.436;48.8;32.5;;;;;;;;;;;;;;;;;;
 ;02:51:23;3.304;0.427;48.9;32.5;;;;;;;;;;;;;;;;;;
 ;02:51:24;3.309;0.422;49.0;32.5;;;;;;;;;;;;;;;;;;
 ;02:51:25;3.306;0.427;49.2;32.5;;;;;;;;;;;;;;;;;;
 ;02:51:26;3.301;0.432;49.3;32.5;;;;;;;;;;;;;;;;;;
 ;02:51:27;3.302;0.428;49.4;32.5;;;;;;;;;;;;;;;;;;
 ;02:51:28;3.309;0.417;49.5;32.5;;;;;;;;;;;;;;;;;;
 ;02:51:29;3.306;0.423;49.6;32.5;;;;;;;;;;;;;;;;;;
 ;02:51:30;3.302;0.428;49.8;32.5;;;;;;;;;;;;;;;;;;
 ;02:51:31;3.300;0.429;49.9;32.5;;;;;;;;;;;;;;;;;;
 ;02:51:32;3.307;0.418;50.0;32.5;;;;;;;;;;;;;;;;;;
 ;02:51:33;3.308;0.418;50.1;32.5;;;;;;;;;;;;;;;;;;
 ;02:51:34;3.304;0.424;50.2;32.5;;;;;;;;;;;;;;;;;;
 ;02:51:35;3.300;0.428;50.3;32.5;;;;;;;;;;;;;;;;;;
 ;02:51:36;3.304;0.419;50.5;32.5;;;;;;;;;;;;;;;;;;
 ;02:51:37;3.309;0.413;50.6;32.5;;;;;;;;;;;;;;;;;;
 ;02:51:38;3.305;0.418;50.7;32.5;;;;;;;;;;;;;;;;;;
 ;02:51:39;3.301;0.424;50.8;32.5;;;;;;;;;;;;;;;;;;
 ;02:51:40;3.306;0.414;50.9;32.5;;;;;;;;;;;;;;;;;;
 ;02:51:41;3.309;0.412;51.0;32.5;;;;;;;;;;;;;;;;;;
 ;02:51:42;3.305;0.417;51.2;32.5;;;;;;;;;;;;;;;;;;
 ;02:51:43;3.301;0.422;51.3;32.5;;;;;;;;;;;;;;;;;;
 ;02:51:44;3.303;0.416;51.4;32.5;;;;;;;;;;;;;;;;;;
 ;02:51:45;3.309;0.407;51.5;32.5;;;;;;;;;;;;;;;;;;
 ;02:51:46;3.306;0.412;51.6;32.5;;;;;;;;;;;;;;;;;;
 ;02:51:47;3.302;0.417;51.7;32.6;;;;;;;;;;;;;;;;;;
 ;02:51:48;3.304;0.411;51.8;32.6;;;;;;;;;;;;;;;;;;
 ;02:51:49;3.309;0.406;52.0;32.6;;;;;;;;;;;;;;;;;;
 ;02:51:50;3.305;0.411;52.1;32.6;;;;;;;;;;;;;;;;;;
 ;02:51:51;3.301;0.416;52.2;32.6;;;;;;;;;;;;;;;;;;
 ;02:51:52;3.301;0.412;52.3;32.6;;;;;;;;;;;;;;;;;;
 ;02:51:53;3.308;0.402;52.4;32.6;;;;;;;;;;;;;;;;;;
 ;02:51:54;3.307;0.407;52.5;32.6;;;;;;;;;;;;;;;;;;
 ;02:51:55;3.302;0.412;52.6;32.6;;;;;;;;;;;;;;;;;;
 ;02:51:56;3.303;0.408;52.8;32.6;;;;;;;;;;;;;;;;;;
 ;02:51:57;3.309;0.400;52.9;32.6;;;;;;;;;;;;;;;;;;
 ;02:51:58;3.306;0.405;53.0;32.6;;;;;;;;;;;;;;;;;;
 ;02:51:59;3.302;0.411;53.1;32.6;;;;;;;;;;;;;;;;;;
 ;02:52:00;3.300;0.414;53.2;32.6;;;;;;;;;;;;;;;;;;
 ;02:52:01;3.306;0.401;53.3;32.6;;;;;;;;;;;;;;;;;;
 ;02:52:02;3.308;0.400;53.4;32.6;;;;;;;;;;;;;;;;;;
 ;02:52:03;3.304;0.405;53.5;32.6;;;;;;;;;;;;;;;;;;
 ;02:52:04;3.300;0.408;53.7;32.6;;;;;;;;;;;;;;;;;;
 ;02:52:05;3.307;0.398;53.8;32.6;;;;;;;;;;;;;;;;;;
 ;02:52:06;3.308;0.398;53.9;32.6;;;;;;;;;;;;;;;;;;
 ;02:52:07;3.304;0.403;54.0;32.6;;;;;;;;;;;;;;;;;;
 ;02:52:08;3.301;0.405;54.1;32.6;;;;;;;;;;;;;;;;;;
 ;02:52:09;3.307;0.395;54.2;32.6;;;;;;;;;;;;;;;;;;
 ;02:52:10;3.308;0.396;54.3;32.6;;;;;;;;;;;;;;;;;;
 ;02:52:11;3.304;0.402;54.4;32.6;;;;;;;;;;;;;;;;;;
 ;02:52:12;3.300;0.405;54.6;32.7;;;;;;;;;;;;;;;;;;
 ;02:52:13;3.304;0.398;54.7;32.7;;;;;;;;;;;;;;;;;;
 ;02:52:14;3.309;0.391;54.8;32.7;;;;;;;;;;;;;;;;;;
 ;02:52:15;3.306;0.396;54.9;32.7;;;;;;;;;;;;;;;;;;
 ;02:52:16;3.302;0.401;55.0;32.7;;;;;;;;;;;;;;;;;;
 ;02:52:17;3.304;0.396;55.1;32.7;;;;;;;;;;;;;;;;;;
 ;02:52:18;3.309;0.388;55.2;32.7;;;;;;;;;;;;;;;;;;
 ;02:52:19;3.306;0.394;55.3;32.7;;;;;;;;;;;;;;;;;;
 ;02:52:20;3.302;0.399;55.4;32.7;;;;;;;;;;;;;;;;;;
 ;02:52:21;3.304;0.394;55.5;32.7;;;;;;;;;;;;;;;;;;
 ;02:52:22;3.309;0.386;55.6;32.7;;;;;;;;;;;;;;;;;;
 ;02:52:23;3.306;0.392;55.8;32.7;;;;;;;;;;;;;;;;;;
 ;02:52:24;3.302;0.397;55.9;32.7;;;;;;;;;;;;;;;;;;
 ;02:52:25;3.304;0.390;56.0;32.7;;;;;;;;;;;;;;;;;;
 ;02:52:26;3.309;0.385;56.1;32.7;;;;;;;;;;;;;;;;;;
 ;02:52:27;3.306;0.390;56.2;32.7;;;;;;;;;;;;;;;;;;
 ;02:52:28;3.302;0.395;56.3;32.7;;;;;;;;;;;;;;;;;;
 ;02:52:29;3.304;0.388;56.4;32.7;;;;;;;;;;;;;;;;;;
 ;02:52:30;3.309;0.383;56.5;32.7;;;;;;;;;;;;;;;;;;
 ;02:52:31;3.306;0.388;56.6;32.7;;;;;;;;;;;;;;;;;;
 ;02:52:32;3.301;0.393;56.7;32.7;;;;;;;;;;;;;;;;;;
 ;02:52:33;3.304;0.386;56.8;32.7;;;;;;;;;;;;;;;;;;
 ;02:52:34;3.309;0.381;56.9;32.7;;;;;;;;;;;;;;;;;;
 ;02:52:35;3.305;0.386;57.1;32.7;;;;;;;;;;;;;;;;;;
 ;02:52:36;3.301;0.391;57.2;32.7;;;;;;;;;;;;;;;;;;
 ;02:52:37;3.305;0.383;57.3;32.7;;;;;;;;;;;;;;;;;;
 ;02:52:38;3.309;0.379;57.4;32.7;;;;;;;;;;;;;;;;;;
 ;02:52:39;3.305;0.385;57.5;32.7;;;;;;;;;;;;;;;;;;
 ;02:52:40;3.301;0.389;57.6;32.7;;;;;;;;;;;;;;;;;;
 ;02:52:41;3.300;0.391;57.7;32.7;;;;;;;;;;;;;;;;;;
 ;02:52:42;3.306;0.379;57.8;32.7;;;;;;;;;;;;;;;;;;
 ;02:52:43;3.308;0.378;57.9;32.7;;;;;;;;;;;;;;;;;;
 ;02:52:44;3.304;0.383;58.0;32.7;;;;;;;;;;;;;;;;;;
 ;02:52:45;3.301;0.388;58.1;32.7;;;;;;;;;;;;;;;;;;
 ;02:52:46;3.304;0.379;58.2;32.8;;;;;;;;;;;;;;;;;;
 ;02:52:47;3.309;0.374;58.3;32.8;;;;;;;;;;;;;;;;;;
 ;02:52:48;3.306;0.379;58.4;32.8;;;;;;;;;;;;;;;;;;
 ;02:52:49;3.302;0.385;58.5;32.8;;;;;;;;;;;;;;;;;;
 ;02:52:50;3.303;0.380;58.7;32.8;;;;;;;;;;;;;;;;;;
 ;02:52:51;3.309;0.371;58.8;32.8;;;;;;;;;;;;;;;;;;
 ;02:52:52;3.306;0.376;58.9;32.8;;;;;;;;;;;;;;;;;;
 ;02:52:53;3.302;0.382;59.0;32.8;;;;;;;;;;;;;;;;;;
 ;02:52:54;3.301;0.381;59.1;32.8;;;;;;;;;;;;;;;;;;
 ;02:52:55;3.308;0.370;59.2;32.8;;;;;;;;;;;;;;;;;;
 ;02:52:56;3.307;0.373;59.3;32.8;;;;;;;;;;;;;;;;;;
 ;02:52:57;3.304;0.378;59.4;32.8;;;;;;;;;;;;;;;;;;
 ;02:52:58;3.300;0.382;59.5;32.8;;;;;;;;;;;;;;;;;;
 ;02:52:59;3.306;0.371;59.6;32.8;;;;;;;;;;;;;;;;;;
 ;02:53:00;3.308;0.369;59.7;32.8;;;;;;;;;;;;;;;;;;
 ;02:53:01;3.305;0.375;59.8;32.8;;;;;;;;;;;;;;;;;;
 ;02:53:02;3.301;0.380;59.9;32.8;;;;;;;;;;;;;;;;;;
 ;02:53:03;3.304;0.372;60.0;32.8;;;;;;;;;;;;;;;;;;
 ;02:53:04;3.309;0.366;60.1;32.8;;;;;;;;;;;;;;;;;;
 ;02:53:05;3.306;0.371;60.2;32.8;;;;;;;;;;;;;;;;;;
 ;02:53:06;3.302;0.376;60.3;32.8;;;;;;;;;;;;;;;;;;
 ;02:53:07;3.302;0.373;60.4;32.8;;;;;;;;;;;;;;;;;;
 ;02:53:08;3.309;0.363;60.5;32.8;;;;;;;;;;;;;;;;;;
 ;02:53:09;3.307;0.368;60.6;32.8;;;;;;;;;;;;;;;;;;
 ;02:53:10;3.303;0.373;60.7;32.8;;;;;;;;;;;;;;;;;;
 ;02:53:11;3.300;0.377;60.8;32.8;;;;;;;;;;;;;;;;;;
 ;02:53:12;3.306;0.365;60.9;32.8;;;;;;;;;;;;;;;;;;
 ;02:53:13;3.308;0.364;61.0;32.8;;;;;;;;;;;;;;;;;;
 ;02:53:14;3.305;0.369;61.1;32.8;;;;;;;;;;;;;;;;;;
 ;02:53:15;3.301;0.373;61.2;32.8;;;;;;;;;;;;;;;;;;
 ;02:53:16;3.304;0.366;61.4;32.8;;;;;;;;;;;;;;;;;;
 ;02:53:17;3.309;0.360;61.4;32.8;;;;;;;;;;;;;;;;;;
 ;02:53:18;3.306;0.365;61.6;32.8;;;;;;;;;;;;;;;;;;
 ;02:53:19;3.302;0.370;61.6;32.8;;;;;;;;;;;;;;;;;;
 ;02:53:20;3.302;0.368;61.8;32.8;;;;;;;;;;;;;;;;;;
 ;02:53:21;3.308;0.357;61.8;32.8;;;;;;;;;;;;;;;;;;
 ;02:53:22;3.307;0.361;62.0;32.9;;;;;;;;;;;;;;;;;;
 ;02:53:23;3.303;0.367;62.1;32.9;;;;;;;;;;;;;;;;;;
 ;02:53:24;3.300;0.371;62.2;32.9;;;;;;;;;;;;;;;;;;
 ;02:53:25;3.305;0.361;62.3;32.9;;;;;;;;;;;;;;;;;;
 ;02:53:26;3.309;0.356;62.4;32.9;;;;;;;;;;;;;;;;;;
 ;02:53:27;3.305;0.362;62.5;32.9;;;;;;;;;;;;;;;;;;
 ;02:53:28;3.301;0.367;62.6;32.9;;;;;;;;;;;;;;;;;;
 ;02:53:29;3.301;0.365;62.7;32.9;;;;;;;;;;;;;;;;;;
 ;02:53:30;3.308;0.354;62.8;32.9;;;;;;;;;;;;;;;;;;
 ;02:53:31;3.307;0.357;62.9;32.9;;;;;;;;;;;;;;;;;;
 ;02:53:32;3.304;0.363;63.0;32.9;;;;;;;;;;;;;;;;;;
 ;02:53:33;3.300;0.366;63.1;32.9;;;;;;;;;;;;;;;;;;
 ;02:53:34;3.304;0.358;63.2;32.9;;;;;;;;;;;;;;;;;;
 ;02:53:35;3.309;0.351;63.3;32.9;;;;;;;;;;;;;;;;;;
 ;02:53:36;3.306;0.357;63.4;32.9;;;;;;;;;;;;;;;;;;
 ;02:53:37;3.302;0.362;63.5;32.9;;;;;;;;;;;;;;;;;;
 ;02:53:38;3.300;0.365;63.6;32.9;;;;;;;;;;;;;;;;;;
 ;02:53:39;3.306;0.353;63.7;32.9;;;;;;;;;;;;;;;;;;
 ;02:53:40;3.308;0.351;63.8;32.9;;;;;;;;;;;;;;;;;;
 ;02:53:41;3.305;0.357;63.9;32.9;;;;;;;;;;;;;;;;;;
 ;02:53:42;3.301;0.362;64.0;32.9;;;;;;;;;;;;;;;;;;
 ;02:53:43;3.301;0.359;64.1;32.9;;;;;;;;;;;;;;;;;;
 ;02:53:44;3.308;0.348;64.2;32.9;;;;;;;;;;;;;;;;;;
 ;02:53:45;3.307;0.351;64.2;32.9;;;;;;;;;;;;;;;;;;
 ;02:53:46;3.304;0.356;64.4;32.9;;;;;;;;;;;;;;;;;;
 ;02:53:47;3.300;0.361;64.4;32.9;;;;;;;;;;;;;;;;;;
 ;02:53:48;3.301;0.356;64.6;32.9;;;;;;;;;;;;;;;;;;
 ;02:53:49;3.308;0.346;64.7;32.9;;;;;;;;;;;;;;;;;;
 ;02:53:50;3.307;0.350;64.8;32.9;;;;;;;;;;;;;;;;;;
 ;02:53:51;3.303;0.355;64.8;32.9;;;;;;;;;;;;;;;;;;
 ;02:53:52;3.300;0.358;64.9;32.9;;;;;;;;;;;;;;;;;;
 ;02:53:53;3.304;0.351;65.0;32.9;;;;;;;;;;;;;;;;;;
 ;02:53:54;3.309;0.344;65.1;32.9;;;;;;;;;;;;;;;;;;
 ;02:53:55;3.306;0.349;65.2;32.9;;;;;;;;;;;;;;;;;;
 ;02:53:56;3.302;0.354;65.3;32.9;;;;;;;;;;;;;;;;;;
 ;02:53:57;3.300;0.357;65.4;32.9;;;;;;;;;;;;;;;;;;
 ;02:53:58;3.304;0.349;65.5;32.9;;;;;;;;;;;;;;;;;;
 ;02:53:59;3.309;0.342;65.6;32.9;;;;;;;;;;;;;;;;;;
 ;02:54:00;3.306;0.347;65.7;32.9;;;;;;;;;;;;;;;;;;
 ;02:54:01;3.302;0.353;65.8;32.9;;;;;;;;;;;;;;;;;;
 ;02:54:02;3.300;0.356;65.9;32.9;;;;;;;;;;;;;;;;;;
 ;02:54:03;3.305;0.345;66.0;32.9;;;;;;;;;;;;;;;;;;
 ;02:54:04;3.309;0.340;66.1;32.9;;;;;;;;;;;;;;;;;;
 ;02:54:05;3.305;0.346;66.2;32.9;;;;;;;;;;;;;;;;;;
 ;02:54:06;3.302;0.351;66.3;32.9;;;;;;;;;;;;;;;;;;
 ;02:54:07;3.300;0.353;66.4;32.9;;;;;;;;;;;;;;;;;;
 ;02:54:08;3.304;0.344;66.5;32.9;;;;;;;;;;;;;;;;;;
 ;02:54:09;3.309;0.338;66.6;32.9;;;;;;;;;;;;;;;;;;
 ;02:54:10;3.305;0.344;66.7;32.9;;;;;;;;;;;;;;;;;;
 ;02:54:11;3.302;0.349;66.8;32.9;;;;;;;;;;;;;;;;;;
 ;02:54:12;3.304;0.344;66.9;33.0;;;;;;;;;;;;;;;;;;
 ;02:54:13;3.309;0.337;67.0;33.0;;;;;;;;;;;;;;;;;;
 ;02:54:14;3.306;0.342;67.1;33.0;;;;;;;;;;;;;;;;;;
 ;02:54:15;3.302;0.347;67.2;33.0;;;;;;;;;;;;;;;;;;
 ;02:54:16;3.300;0.350;67.3;33.0;;;;;;;;;;;;;;;;;;
 ;02:54:17;3.306;0.339;67.3;33.0;;;;;;;;;;;;;;;;;;
 ;02:54:18;3.309;0.336;67.5;33.0;;;;;;;;;;;;;;;;;;
 ;02:54:19;3.305;0.342;67.5;33.0;;;;;;;;;;;;;;;;;;
 ;02:54:20;3.301;0.346;67.6;33.0;;;;;;;;;;;;;;;;;;
 ;02:54:21;3.300;0.348;67.7;33.0;;;;;;;;;;;;;;;;;;
 ;02:54:22;3.305;0.338;67.8;33.0;;;;;;;;;;;;;;;;;;
 ;02:54:23;3.309;0.334;67.9;33.0;;;;;;;;;;;;;;;;;;
 ;02:54:24;3.305;0.339;68.0;33.0;;;;;;;;;;;;;;;;;;
 ;02:54:25;3.301;0.345;68.1;33.0;;;;;;;;;;;;;;;;;;
 ;02:54:26;3.300;0.346;68.2;33.0;;;;;;;;;;;;;;;;;;
 ;02:54:27;3.304;0.337;68.3;33.0;;;;;;;;;;;;;;;;;;
 ;02:54:28;3.309;0.332;68.4;33.0;;;;;;;;;;;;;;;;;;
 ;02:54:29;3.305;0.337;68.5;33.0;;;;;;;;;;;;;;;;;;
 ;02:54:30;3.302;0.342;68.6;33.0;;;;;;;;;;;;;;;;;;
 ;02:54:31;3.300;0.345;68.7;33.0;;;;;;;;;;;;;;;;;;
 ;02:54:32;3.303;0.337;68.8;33.0;;;;;;;;;;;;;;;;;;
 ;02:54:33;3.309;0.328;68.9;33.0;;;;;;;;;;;;;;;;;;
 ;02:54:34;3.306;0.334;69.0;33.0;;;;;;;;;;;;;;;;;;
 ;02:54:35;3.302;0.339;69.1;33.0;;;;;;;;;;;;;;;;;;
 ;02:54:36;3.301;0.339;69.2;33.0;;;;;;;;;;;;;;;;;;
 ;02:54:37;3.308;0.328;69.2;33.0;;;;;;;;;;;;;;;;;;
 ;02:54:38;3.307;0.331;69.3;33.0;;;;;;;;;;;;;;;;;;
 ;02:54:39;3.304;0.337;69.4;33.0;;;;;;;;;;;;;;;;;;
 ;02:54:40;3.300;0.340;69.5;33.0;;;;;;;;;;;;;;;;;;
 ;02:54:41;3.300;0.338;69.6;33.0;;;;;;;;;;;;;;;;;;
 ;02:54:42;3.307;0.327;69.7;33.0;;;;;;;;;;;;;;;;;;
 ;02:54:43;3.307;0.329;69.8;33.0;;;;;;;;;;;;;;;;;;
 ;02:54:44;3.304;0.334;69.9;33.0;;;;;;;;;;;;;;;;;;
 ;02:54:45;3.300;0.339;70.0;33.0;;;;;;;;;;;;;;;;;;
 ;02:54:46;3.306;0.328;70.1;33.0;;;;;;;;;;;;;;;;;;
 ;02:54:47;3.308;0.327;70.2;33.0;;;;;;;;;;;;;;;;;;
 ;02:54:48;3.305;0.332;70.3;33.0;;;;;;;;;;;;;;;;;;
 ;02:54:49;3.301;0.337;70.4;33.0;;;;;;;;;;;;;;;;;;
 ;02:54:50;3.300;0.338;70.4;33.0;;;;;;;;;;;;;;;;;;
 ;02:54:51;3.305;0.327;70.5;33.0;;;;;;;;;;;;;;;;;;
 ;02:54:52;3.308;0.324;70.6;33.0;;;;;;;;;;;;;;;;;;
 ;02:54:53;3.305;0.330;70.7;33.0;;;;;;;;;;;;;;;;;;
 ;02:54:54;3.301;0.335;70.8;33.0;;;;;;;;;;;;;;;;;;
 ;02:54:55;3.300;0.336;70.9;33.0;;;;;;;;;;;;;;;;;;
 ;02:54:56;3.304;0.328;71.0;33.0;;;;;;;;;;;;;;;;;;
 ;02:54:57;3.309;0.321;71.1;33.0;;;;;;;;;;;;;;;;;;
 ;02:54:58;3.306;0.327;71.2;33.0;;;;;;;;;;;;;;;;;;
 ;02:54:59;3.302;0.332;71.3;33.0;;;;;;;;;;;;;;;;;;
 ;02:55:00;3.302;0.329;71.4;33.0;;;;;;;;;;;;;;;;;;
 ;02:55:01;3.309;0.319;71.5;33.0;;;;;;;;;;;;;;;;;;
 ;02:55:02;3.307;0.324;71.5;33.0;;;;;;;;;;;;;;;;;;
 ;02:55:03;3.303;0.329;71.6;33.0;;;;;;;;;;;;;;;;;;
 ;02:55:04;3.300;0.332;71.7;33.0;;;;;;;;;;;;;;;;;;
 ;02:55:05;3.300;0.330;71.8;33.0;;;;;;;;;;;;;;;;;;
 ;02:55:06;3.307;0.319;71.9;33.0;;;;;;;;;;;;;;;;;;
 ;02:55:07;3.307;0.321;72.0;33.0;;;;;;;;;;;;;;;;;;
 ;02:55:08;3.304;0.327;72.1;33.0;;;;;;;;;;;;;;;;;;
 ;02:55:09;3.300;0.331;72.2;33.0;;;;;;;;;;;;;;;;;;
 ;02:55:10;3.305;0.322;72.3;33.0;;;;;;;;;;;;;;;;;;
 ;02:55:11;3.309;0.318;72.4;33.0;;;;;;;;;;;;;;;;;;
 ;02:55:12;3.305;0.323;72.4;33.0;;;;;;;;;;;;;;;;;;
 ;02:55:13;3.301;0.328;72.5;33.0;;;;;;;;;;;;;;;;;;
 ;02:55:14;3.300;0.331;72.6;33.0;;;;;;;;;;;;;;;;;;
 ;02:55:15;3.304;0.321;72.7;33.0;;;;;;;;;;;;;;;;;;
 ;02:55:16;3.309;0.315;72.8;33.0;;;;;;;;;;;;;;;;;;
 ;02:55:17;3.306;0.320;72.9;33.0;;;;;;;;;;;;;;;;;;
 ;02:55:18;3.302;0.326;73.0;33.0;;;;;;;;;;;;;;;;;;
 ;02:55:19;3.301;0.326;73.1;33.0;;;;;;;;;;;;;;;;;;
 ;02:55:20;3.308;0.314;73.2;33.0;;;;;;;;;;;;;;;;;;
 ;02:55:21;3.307;0.317;73.3;33.0;;;;;;;;;;;;;;;;;;
 ;02:55:22;3.304;0.323;73.3;33.0;;;;;;;;;;;;;;;;;;
 ;02:55:23;3.300;0.326;73.4;33.0;;;;;;;;;;;;;;;;;;
 ;02:55:24;3.299;0.325;73.5;33.0;;;;;;;;;;;;;;;;;;
 ;02:55:25;3.307;0.314;73.6;33.0;;;;;;;;;;;;;;;;;;
 ;02:55:26;3.308;0.315;73.7;33.0;;;;;;;;;;;;;;;;;;
 ;02:55:27;3.304;0.320;73.8;33.0;;;;;;;;;;;;;;;;;;
 ;02:55:28;3.301;0.325;73.9;33.0;;;;;;;;;;;;;;;;;;
 ;02:55:29;3.304;0.317;74.0;33.0;;;;;;;;;;;;;;;;;;
 ;02:55:30;3.309;0.311;74.1;33.0;;;;;;;;;;;;;;;;;;
 ;02:55:31;3.306;0.317;74.1;33.0;;;;;;;;;;;;;;;;;;
 ;02:55:32;3.302;0.322;74.2;33.0;;;;;;;;;;;;;;;;;;
 ;02:55:33;3.300;0.325;74.3;33.0;;;;;;;;;;;;;;;;;;
 ;02:55:34;3.301;0.320;74.4;33.0;;;;;;;;;;;;;;;;;;
 ;02:55:35;3.308;0.309;74.5;33.0;;;;;;;;;;;;;;;;;;
 ;02:55:36;3.307;0.313;74.6;33.0;;;;;;;;;;;;;;;;;;
 ;02:55:37;3.303;0.319;74.7;33.0;;;;;;;;;;;;;;;;;;
 ;02:55:38;3.300;0.322;74.8;33.0;;;;;;;;;;;;;;;;;;
 ;02:55:39;3.306;0.311;74.8;33.0;;;;;;;;;;;;;;;;;;
 ;02:55:40;3.308;0.310;74.9;33.0;;;;;;;;;;;;;;;;;;
 ;02:55:41;3.305;0.315;75.0;33.0;;;;;;;;;;;;;;;;;;
 ;02:55:42;3.301;0.320;75.1;33.0;;;;;;;;;;;;;;;;;;
 ;02:55:43;3.304;0.314;75.2;33.0;;;;;;;;;;;;;;;;;;
 ;02:55:44;3.309;0.307;75.3;33.0;;;;;;;;;;;;;;;;;;
 ;02:55:45;3.306;0.312;75.4;33.0;;;;;;;;;;;;;;;;;;
 ;02:55:46;3.302;0.318;75.5;33.0;;;;;;;;;;;;;;;;;;
 ;02:55:47;3.300;0.320;75.5;33.0;;;;;;;;;;;;;;;;;;
 ;02:55:48;3.301;0.316;75.6;33.0;;;;;;;;;;;;;;;;;;
 ;02:55:49;3.308;0.305;75.7;33.0;;;;;;;;;;;;;;;;;;
 ;02:55:50;3.307;0.309;75.8;33.0;;;;;;;;;;;;;;;;;;
 ;02:55:51;3.303;0.315;75.9;33.0;;;;;;;;;;;;;;;;;;
 ;02:55:52;3.300;0.319;76.0;33.0;;;;;;;;;;;;;;;;;;
 ;02:55:53;3.306;0.307;76.1;33.0;;;;;;;;;;;;;;;;;;
 ;02:55:54;3.308;0.306;76.1;33.0;;;;;;;;;;;;;;;;;;
 ;02:55:55;3.305;0.311;76.2;33.0;;;;;;;;;;;;;;;;;;
 ;02:55:56;3.301;0.316;76.3;33.0;;;;;;;;;;;;;;;;;;
 ;02:55:57;3.300;0.317;76.4;33.0;;;;;;;;;;;;;;;;;;
 ;02:55:58;3.303;0.310;76.5;33.0;;;;;;;;;;;;;;;;;;
 ;02:55:59;3.309;0.302;76.6;33.0;;;;;;;;;;;;;;;;;;
 ;02:56:00;3.306;0.307;76.7;33.0;;;;;;;;;;;;;;;;;;
 ;02:56:01;3.302;0.313;76.8;33.0;;;;;;;;;;;;;;;;;;
 ;02:56:02;3.300;0.315;76.8;33.0;;;;;;;;;;;;;;;;;;
 ;02:56:03;3.306;0.304;76.9;33.0;;;;;;;;;;;;;;;;;;
 ;02:56:04;3.308;0.303;77.0;33.0;;;;;;;;;;;;;;;;;;
 ;02:56:05;3.305;0.308;77.1;33.0;;;;;;;;;;;;;;;;;;
 ;02:56:06;3.301;0.313;77.2;33.0;;;;;;;;;;;;;;;;;;
 ;02:56:07;3.303;0.308;77.3;33.0;;;;;;;;;;;;;;;;;;
 ;02:56:08;3.309;0.299;77.4;33.0;;;;;;;;;;;;;;;;;;
 ;02:56:09;3.306;0.305;77.4;33.0;;;;;;;;;;;;;;;;;;
 ;02:56:10;3.303;0.310;77.5;33.1;;;;;;;;;;;;;;;;;;
 ;02:56:11;3.301;0.310;77.6;33.1;;;;;;;;;;;;;;;;;;
 ;02:56:12;3.308;0.299;77.7;33.0;;;;;;;;;;;;;;;;;;
 ;02:56:13;3.307;0.302;77.8;33.0;;;;;;;;;;;;;;;;;;
 ;02:56:14;3.304;0.308;77.9;33.1;;;;;;;;;;;;;;;;;;
 ;02:56:15;3.300;0.311;77.9;33.1;;;;;;;;;;;;;;;;;;
 ;02:56:16;3.299;0.310;78.0;33.0;;;;;;;;;;;;;;;;;;
 ;02:56:17;3.307;0.299;78.1;33.1;;;;;;;;;;;;;;;;;;
 ;02:56:18;3.308;0.300;78.2;33.1;;;;;;;;;;;;;;;;;;
 ;02:56:19;3.304;0.305;78.3;33.1;;;;;;;;;;;;;;;;;;
 ;02:56:20;3.301;0.310;78.4;33.1;;;;;;;;;;;;;;;;;;
 ;02:56:21;3.303;0.304;78.5;33.1;;;;;;;;;;;;;;;;;;
 ;02:56:22;3.310;0.295;78.5;33.1;;;;;;;;;;;;;;;;;;
 ;02:56:23;3.307;0.301;78.6;33.1;;;;;;;;;;;;;;;;;;
 ;02:56:24;3.303;0.306;78.7;33.1;;;;;;;;;;;;;;;;;;
 ;02:56:25;3.300;0.308;78.8;33.1;;;;;;;;;;;;;;;;;;
 ;02:56:26;3.307;0.297;78.9;33.1;;;;;;;;;;;;;;;;;;
 ;02:56:27;3.308;0.297;79.0;33.1;;;;;;;;;;;;;;;;;;
 ;02:56:28;3.304;0.302;79.0;33.1;;;;;;;;;;;;;;;;;;
 ;02:56:29;3.301;0.308;79.1;33.1;;;;;;;;;;;;;;;;;;
 ;02:56:30;3.305;0.299;79.2;33.1;;;;;;;;;;;;;;;;;;
 ;02:56:31;3.309;0.295;79.3;33.1;;;;;;;;;;;;;;;;;;
 ;02:56:32;3.305;0.300;79.4;33.1;;;;;;;;;;;;;;;;;;
 ;02:56:33;3.302;0.305;79.5;33.1;;;;;;;;;;;;;;;;;;
 ;02:56:34;3.300;0.307;79.5;33.1;;;;;;;;;;;;;;;;;;
 ;02:56:35;3.301;0.303;79.6;33.1;;;;;;;;;;;;;;;;;;
 ;02:56:36;3.308;0.293;79.7;33.1;;;;;;;;;;;;;;;;;;
 ;02:56:37;3.307;0.296;79.8;33.1;;;;;;;;;;;;;;;;;;
 ;02:56:38;3.303;0.301;79.9;33.1;;;;;;;;;;;;;;;;;;
 ;02:56:39;3.300;0.305;80.0;33.1;;;;;;;;;;;;;;;;;;
 ;02:56:40;3.304;0.297;80.0;33.1;;;;;;;;;;;;;;;;;;
 ;02:56:41;3.309;0.291;80.1;33.1;;;;;;;;;;;;;;;;;;
 ;02:56:42;3.306;0.297;80.2;33.1;;;;;;;;;;;;;;;;;;
 ;02:56:43;3.302;0.302;80.3;33.1;;;;;;;;;;;;;;;;;;
 ;02:56:44;3.300;0.304;80.4;33.1;;;;;;;;;;;;;;;;;;
 ;02:56:45;3.307;0.292;80.5;33.1;;;;;;;;;;;;;;;;;;
 ;02:56:46;3.308;0.292;80.5;33.1;;;;;;;;;;;;;;;;;;
 ;02:56:47;3.304;0.298;80.6;33.1;;;;;;;;;;;;;;;;;;
 ;02:56:48;3.301;0.303;80.7;33.1;;;;;;;;;;;;;;;;;;
 ;02:56:49;3.304;0.296;80.8;33.1;;;;;;;;;;;;;;;;;;
 ;02:56:50;3.309;0.288;80.9;33.1;;;;;;;;;;;;;;;;;;
 ;02:56:51;3.306;0.294;81.0;33.1;;;;;;;;;;;;;;;;;;
 ;02:56:52;3.302;0.300;81.0;33.1;;;;;;;;;;;;;;;;;;
 ;02:56:53;3.301;0.299;81.1;33.1;;;;;;;;;;;;;;;;;;
 ;02:56:54;3.308;0.288;81.2;33.1;;;;;;;;;;;;;;;;;;
 ;02:56:55;3.307;0.291;81.3;33.1;;;;;;;;;;;;;;;;;;
 ;02:56:56;3.304;0.297;81.4;33.1;;;;;;;;;;;;;;;;;;
 ;02:56:57;3.300;0.301;81.4;33.1;;;;;;;;;;;;;;;;;;
 ;02:56:58;3.306;0.290;81.5;33.1;;;;;;;;;;;;;;;;;;
 ;02:56:59;3.308;0.288;81.6;33.1;;;;;;;;;;;;;;;;;;
 ;02:57:00;3.305;0.294;81.7;33.1;;;;;;;;;;;;;;;;;;
 ;02:57:01;3.301;0.299;81.8;33.1;;;;;;;;;;;;;;;;;;
 ;02:57:02;3.300;0.300;81.9;33.1;;;;;;;;;;;;;;;;;;
 ;02:57:03;3.302;0.294;81.9;33.1;;;;;;;;;;;;;;;;;;
 ;02:57:04;3.309;0.284;82.0;33.1;;;;;;;;;;;;;;;;;;
 ;02:57:05;3.307;0.290;82.1;33.1;;;;;;;;;;;;;;;;;;
 ;02:57:06;3.303;0.295;82.2;33.1;;;;;;;;;;;;;;;;;;
 ;02:57:07;3.300;0.299;82.3;33.1;;;;;;;;;;;;;;;;;;
 ;02:57:08;3.304;0.290;82.3;33.1;;;;;;;;;;;;;;;;;;
 ;02:57:09;3.309;0.284;82.4;33.1;;;;;;;;;;;;;;;;;;
 ;02:57:10;3.306;0.290;82.5;33.1;;;;;;;;;;;;;;;;;;
 ;02:57:11;3.302;0.295;82.6;33.1;;;;;;;;;;;;;;;;;;
 ;02:57:12;3.300;0.297;82.7;33.1;;;;;;;;;;;;;;;;;;
 ;02:57:13;3.307;0.285;82.7;33.1;;;;;;;;;;;;;;;;;;
 ;02:57:14;3.308;0.285;82.8;33.1;;;;;;;;;;;;;;;;;;
 ;02:57:15;3.305;0.291;82.9;33.1;;;;;;;;;;;;;;;;;;
 ;02:57:16;3.301;0.296;83.0;33.1;;;;;;;;;;;;;;;;;;
 ;02:57:17;3.303;0.290;83.1;33.1;;;;;;;;;;;;;;;;;;
 ;02:57:18;3.310;0.281;83.1;33.1;;;;;;;;;;;;;;;;;;
 ;02:57:19;3.307;0.287;83.2;33.1;;;;;;;;;;;;;;;;;;
 ;02:57:20;3.303;0.292;83.3;33.1;;;;;;;;;;;;;;;;;;
 ;02:57:21;3.300;0.295;83.4;33.1;;;;;;;;;;;;;;;;;;
 ;02:57:22;3.306;0.284;83.5;33.1;;;;;;;;;;;;;;;;;;
 ;02:57:23;3.308;0.282;83.5;33.1;;;;;;;;;;;;;;;;;;
 ;02:57:24;3.305;0.288;83.6;33.1;;;;;;;;;;;;;;;;;;
 ;02:57:25;3.301;0.293;83.7;33.1;;;;;;;;;;;;;;;;;;
 ;02:57:26;3.303;0.288;83.8;33.1;;;;;;;;;;;;;;;;;;
 ;02:57:27;3.309;0.279;83.9;33.1;;;;;;;;;;;;;;;;;;
 ;02:57:28;3.306;0.285;83.9;33.1;;;;;;;;;;;;;;;;;;
 ;02:57:29;3.303;0.290;84.0;33.1;;;;;;;;;;;;;;;;;;
 ;02:57:30;3.300;0.292;84.1;33.1;;;;;;;;;;;;;;;;;;
 ;02:57:31;3.307;0.280;84.2;33.1;;;;;;;;;;;;;;;;;;
 ;02:57:32;3.308;0.282;84.3;33.1;;;;;;;;;;;;;;;;;;
 ;02:57:33;3.304;0.287;84.3;33.1;;;;;;;;;;;;;;;;;;
 ;02:57:34;3.301;0.292;84.4;33.1;;;;;;;;;;;;;;;;;;
 ;02:57:35;3.305;0.283;84.5;33.1;;;;;;;;;;;;;;;;;;
 ;02:57:36;3.309;0.278;84.6;33.1;;;;;;;;;;;;;;;;;;
 ;02:57:37;3.306;0.284;84.7;33.1;;;;;;;;;;;;;;;;;;
 ;02:57:38;3.302;0.289;84.7;33.1;;;;;;;;;;;;;;;;;;
 ;02:57:39;3.301;0.289;84.8;33.1;;;;;;;;;;;;;;;;;;
 ;02:57:40;3.308;0.277;84.9;33.1;;;;;;;;;;;;;;;;;;
 ;02:57:41;3.307;0.280;85.0;33.1;;;;;;;;;;;;;;;;;;
 ;02:57:42;3.304;0.286;85.1;33.1;;;;;;;;;;;;;;;;;;
 ;02:57:43;3.300;0.290;85.1;33.1;;;;;;;;;;;;;;;;;;
 ;02:57:44;3.306;0.279;85.2;33.1;;;;;;;;;;;;;;;;;;
 ;02:57:45;3.308;0.277;85.3;33.1;;;;;;;;;;;;;;;;;;
 ;02:57:46;3.305;0.283;85.4;33.1;;;;;;;;;;;;;;;;;;
 ;02:57:47;3.301;0.288;85.5;33.1;;;;;;;;;;;;;;;;;;
 ;02:57:48;3.304;0.282;85.5;33.1;;;;;;;;;;;;;;;;;;
 ;02:57:49;3.310;0.275;85.6;33.1;;;;;;;;;;;;;;;;;;
 ;02:57:50;3.306;0.280;85.7;33.1;;;;;;;;;;;;;;;;;;
 ;02:57:51;3.302;0.286;85.8;33.1;;;;;;;;;;;;;;;;;;
 ;02:57:52;3.300;0.286;85.8;33.1;;;;;;;;;;;;;;;;;;
 ;02:57:53;3.307;0.275;85.9;33.1;;;;;;;;;;;;;;;;;;
 ;02:57:54;3.308;0.276;86.0;33.1;;;;;;;;;;;;;;;;;;
 ;02:57:55;3.304;0.282;86.1;33.1;;;;;;;;;;;;;;;;;;
 ;02:57:56;3.301;0.287;86.2;33.1;;;;;;;;;;;;;;;;;;
 ;02:57:57;3.305;0.278;86.2;33.1;;;;;;;;;;;;;;;;;;
 ;02:57:58;3.309;0.274;86.3;33.1;;;;;;;;;;;;;;;;;;
 ;02:57:59;3.305;0.279;86.4;33.1;;;;;;;;;;;;;;;;;;
 ;02:58:00;3.302;0.284;86.5;33.1;;;;;;;;;;;;;;;;;;
 ;02:58:01;3.302;0.281;86.5;33.1;;;;;;;;;;;;;;;;;;
 ;02:58:02;3.309;0.271;86.6;33.1;;;;;;;;;;;;;;;;;;
 ;02:58:03;3.307;0.276;86.7;33.1;;;;;;;;;;;;;;;;;;
 ;02:58:04;3.303;0.282;86.8;33.1;;;;;;;;;;;;;;;;;;
 ;02:58:05;3.300;0.285;86.9;33.1;;;;;;;;;;;;;;;;;;
 ;02:58:06;3.306;0.274;86.9;33.1;;;;;;;;;;;;;;;;;;
 ;02:58:07;3.309;0.272;87.0;33.1;;;;;;;;;;;;;;;;;;
 ;02:58:08;3.305;0.278;87.1;33.1;;;;;;;;;;;;;;;;;;
 ;02:58:09;3.301;0.283;87.2;33.1;;;;;;;;;;;;;;;;;;
 ;02:58:10;3.303;0.278;87.2;33.1;;;;;;;;;;;;;;;;;;
 ;02:58:11;3.310;0.269;87.3;33.1;;;;;;;;;;;;;;;;;;
 ;02:58:12;3.307;0.275;87.4;33.1;;;;;;;;;;;;;;;;;;
 ;02:58:13;3.303;0.280;87.5;33.1;;;;;;;;;;;;;;;;;;
 ;02:58:14;3.300;0.284;87.5;33.1;;;;;;;;;;;;;;;;;;
 ;02:58:15;3.306;0.273;87.6;33.1;;;;;;;;;;;;;;;;;;
 ;02:58:16;3.309;0.270;87.7;33.1;;;;;;;;;;;;;;;;;;
 ;02:58:17;3.305;0.276;87.8;33.1;;;;;;;;;;;;;;;;;;
 ;02:58:18;3.301;0.281;87.9;33.1;;;;;;;;;;;;;;;;;;
 ;02:58:19;3.302;0.279;87.9;33.1;;;;;;;;;;;;;;;;;;
 ;02:58:20;3.309;0.267;88.0;33.1;;;;;;;;;;;;;;;;;;
 ;02:58:21;3.307;0.272;88.1;33.1;;;;;;;;;;;;;;;;;;
 ;02:58:22;3.303;0.277;88.2;33.1;;;;;;;;;;;;;;;;;;
 ;02:58:23;3.300;0.281;88.2;33.1;;;;;;;;;;;;;;;;;;
 ;02:58:24;3.305;0.272;88.3;33.1;;;;;;;;;;;;;;;;;;
 ;02:58:25;3.309;0.268;88.4;33.1;;;;;;;;;;;;;;;;;;
 ;02:58:26;3.306;0.273;88.5;33.1;;;;;;;;;;;;;;;;;;
 ;02:58:27;3.302;0.278;88.5;33.1;;;;;;;;;;;;;;;;;;
 ;02:58:28;3.301;0.277;88.6;33.1;;;;;;;;;;;;;;;;;;
 ;02:58:29;3.308;0.266;88.7;33.1;;;;;;;;;;;;;;;;;;
 ;02:58:30;3.308;0.269;88.8;33.1;;;;;;;;;;;;;;;;;;
 ;02:58:31;3.304;0.275;88.8;33.1;;;;;;;;;;;;;;;;;;
 ;02:58:32;3.300;0.279;88.9;33.1;;;;;;;;;;;;;;;;;;
 ;02:58:33;3.304;0.271;89.0;33.1;;;;;;;;;;;;;;;;;;
 ;02:58:34;3.309;0.265;89.1;33.1;;;;;;;;;;;;;;;;;;
 ;02:58:35;3.306;0.271;89.1;33.1;;;;;;;;;;;;;;;;;;
 ;02:58:36;3.302;0.276;89.2;33.1;;;;;;;;;;;;;;;;;;
 ;02:58:37;3.300;0.279;89.3;33.1;;;;;;;;;;;;;;;;;;
 ;02:58:38;3.306;0.267;89.4;33.1;;;;;;;;;;;;;;;;;;
 ;02:58:39;3.309;0.266;89.4;33.1;;;;;;;;;;;;;;;;;;
 ;02:58:40;3.305;0.271;89.5;33.1;;;;;;;;;;;;;;;;;;
 ;02:58:41;3.301;0.276;89.6;33.1;;;;;;;;;;;;;;;;;;
 ;02:58:42;3.301;0.274;89.7;33.1;;;;;;;;;;;;;;;;;;
 ;02:58:43;3.309;0.262;89.7;33.1;;;;;;;;;;;;;;;;;;
 ;02:58:44;3.307;0.267;89.8;33.1;;;;;;;;;;;;;;;;;;
 ;02:58:45;3.304;0.272;89.9;33.1;;;;;;;;;;;;;;;;;;
 ;02:58:46;3.300;0.276;90.0;33.1;;;;;;;;;;;;;;;;;;
 ;02:58:47;3.304;0.268;90.0;33.1;;;;;;;;;;;;;;;;;;
 ;02:58:48;3.309;0.262;90.1;33.1;;;;;;;;;;;;;;;;;;
 ;02:58:49;3.306;0.268;90.2;33.1;;;;;;;;;;;;;;;;;;
 ;02:58:50;3.302;0.273;90.3;33.1;;;;;;;;;;;;;;;;;;
 ;02:58:51;3.300;0.275;90.3;33.1;;;;;;;;;;;;;;;;;;
 ;02:58:52;3.306;0.265;90.4;33.1;;;;;;;;;;;;;;;;;;
 ;02:58:53;3.309;0.262;90.5;33.1;;;;;;;;;;;;;;;;;;
 ;02:58:54;3.305;0.268;90.6;33.1;;;;;;;;;;;;;;;;;;
 ;02:58:55;3.301;0.273;90.6;33.1;;;;;;;;;;;;;;;;;;
 ;02:58:56;3.300;0.272;90.7;33.1;;;;;;;;;;;;;;;;;;
 ;02:58:57;3.308;0.261;90.8;33.1;;;;;;;;;;;;;;;;;;
 ;02:58:58;3.308;0.263;90.9;33.1;;;;;;;;;;;;;;;;;;
 ;02:58:59;3.304;0.268;90.9;33.1;;;;;;;;;;;;;;;;;;
 ;02:59:00;3.301;0.273;91.0;33.1;;;;;;;;;;;;;;;;;;
 ;02:59:01;3.301;0.269;91.1;33.1;;;;;;;;;;;;;;;;;;
 ;02:59:02;3.309;0.258;91.2;33.1;;;;;;;;;;;;;;;;;;
 ;02:59:03;3.308;0.263;91.2;33.1;;;;;;;;;;;;;;;;;;
 ;02:59:04;3.304;0.268;91.3;33.1;;;;;;;;;;;;;;;;;;
 ;02:59:05;3.300;0.273;91.4;33.1;;;;;;;;;;;;;;;;;;
 ;02:59:06;3.303;0.266;91.5;33.1;;;;;;;;;;;;;;;;;;
 ;02:59:07;3.310;0.257;91.5;33.1;;;;;;;;;;;;;;;;;;
 ;02:59:08;3.307;0.263;91.6;33.1;;;;;;;;;;;;;;;;;;
 ;02:59:09;3.303;0.268;91.7;33.1;;;;;;;;;;;;;;;;;;
 ;02:59:10;3.300;0.272;91.8;33.1;;;;;;;;;;;;;;;;;;
 ;02:59:11;3.304;0.264;91.8;33.1;;;;;;;;;;;;;;;;;;
 ;02:59:12;3.310;0.256;91.9;33.1;;;;;;;;;;;;;;;;;;
 ;02:59:13;3.307;0.262;92.0;33.1;;;;;;;;;;;;;;;;;;
 ;02:59:14;3.302;0.268;92.0;33.1;;;;;;;;;;;;;;;;;;
 ;02:59:15;3.300;0.271;92.1;33.1;;;;;;;;;;;;;;;;;;
 ;02:59:16;3.304;0.263;92.2;33.1;;;;;;;;;;;;;;;;;;
 ;02:59:17;3.310;0.256;92.3;33.1;;;;;;;;;;;;;;;;;;
 ;02:59:18;3.306;0.261;92.3;33.1;;;;;;;;;;;;;;;;;;
 ;02:59:19;3.302;0.267;92.4;33.1;;;;;;;;;;;;;;;;;;
 ;02:59:20;3.300;0.269;92.5;33.1;;;;;;;;;;;;;;;;;;
 ;02:59:21;3.304;0.261;92.6;33.1;;;;;;;;;;;;;;;;;;
 ;02:59:22;3.310;0.255;92.6;33.1;;;;;;;;;;;;;;;;;;
 ;02:59:23;3.306;0.261;92.7;33.1;;;;;;;;;;;;;;;;;;
 ;02:59:24;3.302;0.266;92.8;33.1;;;;;;;;;;;;;;;;;;
 ;02:59:25;3.300;0.269;92.9;33.1;;;;;;;;;;;;;;;;;;
 ;02:59:26;3.304;0.260;92.9;33.1;;;;;;;;;;;;;;;;;;
 ;02:59:27;3.310;0.254;93.0;33.1;;;;;;;;;;;;;;;;;;
 ;02:59:28;3.306;0.260;93.1;33.1;;;;;;;;;;;;;;;;;;
 ;02:59:29;3.302;0.265;93.1;33.1;;;;;;;;;;;;;;;;;;
 ;02:59:30;3.300;0.268;93.2;33.1;;;;;;;;;;;;;;;;;;
 ;02:59:31;3.304;0.259;93.3;33.1;;;;;;;;;;;;;;;;;;
 ;02:59:32;3.309;0.253;93.4;33.1;;;;;;;;;;;;;;;;;;
 ;02:59:33;3.306;0.259;93.4;33.1;;;;;;;;;;;;;;;;;;
 ;02:59:34;3.302;0.264;93.5;33.1;;;;;;;;;;;;;;;;;;
 ;02:59:35;3.300;0.267;93.6;33.1;;;;;;;;;;;;;;;;;;
 ;02:59:36;3.303;0.259;93.7;33.1;;;;;;;;;;;;;;;;;;
 ;02:59:37;3.309;0.252;93.7;33.1;;;;;;;;;;;;;;;;;;
 ;02:59:38;3.307;0.257;93.8;33.1;;;;;;;;;;;;;;;;;;
 ;02:59:39;3.303;0.263;93.9;33.1;;;;;;;;;;;;;;;;;;
 ;02:59:40;3.300;0.266;93.9;33.1;;;;;;;;;;;;;;;;;;
 ;02:59:41;3.303;0.258;94.0;33.1;;;;;;;;;;;;;;;;;;
 ;02:59:42;3.309;0.251;94.1;33.1;;;;;;;;;;;;;;;;;;
 ;02:59:43;3.307;0.256;94.2;33.0;;;;;;;;;;;;;;;;;;
 ;02:59:44;3.303;0.262;94.2;33.1;;;;;;;;;;;;;;;;;;
 ;02:59:45;3.300;0.264;94.3;33.0;;;;;;;;;;;;;;;;;;
 ;02:59:46;3.302;0.259;94.4;33.0;;;;;;;;;;;;;;;;;;
 ;02:59:47;3.309;0.249;94.4;33.1;;;;;;;;;;;;;;;;;;
 ;02:59:48;3.307;0.254;94.5;33.1;;;;;;;;;;;;;;;;;;
 ;02:59:49;3.303;0.260;94.6;33.0;;;;;;;;;;;;;;;;;;
 ;02:59:50;3.300;0.263;94.7;33.0;;;;;;;;;;;;;;;;;;
 ;02:59:51;3.301;0.259;94.7;33.1;;;;;;;;;;;;;;;;;;
 ;02:59:52;3.308;0.249;94.8;33.1;;;;;;;;;;;;;;;;;;
 ;02:59:53;3.308;0.253;94.9;33.0;;;;;;;;;;;;;;;;;;
 ;02:59:54;3.304;0.258;94.9;33.1;;;;;;;;;;;;;;;;;;
 ;02:59:55;3.300;0.263;95.0;33.0;;;;;;;;;;;;;;;;;;
 ;02:59:56;3.300;0.261;95.1;33.0;;;;;;;;;;;;;;;;;;
 ;02:59:57;3.307;0.249;95.2;33.0;;;;;;;;;;;;;;;;;;
 ;02:59:58;3.308;0.251;95.2;33.0;;;;;;;;;;;;;;;;;;
 ;02:59:59;3.305;0.256;95.3;33.0;;;;;;;;;;;;;;;;;;
 ;03:00:00;3.301;0.261;95.4;33.1;;;;;;;;;;;;;;;;;;
 ;03:00:01;3.300;0.263;95.4;33.0;;;;;;;;;;;;;;;;;;
 ;03:00:02;3.306;0.250;95.5;33.0;;;;;;;;;;;;;;;;;;
 ;03:00:03;3.308;0.249;95.6;33.1;;;;;;;;;;;;;;;;;;
 ;03:00:04;3.305;0.254;95.7;33.0;;;;;;;;;;;;;;;;;;
 ;03:00:05;3.301;0.259;95.7;33.0;;;;;;;;;;;;;;;;;;
 ;03:00:06;3.300;0.262;95.8;33.1;;;;;;;;;;;;;;;;;;
 ;03:00:07;3.304;0.252;95.9;33.1;;;;;;;;;;;;;;;;;;
 ;03:00:08;3.309;0.246;95.9;33.0;;;;;;;;;;;;;;;;;;
 ;03:00:09;3.306;0.252;96.0;33.0;;;;;;;;;;;;;;;;;;
 ;03:00:10;3.303;0.257;96.1;33.0;;;;;;;;;;;;;;;;;;
 ;03:00:11;3.300;0.259;96.1;33.0;;;;;;;;;;;;;;;;;;
 ;03:00:12;3.301;0.255;96.2;33.0;;;;;;;;;;;;;;;;;;
 ;03:00:13;3.308;0.245;96.3;33.0;;;;;;;;;;;;;;;;;;
 ;03:00:14;3.307;0.249;96.4;33.0;;;;;;;;;;;;;;;;;;
 ;03:00:15;3.304;0.254;96.4;33.0;;;;;;;;;;;;;;;;;;
 ;03:00:16;3.300;0.258;96.5;33.0;;;;;;;;;;;;;;;;;;
 ;03:00:17;3.299;0.257;96.6;33.0;;;;;;;;;;;;;;;;;;
 ;03:00:18;3.306;0.246;96.6;33.0;;;;;;;;;;;;;;;;;;
 ;03:00:19;3.308;0.246;96.7;33.0;;;;;;;;;;;;;;;;;;
 ;03:00:20;3.305;0.252;96.8;33.0;;;;;;;;;;;;;;;;;;
 ;03:00:21;3.301;0.257;96.8;33.0;;;;;;;;;;;;;;;;;;
 ;03:00:22;3.300;0.258;96.9;33.0;;;;;;;;;;;;;;;;;;
 ;03:00:23;3.304;0.248;97.0;33.0;;;;;;;;;;;;;;;;;;
 ;03:00:24;3.308;0.244;97.1;33.0;;;;;;;;;;;;;;;;;;
 ;03:00:25;3.305;0.249;97.1;33.0;;;;;;;;;;;;;;;;;;
 ;03:00:26;3.302;0.255;97.2;33.0;;;;;;;;;;;;;;;;;;
 ;03:00:27;3.300;0.257;97.3;33.0;;;;;;;;;;;;;;;;;;
 ;03:00:28;3.303;0.250;97.3;33.0;;;;;;;;;;;;;;;;;;
 ;03:00:29;3.309;0.241;97.4;33.0;;;;;;;;;;;;;;;;;;
 ;03:00:30;3.306;0.247;97.5;33.0;;;;;;;;;;;;;;;;;;
 ;03:00:31;3.303;0.252;97.5;33.0;;;;;;;;;;;;;;;;;;
 ;03:00:32;3.300;0.256;97.6;33.0;;;;;;;;;;;;;;;;;;
 ;03:00:33;3.300;0.255;97.7;33.0;;;;;;;;;;;;;;;;;;
 ;03:00:34;3.307;0.242;97.8;33.0;;;;;;;;;;;;;;;;;;
 ;03:00:35;3.307;0.243;97.8;33.0;;;;;;;;;;;;;;;;;;
 ;03:00:36;3.304;0.249;97.9;33.0;;;;;;;;;;;;;;;;;;
 ;03:00:37;3.301;0.253;98.0;33.0;;;;;;;;;;;;;;;;;;
 ;03:00:38;3.300;0.255;98.0;33.0;;;;;;;;;;;;;;;;;;
 ;03:00:39;3.304;0.246;98.1;33.0;;;;;;;;;;;;;;;;;;
 ;03:00:40;3.308;0.241;98.2;33.0;;;;;;;;;;;;;;;;;;
 ;03:00:41;3.305;0.246;98.2;33.0;;;;;;;;;;;;;;;;;;
 ;03:00:42;3.302;0.251;98.3;33.0;;;;;;;;;;;;;;;;;;
 ;03:00:43;3.300;0.253;98.4;33.0;;;;;;;;;;;;;;;;;;
 ;03:00:44;3.301;0.250;98.4;33.0;;;;;;;;;;;;;;;;;;
 ;03:00:45;3.307;0.240;98.5;33.0;;;;;;;;;;;;;;;;;;
 ;03:00:46;3.307;0.242;98.6;33.0;;;;;;;;;;;;;;;;;;
 ;03:00:47;3.304;0.247;98.6;33.0;;;;;;;;;;;;;;;;;;
 ;03:00:48;3.301;0.252;98.7;33.0;;;;;;;;;;;;;;;;;;
 ;03:00:49;3.300;0.253;98.8;33.0;;;;;;;;;;;;;;;;;;
 ;03:00:50;3.304;0.244;98.9;33.0;;;;;;;;;;;;;;;;;;
 ;03:00:51;3.309;0.238;98.9;33.0;;;;;;;;;;;;;;;;;;
 ;03:00:52;3.305;0.244;99.0;33.0;;;;;;;;;;;;;;;;;;
 ;03:00:53;3.302;0.249;99.1;33.0;;;;;;;;;;;;;;;;;;
 ;03:00:54;3.300;0.252;99.1;33.0;;;;;;;;;;;;;;;;;;
 ;03:00:55;3.302;0.248;99.2;33.0;;;;;;;;;;;;;;;;;;
 ;03:00:56;3.308;0.236;99.3;33.0;;;;;;;;;;;;;;;;;;
 ;03:00:57;3.306;0.241;99.3;33.0;;;;;;;;;;;;;;;;;;
 ;03:00:58;3.303;0.247;99.4;33.0;;;;;;;;;;;;;;;;;;
 ;03:00:59;3.300;0.251;99.5;33.0;;;;;;;;;;;;;;;;;;
 ;03:01:00;3.300;0.252;99.5;33.0;;;;;;;;;;;;;;;;;;
 ;03:01:01;3.305;0.241;99.6;33.0;;;;;;;;;;;;;;;;;;
 ;03:01:02;3.308;0.237;99.7;33.0;;;;;;;;;;;;;;;;;;
 ;03:01:03;3.305;0.242;99.7;33.0;;;;;;;;;;;;;;;;;;
 ;03:01:04;3.301;0.247;99.8;33.0;;;;;;;;;;;;;;;;;;
 ;03:01:05;3.303;0.243;99.9;33.0;;;;;;;;;;;;;;;;;;
 ;03:01:06;3.310;0.233;99.9;33.0;;;;;;;;;;;;;;;;;;
 ;03:01:07;3.307;0.238;100.0;33.0;;;;;;;;;;;;;;;;;;
 ;03:01:08;3.304;0.244;100.1;33.0;;;;;;;;;;;;;;;;;;
 ;03:01:09;3.300;0.247;100.1;33.0;;;;;;;;;;;;;;;;;;
 ;03:01:10;3.300;0.248;100.2;33.0;;;;;;;;;;;;;;;;;;
 ;03:01:11;3.306;0.238;100.3;33.0;;;;;;;;;;;;;;;;;;
 ;03:01:12;3.309;0.234;100.3;33.0;;;;;;;;;;;;;;;;;;
 ;03:01:13;3.306;0.239;100.4;33.0;;;;;;;;;;;;;;;;;;
 ;03:01:14;3.302;0.245;100.5;33.0;;;;;;;;;;;;;;;;;;
 ;03:01:15;3.300;0.247;100.5;33.0;;;;;;;;;;;;;;;;;;
 ;03:01:16;3.300;0.248;100.6;33.0;;;;;;;;;;;;;;;;;;
 ;03:01:17;3.306;0.237;100.7;33.0;;;;;;;;;;;;;;;;;;
 ;03:01:18;3.309;0.234;100.7;33.0;;;;;;;;;;;;;;;;;;
 ;03:01:19;3.306;0.239;100.8;33.0;;;;;;;;;;;;;;;;;;
 ;03:01:20;3.302;0.244;100.9;33.0;;;;;;;;;;;;;;;;;;
 ;03:01:21;3.300;0.247;101.0;33.0;;;;;;;;;;;;;;;;;;
 ;03:01:22;3.301;0.243;101.0;33.0;;;;;;;;;;;;;;;;;;
 ;03:01:23;3.308;0.233;101.1;33.0;;;;;;;;;;;;;;;;;;
 ;03:01:24;3.308;0.235;101.1;33.0;;;;;;;;;;;;;;;;;;
 ;03:01:25;3.304;0.240;101.2;33.0;;;;;;;;;;;;;;;;;;
 ;03:01:26;3.301;0.245;101.3;33.0;;;;;;;;;;;;;;;;;;
 ;03:01:27;3.300;0.246;101.4;33.0;;;;;;;;;;;;;;;;;;
 ;03:01:28;3.302;0.240;101.4;33.0;;;;;;;;;;;;;;;;;;
 ;03:01:29;3.309;0.230;101.5;33.0;;;;;;;;;;;;;;;;;;
 ;03:01:30;3.307;0.235;101.5;33.0;;;;;;;;;;;;;;;;;;
 ;03:01:31;3.304;0.240;101.6;33.0;;;;;;;;;;;;;;;;;;
 ;03:01:32;3.300;0.243;101.7;33.0;;;;;;;;;;;;;;;;;;
 ;03:01:33;3.300;0.244;101.8;33.0;;;;;;;;;;;;;;;;;;
 ;03:01:34;3.304;0.236;101.8;33.0;;;;;;;;;;;;;;;;;;
 ;03:01:35;3.310;0.229;101.9;33.0;;;;;;;;;;;;;;;;;;
 ;03:01:36;3.307;0.235;101.9;33.0;;;;;;;;;;;;;;;;;;
 ;03:01:37;3.303;0.240;102.0;33.0;;;;;;;;;;;;;;;;;;
 ;03:01:38;3.300;0.243;102.1;33.0;;;;;;;;;;;;;;;;;;
 ;03:01:39;3.300;0.243;102.1;33.0;;;;;;;;;;;;;;;;;;
 ;03:01:40;3.304;0.234;102.2;33.0;;;;;;;;;;;;;;;;;;
 ;03:01:41;3.309;0.228;102.3;33.0;;;;;;;;;;;;;;;;;;
 ;03:01:42;3.306;0.234;102.3;33.0;;;;;;;;;;;;;;;;;;
 ;03:01:43;3.303;0.239;102.4;33.0;;;;;;;;;;;;;;;;;;
 ;03:01:44;3.300;0.242;102.5;33.0;;;;;;;;;;;;;;;;;;
 ;03:01:45;3.300;0.243;102.5;33.0;;;;;;;;;;;;;;;;;;
 ;03:01:46;3.306;0.231;102.6;33.0;;;;;;;;;;;;;;;;;;
 ;03:01:47;3.309;0.228;102.7;33.0;;;;;;;;;;;;;;;;;;
 ;03:01:48;3.306;0.234;102.7;33.0;;;;;;;;;;;;;;;;;;
 ;03:01:49;3.302;0.239;102.8;33.0;;;;;;;;;;;;;;;;;;
 ;03:01:50;3.300;0.242;102.9;33.0;;;;;;;;;;;;;;;;;;
 ;03:01:51;3.299;0.242;102.9;33.0;;;;;;;;;;;;;;;;;;
 ;03:01:52;3.307;0.229;103.0;33.0;;;;;;;;;;;;;;;;;;
 ;03:01:53;3.309;0.228;103.1;33.0;;;;;;;;;;;;;;;;;;
 ;03:01:54;3.305;0.234;103.1;33.0;;;;;;;;;;;;;;;;;;
 ;03:01:55;3.301;0.239;103.2;33.0;;;;;;;;;;;;;;;;;;
 ;03:01:56;3.300;0.241;103.3;33.0;;;;;;;;;;;;;;;;;;
 ;03:01:57;3.299;0.241;103.3;33.0;;;;;;;;;;;;;;;;;;
 ;03:01:58;3.307;0.229;103.4;33.0;;;;;;;;;;;;;;;;;;
 ;03:01:59;3.309;0.227;103.5;33.0;;;;;;;;;;;;;;;;;;
 ;03:02:00;3.305;0.233;103.5;33.0;;;;;;;;;;;;;;;;;;
 ;03:02:01;3.301;0.237;103.6;33.0;;;;;;;;;;;;;;;;;;
 ;03:02:02;3.300;0.239;103.7;33.0;;;;;;;;;;;;;;;;;;
 ;03:02:03;3.300;0.237;103.7;33.0;;;;;;;;;;;;;;;;;;
 ;03:02:04;3.307;0.226;103.8;33.0;;;;;;;;;;;;;;;;;;
 ;03:02:05;3.308;0.227;103.8;33.0;;;;;;;;;;;;;;;;;;
 ;03:02:06;3.305;0.232;103.9;33.0;;;;;;;;;;;;;;;;;;
 ;03:02:07;3.301;0.237;104.0;33.0;;;;;;;;;;;;;;;;;;
 ;03:02:08;3.300;0.238;104.0;33.0;;;;;;;;;;;;;;;;;;
 ;03:02:09;3.299;0.238;104.1;33.0;;;;;;;;;;;;;;;;;;
 ;03:02:10;3.307;0.226;104.2;33.0;;;;;;;;;;;;;;;;;;
 ;03:02:11;3.309;0.225;104.2;33.0;;;;;;;;;;;;;;;;;;
 ;03:02:12;3.305;0.231;104.3;33.0;;;;;;;;;;;;;;;;;;
 ;03:02:13;3.301;0.236;104.4;33.0;;;;;;;;;;;;;;;;;;
 ;03:02:14;3.300;0.238;104.4;33.0;;;;;;;;;;;;;;;;;;
 ;03:02:15;3.300;0.236;104.5;33.0;;;;;;;;;;;;;;;;;;
 ;03:02:16;3.307;0.224;104.6;33.0;;;;;;;;;;;;;;;;;;
 ;03:02:17;3.308;0.225;104.6;33.0;;;;;;;;;;;;;;;;;;
 ;03:02:18;3.305;0.230;104.7;33.0;;;;;;;;;;;;;;;;;;
 ;03:02:19;3.301;0.235;104.7;33.0;;;;;;;;;;;;;;;;;;
 ;03:02:20;3.300;0.237;104.8;33.0;;;;;;;;;;;;;;;;;;
 ;03:02:21;3.300;0.235;104.9;33.0;;;;;;;;;;;;;;;;;;
 ;03:02:22;3.307;0.224;104.9;33.0;;;;;;;;;;;;;;;;;;
 ;03:02:23;3.308;0.224;105.0;33.0;;;;;;;;;;;;;;;;;;
 ;03:02:24;3.305;0.229;105.1;33.0;;;;;;;;;;;;;;;;;;
 ;03:02:25;3.301;0.234;105.1;33.0;;;;;;;;;;;;;;;;;;
 ;03:02:26;3.304;0.228;105.2;33.0;;;;;;;;;;;;;;;;;;
 ;03:02:27;3.310;0.221;105.3;33.0;;;;;;;;;;;;;;;;;;
 ;03:02:28;3.307;0.226;105.3;33.0;;;;;;;;;;;;;;;;;;
 ;03:02:29;3.303;0.232;105.4;33.0;;;;;;;;;;;;;;;;;;
 ;03:02:30;3.300;0.235;105.5;33.0;;;;;;;;;;;;;;;;;;
 ;03:02:31;3.303;0.230;105.5;33.0;;;;;;;;;;;;;;;;;;
 ;03:02:32;3.310;0.219;105.6;33.0;;;;;;;;;;;;;;;;;;
 ;03:02:33;3.307;0.224;105.6;33.0;;;;;;;;;;;;;;;;;;
 ;03:02:34;3.304;0.230;105.7;33.0;;;;;;;;;;;;;;;;;;
 ;03:02:35;3.300;0.233;105.8;33.0;;;;;;;;;;;;;;;;;;
 ;03:02:36;3.300;0.234;105.8;33.0;;;;;;;;;;;;;;;;;;
 ;03:02:37;3.306;0.224;105.9;33.0;;;;;;;;;;;;;;;;;;
 ;03:02:38;3.309;0.220;106.0;33.0;;;;;;;;;;;;;;;;;;
 ;03:02:39;3.306;0.225;106.0;33.0;;;;;;;;;;;;;;;;;;
 ;03:02:40;3.302;0.231;106.1;33.0;;;;;;;;;;;;;;;;;;
 ;03:02:41;3.300;0.233;106.1;33.0;;;;;;;;;;;;;;;;;;
 ;03:02:42;3.301;0.230;106.2;33.0;;;;;;;;;;;;;;;;;;
 ;03:02:43;3.308;0.219;106.3;33.0;;;;;;;;;;;;;;;;;;
 ;03:02:44;3.308;0.221;106.3;33.0;;;;;;;;;;;;;;;;;;
 ;03:02:45;3.305;0.226;106.4;33.0;;;;;;;;;;;;;;;;;;
 ;03:02:46;3.301;0.231;106.5;33.0;;;;;;;;;;;;;;;;;;
 ;03:02:47;3.300;0.233;106.5;33.0;;;;;;;;;;;;;;;;;;
 ;03:02:48;3.302;0.228;106.6;33.0;;;;;;;;;;;;;;;;;;
 ;03:02:49;3.309;0.217;106.7;33.0;;;;;;;;;;;;;;;;;;
 ;03:02:50;3.307;0.221;106.7;33.0;;;;;;;;;;;;;;;;;;
 ;03:02:51;3.304;0.227;106.8;33.0;;;;;;;;;;;;;;;;;;
 ;03:02:52;3.300;0.231;106.8;33.0;;;;;;;;;;;;;;;;;;
 ;03:02:53;3.300;0.232;106.9;33.0;;;;;;;;;;;;;;;;;;
 ;03:02:54;3.304;0.224;107.0;33.0;;;;;;;;;;;;;;;;;;
 ;03:02:55;3.310;0.216;107.0;33.0;;;;;;;;;;;;;;;;;;
 ;03:02:56;3.307;0.221;107.1;33.0;;;;;;;;;;;;;;;;;;
 ;03:02:57;3.303;0.227;107.2;33.0;;;;;;;;;;;;;;;;;;
 ;03:02:58;3.300;0.230;107.2;33.0;;;;;;;;;;;;;;;;;;
 ;03:02:59;3.300;0.231;107.3;33.0;;;;;;;;;;;;;;;;;;
 ;03:03:00;3.306;0.220;107.3;33.0;;;;;;;;;;;;;;;;;;
 ;03:03:01;3.309;0.216;107.4;33.0;;;;;;;;;;;;;;;;;;
 ;03:03:02;3.306;0.222;107.5;33.0;;;;;;;;;;;;;;;;;;
 ;03:03:03;3.302;0.227;107.5;33.0;;;;;;;;;;;;;;;;;;
 ;03:03:04;3.300;0.230;107.6;33.0;;;;;;;;;;;;;;;;;;
 ;03:03:05;3.300;0.230;107.7;33.0;;;;;;;;;;;;;;;;;;
 ;03:03:06;3.306;0.218;107.7;33.0;;;;;;;;;;;;;;;;;;
 ;03:03:07;3.309;0.216;107.8;33.0;;;;;;;;;;;;;;;;;;
 ;03:03:08;3.306;0.221;107.8;33.0;;;;;;;;;;;;;;;;;;
 ;03:03:09;3.302;0.226;107.9;33.0;;;;;;;;;;;;;;;;;;
 ;03:03:10;3.300;0.228;108.0;33.0;;;;;;;;;;;;;;;;;;
 ;03:03:11;3.300;0.228;108.0;33.0;;;;;;;;;;;;;;;;;;
 ;03:03:12;3.306;0.217;108.1;33.0;;;;;;;;;;;;;;;;;;
 ;03:03:13;3.309;0.215;108.1;33.0;;;;;;;;;;;;;;;;;;
 ;03:03:14;3.306;0.220;108.2;33.0;;;;;;;;;;;;;;;;;;
 ;03:03:15;3.302;0.226;108.3;33.0;;;;;;;;;;;;;;;;;;
 ;03:03:16;3.304;0.221;108.3;33.0;;;;;;;;;;;;;;;;;;
 ;03:03:17;3.310;0.212;108.4;33.0;;;;;;;;;;;;;;;;;;
 ;03:03:18;3.307;0.218;108.5;33.0;;;;;;;;;;;;;;;;;;
 ;03:03:19;3.303;0.223;108.5;33.0;;;;;;;;;;;;;;;;;;
 ;03:03:20;3.300;0.227;108.6;33.0;;;;;;;;;;;;;;;;;;
 ;03:03:21;3.302;0.222;108.6;33.0;;;;;;;;;;;;;;;;;;
 ;03:03:22;3.309;0.211;108.7;33.0;;;;;;;;;;;;;;;;;;
 ;03:03:23;3.308;0.216;108.8;33.0;;;;;;;;;;;;;;;;;;
 ;03:03:24;3.304;0.221;108.8;33.0;;;;;;;;;;;;;;;;;;
 ;03:03:25;3.300;0.226;108.9;33.0;;;;;;;;;;;;;;;;;;
 ;03:03:26;3.300;0.227;108.9;33.0;;;;;;;;;;;;;;;;;;
 ;03:03:27;3.306;0.216;109.0;32.9;;;;;;;;;;;;;;;;;;
 ;03:03:28;3.309;0.212;109.1;33.0;;;;;;;;;;;;;;;;;;
 ;03:03:29;3.306;0.217;109.1;32.9;;;;;;;;;;;;;;;;;;
 ;03:03:30;3.302;0.223;109.2;32.9;;;;;;;;;;;;;;;;;;
 ;03:03:31;3.300;0.225;109.3;32.9;;;;;;;;;;;;;;;;;;
 ;03:03:32;3.299;0.226;109.3;32.9;;;;;;;;;;;;;;;;;;
 ;03:03:33;3.307;0.213;109.4;32.9;;;;;;;;;;;;;;;;;;
 ;03:03:34;3.309;0.212;109.4;32.9;;;;;;;;;;;;;;;;;;
 ;03:03:35;3.305;0.218;109.5;32.9;;;;;;;;;;;;;;;;;;
 ;03:03:36;3.301;0.223;109.6;32.9;;;;;;;;;;;;;;;;;;
 ;03:03:37;3.300;0.225;109.6;32.9;;;;;;;;;;;;;;;;;;
 ;03:03:38;3.301;0.222;109.7;32.9;;;;;;;;;;;;;;;;;;
 ;03:03:39;3.308;0.211;109.7;32.9;;;;;;;;;;;;;;;;;;
 ;03:03:40;3.308;0.212;109.8;32.9;;;;;;;;;;;;;;;;;;
 ;03:03:41;3.304;0.218;109.9;32.9;;;;;;;;;;;;;;;;;;
 ;03:03:42;3.301;0.222;109.9;32.9;;;;;;;;;;;;;;;;;;
 ;03:03:43;3.300;0.223;110.0;32.9;;;;;;;;;;;;;;;;;;
 ;03:03:44;3.301;0.220;110.0;32.9;;;;;;;;;;;;;;;;;;
 ;03:03:45;3.308;0.210;110.1;32.9;;;;;;;;;;;;;;;;;;
 ;03:03:46;3.308;0.211;110.2;32.9;;;;;;;;;;;;;;;;;;
 ;03:03:47;3.304;0.217;110.2;32.9;;;;;;;;;;;;;;;;;;
 ;03:03:48;3.301;0.221;110.3;32.9;;;;;;;;;;;;;;;;;;
 ;03:03:49;3.300;0.223;110.3;32.9;;;;;;;;;;;;;;;;;;
 ;03:03:50;3.300;0.221;110.4;32.9;;;;;;;;;;;;;;;;;;
 ;03:03:51;3.307;0.210;110.5;32.9;;;;;;;;;;;;;;;;;;
 ;03:03:52;3.308;0.210;110.5;32.9;;;;;;;;;;;;;;;;;;
 ;03:03:53;3.305;0.215;110.6;32.9;;;;;;;;;;;;;;;;;;
 ;03:03:54;3.301;0.220;110.6;32.9;;;;;;;;;;;;;;;;;;
 ;03:03:55;3.300;0.222;110.7;32.9;;;;;;;;;;;;;;;;;;
 ;03:03:56;3.299;0.222;110.8;32.9;;;;;;;;;;;;;;;;;;
 ;03:03:57;3.307;0.210;110.8;32.9;;;;;;;;;;;;;;;;;;
 ;03:03:58;3.309;0.208;110.9;32.9;;;;;;;;;;;;;;;;;;
 ;03:03:59;3.305;0.214;110.9;32.9;;;;;;;;;;;;;;;;;;
 ;03:04:00;3.301;0.219;111.0;32.9;;;;;;;;;;;;;;;;;;
 ;03:04:01;3.304;0.214;111.1;32.9;;;;;;;;;;;;;;;;;;
 ;03:04:02;3.310;0.205;111.1;32.9;;;;;;;;;;;;;;;;;;
 ;03:04:03;3.307;0.211;111.2;32.9;;;;;;;;;;;;;;;;;;
 ;03:04:04;3.303;0.216;111.2;32.9;;;;;;;;;;;;;;;;;;
 ;03:04:05;3.300;0.220;111.3;32.9;;;;;;;;;;;;;;;;;;
 ;03:04:06;3.302;0.216;111.4;32.9;;;;;;;;;;;;;;;;;;
 ;03:04:07;3.309;0.205;111.4;32.9;;;;;;;;;;;;;;;;;;
 ;03:04:08;3.308;0.209;111.5;32.9;;;;;;;;;;;;;;;;;;
 ;03:04:09;3.304;0.214;111.5;32.9;;;;;;;;;;;;;;;;;;
 ;03:04:10;3.300;0.219;111.6;32.9;;;;;;;;;;;;;;;;;;
 ;03:04:11;3.300;0.220;111.7;32.9;;;;;;;;;;;;;;;;;;
 ;03:04:12;3.304;0.211;111.7;32.9;;;;;;;;;;;;;;;;;;
 ;03:04:13;3.310;0.204;111.8;32.9;;;;;;;;;;;;;;;;;;
 ;03:04:14;3.307;0.210;111.8;32.9;;;;;;;;;;;;;;;;;;
 ;03:04:15;3.303;0.215;111.9;32.9;;;;;;;;;;;;;;;;;;
 ;03:04:16;3.300;0.218;111.9;32.9;;;;;;;;;;;;;;;;;;
 ;03:04:17;3.300;0.218;112.0;32.9;;;;;;;;;;;;;;;;;;
 ;03:04:18;3.306;0.207;112.1;32.9;;;;;;;;;;;;;;;;;;
 ;03:04:19;3.309;0.205;112.1;32.9;;;;;;;;;;;;;;;;;;
 ;03:04:20;3.306;0.210;112.2;32.9;;;;;;;;;;;;;;;;;;
 ;03:04:21;3.302;0.215;112.2;32.9;;;;;;;;;;;;;;;;;;
 ;03:04:22;3.300;0.217;112.3;32.9;;;;;;;;;;;;;;;;;;
 ;03:04:23;3.299;0.217;112.4;32.9;;;;;;;;;;;;;;;;;;
 ;03:04:24;3.307;0.205;112.4;32.9;;;;;;;;;;;;;;;;;;
 ;03:04:25;3.309;0.204;112.5;32.9;;;;;;;;;;;;;;;;;;
 ;03:04:26;3.305;0.210;112.5;32.9;;;;;;;;;;;;;;;;;;
 ;03:04:27;3.301;0.215;112.6;32.9;;;;;;;;;;;;;;;;;;
 ;03:04:28;3.304;0.209;112.7;32.9;;;;;;;;;;;;;;;;;;
 ;03:04:29;3.310;0.202;112.7;32.9;;;;;;;;;;;;;;;;;;
 ;03:04:30;3.307;0.207;112.8;32.9;;;;;;;;;;;;;;;;;;
 ;03:04:31;3.303;0.213;112.8;32.9;;;;;;;;;;;;;;;;;;
 ;03:04:32;3.300;0.216;112.9;32.9;;;;;;;;;;;;;;;;;;
 ;03:04:33;3.302;0.212;112.9;32.9;;;;;;;;;;;;;;;;;;
 ;03:04:34;3.309;0.201;113.0;32.9;;;;;;;;;;;;;;;;;;
 ;03:04:35;3.308;0.205;113.1;32.9;;;;;;;;;;;;;;;;;;
 ;03:04:36;3.304;0.210;113.1;32.9;;;;;;;;;;;;;;;;;;
 ;03:04:37;3.300;0.215;113.2;32.9;;;;;;;;;;;;;;;;;;
 ;03:04:38;3.300;0.216;113.2;32.9;;;;;;;;;;;;;;;;;;
 ;03:04:39;3.304;0.207;113.3;32.9;;;;;;;;;;;;;;;;;;
 ;03:04:40;3.310;0.200;113.4;32.9;;;;;;;;;;;;;;;;;;
 ;03:04:41;3.307;0.206;113.4;32.9;;;;;;;;;;;;;;;;;;
 ;03:04:42;3.303;0.211;113.5;32.9;;;;;;;;;;;;;;;;;;
 ;03:04:43;3.300;0.214;113.5;32.9;;;;;;;;;;;;;;;;;;
 ;03:04:44;3.300;0.215;113.6;32.9;;;;;;;;;;;;;;;;;;
 ;03:04:45;3.306;0.203;113.6;32.9;;;;;;;;;;;;;;;;;;
 ;03:04:46;3.309;0.201;113.7;32.9;;;;;;;;;;;;;;;;;;
 ;03:04:47;3.306;0.206;113.8;32.9;;;;;;;;;;;;;;;;;;
 ;03:04:48;3.302;0.211;113.8;32.9;;;;;;;;;;;;;;;;;;
 ;03:04:49;3.300;0.213;113.9;32.9;;;;;;;;;;;;;;;;;;
 ;03:04:50;3.299;0.213;113.9;32.9;;;;;;;;;;;;;;;;;;
 ;03:04:51;3.307;0.201;114.0;32.9;;;;;;;;;;;;;;;;;;
 ;03:04:52;3.309;0.200;114.0;32.9;;;;;;;;;;;;;;;;;;
 ;03:04:53;3.305;0.206;114.1;32.9;;;;;;;;;;;;;;;;;;
 ;03:04:54;3.301;0.210;114.2;32.9;;;;;;;;;;;;;;;;;;
 ;03:04:55;3.300;0.212;114.2;32.9;;;;;;;;;;;;;;;;;;
 ;03:04:56;3.300;0.212;114.3;32.9;;;;;;;;;;;;;;;;;;
 ;03:04:57;3.306;0.202;114.3;32.9;;;;;;;;;;;;;;;;;;
 ;03:04:58;3.309;0.198;114.4;32.9;;;;;;;;;;;;;;;;;;
 ;03:04:59;3.306;0.204;114.4;32.9;;;;;;;;;;;;;;;;;;
 ;03:05:00;3.302;0.209;114.5;32.9;;;;;;;;;;;;;;;;;;
 ;03:05:01;3.302;0.207;114.6;32.9;;;;;;;;;;;;;;;;;;
 ;03:05:02;3.309;0.197;114.6;32.9;;;;;;;;;;;;;;;;;;
 ;03:05:03;3.308;0.201;114.7;32.9;;;;;;;;;;;;;;;;;;
 ;03:05:04;3.304;0.206;114.7;32.9;;;;;;;;;;;;;;;;;;
 ;03:05:05;3.300;0.211;114.8;32.9;;;;;;;;;;;;;;;;;;
 ;03:05:06;3.300;0.210;114.8;32.9;;;;;;;;;;;;;;;;;;
 ;03:05:07;3.308;0.198;114.9;32.9;;;;;;;;;;;;;;;;;;
 ;03:05:08;3.309;0.198;115.0;32.9;;;;;;;;;;;;;;;;;;
 ;03:05:09;3.305;0.204;115.0;32.9;;;;;;;;;;;;;;;;;;
 ;03:05:10;3.301;0.209;115.1;32.9;;;;;;;;;;;;;;;;;;
 ;03:05:11;3.300;0.211;115.1;32.9;;;;;;;;;;;;;;;;;;
 ;03:05:12;3.304;0.203;115.2;32.9;;;;;;;;;;;;;;;;;;
 ;03:05:13;3.310;0.195;115.2;32.9;;;;;;;;;;;;;;;;;;
 ;03:05:14;3.307;0.200;115.3;32.9;;;;;;;;;;;;;;;;;;
 ;03:05:15;3.303;0.206;115.4;32.9;;;;;;;;;;;;;;;;;;
 ;03:05:16;3.301;0.207;115.4;32.9;;;;;;;;;;;;;;;;;;
 ;03:05:17;3.308;0.196;115.5;32.9;;;;;;;;;;;;;;;;;;
 ;03:05:18;3.308;0.198;115.5;32.9;;;;;;;;;;;;;;;;;;
 ;03:05:19;3.305;0.203;115.6;32.9;;;;;;;;;;;;;;;;;;
 ;03:05:20;3.301;0.208;115.6;32.9;;;;;;;;;;;;;;;;;;
 ;03:05:21;3.300;0.208;115.7;32.9;;;;;;;;;;;;;;;;;;
 ;03:05:22;3.308;0.196;115.7;32.9;;;;;;;;;;;;;;;;;;
 ;03:05:23;3.309;0.196;115.8;32.9;;;;;;;;;;;;;;;;;;
 ;03:05:24;3.305;0.202;115.9;32.9;;;;;;;;;;;;;;;;;;
 ;03:05:25;3.301;0.206;115.9;32.9;;;;;;;;;;;;;;;;;;
 ;03:05:26;3.300;0.208;116.0;32.9;;;;;;;;;;;;;;;;;;
 ;03:05:27;3.304;0.200;116.0;32.9;;;;;;;;;;;;;;;;;;
 ;03:05:28;3.310;0.193;116.1;32.9;;;;;;;;;;;;;;;;;;
 ;03:05:29;3.307;0.199;116.1;32.9;;;;;;;;;;;;;;;;;;
 ;03:05:30;3.303;0.204;116.2;32.9;;;;;;;;;;;;;;;;;;
 ;03:05:31;3.300;0.207;116.3;32.9;;;;;;;;;;;;;;;;;;
 ;03:05:32;3.300;0.207;116.3;32.9;;;;;;;;;;;;;;;;;;
 ;03:05:33;3.306;0.196;116.4;32.9;;;;;;;;;;;;;;;;;;
 ;03:05:34;3.309;0.194;116.4;32.9;;;;;;;;;;;;;;;;;;
 ;03:05:35;3.306;0.199;116.5;32.9;;;;;;;;;;;;;;;;;;
 ;03:05:36;3.302;0.205;116.5;32.9;;;;;;;;;;;;;;;;;;
 ;03:05:37;3.300;0.207;116.6;32.9;;;;;;;;;;;;;;;;;;
 ;03:05:38;3.299;0.207;116.6;32.9;;;;;;;;;;;;;;;;;;
 ;03:05:39;3.307;0.195;116.7;32.9;;;;;;;;;;;;;;;;;;
 ;03:05:40;3.309;0.193;116.8;32.9;;;;;;;;;;;;;;;;;;
 ;03:05:41;3.305;0.199;116.8;32.9;;;;;;;;;;;;;;;;;;
 ;03:05:42;3.301;0.204;116.9;32.9;;;;;;;;;;;;;;;;;;
 ;03:05:43;3.304;0.198;116.9;32.9;;;;;;;;;;;;;;;;;;
 ;03:05:44;3.310;0.191;117.0;32.9;;;;;;;;;;;;;;;;;;
 ;03:05:45;3.307;0.196;117.0;32.9;;;;;;;;;;;;;;;;;;
 ;03:05:46;3.303;0.202;117.1;32.9;;;;;;;;;;;;;;;;;;
 ;03:05:47;3.300;0.205;117.1;32.9;;;;;;;;;;;;;;;;;;
 ;03:05:48;3.303;0.199;117.2;32.9;;;;;;;;;;;;;;;;;;
 ;03:05:49;3.310;0.189;117.3;32.9;;;;;;;;;;;;;;;;;;
 ;03:05:50;3.308;0.194;117.3;32.9;;;;;;;;;;;;;;;;;;
 ;03:05:51;3.304;0.200;117.4;32.9;;;;;;;;;;;;;;;;;;
 ;03:05:52;3.300;0.204;117.4;32.9;;;;;;;;;;;;;;;;;;
 ;03:05:53;3.300;0.205;117.5;32.9;;;;;;;;;;;;;;;;;;
 ;03:05:54;3.306;0.194;117.5;32.9;;;;;;;;;;;;;;;;;;
 ;03:05:55;3.309;0.190;117.6;32.8;;;;;;;;;;;;;;;;;;
 ;03:05:56;3.306;0.196;117.6;32.8;;;;;;;;;;;;;;;;;;
 ;03:05:57;3.302;0.201;117.7;32.8;;;;;;;;;;;;;;;;;;
 ;03:05:58;3.300;0.204;117.8;32.8;;;;;;;;;;;;;;;;;;
 ;03:05:59;3.300;0.204;117.8;32.8;;;;;;;;;;;;;;;;;;
 ;03:06:00;3.306;0.192;117.9;32.8;;;;;;;;;;;;;;;;;;
 ;03:06:01;3.309;0.190;117.9;32.8;;;;;;;;;;;;;;;;;;
 ;03:06:02;3.306;0.195;118.0;32.8;;;;;;;;;;;;;;;;;;
 ;03:06:03;3.302;0.200;118.0;32.8;;;;;;;;;;;;;;;;;;
 ;03:06:04;3.300;0.202;118.1;32.8;;;;;;;;;;;;;;;;;;
 ;03:06:05;3.300;0.202;118.1;32.8;;;;;;;;;;;;;;;;;;
 ;03:06:06;3.306;0.191;118.2;32.8;;;;;;;;;;;;;;;;;;
 ;03:06:07;3.309;0.189;118.2;32.8;;;;;;;;;;;;;;;;;;
 ;03:06:08;3.306;0.194;118.3;32.8;;;;;;;;;;;;;;;;;;
 ;03:06:09;3.302;0.200;118.4;32.8;;;;;;;;;;;;;;;;;;
 ;03:06:10;3.303;0.196;118.4;32.8;;;;;;;;;;;;;;;;;;
 ;03:06:11;3.310;0.186;118.5;32.8;;;;;;;;;;;;;;;;;;
 ;03:06:12;3.308;0.191;118.5;32.8;;;;;;;;;;;;;;;;;;
 ;03:06:13;3.304;0.197;118.6;32.8;;;;;;;;;;;;;;;;;;
 ;03:06:14;3.300;0.201;118.6;32.8;;;;;;;;;;;;;;;;;;
 ;03:06:15;3.300;0.200;118.7;32.8;;;;;;;;;;;;;;;;;;
 ;03:06:16;3.308;0.189;118.7;32.8;;;;;;;;;;;;;;;;;;
 ;03:06:17;3.309;0.188;118.8;32.8;;;;;;;;;;;;;;;;;;
 ;03:06:18;3.305;0.194;118.8;32.8;;;;;;;;;;;;;;;;;;
 ;03:06:19;3.301;0.199;118.9;32.8;;;;;;;;;;;;;;;;;;
 ;03:06:20;3.300;0.201;118.9;32.8;;;;;;;;;;;;;;;;;;
 ;03:06:21;3.302;0.196;119.0;32.8;;;;;;;;;;;;;;;;;;
 ;03:06:22;3.310;0.185;119.1;32.8;;;;;;;;;;;;;;;;;;
 ;03:06:23;3.308;0.189;119.1;32.8;;;;;;;;;;;;;;;;;;
 ;03:06:24;3.304;0.194;119.2;32.8;;;;;;;;;;;;;;;;;;
 ;03:06:25;3.300;0.199;119.2;32.8;;;;;;;;;;;;;;;;;;
 ;03:06:26;3.300;0.200;119.3;32.8;;;;;;;;;;;;;;;;;;
 ;03:06:27;3.303;0.194;119.3;32.8;;;;;;;;;;;;;;;;;;
 ;03:06:28;3.310;0.184;119.4;32.8;;;;;;;;;;;;;;;;;;
 ;03:06:29;3.307;0.189;119.4;32.8;;;;;;;;;;;;;;;;;;
 ;03:06:30;3.303;0.194;119.5;32.8;;;;;;;;;;;;;;;;;;
 ;03:06:31;3.301;0.198;119.5;32.8;;;;;;;;;;;;;;;;;;
 ;03:06:32;3.308;0.187;119.6;32.8;;;;;;;;;;;;;;;;;;
 ;03:06:33;3.309;0.186;119.6;32.8;;;;;;;;;;;;;;;;;;
 ;03:06:34;3.305;0.192;119.7;32.8;;;;;;;;;;;;;;;;;;
 ;03:06:35;3.301;0.197;119.8;32.8;;;;;;;;;;;;;;;;;;
 ;03:06:36;3.300;0.199;119.8;32.8;;;;;;;;;;;;;;;;;;
 ;03:06:37;3.306;0.187;119.9;32.8;;;;;;;;;;;;;;;;;;
 ;03:06:38;3.310;0.185;119.9;32.8;;;;;;;;;;;;;;;;;;
 ;03:06:39;3.306;0.190;120.0;32.8;;;;;;;;;;;;;;;;;;
 ;03:06:40;3.302;0.195;120.0;32.8;;;;;;;;;;;;;;;;;;
 ;03:06:41;3.300;0.197;120.1;32.8;;;;;;;;;;;;;;;;;;
 ;03:06:42;3.301;0.193;120.1;32.8;;;;;;;;;;;;;;;;;;
 ;03:06:43;3.309;0.183;120.2;32.8;;;;;;;;;;;;;;;;;;
 ;03:06:44;3.308;0.186;120.2;32.8;;;;;;;;;;;;;;;;;;
 ;03:06:45;3.304;0.191;120.3;32.8;;;;;;;;;;;;;;;;;;
 ;03:06:46;3.300;0.196;120.3;32.8;;;;;;;;;;;;;;;;;;
 ;03:06:47;3.300;0.197;120.4;32.8;;;;;;;;;;;;;;;;;;
 ;03:06:48;3.303;0.191;120.4;32.8;;;;;;;;;;;;;;;;;;
 ;03:06:49;3.310;0.181;120.5;32.8;;;;;;;;;;;;;;;;;;
 ;03:06:50;3.307;0.186;120.5;32.8;;;;;;;;;;;;;;;;;;
 ;03:06:51;3.303;0.191;120.6;32.8;;;;;;;;;;;;;;;;;;
 ;03:06:52;3.300;0.196;120.7;32.8;;;;;;;;;;;;;;;;;;
 ;03:06:53;3.307;0.185;120.7;32.8;;;;;;;;;;;;;;;;;;
 ;03:06:54;3.309;0.183;120.8;32.8;;;;;;;;;;;;;;;;;;
 ;03:06:55;3.305;0.188;120.8;32.8;;;;;;;;;;;;;;;;;;
 ;03:06:56;3.301;0.194;120.9;32.8;;;;;;;;;;;;;;;;;;
 ;03:06:57;3.300;0.196;120.9;32.8;;;;;;;;;;;;;;;;;;
 ;03:06:58;3.306;0.185;121.0;32.8;;;;;;;;;;;;;;;;;;
 ;03:06:59;3.310;0.181;121.0;32.8;;;;;;;;;;;;;;;;;;
 ;03:07:00;3.306;0.186;121.1;32.8;;;;;;;;;;;;;;;;;;
 ;03:07:01;3.302;0.192;121.1;32.8;;;;;;;;;;;;;;;;;;
 ;03:07:02;3.300;0.194;121.2;32.8;;;;;;;;;;;;;;;;;;
 ;03:07:03;3.301;0.192;121.2;32.8;;;;;;;;;;;;;;;;;;
 ;03:07:04;3.308;0.181;121.3;32.8;;;;;;;;;;;;;;;;;;
 ;03:07:05;3.308;0.183;121.3;32.8;;;;;;;;;;;;;;;;;;
 ;03:07:06;3.304;0.188;121.4;32.8;;;;;;;;;;;;;;;;;;
 ;03:07:07;3.301;0.192;121.4;32.8;;;;;;;;;;;;;;;;;;
 ;03:07:08;3.300;0.194;121.5;32.8;;;;;;;;;;;;;;;;;;
 ;03:07:09;3.301;0.191;121.5;32.8;;;;;;;;;;;;;;;;;;
 ;03:07:10;3.308;0.180;121.6;32.8;;;;;;;;;;;;;;;;;;
 ;03:07:11;3.308;0.182;121.6;32.8;;;;;;;;;;;;;;;;;;
 ;03:07:12;3.304;0.187;121.7;32.8;;;;;;;;;;;;;;;;;;
 ;03:07:13;3.301;0.192;121.8;32.8;;;;;;;;;;;;;;;;;;
 ;03:07:14;3.306;0.182;121.8;32.8;;;;;;;;;;;;;;;;;;
 ;03:07:15;3.309;0.180;121.9;32.8;;;;;;;;;;;;;;;;;;
 ;03:07:16;3.306;0.185;121.9;32.8;;;;;;;;;;;;;;;;;;
 ;03:07:17;3.302;0.190;122.0;32.8;;;;;;;;;;;;;;;;;;
 ;03:07:18;3.300;0.192;122.0;32.8;;;;;;;;;;;;;;;;;;
 ;03:07:19;3.304;0.185;122.1;32.8;;;;;;;;;;;;;;;;;;
 ;03:07:20;3.310;0.177;122.1;32.8;;;;;;;;;;;;;;;;;;
 ;03:07:21;3.307;0.182;122.2;32.8;;;;;;;;;;;;;;;;;;
 ;03:07:22;3.303;0.187;122.2;32.8;;;;;;;;;;;;;;;;;;
 ;03:07:23;3.300;0.191;122.3;32.8;;;;;;;;;;;;;;;;;;
 ;03:07:24;3.300;0.192;122.3;32.8;;;;;;;;;;;;;;;;;;
 ;03:07:25;3.306;0.182;122.4;32.8;;;;;;;;;;;;;;;;;;
 ;03:07:26;3.309;0.178;122.4;32.8;;;;;;;;;;;;;;;;;;
 ;03:07:27;3.306;0.183;122.5;32.8;;;;;;;;;;;;;;;;;;
 ;03:07:28;3.302;0.188;122.5;32.8;;;;;;;;;;;;;;;;;;
 ;03:07:29;3.300;0.191;122.6;32.8;;;;;;;;;;;;;;;;;;
 ;03:07:30;3.300;0.191;122.6;32.8;;;;;;;;;;;;;;;;;;
 ;03:07:31;3.306;0.180;122.7;32.7;;;;;;;;;;;;;;;;;;
 ;03:07:32;3.309;0.177;122.7;32.7;;;;;;;;;;;;;;;;;;
 ;03:07:33;3.306;0.183;122.8;32.7;;;;;;;;;;;;;;;;;;
 ;03:07:34;3.302;0.188;122.8;32.7;;;;;;;;;;;;;;;;;;
 ;03:07:35;3.304;0.183;122.9;32.7;;;;;;;;;;;;;;;;;;
 ;03:07:36;3.310;0.175;122.9;32.7;;;;;;;;;;;;;;;;;;
 ;03:07:37;3.307;0.180;123.0;32.7;;;;;;;;;;;;;;;;;;
 ;03:07:38;3.303;0.185;123.0;32.7;;;;;;;;;;;;;;;;;;
 ;03:07:39;3.300;0.189;123.1;32.7;;;;;;;;;;;;;;;;;;
 ;03:07:40;3.301;0.186;123.1;32.7;;;;;;;;;;;;;;;;;;
 ;03:07:41;3.309;0.175;123.2;32.7;;;;;;;;;;;;;;;;;;
 ;03:07:42;3.308;0.178;123.2;32.7;;;;;;;;;;;;;;;;;;
 ;03:07:43;3.305;0.183;123.3;32.7;;;;;;;;;;;;;;;;;;
 ;03:07:44;3.301;0.187;123.3;32.7;;;;;;;;;;;;;;;;;;
 ;03:07:45;3.300;0.189;123.4;32.7;;;;;;;;;;;;;;;;;;
 ;03:07:46;3.303;0.183;123.4;32.7;;;;;;;;;;;;;;;;;;
 ;03:07:47;3.310;0.173;123.5;32.7;;;;;;;;;;;;;;;;;;
 ;03:07:48;3.307;0.178;123.5;32.7;;;;;;;;;;;;;;;;;;
 ;03:07:49;3.303;0.184;123.6;32.7;;;;;;;;;;;;;;;;;;
 ;03:07:50;3.301;0.186;123.6;32.7;;;;;;;;;;;;;;;;;;
 ;03:07:51;3.308;0.176;123.7;32.7;;;;;;;;;;;;;;;;;;
 ;03:07:52;3.309;0.176;123.7;32.7;;;;;;;;;;;;;;;;;;
 ;03:07:53;3.305;0.181;123.8;32.7;;;;;;;;;;;;;;;;;;
 ;03:07:54;3.301;0.186;123.8;32.7;;;;;;;;;;;;;;;;;;
 ;03:07:55;3.300;0.187;123.9;32.7;;;;;;;;;;;;;;;;;;
 ;03:07:56;3.306;0.176;123.9;32.7;;;;;;;;;;;;;;;;;;
 ;03:07:57;3.310;0.174;124.0;32.7;;;;;;;;;;;;;;;;;;
 ;03:07:58;3.306;0.179;124.0;32.7;;;;;;;;;;;;;;;;;;
 ;03:07:59;3.302;0.184;124.1;32.7;;;;;;;;;;;;;;;;;;
 ;03:08:00;3.300;0.187;124.1;32.7;;;;;;;;;;;;;;;;;;
 ;03:08:01;3.300;0.187;124.2;32.7;;;;;;;;;;;;;;;;;;
 ;03:08:02;3.306;0.176;124.2;32.7;;;;;;;;;;;;;;;;;;
 ;03:08:03;3.309;0.173;124.3;32.7;;;;;;;;;;;;;;;;;;
 ;03:08:04;3.306;0.179;124.3;32.7;;;;;;;;;;;;;;;;;;
 ;03:08:05;3.302;0.184;124.4;32.7;;;;;;;;;;;;;;;;;;
 ;03:08:06;3.300;0.186;124.4;32.7;;;;;;;;;;;;;;;;;;
 ;03:08:07;3.300;0.184;124.5;32.7;;;;;;;;;;;;;;;;;;
 ;03:08:08;3.308;0.173;124.5;32.7;;;;;;;;;;;;;;;;;;
 ;03:08:09;3.309;0.173;124.6;32.7;;;;;;;;;;;;;;;;;;
 ;03:08:10;3.305;0.179;124.6;32.7;;;;;;;;;;;;;;;;;;
 ;03:08:11;3.301;0.184;124.7;32.7;;;;;;;;;;;;;;;;;;
 ;03:08:12;3.304;0.177;124.7;32.7;;;;;;;;;;;;;;;;;;
 ;03:08:13;3.310;0.170;124.8;32.7;;;;;;;;;;;;;;;;;;
 ;03:08:14;3.307;0.176;124.8;32.7;;;;;;;;;;;;;;;;;;
 ;03:08:15;3.303;0.181;124.9;32.7;;;;;;;;;;;;;;;;;;
 ;03:08:16;3.300;0.184;124.9;32.7;;;;;;;;;;;;;;;;;;
 ;03:08:17;3.302;0.180;125.0;32.7;;;;;;;;;;;;;;;;;;
 ;03:08:18;3.310;0.169;125.0;32.7;;;;;;;;;;;;;;;;;;
 ;03:08:19;3.308;0.173;125.1;32.7;;;;;;;;;;;;;;;;;;
 ;03:08:20;3.304;0.179;125.1;32.7;;;;;;;;;;;;;;;;;;
 ;03:08:21;3.300;0.183;125.2;32.7;;;;;;;;;;;;;;;;;;
 ;03:08:22;3.307;0.172;125.2;32.7;;;;;;;;;;;;;;;;;;
 ;03:08:23;3.309;0.171;125.3;32.7;;;;;;;;;;;;;;;;;;
 ;03:08:24;3.305;0.177;125.3;32.7;;;;;;;;;;;;;;;;;;
 ;03:08:25;3.301;0.182;125.4;32.7;;;;;;;;;;;;;;;;;;
 ;03:08:26;3.300;0.182;125.4;32.7;;;;;;;;;;;;;;;;;;
 ;03:08:27;3.308;0.171;125.5;32.7;;;;;;;;;;;;;;;;;;
 ;03:08:28;3.309;0.171;125.5;32.7;;;;;;;;;;;;;;;;;;
 ;03:08:29;3.305;0.176;125.6;32.7;;;;;;;;;;;;;;;;;;
 ;03:08:30;3.301;0.181;125.6;32.7;;;;;;;;;;;;;;;;;;
 ;03:08:31;3.300;0.183;125.7;32.7;;;;;;;;;;;;;;;;;;
 ;03:08:32;3.303;0.177;125.7;32.7;;;;;;;;;;;;;;;;;;
 ;03:08:33;3.310;0.167;125.8;32.7;;;;;;;;;;;;;;;;;;
 ;03:08:34;3.307;0.172;125.8;32.7;;;;;;;;;;;;;;;;;;
 ;03:08:35;3.303;0.178;125.9;32.7;;;;;;;;;;;;;;;;;;
 ;03:08:36;3.301;0.179;125.9;32.7;;;;;;;;;;;;;;;;;;
 ;03:08:37;3.308;0.169;126.0;32.7;;;;;;;;;;;;;;;;;;
 ;03:08:38;3.309;0.170;126.0;32.7;;;;;;;;;;;;;;;;;;
 ;03:08:39;3.305;0.176;126.1;32.7;;;;;;;;;;;;;;;;;;
 ;03:08:40;3.301;0.181;126.1;32.7;;;;;;;;;;;;;;;;;;
 ;03:08:41;3.300;0.181;126.2;32.7;;;;;;;;;;;;;;;;;;
 ;03:08:42;3.308;0.169;126.2;32.7;;;;;;;;;;;;;;;;;;
 ;03:08:43;3.309;0.169;126.3;32.7;;;;;;;;;;;;;;;;;;
 ;03:08:44;3.305;0.174;126.3;32.7;;;;;;;;;;;;;;;;;;
 ;03:08:45;3.301;0.179;126.4;32.7;;;;;;;;;;;;;;;;;;
 ;03:08:46;3.300;0.181;126.4;32.7;;;;;;;;;;;;;;;;;;
 ;03:08:47;3.302;0.176;126.5;32.7;;;;;;;;;;;;;;;;;;
 ;03:08:48;3.310;0.166;126.5;32.7;;;;;;;;;;;;;;;;;;
 ;03:08:49;3.308;0.170;126.6;32.7;;;;;;;;;;;;;;;;;;
 ;03:08:50;3.304;0.175;126.6;32.7;;;;;;;;;;;;;;;;;;
 ;03:08:51;3.301;0.178;126.7;32.7;;;;;;;;;;;;;;;;;;
 ;03:08:52;3.308;0.167;126.7;32.7;;;;;;;;;;;;;;;;;;
 ;03:08:53;3.309;0.168;126.7;32.7;;;;;;;;;;;;;;;;;;
 ;03:08:54;3.305;0.173;126.8;32.7;;;;;;;;;;;;;;;;;;
 ;03:08:55;3.301;0.178;126.8;32.7;;;;;;;;;;;;;;;;;;
 ;03:08:56;3.300;0.180;126.9;32.7;;;;;;;;;;;;;;;;;;
 ;03:08:57;3.306;0.168;126.9;32.7;;;;;;;;;;;;;;;;;;
 ;03:08:58;3.310;0.166;127.0;32.7;;;;;;;;;;;;;;;;;;
 ;03:08:59;3.306;0.171;127.0;32.7;;;;;;;;;;;;;;;;;;
 ;03:09:00;3.302;0.176;127.1;32.7;;;;;;;;;;;;;;;;;;
 ;03:09:01;3.300;0.179;127.1;32.7;;;;;;;;;;;;;;;;;;
 ;03:09:02;3.301;0.176;127.2;32.7;;;;;;;;;;;;;;;;;;
 ;03:09:03;3.308;0.165;127.2;32.7;;;;;;;;;;;;;;;;;;
 ;03:09:04;3.309;0.167;127.3;32.7;;;;;;;;;;;;;;;;;;
 ;03:09:05;3.305;0.172;127.3;32.7;;;;;;;;;;;;;;;;;;
 ;03:09:06;3.301;0.177;127.4;32.7;;;;;;;;;;;;;;;;;;
 ;03:09:07;3.306;0.167;127.4;32.7;;;;;;;;;;;;;;;;;;
 ;03:09:08;3.310;0.165;127.5;32.7;;;;;;;;;;;;;;;;;;
 ;03:09:09;3.306;0.170;127.5;32.7;;;;;;;;;;;;;;;;;;
 ;03:09:10;3.302;0.175;127.6;32.7;;;;;;;;;;;;;;;;;;
 ;03:09:11;3.300;0.178;127.6;32.7;;;;;;;;;;;;;;;;;;
 ;03:09:12;3.304;0.169;127.7;32.7;;;;;;;;;;;;;;;;;;
 ;03:09:13;3.310;0.162;127.7;32.7;;;;;;;;;;;;;;;;;;
 ;03:09:14;3.307;0.168;127.7;32.7;;;;;;;;;;;;;;;;;;
 ;03:09:15;3.303;0.173;127.8;32.7;;;;;;;;;;;;;;;;;;
 ;03:09:16;3.300;0.177;127.8;32.7;;;;;;;;;;;;;;;;;;
 ;03:09:17;3.300;0.178;127.9;32.7;;;;;;;;;;;;;;;;;;
 ;03:09:18;3.306;0.167;127.9;32.7;;;;;;;;;;;;;;;;;;
 ;03:09:19;3.310;0.163;128.0;32.6;;;;;;;;;;;;;;;;;;
 ;03:09:20;3.306;0.168;128.0;32.7;;;;;;;;;;;;;;;;;;
 ;03:09:21;3.302;0.174;128.1;32.7;;;;;;;;;;;;;;;;;;
 ;03:09:22;3.303;0.171;128.1;32.7;;;;;;;;;;;;;;;;;;
 ;03:09:23;3.310;0.160;128.2;32.6;;;;;;;;;;;;;;;;;;
 ;03:09:24;3.308;0.166;128.2;32.6;;;;;;;;;;;;;;;;;;
 ;03:09:25;3.304;0.171;128.3;32.6;;;;;;;;;;;;;;;;;;
 ;03:09:26;3.300;0.175;128.3;32.6;;;;;;;;;;;;;;;;;;
 ;03:09:27;3.300;0.174;128.4;32.6;;;;;;;;;;;;;;;;;;
 ;03:09:28;3.308;0.163;128.4;32.6;;;;;;;;;;;;;;;;;;
 ;03:09:29;3.309;0.163;128.5;32.6;;;;;;;;;;;;;;;;;;
 ;03:09:30;3.305;0.168;128.5;32.6;;;;;;;;;;;;;;;;;;
 ;03:09:31;3.301;0.173;128.6;32.6;;;;;;;;;;;;;;;;;;
 ;03:09:32;3.306;0.166;128.6;32.6;;;;;;;;;;;;;;;;;;
 ;03:09:33;3.310;0.161;128.6;32.6;;;;;;;;;;;;;;;;;;
 ;03:09:34;3.306;0.167;128.7;32.6;;;;;;;;;;;;;;;;;;
 ;03:09:35;3.302;0.172;128.7;32.6;;;;;;;;;;;;;;;;;;
 ;03:09:36;3.300;0.174;128.8;32.6;;;;;;;;;;;;;;;;;;
 ;03:09:37;3.305;0.166;128.8;32.6;;;;;;;;;;;;;;;;;;
 ;03:09:38;3.310;0.160;128.9;32.6;;;;;;;;;;;;;;;;;;
 ;03:09:39;3.307;0.165;128.9;32.6;;;;;;;;;;;;;;;;;;
 ;03:09:40;3.303;0.171;129.0;32.6;;;;;;;;;;;;;;;;;;
 ;03:09:41;3.300;0.173;129.0;32.6;;;;;;;;;;;;;;;;;;
 ;03:09:42;3.300;0.172;129.1;32.6;;;;;;;;;;;;;;;;;;
 ;03:09:43;3.308;0.161;129.1;32.6;;;;;;;;;;;;;;;;;;
 ;03:09:44;3.309;0.161;129.2;32.6;;;;;;;;;;;;;;;;;;
 ;03:09:45;3.305;0.167;129.2;32.6;;;;;;;;;;;;;;;;;;
 ;03:09:46;3.301;0.172;129.3;32.6;;;;;;;;;;;;;;;;;;
 ;03:09:47;3.305;0.165;129.3;32.6;;;;;;;;;;;;;;;;;;
 ;03:09:48;3.310;0.159;129.3;32.6;;;;;;;;;;;;;;;;;;
 ;03:09:49;3.307;0.164;129.4;32.6;;;;;;;;;;;;;;;;;;
 ;03:09:50;3.302;0.170;129.4;32.6;;;;;;;;;;;;;;;;;;
 ;03:09:51;3.300;0.173;129.5;32.6;;;;;;;;;;;;;;;;;;
 ;03:09:52;3.303;0.167;129.5;32.6;;;;;;;;;;;;;;;;;;
 ;03:09:53;3.310;0.156;129.6;32.6;;;;;;;;;;;;;;;;;;
 ;03:09:54;3.308;0.162;129.6;32.6;;;;;;;;;;;;;;;;;;
 ;03:09:55;3.304;0.167;129.7;32.6;;;;;;;;;;;;;;;;;;
 ;03:09:56;3.301;0.170;129.7;32.6;;;;;;;;;;;;;;;;;;
 ;03:09:57;3.308;0.160;129.8;32.6;;;;;;;;;;;;;;;;;;
 ;03:09:58;3.309;0.160;129.8;32.6;;;;;;;;;;;;;;;;;;
 ;03:09:59;3.305;0.165;129.8;32.6;;;;;;;;;;;;;;;;;;
 ;03:10:00;3.301;0.170;129.9;32.6;;;;;;;;;;;;;;;;;;
 ;03:10:01;3.299;0.173;129.9;32.6;;;;;;;;;;;;;;;;;;
 ;03:10:02;3.307;0.160;130.0;32.6;;;;;;;;;;;;;;;;;;
 ;03:10:03;3.309;0.158;130.0;32.6;;;;;;;;;;;;;;;;;;
 ;03:10:04;3.306;0.164;130.1;32.6;;;;;;;;;;;;;;;;;;
 ;03:10:05;3.302;0.169;130.1;32.6;;;;;;;;;;;;;;;;;;
 ;03:10:06;3.300;0.171;130.2;32.6;;;;;;;;;;;;;;;;;;
 ;03:10:07;3.301;0.167;130.2;32.6;;;;;;;;;;;;;;;;;;
 ;03:10:08;3.309;0.156;130.3;32.6;;;;;;;;;;;;;;;;;;
 ;03:10:09;3.308;0.159;130.3;32.6;;;;;;;;;;;;;;;;;;
 ;03:10:10;3.304;0.165;130.4;32.6;;;;;;;;;;;;;;;;;;
 ;03:10:11;3.300;0.169;130.4;32.6;;;;;;;;;;;;;;;;;;
 ;03:10:12;3.307;0.159;130.4;32.6;;;;;;;;;;;;;;;;;;
 ;03:10:13;3.309;0.157;130.5;32.6;;;;;;;;;;;;;;;;;;
 ;03:10:14;3.306;0.163;130.5;32.6;;;;;;;;;;;;;;;;;;
 ;03:10:15;3.301;0.168;130.6;32.6;;;;;;;;;;;;;;;;;;
 ;03:10:16;3.300;0.170;130.6;32.6;;;;;;;;;;;;;;;;;;
 ;03:10:17;3.306;0.159;130.7;32.6;;;;;;;;;;;;;;;;;;
 ;03:10:18;3.310;0.155;130.7;32.6;;;;;;;;;;;;;;;;;;
 ;03:10:19;3.306;0.161;130.8;32.6;;;;;;;;;;;;;;;;;;
 ;03:10:20;3.302;0.166;130.8;32.6;;;;;;;;;;;;;;;;;;
 ;03:10:21;3.302;0.165;130.8;32.6;;;;;;;;;;;;;;;;;;
 ;03:10:22;3.310;0.154;130.9;32.6;;;;;;;;;;;;;;;;;;
 ;03:10:23;3.308;0.158;130.9;32.6;;;;;;;;;;;;;;;;;;
 ;03:10:24;3.304;0.164;131.0;32.6;;;;;;;;;;;;;;;;;;
 ;03:10:25;3.300;0.168;131.0;32.6;;;;;;;;;;;;;;;;;;
 ;03:10:26;3.302;0.164;131.1;32.6;;;;;;;;;;;;;;;;;;
 ;03:10:27;3.310;0.153;131.1;32.6;;;;;;;;;;;;;;;;;;
 ;03:10:28;3.308;0.157;131.2;32.6;;;;;;;;;;;;;;;;;;
 ;03:10:29;3.304;0.163;131.2;32.6;;;;;;;;;;;;;;;;;;
 ;03:10:30;3.300;0.167;131.3;32.6;;;;;;;;;;;;;;;;;;
 ;03:10:31;3.300;0.168;131.3;32.6;;;;;;;;;;;;;;;;;;
 ;03:10:32;3.304;0.160;131.3;32.6;;;;;;;;;;;;;;;;;;
 ;03:10:33;3.310;0.153;131.4;32.6;;;;;;;;;;;;;;;;;;
 ;03:10:34;3.307;0.158;131.4;32.6;;;;;;;;;;;;;;;;;;
 ;03:10:35;3.303;0.164;131.5;32.6;;;;;;;;;;;;;;;;;;
 ;03:10:36;3.302;0.164;131.5;32.6;;;;;;;;;;;;;;;;;;
 ;03:10:37;3.308;0.153;131.6;32.6;;;;;;;;;;;;;;;;;;
 ;03:10:38;3.308;0.156;131.6;32.6;;;;;;;;;;;;;;;;;;
 ;03:10:39;3.305;0.161;131.7;32.6;;;;;;;;;;;;;;;;;;
 ;03:10:40;3.301;0.166;131.7;32.6;;;;;;;;;;;;;;;;;;
 ;03:10:41;3.300;0.168;131.7;32.6;;;;;;;;;;;;;;;;;;
 ;03:10:42;3.307;0.155;131.8;32.6;;;;;;;;;;;;;;;;;;
 ;03:10:43;3.310;0.154;131.8;32.6;;;;;;;;;;;;;;;;;;
 ;03:10:44;3.306;0.159;131.9;32.6;;;;;;;;;;;;;;;;;;
 ;03:10:45;3.302;0.164;131.9;32.6;;;;;;;;;;;;;;;;;;
 ;03:10:46;3.304;0.159;132.0;32.6;;;;;;;;;;;;;;;;;;
 ;03:10:47;3.310;0.151;132.0;32.6;;;;;;;;;;;;;;;;;;
 ;03:10:48;3.307;0.157;132.1;32.6;;;;;;;;;;;;;;;;;;
 ;03:10:49;3.303;0.162;132.1;32.6;;;;;;;;;;;;;;;;;;
 ;03:10:50;3.300;0.165;132.1;32.6;;;;;;;;;;;;;;;;;;
 ;03:10:51;3.304;0.158;132.2;32.6;;;;;;;;;;;;;;;;;;
 ;03:10:52;3.310;0.150;132.2;32.6;;;;;;;;;;;;;;;;;;
 ;03:10:53;3.307;0.156;132.3;32.6;;;;;;;;;;;;;;;;;;
 ;03:10:54;3.303;0.161;132.3;32.6;;;;;;;;;;;;;;;;;;
 ;03:10:55;3.301;0.161;132.4;32.6;;;;;;;;;;;;;;;;;;
 ;03:10:56;3.309;0.151;132.4;32.6;;;;;;;;;;;;;;;;;;
 ;03:10:57;3.309;0.154;132.4;32.6;;;;;;;;;;;;;;;;;;
 ;03:10:58;3.304;0.159;132.5;32.6;;;;;;;;;;;;;;;;;;
 ;03:10:59;3.301;0.164;132.5;32.6;;;;;;;;;;;;;;;;;;
 ;03:11:00;3.302;0.161;132.6;32.6;;;;;;;;;;;;;;;;;;
 ;03:11:01;3.309;0.150;132.6;32.6;;;;;;;;;;;;;;;;;;
 ;03:11:02;3.309;0.153;132.7;32.6;;;;;;;;;;;;;;;;;;
 ;03:11:03;3.305;0.158;132.7;32.5;;;;;;;;;;;;;;;;;;
 ;03:11:04;3.301;0.163;132.8;32.5;;;;;;;;;;;;;;;;;;
 ;03:11:05;3.300;0.164;132.8;32.5;;;;;;;;;;;;;;;;;;
 ;03:11:06;3.304;0.156;132.8;32.5;;;;;;;;;;;;;;;;;;
 ;03:11:07;3.310;0.149;132.9;32.5;;;;;;;;;;;;;;;;;;
 ;03:11:08;3.307;0.154;132.9;32.5;;;;;;;;;;;;;;;;;;
 ;03:11:09;3.303;0.160;133.0;32.5;;;;;;;;;;;;;;;;;;
 ;03:11:10;3.302;0.160;133.0;32.5;;;;;;;;;;;;;;;;;;
 ;03:11:11;3.309;0.149;133.1;32.5;;;;;;;;;;;;;;;;;;
 ;03:11:12;3.308;0.152;133.1;32.5;;;;;;;;;;;;;;;;;;
 ;03:11:13;3.305;0.157;133.1;32.5;;;;;;;;;;;;;;;;;;
 ;03:11:14;3.301;0.162;133.2;32.5;;;;;;;;;;;;;;;;;;
 ;03:11:15;3.300;0.163;133.2;32.5;;;;;;;;;;;;;;;;;;
 ;03:11:16;3.306;0.153;133.3;32.5;;;;;;;;;;;;;;;;;;
 ;03:11:17;3.310;0.149;133.3;32.5;;;;;;;;;;;;;;;;;;
 ;03:11:18;3.306;0.154;133.4;32.5;;;;;;;;;;;;;;;;;;
 ;03:11:19;3.302;0.160;133.4;32.5;;;;;;;;;;;;;;;;;;
 ;03:11:20;3.300;0.163;133.5;32.5;;;;;;;;;;;;;;;;;;
 ;03:11:21;3.299;0.161;133.5;32.5;;;;;;;;;;;;;;;;;;
 ;03:11:22;3.308;0.149;133.5;32.5;;;;;;;;;;;;;;;;;;
 ;03:11:23;3.309;0.149;133.6;32.5;;;;;;;;;;;;;;;;;;
 ;03:11:24;3.305;0.155;133.6;32.5;;;;;;;;;;;;;;;;;;
 ;03:11:25;3.301;0.160;133.7;32.5;;;;;;;;;;;;;;;;;;
 ;03:11:26;3.304;0.154;133.7;32.5;;;;;;;;;;;;;;;;;;
 ;03:11:27;3.310;0.146;133.8;32.5;;;;;;;;;;;;;;;;;;
 ;03:11:28;3.307;0.152;133.8;32.5;;;;;;;;;;;;;;;;;;
 ;03:11:29;3.303;0.157;133.8;32.5;;;;;;;;;;;;;;;;;;
 ;03:11:30;3.300;0.160;133.9;32.5;;;;;;;;;;;;;;;;;;
 ;03:11:31;3.299;0.159;133.9;32.5;;;;;;;;;;;;;;;;;;
 ;03:11:32;3.308;0.148;134.0;32.5;;;;;;;;;;;;;;;;;;
 ;03:11:33;3.309;0.148;134.0;32.5;;;;;;;;;;;;;;;;;;
 ;03:11:34;3.305;0.154;134.1;32.5;;;;;;;;;;;;;;;;;;
 ;03:11:35;3.301;0.159;134.1;32.5;;;;;;;;;;;;;;;;;;
 ;03:11:36;3.305;0.151;134.1;32.5;;;;;;;;;;;;;;;;;;
 ;03:11:37;3.310;0.146;134.2;32.5;;;;;;;;;;;;;;;;;;
 ;03:11:38;3.307;0.151;134.2;32.5;;;;;;;;;;;;;;;;;;
 ;03:11:39;3.303;0.157;134.3;32.5;;;;;;;;;;;;;;;;;;
 ;03:11:40;3.300;0.159;134.3;32.5;;;;;;;;;;;;;;;;;;
 ;03:11:41;3.302;0.155;134.4;32.5;;;;;;;;;;;;;;;;;;
 ;03:11:42;3.310;0.144;134.4;32.5;;;;;;;;;;;;;;;;;;
 ;03:11:43;3.309;0.149;134.4;32.5;;;;;;;;;;;;;;;;;;
 ;03:11:44;3.304;0.154;134.5;32.5;;;;;;;;;;;;;;;;;;
 ;03:11:45;3.301;0.159;134.5;32.5;;;;;;;;;;;;;;;;;;
 ;03:11:46;3.306;0.149;134.6;32.5;;;;;;;;;;;;;;;;;;
 ;03:11:47;3.310;0.145;134.6;32.5;;;;;;;;;;;;;;;;;;
 ;03:11:48;3.306;0.151;134.6;32.5;;;;;;;;;;;;;;;;;;
 ;03:11:49;3.303;0.156;134.7;32.5;;;;;;;;;;;;;;;;;;
 ;03:11:50;3.300;0.158;134.7;32.5;;;;;;;;;;;;;;;;;;
 ;03:11:51;3.303;0.152;134.8;32.5;;;;;;;;;;;;;;;;;;
 ;03:11:52;3.311;0.143;134.8;32.5;;;;;;;;;;;;;;;;;;
 ;03:11:53;3.308;0.148;134.9;32.5;;;;;;;;;;;;;;;;;;
 ;03:11:54;3.304;0.154;134.9;32.5;;;;;;;;;;;;;;;;;;
 ;03:11:55;3.300;0.157;134.9;32.5;;;;;;;;;;;;;;;;;;
 ;03:11:56;3.307;0.146;135.0;32.5;;;;;;;;;;;;;;;;;;
 ;03:11:57;3.309;0.146;135.0;32.5;;;;;;;;;;;;;;;;;;
 ;03:11:58;3.306;0.151;135.1;32.5;;;;;;;;;;;;;;;;;;
 ;03:11:59;3.302;0.156;135.1;32.5;;;;;;;;;;;;;;;;;;
 ;03:12:00;3.300;0.158;135.2;32.5;;;;;;;;;;;;;;;;;;
 ;03:12:01;3.305;0.148;135.2;32.5;;;;;;;;;;;;;;;;;;
 ;03:12:02;3.310;0.144;135.2;32.5;;;;;;;;;;;;;;;;;;
 ;03:12:03;3.306;0.149;135.3;32.5;;;;;;;;;;;;;;;;;;
 ;03:12:04;3.302;0.155;135.3;32.5;;;;;;;;;;;;;;;;;;
 ;03:12:05;3.303;0.150;135.4;32.5;;;;;;;;;;;;;;;;;;
 ;03:12:06;3.310;0.142;135.4;32.5;;;;;;;;;;;;;;;;;;
 ;03:12:07;3.308;0.147;135.4;32.5;;;;;;;;;;;;;;;;;;
 ;03:12:08;3.304;0.153;135.5;32.5;;;;;;;;;;;;;;;;;;
 ;03:12:09;3.300;0.157;135.5;32.5;;;;;;;;;;;;;;;;;;
 ;03:12:10;3.302;0.153;135.6;32.5;;;;;;;;;;;;;;;;;;
 ;03:12:11;3.309;0.141;135.6;32.5;;;;;;;;;;;;;;;;;;
 ;03:12:12;3.309;0.145;135.7;32.5;;;;;;;;;;;;;;;;;;
 ;03:12:13;3.305;0.151;135.7;32.5;;;;;;;;;;;;;;;;;;
 ;03:12:14;3.301;0.155;135.7;32.5;;;;;;;;;;;;;;;;;;
 ;03:12:15;3.300;0.157;135.8;32.5;;;;;;;;;;;;;;;;;;
 ;03:12:16;3.302;0.151;135.8;32.5;;;;;;;;;;;;;;;;;;
 ;03:12:17;3.310;0.140;135.9;32.5;;;;;;;;;;;;;;;;;;
 ;03:12:18;3.308;0.145;135.9;32.5;;;;;;;;;;;;;;;;;;
 ;03:12:19;3.304;0.151;135.9;32.5;;;;;;;;;;;;;;;;;;
 ;03:12:20;3.300;0.155;136.0;32.5;;;;;;;;;;;;;;;;;;
 ;03:12:21;3.306;0.145;136.0;32.5;;;;;;;;;;;;;;;;;;
 ;03:12:22;3.310;0.142;136.1;32.5;;;;;;;;;;;;;;;;;;
 ;03:12:23;3.306;0.147;136.1;32.5;;;;;;;;;;;;;;;;;;
 ;03:12:24;3.302;0.153;136.2;32.5;;;;;;;;;;;;;;;;;;
 ;03:12:25;3.300;0.155;136.2;32.5;;;;;;;;;;;;;;;;;;
 ;03:12:26;3.301;0.150;136.2;32.5;;;;;;;;;;;;;;;;;;
 ;03:12:27;3.309;0.140;136.3;32.5;;;;;;;;;;;;;;;;;;
 ;03:12:28;3.308;0.144;136.3;32.5;;;;;;;;;;;;;;;;;;
 ;03:12:29;3.304;0.150;136.4;32.5;;;;;;;;;;;;;;;;;;
 ;03:12:30;3.301;0.154;136.4;32.5;;;;;;;;;;;;;;;;;;
 ;03:12:31;3.306;0.144;136.4;32.5;;;;;;;;;;;;;;;;;;
 ;03:12:32;3.310;0.141;136.5;32.5;;;;;;;;;;;;;;;;;;
 ;03:12:33;3.306;0.146;136.5;32.5;;;;;;;;;;;;;;;;;;
 ;03:12:34;3.302;0.152;136.6;32.5;;;;;;;;;;;;;;;;;;
 ;03:12:35;3.300;0.154;136.6;32.5;;;;;;;;;;;;;;;;;;
 ;03:12:36;3.303;0.147;136.6;32.5;;;;;;;;;;;;;;;;;;
 ;03:12:37;3.310;0.139;136.7;32.5;;;;;;;;;;;;;;;;;;
 ;03:12:38;3.308;0.144;136.7;32.5;;;;;;;;;;;;;;;;;;
 ;03:12:39;3.304;0.150;136.8;32.5;;;;;;;;;;;;;;;;;;
 ;03:12:40;3.300;0.152;136.8;32.5;;;;;;;;;;;;;;;;;;
 ;03:12:41;3.307;0.141;136.8;32.5;;;;;;;;;;;;;;;;;;
 ;03:12:42;3.309;0.141;136.9;32.5;;;;;;;;;;;;;;;;;;
 ;03:12:43;3.306;0.146;136.9;32.5;;;;;;;;;;;;;;;;;;
 ;03:12:44;3.302;0.151;137.0;32.5;;;;;;;;;;;;;;;;;;
 ;03:12:45;3.300;0.153;137.0;32.5;;;;;;;;;;;;;;;;;;
 ;03:12:46;3.304;0.145;137.1;32.5;;;;;;;;;;;;;;;;;;
 ;03:12:47;3.310;0.138;137.1;32.5;;;;;;;;;;;;;;;;;;
 ;03:12:48;3.307;0.143;137.1;32.5;;;;;;;;;;;;;;;;;;
 ;03:12:49;3.303;0.149;137.2;32.5;;;;;;;;;;;;;;;;;;
 ;03:12:50;3.301;0.149;137.2;32.5;;;;;;;;;;;;;;;;;;
 ;03:12:51;3.309;0.138;137.3;32.5;;;;;;;;;;;;;;;;;;
 ;03:12:52;3.309;0.141;137.3;32.5;;;;;;;;;;;;;;;;;;
 ;03:12:53;3.305;0.146;137.3;32.5;;;;;;;;;;;;;;;;;;
 ;03:12:54;3.301;0.151;137.4;32.5;;;;;;;;;;;;;;;;;;
 ;03:12:55;3.300;0.153;137.4;32.5;;;;;;;;;;;;;;;;;;
 ;03:12:56;3.305;0.142;137.5;32.5;;;;;;;;;;;;;;;;;;
 ;03:12:57;3.310;0.138;137.5;32.5;;;;;;;;;;;;;;;;;;
 ;03:12:58;3.307;0.143;137.5;32.5;;;;;;;;;;;;;;;;;;
 ;03:12:59;3.302;0.149;137.6;32.5;;;;;;;;;;;;;;;;;;
 ;03:13:00;3.303;0.145;137.6;32.4;;;;;;;;;;;;;;;;;;
 ;03:13:01;3.311;0.136;137.7;32.4;;;;;;;;;;;;;;;;;;
 ;03:13:02;3.308;0.141;137.7;32.4;;;;;;;;;;;;;;;;;;
 ;03:13:03;3.304;0.147;137.7;32.4;;;;;;;;;;;;;;;;;;
 ;03:13:04;3.300;0.151;137.8;32.4;;;;;;;;;;;;;;;;;;
 ;03:13:05;3.300;0.149;137.8;32.4;;;;;;;;;;;;;;;;;;
 ;03:13:06;3.308;0.137;137.9;32.4;;;;;;;;;;;;;;;;;;
 ;03:13:07;3.309;0.139;137.9;32.4;;;;;;;;;;;;;;;;;;
 ;03:13:08;3.305;0.144;137.9;32.4;;;;;;;;;;;;;;;;;;
 ;03:13:09;3.301;0.150;138.0;32.4;;;;;;;;;;;;;;;;;;
 ;03:13:10;3.304;0.142;138.0;32.4;;;;;;;;;;;;;;;;;;
 ;03:13:11;3.310;0.136;138.1;32.4;;;;;;;;;;;;;;;;;;
 ;03:13:12;3.307;0.141;138.1;32.4;;;;;;;;;;;;;;;;;;
 ;03:13:13;3.303;0.147;138.1;32.4;;;;;;;;;;;;;;;;;;
 ;03:13:14;3.300;0.149;138.2;32.4;;;;;;;;;;;;;;;;;;
 ;03:13:15;3.301;0.145;138.2;32.4;;;;;;;;;;;;;;;;;;
 ;03:13:16;3.309;0.135;138.3;32.4;;;;;;;;;;;;;;;;;;
 ;03:13:17;3.308;0.139;138.3;32.4;;;;;;;;;;;;;;;;;;
 ;03:13:18;3.304;0.144;138.3;32.4;;;;;;;;;;;;;;;;;;
 ;03:13:19;3.301;0.149;138.4;32.4;;;;;;;;;;;;;;;;;;
 ;03:13:20;3.307;0.138;138.4;32.4;;;;;;;;;;;;;;;;;;
 ;03:13:21;3.310;0.136;138.5;32.4;;;;;;;;;;;;;;;;;;
 ;03:13:22;3.306;0.142;138.5;32.4;;;;;;;;;;;;;;;;;;
 ;03:13:23;3.302;0.147;138.5;32.4;;;;;;;;;;;;;;;;;;
 ;03:13:24;3.300;0.149;138.6;32.4;;;;;;;;;;;;;;;;;;
 ;03:13:25;3.303;0.142;138.6;32.4;;;;;;;;;;;;;;;;;;
 ;03:13:26;3.310;0.134;138.7;32.4;;;;;;;;;;;;;;;;;;
 ;03:13:27;3.308;0.139;138.7;32.4;;;;;;;;;;;;;;;;;;
 ;03:13:28;3.304;0.144;138.7;32.4;;;;;;;;;;;;;;;;;;
 ;03:13:29;3.301;0.146;138.8;32.4;;;;;;;;;;;;;;;;;;
 ;03:13:30;3.308;0.135;138.8;32.4;;;;;;;;;;;;;;;;;;
 ;03:13:31;3.309;0.136;138.8;32.4;;;;;;;;;;;;;;;;;;
 ;03:13:32;3.305;0.142;138.9;32.4;;;;;;;;;;;;;;;;;;
 ;03:13:33;3.301;0.147;138.9;32.4;;;;;;;;;;;;;;;;;;
 ;03:13:34;3.300;0.148;139.0;32.4;;;;;;;;;;;;;;;;;;
 ;03:13:35;3.304;0.139;139.0;32.4;;;;;;;;;;;;;;;;;;
 ;03:13:36;3.310;0.134;139.0;32.4;;;;;;;;;;;;;;;;;;
 ;03:13:37;3.307;0.139;139.1;32.4;;;;;;;;;;;;;;;;;;
 ;03:13:38;3.303;0.144;139.1;32.4;;;;;;;;;;;;;;;;;;
 ;03:13:39;3.301;0.144;139.2;32.4;;;;;;;;;;;;;;;;;;
 ;03:13:40;3.308;0.133;139.2;32.4;;;;;;;;;;;;;;;;;;
 ;03:13:41;3.309;0.136;139.2;32.4;;;;;;;;;;;;;;;;;;
 ;03:13:42;3.305;0.141;139.3;32.4;;;;;;;;;;;;;;;;;;
 ;03:13:43;3.301;0.146;139.3;32.4;;;;;;;;;;;;;;;;;;
 ;03:13:44;3.300;0.148;139.4;32.4;;;;;;;;;;;;;;;;;;
 ;03:13:45;3.305;0.137;139.4;32.4;;;;;;;;;;;;;;;;;;
 ;03:13:46;3.310;0.133;139.4;32.4;;;;;;;;;;;;;;;;;;
 ;03:13:47;3.307;0.139;139.5;32.4;;;;;;;;;;;;;;;;;;
 ;03:13:48;3.302;0.144;139.5;32.4;;;;;;;;;;;;;;;;;;
 ;03:13:49;3.302;0.141;139.6;32.4;;;;;;;;;;;;;;;;;;
 ;03:13:50;3.310;0.130;139.6;32.4;;;;;;;;;;;;;;;;;;
 ;03:13:51;3.308;0.136;139.6;32.4;;;;;;;;;;;;;;;;;;
 ;03:13:52;3.304;0.141;139.7;32.4;;;;;;;;;;;;;;;;;;
 ;03:13:53;3.300;0.146;139.7;32.4;;;;;;;;;;;;;;;;;;
 ;03:13:54;3.300;0.147;139.7;32.4;;;;;;;;;;;;;;;;;;
 ;03:13:55;3.305;0.136;139.8;32.4;;;;;;;;;;;;;;;;;;
 ;03:13:56;3.310;0.132;139.8;32.4;;;;;;;;;;;;;;;;;;
 ;03:13:57;3.307;0.138;139.9;32.4;;;;;;;;;;;;;;;;;;
 ;03:13:58;3.302;0.143;139.9;32.4;;;;;;;;;;;;;;;;;;
 ;03:13:59;3.302;0.141;139.9;32.4;;;;;;;;;;;;;;;;;;
 ;03:14:00;3.309;0.130;140.0;32.4;;;;;;;;;;;;;;;;;;
 ;03:14:01;3.309;0.135;140.0;32.4;;;;;;;;;;;;;;;;;;
 ;03:14:02;3.305;0.140;140.1;32.4;;;;;;;;;;;;;;;;;;
 ;03:14:03;3.301;0.144;140.1;32.4;;;;;;;;;;;;;;;;;;
 ;03:14:04;3.300;0.145;140.1;32.4;;;;;;;;;;;;;;;;;;
 ;03:14:05;3.304;0.136;140.2;32.4;;;;;;;;;;;;;;;;;;
 ;03:14:06;3.310;0.130;140.2;32.4;;;;;;;;;;;;;;;;;;
 ;03:14:07;3.307;0.136;140.2;32.4;;;;;;;;;;;;;;;;;;
 ;03:14:08;3.303;0.141;140.3;32.4;;;;;;;;;;;;;;;;;;
 ;03:14:09;3.301;0.141;140.3;32.4;;;;;;;;;;;;;;;;;;
 ;03:14:10;3.308;0.130;140.4;32.4;;;;;;;;;;;;;;;;;;
 ;03:14:11;3.309;0.133;140.4;32.4;;;;;;;;;;;;;;;;;;
 ;03:14:12;3.305;0.139;140.4;32.4;;;;;;;;;;;;;;;;;;
 ;03:14:13;3.301;0.143;140.5;32.4;;;;;;;;;;;;;;;;;;
 ;03:14:14;3.300;0.144;140.5;32.4;;;;;;;;;;;;;;;;;;
 ;03:14:15;3.304;0.136;140.6;32.4;;;;;;;;;;;;;;;;;;
 ;03:14:16;3.310;0.129;140.6;32.4;;;;;;;;;;;;;;;;;;
 ;03:14:17;3.307;0.135;140.6;32.4;;;;;;;;;;;;;;;;;;
 ;03:14:18;3.303;0.140;140.7;32.4;;;;;;;;;;;;;;;;;;
 ;03:14:19;3.300;0.143;140.7;32.4;;;;;;;;;;;;;;;;;;
 ;03:14:20;3.306;0.132;140.7;32.4;;;;;;;;;;;;;;;;;;
 ;03:14:21;3.310;0.130;140.8;32.4;;;;;;;;;;;;;;;;;;
 ;03:14:22;3.306;0.136;140.8;32.4;;;;;;;;;;;;;;;;;;
 ;03:14:23;3.302;0.141;140.9;32.4;;;;;;;;;;;;;;;;;;
 ;03:14:24;3.300;0.143;140.9;32.4;;;;;;;;;;;;;;;;;;
 ;03:14:25;3.301;0.139;140.9;32.4;;;;;;;;;;;;;;;;;;
 ;03:14:26;3.309;0.128;141.0;32.4;;;;;;;;;;;;;;;;;;
 ;03:14:27;3.308;0.131;141.0;32.4;;;;;;;;;;;;;;;;;;
 ;03:14:28;3.304;0.138;141.0;32.4;;;;;;;;;;;;;;;;;;
 ;03:14:29;3.301;0.142;141.1;32.4;;;;;;;;;;;;;;;;;;
 ;03:14:30;3.306;0.132;141.1;32.4;;;;;;;;;;;;;;;;;;
 ;03:14:31;3.310;0.129;141.2;32.4;;;;;;;;;;;;;;;;;;
 ;03:14:32;3.306;0.135;141.2;32.4;;;;;;;;;;;;;;;;;;
 ;03:14:33;3.302;0.140;141.2;32.4;;;;;;;;;;;;;;;;;;
 ;03:14:34;3.305;0.134;141.3;32.4;;;;;;;;;;;;;;;;;;
 ;03:14:35;3.310;0.128;141.3;32.4;;;;;;;;;;;;;;;;;;
 ;03:14:36;3.307;0.134;141.3;32.4;;;;;;;;;;;;;;;;;;
 ;03:14:37;3.303;0.139;141.4;32.4;;;;;;;;;;;;;;;;;;
 ;03:14:38;3.300;0.142;141.4;32.4;;;;;;;;;;;;;;;;;;
 ;03:14:39;3.302;0.137;141.5;32.4;;;;;;;;;;;;;;;;;;
 ;03:14:40;3.310;0.125;141.5;32.4;;;;;;;;;;;;;;;;;;
 ;03:14:41;3.308;0.130;141.5;32.4;;;;;;;;;;;;;;;;;;
 ;03:14:42;3.304;0.136;141.6;32.4;;;;;;;;;;;;;;;;;;
 ;03:14:43;3.301;0.141;141.6;32.4;;;;;;;;;;;;;;;;;;
 ;03:14:44;3.307;0.130;141.6;32.4;;;;;;;;;;;;;;;;;;
 ;03:14:45;3.310;0.128;141.7;32.4;;;;;;;;;;;;;;;;;;
 ;03:14:46;3.306;0.134;141.7;32.4;;;;;;;;;;;;;;;;;;
 ;03:14:47;3.302;0.139;141.8;32.4;;;;;;;;;;;;;;;;;;
 ;03:14:48;3.300;0.142;141.8;32.4;;;;;;;;;;;;;;;;;;
 ;03:14:49;3.303;0.135;141.8;32.4;;;;;;;;;;;;;;;;;;
 ;03:14:50;3.310;0.125;141.9;32.3;;;;;;;;;;;;;;;;;;
 ;03:14:51;3.308;0.130;141.9;32.3;;;;;;;;;;;;;;;;;;
 ;03:14:52;3.304;0.136;141.9;32.3;;;;;;;;;;;;;;;;;;
 ;03:14:53;3.300;0.140;142.0;32.3;;;;;;;;;;;;;;;;;;
 ;03:14:54;3.307;0.128;142.0;32.3;;;;;;;;;;;;;;;;;;
 ;03:14:55;3.309;0.128;142.1;32.3;;;;;;;;;;;;;;;;;;
 ;03:14:56;3.306;0.134;142.1;32.3;;;;;;;;;;;;;;;;;;
 ;03:14:57;3.302;0.138;142.1;32.3;;;;;;;;;;;;;;;;;;
 ;03:14:58;3.300;0.140;142.2;32.3;;;;;;;;;;;;;;;;;;
 ;03:14:59;3.304;0.133;142.2;32.3;;;;;;;;;;;;;;;;;;
 ;03:15:00;3.310;0.125;142.2;32.3;;;;;;;;;;;;;;;;;;
 ;03:15:01;3.307;0.130;142.3;32.3;;;;;;;;;;;;;;;;;;
 ;03:15:02;3.303;0.136;142.3;32.3;;;;;;;;;;;;;;;;;;
 ;03:15:03;3.300;0.139;142.4;32.3;;;;;;;;;;;;;;;;;;
 ;03:15:04;3.307;0.127;142.4;32.3;;;;;;;;;;;;;;;;;;
 ;03:15:05;3.309;0.126;142.4;32.3;;;;;;;;;;;;;;;;;;
 ;03:15:06;3.306;0.133;142.5;32.3;;;;;;;;;;;;;;;;;;
 ;03:15:07;3.302;0.137;142.5;32.3;;;;;;;;;;;;;;;;;;
 ;03:15:08;3.300;0.139;142.5;32.3;;;;;;;;;;;;;;;;;;
 ;03:15:09;3.302;0.134;142.6;32.3;;;;;;;;;;;;;;;;;;
 ;03:15:10;3.310;0.123;142.6;32.3;;;;;;;;;;;;;;;;;;
 ;03:15:11;3.308;0.128;142.6;32.3;;;;;;;;;;;;;;;;;;
 ;03:15:12;3.304;0.134;142.7;32.3;;;;;;;;;;;;;;;;;;
 ;03:15:13;3.300;0.138;142.7;32.3;;;;;;;;;;;;;;;;;;
 ;03:15:14;3.306;0.128;142.8;32.3;;;;;;;;;;;;;;;;;;
 ;03:15:15;3.310;0.125;142.8;32.3;;;;;;;;;;;;;;;;;;
 ;03:15:16;3.307;0.130;142.8;32.3;;;;;;;;;;;;;;;;;;
 ;03:15:17;3.302;0.135;142.9;32.3;;;;;;;;;;;;;;;;;;
 ;03:15:18;3.304;0.130;142.9;32.3;;;;;;;;;;;;;;;;;;
 ;03:15:19;3.310;0.123;142.9;32.3;;;;;;;;;;;;;;;;;;
 ;03:15:20;3.307;0.129;143.0;32.3;;;;;;;;;;;;;;;;;;
 ;03:15:21;3.303;0.134;143.0;32.3;;;;;;;;;;;;;;;;;;
 ;03:15:22;3.300;0.137;143.0;32.3;;;;;;;;;;;;;;;;;;
 ;03:15:23;3.302;0.134;143.1;32.3;;;;;;;;;;;;;;;;;;
 ;03:15:24;3.309;0.123;143.1;32.3;;;;;;;;;;;;;;;;;;
 ;03:15:25;3.308;0.127;143.2;32.3;;;;;;;;;;;;;;;;;;
 ;03:15:26;3.304;0.133;143.2;32.3;;;;;;;;;;;;;;;;;;
 ;03:15:27;3.301;0.137;143.2;32.3;;;;;;;;;;;;;;;;;;
 ;03:15:28;3.306;0.127;143.3;32.3;;;;;;;;;;;;;;;;;;
 ;03:15:29;3.310;0.124;143.3;32.3;;;;;;;;;;;;;;;;;;
 ;03:15:30;3.306;0.129;143.3;32.3;;;;;;;;;;;;;;;;;;
 ;03:15:31;3.302;0.135;143.4;32.3;;;;;;;;;;;;;;;;;;
 ;03:15:32;3.300;0.138;143.4;32.3;;;;;;;;;;;;;;;;;;
 ;03:15:33;3.301;0.134;143.4;32.3;;;;;;;;;;;;;;;;;;
 ;03:15:34;3.309;0.122;143.5;32.3;;;;;;;;;;;;;;;;;;
 ;03:15:35;3.308;0.125;143.5;32.3;;;;;;;;;;;;;;;;;;
 ;03:15:36;3.304;0.131;143.6;32.3;;;;;;;;;;;;;;;;;;
 ;03:15:37;3.301;0.136;143.6;32.3;;;;;;;;;;;;;;;;;;
 ;03:15:38;3.306;0.126;143.6;32.3;;;;;;;;;;;;;;;;;;
 ;03:15:39;3.310;0.123;143.7;32.3;;;;;;;;;;;;;;;;;;
 ;03:15:40;3.306;0.129;143.7;32.3;;;;;;;;;;;;;;;;;;
 ;03:15:41;3.302;0.134;143.7;32.3;;;;;;;;;;;;;;;;;;
 ;03:15:42;3.304;0.129;143.8;32.3;;;;;;;;;;;;;;;;;;
 ;03:15:43;3.310;0.121;143.8;32.3;;;;;;;;;;;;;;;;;;
 ;03:15:44;3.307;0.127;143.8;32.3;;;;;;;;;;;;;;;;;;
 ;03:15:45;3.303;0.132;143.9;32.3;;;;;;;;;;;;;;;;;;
 ;03:15:46;3.300;0.136;143.9;32.3;;;;;;;;;;;;;;;;;;
 ;03:15:47;3.302;0.132;144.0;32.3;;;;;;;;;;;;;;;;;;
 ;03:15:48;3.310;0.119;144.0;32.3;;;;;;;;;;;;;;;;;;
 ;03:15:49;3.308;0.125;144.0;32.3;;;;;;;;;;;;;;;;;;
 ;03:15:50;3.304;0.130;144.1;32.3;;;;;;;;;;;;;;;;;;
 ;03:15:51;3.301;0.135;144.1;32.3;;;;;;;;;;;;;;;;;;
 ;03:15:52;3.307;0.124;144.1;32.3;;;;;;;;;;;;;;;;;;
 ;03:15:53;3.310;0.122;144.2;32.3;;;;;;;;;;;;;;;;;;
 ;03:15:54;3.306;0.128;144.2;32.3;;;;;;;;;;;;;;;;;;
 ;03:15:55;3.302;0.133;144.2;32.3;;;;;;;;;;;;;;;;;;
 ;03:15:56;3.300;0.136;144.3;32.3;;;;;;;;;;;;;;;;;;
 ;03:15:57;3.303;0.130;144.3;32.3;;;;;;;;;;;;;;;;;;
 ;03:15:58;3.310;0.119;144.3;32.3;;;;;;;;;;;;;;;;;;
 ;03:15:59;3.308;0.125;144.4;32.3;;;;;;;;;;;;;;;;;;
 ;03:16:00;3.304;0.130;144.4;32.3;;;;;;;;;;;;;;;;;;
 ;03:16:01;3.300;0.135;144.5;32.3;;;;;;;;;;;;;;;;;;
 ;03:16:02;3.307;0.123;144.5;32.3;;;;;;;;;;;;;;;;;;
 ;03:16:03;3.309;0.121;144.5;32.3;;;;;;;;;;;;;;;;;;
 ;03:16:04;3.306;0.127;144.6;32.3;;;;;;;;;;;;;;;;;;
 ;03:16:05;3.302;0.132;144.6;32.3;;;;;;;;;;;;;;;;;;
 ;03:16:06;3.300;0.134;144.6;32.3;;;;;;;;;;;;;;;;;;
 ;03:16:07;3.302;0.130;144.7;32.3;;;;;;;;;;;;;;;;;;
 ;03:16:08;3.309;0.120;144.7;32.3;;;;;;;;;;;;;;;;;;
 ;03:16:09;3.308;0.123;144.7;32.3;;;;;;;;;;;;;;;;;;
 ;03:16:10;3.304;0.128;144.8;32.3;;;;;;;;;;;;;;;;;;
 ;03:16:11;3.301;0.133;144.8;32.3;;;;;;;;;;;;;;;;;;
 ;03:16:12;3.305;0.125;144.8;32.3;;;;;;;;;;;;;;;;;;
 ;03:16:13;3.310;0.119;144.9;32.3;;;;;;;;;;;;;;;;;;
 ;03:16:14;3.307;0.125;144.9;32.3;;;;;;;;;;;;;;;;;;
 ;03:16:15;3.303;0.130;144.9;32.3;;;;;;;;;;;;;;;;;;
 ;03:16:16;3.303;0.128;145.0;32.3;;;;;;;;;;;;;;;;;;
 ;03:16:17;3.310;0.118;145.0;32.3;;;;;;;;;;;;;;;;;;
 ;03:16:18;3.308;0.123;145.0;32.3;;;;;;;;;;;;;;;;;;
 ;03:16:19;3.304;0.129;145.1;32.3;;;;;;;;;;;;;;;;;;
 ;03:16:20;3.300;0.132;145.1;32.3;;;;;;;;;;;;;;;;;;
 ;03:16:21;3.301;0.130;145.2;32.3;;;;;;;;;;;;;;;;;;
 ;03:16:22;3.309;0.119;145.2;32.3;;;;;;;;;;;;;;;;;;
 ;03:16:23;3.309;0.120;145.2;32.3;;;;;;;;;;;;;;;;;;
 ;03:16:24;3.305;0.126;145.3;32.3;;;;;;;;;;;;;;;;;;
 ;03:16:25;3.301;0.131;145.3;32.3;;;;;;;;;;;;;;;;;;
 ;03:16:26;3.304;0.126;145.3;32.3;;;;;;;;;;;;;;;;;;
 ;03:16:27;3.310;0.117;145.4;32.3;;;;;;;;;;;;;;;;;;
 ;03:16:28;3.308;0.123;145.4;32.3;;;;;;;;;;;;;;;;;;
 ;03:16:29;3.304;0.128;145.4;32.3;;;;;;;;;;;;;;;;;;
 ;03:16:30;3.300;0.132;145.5;32.3;;;;;;;;;;;;;;;;;;
 ;03:16:31;3.300;0.132;145.5;32.3;;;;;;;;;;;;;;;;;;
 ;03:16:32;3.306;0.121;145.5;32.3;;;;;;;;;;;;;;;;;;
 ;03:16:33;3.309;0.119;145.6;32.3;;;;;;;;;;;;;;;;;;
 ;03:16:34;3.306;0.124;145.6;32.3;;;;;;;;;;;;;;;;;;
 ;03:16:35;3.302;0.130;145.6;32.3;;;;;;;;;;;;;;;;;;
 ;03:16:36;3.302;0.129;145.7;32.3;;;;;;;;;;;;;;;;;;
 ;03:16:37;3.309;0.117;145.7;32.3;;;;;;;;;;;;;;;;;;
 ;03:16:38;3.309;0.120;145.7;32.2;;;;;;;;;;;;;;;;;;
 ;03:16:39;3.305;0.125;145.8;32.3;;;;;;;;;;;;;;;;;;
 ;03:16:40;3.301;0.131;145.8;32.2;;;;;;;;;;;;;;;;;;
 ;03:16:41;3.306;0.121;145.8;32.2;;;;;;;;;;;;;;;;;;
 ;03:16:42;3.310;0.118;145.9;32.2;;;;;;;;;;;;;;;;;;
 ;03:16:43;3.306;0.124;145.9;32.2;;;;;;;;;;;;;;;;;;
 ;03:16:44;3.302;0.129;146.0;32.2;;;;;;;;;;;;;;;;;;
 ;03:16:45;3.300;0.132;146.0;32.2;;;;;;;;;;;;;;;;;;
 ;03:16:46;3.304;0.124;146.0;32.2;;;;;;;;;;;;;;;;;;
 ;03:16:47;3.311;0.115;146.1;32.2;;;;;;;;;;;;;;;;;;
 ;03:16:48;3.308;0.120;146.1;32.2;;;;;;;;;;;;;;;;;;
 ;03:16:49;3.304;0.126;146.1;32.2;;;;;;;;;;;;;;;;;;
 ;03:16:50;3.300;0.131;146.2;32.2;;;;;;;;;;;;;;;;;;
 ;03:16:51;3.307;0.120;146.2;32.2;;;;;;;;;;;;;;;;;;
 ;03:16:52;3.310;0.117;146.2;32.2;;;;;;;;;;;;;;;;;;
 ;03:16:53;3.306;0.123;146.3;32.2;;;;;;;;;;;;;;;;;;
 ;03:16:54;3.302;0.128;146.3;32.2;;;;;;;;;;;;;;;;;;
 ;03:16:55;3.300;0.131;146.3;32.2;;;;;;;;;;;;;;;;;;
 ;03:16:56;3.301;0.128;146.4;32.2;;;;;;;;;;;;;;;;;;
 ;03:16:57;3.308;0.117;146.4;32.2;;;;;;;;;;;;;;;;;;
 ;03:16:58;3.309;0.118;146.4;32.2;;;;;;;;;;;;;;;;;;
 ;03:16:59;3.305;0.124;146.5;32.2;;;;;;;;;;;;;;;;;;
 ;03:17:00;3.301;0.129;146.5;32.2;;;;;;;;;;;;;;;;;;
 ;03:17:01;3.305;0.121;146.5;32.2;;;;;;;;;;;;;;;;;;
 ;03:17:02;3.310;0.115;146.6;32.2;;;;;;;;;;;;;;;;;;
 ;03:17:03;3.307;0.120;146.6;32.2;;;;;;;;;;;;;;;;;;
 ;03:17:04;3.303;0.126;146.6;32.2;;;;;;;;;;;;;;;;;;
 ;03:17:05;3.302;0.126;146.7;32.2;;;;;;;;;;;;;;;;;;
 ;03:17:06;3.309;0.115;146.7;32.2;;;;;;;;;;;;;;;;;;
 ;03:17:07;3.309;0.118;146.7;32.2;;;;;;;;;;;;;;;;;;
 ;03:17:08;3.305;0.124;146.8;32.2;;;;;;;;;;;;;;;;;;
 ;03:17:09;3.301;0.128;146.8;32.2;;;;;;;;;;;;;;;;;;
 ;03:17:10;3.300;0.129;146.8;32.2;;;;;;;;;;;;;;;;;;
 ;03:17:11;3.306;0.118;146.9;32.2;;;;;;;;;;;;;;;;;;
 ;03:17:12;3.309;0.116;146.9;32.2;;;;;;;;;;;;;;;;;;
 ;03:17:13;3.306;0.121;146.9;32.2;;;;;;;;;;;;;;;;;;
 ;03:17:14;3.302;0.126;147.0;32.2;;;;;;;;;;;;;;;;;;
 ;03:17:15;3.302;0.124;147.0;32.2;;;;;;;;;;;;;;;;;;
 ;03:17:16;3.310;0.114;147.0;32.2;;;;;;;;;;;;;;;;;;
 ;03:17:17;3.308;0.118;147.1;32.2;;;;;;;;;;;;;;;;;;
 ;03:17:18;3.304;0.123;147.1;32.2;;;;;;;;;;;;;;;;;;
 ;03:17:19;3.300;0.128;147.1;32.2;;;;;;;;;;;;;;;;;;
 ;03:17:20;3.307;0.117;147.2;32.2;;;;;;;;;;;;;;;;;;
 ;03:17:21;3.309;0.116;147.2;32.2;;;;;;;;;;;;;;;;;;
 ;03:17:22;3.306;0.121;147.2;32.2;;;;;;;;;;;;;;;;;;
 ;03:17:23;3.302;0.126;147.3;32.2;;;;;;;;;;;;;;;;;;
 ;03:17:24;3.300;0.128;147.3;32.2;;;;;;;;;;;;;;;;;;
 ;03:17:25;3.304;0.120;147.4;32.2;;;;;;;;;;;;;;;;;;
 ;03:17:26;3.310;0.113;147.4;32.2;;;;;;;;;;;;;;;;;;
 ;03:17:27;3.307;0.119;147.4;32.2;;;;;;;;;;;;;;;;;;
 ;03:17:28;3.303;0.124;147.5;32.2;;;;;;;;;;;;;;;;;;
 ;03:17:29;3.301;0.125;147.5;32.2;;;;;;;;;;;;;;;;;;
 ;03:17:30;3.309;0.114;147.5;32.2;;;;;;;;;;;;;;;;;;
 ;03:17:31;3.309;0.116;147.5;32.2;;;;;;;;;;;;;;;;;;
 ;03:17:32;3.305;0.121;147.6;32.2;;;;;;;;;;;;;;;;;;
 ;03:17:33;3.301;0.126;147.6;32.2;;;;;;;;;;;;;;;;;;
 ;03:17:34;3.300;0.128;147.7;32.2;;;;;;;;;;;;;;;;;;
 ;03:17:35;3.302;0.123;147.7;32.2;;;;;;;;;;;;;;;;;;
 ;03:17:36;3.310;0.112;147.7;32.2;;;;;;;;;;;;;;;;;;
 ;03:17:37;3.308;0.116;147.8;32.2;;;;;;;;;;;;;;;;;;
 ;03:17:38;3.304;0.121;147.8;32.2;;;;;;;;;;;;;;;;;;
 ;03:17:39;3.300;0.126;147.8;32.2;;;;;;;;;;;;;;;;;;
 ;03:17:40;3.306;0.117;147.9;32.2;;;;;;;;;;;;;;;;;;
 ;03:17:41;3.310;0.113;147.9;32.2;;;;;;;;;;;;;;;;;;
 ;03:17:42;3.307;0.118;147.9;32.2;;;;;;;;;;;;;;;;;;
 ;03:17:43;3.302;0.124;148.0;32.2;;;;;;;;;;;;;;;;;;
 ;03:17:44;3.303;0.121;148.0;32.2;;;;;;;;;;;;;;;;;;
 ;03:17:45;3.311;0.111;148.0;32.2;;;;;;;;;;;;;;;;;;
 ;03:17:46;3.308;0.116;148.0;32.2;;;;;;;;;;;;;;;;;;
 ;03:17:47;3.304;0.122;148.1;32.2;;;;;;;;;;;;;;;;;;
 ;03:17:48;3.300;0.126;148.1;32.2;;;;;;;;;;;;;;;;;;
 ;03:17:49;3.300;0.127;148.2;32.2;;;;;;;;;;;;;;;;;;
 ;03:17:50;3.306;0.115;148.2;32.2;;;;;;;;;;;;;;;;;;
 ;03:17:51;3.309;0.113;148.2;32.2;;;;;;;;;;;;;;;;;;
 ;03:17:52;3.306;0.118;148.3;32.2;;;;;;;;;;;;;;;;;;
 ;03:17:53;3.302;0.124;148.3;32.2;;;;;;;;;;;;;;;;;;
 ;03:17:54;3.302;0.123;148.3;32.2;;;;;;;;;;;;;;;;;;
 ;03:17:55;3.309;0.111;148.3;32.2;;;;;;;;;;;;;;;;;;
 ;03:17:56;3.309;0.114;148.4;32.2;;;;;;;;;;;;;;;;;;
 ;03:17:57;3.305;0.120;148.4;32.2;;;;;;;;;;;;;;;;;;
 ;03:17:58;3.301;0.125;148.5;32.2;;;;;;;;;;;;;;;;;;
 ;03:17:59;3.307;0.114;148.5;32.2;;;;;;;;;;;;;;;;;;
 ;03:18:00;3.309;0.113;148.5;32.2;;;;;;;;;;;;;;;;;;
 ;03:18:01;3.306;0.118;148.5;32.2;;;;;;;;;;;;;;;;;;
 ;03:18:02;3.302;0.123;148.6;32.2;;;;;;;;;;;;;;;;;;
 ;03:18:03;3.300;0.126;148.6;32.2;;;;;;;;;;;;;;;;;;
 ;03:18:04;3.304;0.118;148.6;32.2;;;;;;;;;;;;;;;;;;
 ;03:18:05;3.310;0.110;148.7;32.2;;;;;;;;;;;;;;;;;;
 ;03:18:06;3.307;0.115;148.7;32.2;;;;;;;;;;;;;;;;;;
 ;03:18:07;3.303;0.121;148.7;32.2;;;;;;;;;;;;;;;;;;
 ;03:18:08;3.300;0.125;148.8;32.2;;;;;;;;;;;;;;;;;;
 ;03:18:09;3.307;0.113;148.8;32.2;;;;;;;;;;;;;;;;;;
 ;03:18:10;3.309;0.112;148.8;32.2;;;;;;;;;;;;;;;;;;
 ;03:18:11;3.306;0.117;148.9;32.2;;;;;;;;;;;;;;;;;;
 ;03:18:12;3.302;0.123;148.9;32.2;;;;;;;;;;;;;;;;;;
 ;03:18:13;3.305;0.116;148.9;32.2;;;;;;;;;;;;;;;;;;
 ;03:18:14;3.310;0.110;149.0;32.2;;;;;;;;;;;;;;;;;;
 ;03:18:15;3.307;0.116;149.0;32.2;;;;;;;;;;;;;;;;;;
 ;03:18:16;3.303;0.121;149.0;32.2;;;;;;;;;;;;;;;;;;
 ;03:18:17;3.300;0.123;149.1;32.2;;;;;;;;;;;;;;;;;;
 ;03:18:18;3.302;0.119;149.1;32.2;;;;;;;;;;;;;;;;;;
 ;03:18:19;3.310;0.109;149.1;32.2;;;;;;;;;;;;;;;;;;
 ;03:18:20;3.308;0.113;149.2;32.2;;;;;;;;;;;;;;;;;;
 ;03:18:21;3.304;0.119;149.2;32.2;;;;;;;;;;;;;;;;;;
 ;03:18:22;3.300;0.123;149.2;32.2;;;;;;;;;;;;;;;;;;
 ;03:18:23;3.307;0.113;149.3;32.2;;;;;;;;;;;;;;;;;;
 ;03:18:24;3.310;0.110;149.3;32.2;;;;;;;;;;;;;;;;;;
 ;03:18:25;3.306;0.116;149.3;32.2;;;;;;;;;;;;;;;;;;
 ;03:18:26;3.302;0.121;149.4;32.2;;;;;;;;;;;;;;;;;;
 ;03:18:27;3.304;0.117;149.4;32.2;;;;;;;;;;;;;;;;;;
 ;03:18:28;3.310;0.108;149.4;32.2;;;;;;;;;;;;;;;;;;
 ;03:18:29;3.307;0.114;149.5;32.2;;;;;;;;;;;;;;;;;;
 ;03:18:30;3.303;0.119;149.5;32.2;;;;;;;;;;;;;;;;;;
 ;03:18:31;3.300;0.122;149.5;32.2;;;;;;;;;;;;;;;;;;
 ;03:18:32;3.301;0.120;149.6;32.2;;;;;;;;;;;;;;;;;;
 ;03:18:33;3.308;0.109;149.6;32.2;;;;;;;;;;;;;;;;;;
 ;03:18:34;3.309;0.111;149.6;32.2;;;;;;;;;;;;;;;;;;
 ;03:18:35;3.305;0.117;149.7;32.2;;;;;;;;;;;;;;;;;;
 ;03:18:36;3.301;0.121;149.7;32.2;;;;;;;;;;;;;;;;;;
 ;03:18:37;3.304;0.115;149.7;32.2;;;;;;;;;;;;;;;;;;
 ;03:18:38;3.310;0.108;149.7;32.2;;;;;;;;;;;;;;;;;;
 ;03:18:39;3.307;0.113;149.8;32.2;;;;;;;;;;;;;;;;;;
 ;03:18:40;3.303;0.119;149.8;32.2;;;;;;;;;;;;;;;;;;
 ;03:18:41;3.303;0.118;149.8;32.2;;;;;;;;;;;;;;;;;;
 ;03:18:42;3.310;0.108;149.9;32.2;;;;;;;;;;;;;;;;;;
 ;03:18:43;3.308;0.112;149.9;32.2;;;;;;;;;;;;;;;;;;
 ;03:18:44;3.304;0.117;149.9;32.2;;;;;;;;;;;;;;;;;;
 ;03:18:45;3.300;0.122;150.0;32.2;;;;;;;;;;;;;;;;;;
 ;03:18:46;3.301;0.120;150.0;32.2;;;;;;;;;;;;;;;;;;
 ;03:18:47;3.309;0.109;150.0;32.2;;;;;;;;;;;;;;;;;;
 ;03:18:48;3.309;0.110;150.1;32.2;;;;;;;;;;;;;;;;;;
 ;03:18:49;3.305;0.116;150.1;32.2;;;;;;;;;;;;;;;;;;
 ;03:18:50;3.301;0.121;150.1;32.2;;;;;;;;;;;;;;;;;;
 ;03:18:51;3.305;0.114;150.2;32.2;;;;;;;;;;;;;;;;;;
 ;03:18:52;3.310;0.107;150.2;32.2;;;;;;;;;;;;;;;;;;
 ;03:18:53;3.307;0.112;150.2;32.2;;;;;;;;;;;;;;;;;;
 ;03:18:54;3.303;0.118;150.3;32.2;;;;;;;;;;;;;;;;;;
 ;03:18:55;3.303;0.117;150.3;32.2;;;;;;;;;;;;;;;;;;
 ;03:18:56;3.310;0.106;150.3;32.2;;;;;;;;;;;;;;;;;;
 ;03:18:57;3.308;0.111;150.4;32.2;;;;;;;;;;;;;;;;;;
 ;03:18:58;3.304;0.116;150.4;32.2;;;;;;;;;;;;;;;;;;
 ;03:18:59;3.300;0.121;150.4;32.2;;;;;;;;;;;;;;;;;;
 ;03:19:00;3.299;0.122;150.5;32.2;;;;;;;;;;;;;;;;;;
 ;03:19:01;3.307;0.109;150.5;32.2;;;;;;;;;;;;;;;;;;
 ;03:19:02;3.309;0.108;150.5;32.2;;;;;;;;;;;;;;;;;;
 ;03:19:03;3.306;0.114;150.5;32.2;;;;;;;;;;;;;;;;;;
 ;03:19:04;3.301;0.119;150.6;32.2;;;;;;;;;;;;;;;;;;
 ;03:19:05;3.303;0.115;150.6;32.2;;;;;;;;;;;;;;;;;;
 ;03:19:06;3.311;0.105;150.6;32.2;;;;;;;;;;;;;;;;;;
 ;03:19:07;3.308;0.110;150.7;32.2;;;;;;;;;;;;;;;;;;
 ;03:19:08;3.304;0.116;150.7;32.2;;;;;;;;;;;;;;;;;;
 ;03:19:09;3.301;0.119;150.7;32.2;;;;;;;;;;;;;;;;;;
 ;03:19:10;3.308;0.108;150.8;32.2;;;;;;;;;;;;;;;;;;
 ;03:19:11;3.309;0.108;150.8;32.2;;;;;;;;;;;;;;;;;;
 ;03:19:12;3.305;0.114;150.8;32.2;;;;;;;;;;;;;;;;;;
 ;03:19:13;3.301;0.119;150.9;32.2;;;;;;;;;;;;;;;;;;
 ;03:19:14;3.300;0.121;150.9;32.2;;;;;;;;;;;;;;;;;;
 ;03:19:15;3.305;0.111;150.9;32.2;;;;;;;;;;;;;;;;;;
 ;03:19:16;3.310;0.106;151.0;32.2;;;;;;;;;;;;;;;;;;
 ;03:19:17;3.307;0.111;151.0;32.1;;;;;;;;;;;;;;;;;;
 ;03:19:18;3.302;0.117;151.0;32.1;;;;;;;;;;;;;;;;;;
 ;03:19:19;3.301;0.118;151.1;32.1;;;;;;;;;;;;;;;;;;
 ;03:19:20;3.309;0.106;151.1;32.1;;;;;;;;;;;;;;;;;;
 ;03:19:21;3.309;0.108;151.1;32.1;;;;;;;;;;;;;;;;;;
 ;03:19:22;3.305;0.113;151.1;32.1;;;;;;;;;;;;;;;;;;
 ;03:19:23;3.301;0.118;151.2;32.1;;;;;;;;;;;;;;;;;;
 ;03:19:24;3.307;0.109;151.2;32.1;;;;;;;;;;;;;;;;;;
 ;03:19:25;3.310;0.106;151.2;32.1;;;;;;;;;;;;;;;;;;
 ;03:19:26;3.306;0.112;151.3;32.1;;;;;;;;;;;;;;;;;;
 ;03:19:27;3.302;0.117;151.3;32.1;;;;;;;;;;;;;;;;;;
 ;03:19:28;3.300;0.119;151.3;32.1;;;;;;;;;;;;;;;;;;
 ;03:19:29;3.302;0.114;151.4;32.1;;;;;;;;;;;;;;;;;;
 ;03:19:30;3.310;0.104;151.4;32.1;;;;;;;;;;;;;;;;;;
 ;03:19:31;3.308;0.108;151.4;32.1;;;;;;;;;;;;;;;;;;
 ;03:19:32;3.304;0.114;151.5;32.1;;;;;;;;;;;;;;;;;;
 ;03:19:33;3.300;0.118;151.5;32.1;;;;;;;;;;;;;;;;;;
 ;03:19:34;3.307;0.107;151.5;32.1;;;;;;;;;;;;;;;;;;
 ;03:19:35;3.310;0.106;151.5;32.1;;;;;;;;;;;;;;;;;;
 ;03:19:36;3.306;0.111;151.6;32.1;;;;;;;;;;;;;;;;;;
 ;03:19:37;3.302;0.116;151.6;32.1;;;;;;;;;;;;;;;;;;
 ;03:19:38;3.305;0.111;151.6;32.1;;;;;;;;;;;;;;;;;;
 ;03:19:39;3.310;0.104;151.7;32.1;;;;;;;;;;;;;;;;;;
 ;03:19:40;3.307;0.109;151.7;32.1;;;;;;;;;;;;;;;;;;
 ;03:19:41;3.303;0.115;151.7;32.1;;;;;;;;;;;;;;;;;;
 ;03:19:42;3.300;0.117;151.8;32.1;;;;;;;;;;;;;;;;;;
 ;03:19:43;3.300;0.116;151.8;32.1;;;;;;;;;;;;;;;;;;
 ;03:19:44;3.308;0.106;151.8;32.1;;;;;;;;;;;;;;;;;;
 ;03:19:45;3.309;0.106;151.9;32.1;;;;;;;;;;;;;;;;;;
 ;03:19:46;3.305;0.112;151.9;32.1;;;;;;;;;;;;;;;;;;
 ;03:19:47;3.301;0.116;151.9;32.1;;;;;;;;;;;;;;;;;;
 ;03:19:48;3.304;0.110;152.0;32.1;;;;;;;;;;;;;;;;;;
 ;03:19:49;3.310;0.103;152.0;32.1;;;;;;;;;;;;;;;;;;
 ;03:19:50;3.307;0.109;152.0;32.1;;;;;;;;;;;;;;;;;;
 ;03:19:51;3.303;0.114;152.0;32.1;;;;;;;;;;;;;;;;;;
 ;03:19:52;3.300;0.117;152.1;32.1;;;;;;;;;;;;;;;;;;
 ;03:19:53;3.300;0.118;152.1;32.1;;;;;;;;;;;;;;;;;;
 ;03:19:54;3.306;0.107;152.1;32.1;;;;;;;;;;;;;;;;;;
 ;03:19:55;3.309;0.105;152.2;32.1;;;;;;;;;;;;;;;;;;
 ;03:19:56;3.305;0.110;152.2;32.1;;;;;;;;;;;;;;;;;;
 ;03:19:57;3.301;0.115;152.2;32.1;;;;;;;;;;;;;;;;;;
 ;03:19:58;3.302;0.113;152.3;32.1;;;;;;;;;;;;;;;;;;
 ;03:19:59;3.309;0.102;152.3;32.1;;;;;;;;;;;;;;;;;;
 ;03:20:00;3.308;0.107;152.3;32.1;;;;;;;;;;;;;;;;;;
 ;03:20:01;3.304;0.112;152.4;32.1;;;;;;;;;;;;;;;;;;
 ;03:20:02;3.301;0.116;152.4;32.1;;;;;;;;;;;;;;;;;;
 ;03:20:03;3.308;0.105;152.4;32.1;;;;;;;;;;;;;;;;;;
 ;03:20:04;3.309;0.105;152.4;32.1;;;;;;;;;;;;;;;;;;
 ;03:20:05;3.305;0.111;152.5;32.1;;;;;;;;;;;;;;;;;;
 ;03:20:06;3.301;0.115;152.5;32.1;;;;;;;;;;;;;;;;;;
 ;03:20:07;3.300;0.117;152.5;32.1;;;;;;;;;;;;;;;;;;
 ;03:20:08;3.304;0.110;152.6;32.1;;;;;;;;;;;;;;;;;;
 ;03:20:09;3.309;0.102;152.6;32.1;;;;;;;;;;;;;;;;;;
 ;03:20:10;3.306;0.108;152.6;32.1;;;;;;;;;;;;;;;;;;
 ;03:20:11;3.302;0.113;152.7;32.1;;;;;;;;;;;;;;;;;;
 ;03:20:12;3.301;0.114;152.7;32.1;;;;;;;;;;;;;;;;;;
 ;03:20:13;3.308;0.103;152.7;32.1;;;;;;;;;;;;;;;;;;
 ;03:20:14;3.308;0.105;152.7;32.1;;;;;;;;;;;;;;;;;;
 ;03:20:15;3.304;0.111;152.8;32.1;;;;;;;;;;;;;;;;;;
 ;03:20:16;3.301;0.114;152.8;32.1;;;;;;;;;;;;;;;;;;
 ;03:20:17;3.307;0.104;152.8;32.1;;;;;;;;;;;;;;;;;;
 ;03:20:18;3.308;0.105;152.9;32.1;;;;;;;;;;;;;;;;;;
 ;03:20:19;3.304;0.110;152.9;32.1;;;;;;;;;;;;;;;;;;
 ;03:20:20;3.300;0.115;152.9;32.1;;;;;;;;;;;;;;;;;;
 ;03:20:21;3.300;0.116;153.0;32.1;;;;;;;;;;;;;;;;;;
 ;03:20:22;3.305;0.107;153.0;32.1;;;;;;;;;;;;;;;;;;
 ;03:20:23;3.309;0.103;153.0;32.1;;;;;;;;;;;;;;;;;;
 ;03:20:24;3.305;0.108;153.1;32.1;;;;;;;;;;;;;;;;;;
 ;03:20:25;3.301;0.114;153.1;32.1;;;;;;;;;;;;;;;;;;
 ;03:20:26;3.303;0.110;153.1;32.1;;;;;;;;;;;;;;;;;;
 ;03:20:27;3.310;0.100;153.1;32.1;;;;;;;;;;;;;;;;;;
 ;03:20:28;3.306;0.106;153.2;32.1;;;;;;;;;;;;;;;;;;
 ;03:20:29;3.302;0.112;153.2;32.1;;;;;;;;;;;;;;;;;;
 ;03:20:30;3.303;0.109;153.2;32.1;;;;;;;;;;;;;;;;;;
 ;03:20:31;3.310;0.100;153.3;32.1;;;;;;;;;;;;;;;;;;
 ;03:20:32;3.306;0.106;153.3;32.1;;;;;;;;;;;;;;;;;;
 ;03:20:33;3.302;0.112;153.3;32.1;;;;;;;;;;;;;;;;;;
 ;03:20:34;3.300;0.114;153.4;32.1;;;;;;;;;;;;;;;;;;
 ;03:20:35;3.299;0.115;153.4;32.1;;;;;;;;;;;;;;;;;;
 ;03:20:36;3.307;0.104;153.4;32.1;;;;;;;;;;;;;;;;;;
 ;03:20:37;3.308;0.104;153.4;32.1;;;;;;;;;;;;;;;;;;
 ;03:20:38;3.304;0.109;153.5;32.1;;;;;;;;;;;;;;;;;;
 ;03:20:39;3.300;0.114;153.5;32.1;;;;;;;;;;;;;;;;;;
 ;03:20:40;3.306;0.104;153.5;32.1;;;;;;;;;;;;;;;;;;
 ;03:20:41;3.308;0.103;153.6;32.1;;;;;;;;;;;;;;;;;;
 ;03:20:42;3.304;0.108;153.6;32.1;;;;;;;;;;;;;;;;;;
 ;03:20:43;3.300;0.113;153.6;32.1;;;;;;;;;;;;;;;;;;
 ;03:20:44;3.307;0.104;153.7;32.1;;;;;;;;;;;;;;;;;;
 ;03:20:45;3.308;0.103;153.7;32.1;;;;;;;;;;;;;;;;;;
 ;03:20:46;3.304;0.109;153.7;32.1;;;;;;;;;;;;;;;;;;
 ;03:20:47;3.300;0.112;153.7;32.1;;;;;;;;;;;;;;;;;;
 ;03:20:48;3.300;0.113;153.8;32.1;;;;;;;;;;;;;;;;;;
 ;03:20:49;3.305;0.105;153.8;32.1;;;;;;;;;;;;;;;;;;
 ;03:20:50;3.308;0.102;153.8;32.1;;;;;;;;;;;;;;;;;;
 ;03:20:51;3.304;0.107;153.9;32.1;;;;;;;;;;;;;;;;;;
 ;03:20:52;3.301;0.112;153.9;32.1;;;;;;;;;;;;;;;;;;
 ;03:20:53;3.305;0.105;153.9;32.1;;;;;;;;;;;;;;;;;;
 ;03:20:54;3.308;0.101;154.0;32.1;;;;;;;;;;;;;;;;;;
 ;03:20:55;3.305;0.107;154.0;32.1;;;;;;;;;;;;;;;;;;
 ;03:20:56;3.301;0.111;154.0;32.1;;;;;;;;;;;;;;;;;;
 ;03:20:57;3.305;0.104;154.0;32.1;;;;;;;;;;;;;;;;;;
 ;03:20:58;3.308;0.102;154.1;32.1;;;;;;;;;;;;;;;;;;
 ;03:20:59;3.304;0.107;154.1;32.1;;;;;;;;;;;;;;;;;;
 ;03:21:00;3.302;0.109;154.1;32.1;;;;;;;;;;;;;;;;;;
 ;03:21:01;3.308;0.101;154.2;32.1;;;;;;;;;;;;;;;;;;
 ;03:21:02;3.307;0.104;154.2;32.1;;;;;;;;;;;;;;;;;;
 ;03:21:03;3.303;0.109;154.2;32.1;;;;;;;;;;;;;;;;;;
 ;03:21:04;3.300;0.112;154.2;32.1;;;;;;;;;;;;;;;;;;
 ;03:21:05;3.301;0.109;154.3;32.1;;;;;;;;;;;;;;;;;;
 ;03:21:06;3.308;0.100;154.3;32.1;;;;;;;;;;;;;;;;;;
 ;03:21:07;3.306;0.104;154.3;32.1;;;;;;;;;;;;;;;;;;
 ;03:21:08;3.302;0.109;154.4;32.1;;;;;;;;;;;;;;;;;;
 ;03:21:09;3.302;0.109;154.4;32.1;;;;;;;;;;;;;;;;;;
 ;03:21:10;3.308;0.100;154.4;32.1;;;;;;;;;;;;;;;;;;
 ;03:21:11;3.306;0.104;154.5;32.1;;;;;;;;;;;;;;;;;;
 ;03:21:12;3.302;0.109;154.5;32.1;;;;;;;;;;;;;;;;;;
 ;03:21:13;3.304;0.106;154.5;32.1;;;;;;;;;;;;;;;;;;
 ;03:21:14;3.309;0.099;154.5;32.0;;;;;;;;;;;;;;;;;;
 ;03:21:15;3.305;0.105;154.6;32.0;;;;;;;;;;;;;;;;;;
 ;03:21:16;3.301;0.110;154.6;32.1;;;;;;;;;;;;;;;;;;
 ;03:21:17;3.300;0.112;154.6;32.0;;;;;;;;;;;;;;;;;;
 ;03:21:18;3.304;0.104;154.7;32.0;;;;;;;;;;;;;;;;;;
 ;03:21:19;3.308;0.099;154.7;32.0;;;;;;;;;;;;;;;;;;
 ;03:21:20;3.304;0.105;154.7;32.0;;;;;;;;;;;;;;;;;;
 ;03:21:21;3.301;0.110;154.8;32.0;;;;;;;;;;;;;;;;;;
 ;03:21:22;3.304;0.104;154.8;32.0;;;;;;;;;;;;;;;;;;
 ;03:21:23;3.308;0.099;154.8;32.0;;;;;;;;;;;;;;;;;;
 ;03:21:24;3.304;0.105;154.8;32.0;;;;;;;;;;;;;;;;;;
 ;03:21:25;3.300;0.110;154.9;32.0;;;;;;;;;;;;;;;;;;
 ;03:21:26;3.306;0.101;154.9;32.0;;;;;;;;;;;;;;;;;;
 ;03:21:27;3.307;0.102;154.9;32.0;;;;;;;;;;;;;;;;;;
 ;03:21:28;3.303;0.107;155.0;32.0;;;;;;;;;;;;;;;;;;
 ;03:21:29;3.300;0.110;155.0;32.0;;;;;;;;;;;;;;;;;;
 ;03:21:30;3.300;0.111;155.0;32.0;;;;;;;;;;;;;;;;;;
 ;03:21:31;3.305;0.102;155.0;32.0;;;;;;;;;;;;;;;;;;
 ;03:21:32;3.308;0.099;155.1;32.0;;;;;;;;;;;;;;;;;;
 ;03:21:33;3.303;0.106;155.1;32.0;;;;;;;;;;;;;;;;;;
 ;03:21:34;3.300;0.110;155.1;32.0;;;;;;;;;;;;;;;;;;
 ;03:21:35;3.305;0.101;155.2;32.0;;;;;;;;;;;;;;;;;;
 ;03:21:36;3.307;0.100;155.2;32.0;;;;;;;;;;;;;;;;;;
 ;03:21:37;3.303;0.106;155.2;32.0;;;;;;;;;;;;;;;;;;
 ;03:21:38;3.301;0.107;155.2;32.0;;;;;;;;;;;;;;;;;;
 ;03:21:39;3.307;0.099;155.3;32.0;;;;;;;;;;;;;;;;;;
 ;03:21:40;3.306;0.102;155.3;32.0;;;;;;;;;;;;;;;;;;
 ;03:21:41;3.302;0.108;155.3;32.0;;;;;;;;;;;;;;;;;;
 ;03:21:42;3.300;0.110;155.4;32.0;;;;;;;;;;;;;;;;;;
 ;03:21:43;3.300;0.110;155.4;32.0;;;;;;;;;;;;;;;;;;
 ;03:21:44;3.305;0.100;155.4;32.0;;;;;;;;;;;;;;;;;;
 ;03:21:45;3.307;0.099;155.4;32.0;;;;;;;;;;;;;;;;;;
 ;03:21:46;3.302;0.106;155.5;32.0;;;;;;;;;;;;;;;;;;
 ;03:21:47;3.300;0.109;155.5;32.0;;;;;;;;;;;;;;;;;;
 ;03:21:48;3.305;0.100;155.5;32.0;;;;;;;;;;;;;;;;;;
 ;03:21:49;3.307;0.099;155.6;32.0;;;;;;;;;;;;;;;;;;
 ;03:21:50;3.303;0.105;155.6;32.0;;;;;;;;;;;;;;;;;;
 ;03:21:51;3.301;0.107;155.6;32.0;;;;;;;;;;;;;;;;;;
 ;03:21:52;3.307;0.098;155.7;32.0;;;;;;;;;;;;;;;;;;
 ;03:21:53;3.305;0.102;155.7;32.0;;;;;;;;;;;;;;;;;;
 ;03:21:54;3.301;0.106;155.7;32.0;;;;;;;;;;;;;;;;;;
 ;03:21:55;3.300;0.108;155.7;32.0;;;;;;;;;;;;;;;;;;
 ;03:21:56;3.300;0.108;155.8;32.0;;;;;;;;;;;;;;;;;;
 ;03:21:57;3.304;0.100;155.8;32.0;;;;;;;;;;;;;;;;;;
 ;03:21:58;3.308;0.097;155.8;32.0;;;;;;;;;;;;;;;;;;
 ;03:21:59;3.303;0.104;155.9;32.0;;;;;;;;;;;;;;;;;;
 ;03:22:00;3.300;0.107;155.9;32.0;;;;;;;;;;;;;;;;;;
 ;03:22:01;3.305;0.099;155.9;32.0;;;;;;;;;;;;;;;;;;
 ;03:22:02;3.307;0.098;155.9;32.0;;;;;;;;;;;;;;;;;;
 ;03:22:03;3.302;0.105;156.0;32.0;;;;;;;;;;;;;;;;;;
 ;03:22:04;3.301;0.105;156.0;32.0;;;;;;;;;;;;;;;;;;
 ;03:22:05;3.307;0.097;156.0;32.0;;;;;;;;;;;;;;;;;;
 ;03:22:06;3.305;0.101;156.1;32.0;;;;;;;;;;;;;;;;;;
 ;03:22:07;3.301;0.106;156.1;32.0;;;;;;;;;;;;;;;;;;
 ;03:22:08;3.305;0.099;156.1;32.0;;;;;;;;;;;;;;;;;;
 ;03:22:09;3.307;0.099;156.1;32.0;;;;;;;;;;;;;;;;;;
 ;03:22:10;3.302;0.105;156.2;32.0;;;;;;;;;;;;;;;;;;
 ;03:22:11;3.300;0.107;156.2;32.0;;;;;;;;;;;;;;;;;;
 ;03:22:12;3.300;0.108;156.2;32.0;;;;;;;;;;;;;;;;;;
 ;03:22:13;3.303;0.102;156.3;32.0;;;;;;;;;;;;;;;;;;
 ;03:22:14;3.308;0.095;156.3;32.0;;;;;;;;;;;;;;;;;;
 ;03:22:15;3.303;0.103;156.3;32.0;;;;;;;;;;;;;;;;;;
 ;03:22:16;3.300;0.107;156.3;32.0;;;;;;;;;;;;;;;;;;
 ;03:22:17;3.304;0.100;156.4;32.0;;;;;;;;;;;;;;;;;;
 ;03:22:18;3.308;0.096;156.4;32.0;;;;;;;;;;;;;;;;;;
 ;03:22:19;3.303;0.103;156.4;32.0;;;;;;;;;;;;;;;;;;
 ;03:22:20;3.300;0.106;156.5;32.0;;;;;;;;;;;;;;;;;;
 ;03:22:21;3.307;0.096;156.5;32.0;;;;;;;;;;;;;;;;;;
 ;03:22:22;3.305;0.100;156.5;32.0;;;;;;;;;;;;;;;;;;
 ;03:22:23;3.301;0.105;156.5;32.0;;;;;;;;;;;;;;;;;;
 ;03:22:24;3.305;0.098;156.6;32.0;;;;;;;;;;;;;;;;;;
 ;03:22:25;3.307;0.098;156.6;32.0;;;;;;;;;;;;;;;;;;
 ;03:22:26;3.302;0.104;156.6;32.0;;;;;;;;;;;;;;;;;;
 ;03:22:27;3.300;0.107;156.7;32.0;;;;;;;;;;;;;;;;;;
 ;03:22:28;3.300;0.107;156.7;32.0;;;;;;;;;;;;;;;;;;
 ;03:22:29;3.305;0.098;156.7;32.0;;;;;;;;;;;;;;;;;;
 ;03:22:30;3.307;0.096;156.7;32.0;;;;;;;;;;;;;;;;;;
 ;03:22:31;3.302;0.104;156.8;32.0;;;;;;;;;;;;;;;;;;
 ;03:22:32;3.300;0.106;156.8;32.0;;;;;;;;;;;;;;;;;;
 ;03:22:33;3.306;0.096;156.8;32.0;;;;;;;;;;;;;;;;;;
 ;03:22:34;3.306;0.098;156.8;32.0;;;;;;;;;;;;;;;;;;
 ;03:22:35;3.301;0.104;156.9;32.0;;;;;;;;;;;;;;;;;;
 ;03:22:36;3.303;0.101;156.9;32.0;;;;;;;;;;;;;;;;;;
 ;03:22:37;3.308;0.094;156.9;32.0;;;;;;;;;;;;;;;;;;
 ;03:22:38;3.303;0.102;157.0;32.0;;;;;;;;;;;;;;;;;;
 ;03:22:39;3.301;0.103;157.0;32.0;;;;;;;;;;;;;;;;;;
 ;03:22:40;3.307;0.095;157.0;32.0;;;;;;;;;;;;;;;;;;
 ;03:22:41;3.304;0.100;157.0;32.0;;;;;;;;;;;;;;;;;;
 ;03:22:42;3.300;0.105;157.1;32.0;;;;;;;;;;;;;;;;;;
 ;03:22:43;3.300;0.106;157.1;32.0;;;;;;;;;;;;;;;;;;
 ;03:22:44;3.299;0.106;157.1;32.0;;;;;;;;;;;;;;;;;;
 ;03:22:45;3.306;0.095;157.2;32.0;;;;;;;;;;;;;;;;;;
 ;03:22:46;3.305;0.098;157.2;32.0;;;;;;;;;;;;;;;;;;
 ;03:22:47;3.301;0.104;157.2;32.0;;;;;;;;;;;;;;;;;;
 ;03:22:48;3.302;0.101;157.2;32.0;;;;;;;;;;;;;;;;;;
 ;03:22:49;3.308;0.093;157.3;32.0;;;;;;;;;;;;;;;;;;
 ;03:22:50;3.303;0.101;157.3;32.0;;;;;;;;;;;;;;;;;;
 ;03:22:51;3.300;0.105;157.3;32.0;;;;;;;;;;;;;;;;;;
 ;03:22:52;3.305;0.096;157.4;32.0;;;;;;;;;;;;;;;;;;
 ;03:22:53;3.306;0.096;157.4;32.0;;;;;;;;;;;;;;;;;;
 ;03:22:54;3.301;0.103;157.4;32.0;;;;;;;;;;;;;;;;;;
 ;03:22:55;3.303;0.099;157.4;32.0;;;;;;;;;;;;;;;;;;
 ;03:22:56;3.308;0.094;157.5;32.0;;;;;;;;;;;;;;;;;;
 ;03:22:57;3.302;0.102;157.5;32.0;;;;;;;;;;;;;;;;;;
 ;03:22:58;3.300;0.104;157.5;32.0;;;;;;;;;;;;;;;;;;
 ;03:22:59;3.300;0.105;157.5;32.0;;;;;;;;;;;;;;;;;;
 ;03:23:00;3.302;0.100;157.6;32.0;;;;;;;;;;;;;;;;;;
 ;03:23:01;3.308;0.092;157.6;32.0;;;;;;;;;;;;;;;;;;
 ;03:23:02;3.303;0.100;157.6;32.0;;;;;;;;;;;;;;;;;;
 ;03:23:03;3.300;0.104;157.7;32.0;;;;;;;;;;;;;;;;;;
 ;03:23:04;3.303;0.098;157.7;32.0;;;;;;;;;;;;;;;;;;
 ;03:23:05;3.308;0.093;157.7;32.0;;;;;;;;;;;;;;;;;;
 ;03:23:06;3.302;0.101;157.7;32.0;;;;;;;;;;;;;;;;;;
 ;03:23:07;3.301;0.102;157.8;32.0;;;;;;;;;;;;;;;;;;
 ;03:23:08;3.307;0.093;157.8;32.0;;;;;;;;;;;;;;;;;;
 ;03:23:09;3.304;0.098;157.8;32.0;;;;;;;;;;;;;;;;;;
 ;03:23:10;3.300;0.104;157.9;32.0;;;;;;;;;;;;;;;;;;
 ;03:23:11;3.306;0.095;157.9;32.0;;;;;;;;;;;;;;;;;;
 ;03:23:12;3.306;0.096;157.9;32.0;;;;;;;;;;;;;;;;;;
 ;03:23:13;3.301;0.103;157.9;32.0;;;;;;;;;;;;;;;;;;
 ;03:23:14;3.306;0.095;158.0;32.0;;;;;;;;;;;;;;;;;;
 ;03:23:15;3.306;0.096;158.0;32.0;;;;;;;;;;;;;;;;;;
 ;03:23:16;3.301;0.102;158.0;32.0;;;;;;;;;;;;;;;;;;
 ;03:23:17;3.300;0.103;158.0;32.0;;;;;;;;;;;;;;;;;;
 ;03:23:18;3.301;0.100;158.1;32.0;;;;;;;;;;;;;;;;;;
 ;03:23:19;3.307;0.092;158.1;32.0;;;;;;;;;;;;;;;;;;
 ;03:23:20;3.304;0.098;158.1;32.0;;;;;;;;;;;;;;;;;;
 ;03:23:21;3.300;0.102;158.2;32.0;;;;;;;;;;;;;;;;;;
 ;03:23:22;3.304;0.096;158.2;32.0;;;;;;;;;;;;;;;;;;
 ;03:23:23;3.308;0.092;158.2;32.0;;;;;;;;;;;;;;;;;;
 ;03:23:24;3.302;0.100;158.2;32.0;;;;;;;;;;;;;;;;;;
 ;03:23:25;3.302;0.099;158.3;32.0;;;;;;;;;;;;;;;;;;
 ;03:23:26;3.308;0.091;158.3;32.0;;;;;;;;;;;;;;;;;;
 ;03:23:27;3.303;0.098;158.3;32.0;;;;;;;;;;;;;;;;;;
 ;03:23:28;3.300;0.101;158.3;32.0;;;;;;;;;;;;;;;;;;
 ;03:23:29;3.307;0.092;158.4;32.0;;;;;;;;;;;;;;;;;;
 ;03:23:30;3.305;0.097;158.4;32.0;;;;;;;;;;;;;;;;;;
 ;03:23:31;3.301;0.101;158.4;32.0;;;;;;;;;;;;;;;;;;
 ;03:23:32;3.307;0.092;158.4;32.0;;;;;;;;;;;;;;;;;;
 ;03:23:33;3.304;0.097;158.5;32.0;;;;;;;;;;;;;;;;;;
 ;03:23:34;3.301;0.100;158.5;32.0;;;;;;;;;;;;;;;;;;
 ;03:23:35;3.307;0.092;158.5;32.0;;;;;;;;;;;;;;;;;;
 ;03:23:36;3.304;0.098;158.6;32.0;;;;;;;;;;;;;;;;;;
 ;03:23:37;3.300;0.102;158.6;32.0;;;;;;;;;;;;;;;;;;
 ;03:23:38;3.300;0.102;158.6;32.0;;;;;;;;;;;;;;;;;;
 ;03:23:39;3.304;0.096;158.6;32.0;;;;;;;;;;;;;;;;;;
 ;03:23:40;3.308;0.091;158.7;32.0;;;;;;;;;;;;;;;;;;
 ;03:23:41;3.302;0.100;158.7;32.0;;;;;;;;;;;;;;;;;;
 ;03:23:42;3.301;0.100;158.7;32.0;;;;;;;;;;;;;;;;;;
 ;03:23:43;3.307;0.091;158.7;31.9;;;;;;;;;;;;;;;;;;
 ;03:23:44;3.304;0.097;158.8;32.0;;;;;;;;;;;;;;;;;;
 ;03:23:45;3.300;0.102;158.8;31.9;;;;;;;;;;;;;;;;;;
 ;03:23:46;3.306;0.093;158.8;31.9;;;;;;;;;;;;;;;;;;
 ;03:23:47;3.306;0.095;158.9;31.9;;;;;;;;;;;;;;;;;;
 ;03:23:48;3.300;0.101;158.9;31.9;;;;;;;;;;;;;;;;;;
 ;03:23:49;3.306;0.093;158.9;31.9;;;;;;;;;;;;;;;;;;
 ;03:23:50;3.305;0.095;158.9;31.9;;;;;;;;;;;;;;;;;;
 ;03:23:51;3.300;0.101;159.0;31.9;;;;;;;;;;;;;;;;;;
 ;03:23:52;3.306;0.092;159.0;31.9;;;;;;;;;;;;;;;;;;
 ;03:23:53;3.305;0.095;159.0;31.9;;;;;;;;;;;;;;;;;;
 ;03:23:54;3.301;0.099;159.0;31.9;;;;;;;;;;;;;;;;;;
 ;03:23:55;3.307;0.091;159.1;31.9;;;;;;;;;;;;;;;;;;
 ;03:23:56;3.304;0.097;159.1;31.9;;;;;;;;;;;;;;;;;;
 ;03:23:57;3.300;0.101;159.1;31.9;;;;;;;;;;;;;;;;;;
 ;03:23:58;3.300;0.102;159.2;31.9;;;;;;;;;;;;;;;;;;
 ;03:23:59;3.306;0.092;159.2;31.9;;;;;;;;;;;;;;;;;;
 ;03:24:00;3.306;0.094;159.2;31.9;;;;;;;;;;;;;;;;;;
 ;03:24:01;3.300;0.101;159.2;31.9;;;;;;;;;;;;;;;;;;
 ;03:24:02;3.303;0.096;159.3;31.9;;;;;;;;;;;;;;;;;;
 ;03:24:03;3.308;0.089;159.3;31.9;;;;;;;;;;;;;;;;;;
 ;03:24:04;3.302;0.098;159.3;31.9;;;;;;;;;;;;;;;;;;
 ;03:24:05;3.302;0.097;159.3;31.9;;;;;;;;;;;;;;;;;;
 ;03:24:06;3.308;0.089;159.4;31.9;;;;;;;;;;;;;;;;;;
 ;03:24:07;3.303;0.098;159.4;31.9;;;;;;;;;;;;;;;;;;
 ;03:24:08;3.303;0.096;159.4;31.9;;;;;;;;;;;;;;;;;;
 ;03:24:09;3.308;0.089;159.4;31.9;;;;;;;;;;;;;;;;;;
 ;03:24:10;3.302;0.098;159.5;31.9;;;;;;;;;;;;;;;;;;
 ;03:24:11;3.304;0.094;159.5;31.9;;;;;;;;;;;;;;;;;;
 ;03:24:12;3.307;0.091;159.5;31.9;;;;;;;;;;;;;;;;;;
 ;03:24:13;3.301;0.100;159.6;31.9;;;;;;;;;;;;;;;;;;
 ;03:24:14;3.305;0.093;159.6;31.9;;;;;;;;;;;;;;;;;;
 ;03:24:15;3.306;0.093;159.6;31.9;;;;;;;;;;;;;;;;;;
 ;03:24:16;3.302;0.098;159.6;31.9;;;;;;;;;;;;;;;;;;
 ;03:24:17;3.307;0.090;159.7;31.9;;;;;;;;;;;;;;;;;;
 ;03:24:18;3.303;0.096;159.7;31.9;;;;;;;;;;;;;;;;;;
 ;03:24:19;3.300;0.100;159.7;31.9;;;;;;;;;;;;;;;;;;
 ;03:24:20;3.300;0.099;159.7;31.9;;;;;;;;;;;;;;;;;;
 ;03:24:21;3.307;0.090;159.8;31.9;;;;;;;;;;;;;;;;;;
 ;03:24:22;3.304;0.095;159.8;31.9;;;;;;;;;;;;;;;;;;
 ;03:24:23;3.300;0.100;159.8;31.9;;;;;;;;;;;;;;;;;;
 ;03:24:24;3.305;0.091;159.8;31.9;;;;;;;;;;;;;;;;;;
 ;03:24:25;3.306;0.092;159.9;31.9;;;;;;;;;;;;;;;;;;
 ;03:24:26;3.300;0.100;159.9;31.9;;;;;;;;;;;;;;;;;;
 ;03:24:27;3.305;0.092;159.9;31.9;;;;;;;;;;;;;;;;;;
 ;03:24:28;3.306;0.092;159.9;31.9;;;;;;;;;;;;;;;;;;
 ;03:24:29;3.300;0.099;160.0;31.9;;;;;;;;;;;;;;;;;;
 ;03:24:30;3.306;0.090;160.0;31.9;;;;;;;;;;;;;;;;;;
 ;03:24:31;3.305;0.094;160.0;31.9;;;;;;;;;;;;;;;;;;
 ;03:24:32;3.301;0.098;160.1;31.9;;;;;;;;;;;;;;;;;;
 ;03:24:33;3.307;0.089;160.1;31.9;;;;;;;;;;;;;;;;;;
 ;03:24:34;3.303;0.095;160.1;31.9;;;;;;;;;;;;;;;;;;
 ;03:24:35;3.304;0.094;160.1;31.9;;;;;;;;;;;;;;;;;;
 ;03:24:36;3.307;0.089;160.2;31.9;;;;;;;;;;;;;;;;;;
 ;03:24:37;3.301;0.098;160.2;31.9;;;;;;;;;;;;;;;;;;
 ;03:24:38;3.306;0.090;160.2;31.9;;;;;;;;;;;;;;;;;;
 ;03:24:39;3.305;0.094;160.2;31.9;;;;;;;;;;;;;;;;;;
 ;03:24:40;3.304;0.093;160.3;31.9;;;;;;;;;;;;;;;;;;
 ;03:24:41;3.308;0.089;160.3;31.9;;;;;;;;;;;;;;;;;;
 ;03:24:42;3.301;0.098;160.3;31.9;;;;;;;;;;;;;;;;;;
 ;03:24:43;3.306;0.090;160.3;31.9;;;;;;;;;;;;;;;;;;
 ;03:24:44;3.304;0.094;160.4;31.9;;;;;;;;;;;;;;;;;;
 ;03:24:45;3.300;0.099;160.4;31.9;;;;;;;;;;;;;;;;;;
 ;03:24:46;3.302;0.095;160.4;31.9;;;;;;;;;;;;;;;;;;
 ;03:24:47;3.308;0.087;160.4;31.9;;;;;;;;;;;;;;;;;;
 ;03:24:48;3.302;0.096;160.5;31.9;;;;;;;;;;;;;;;;;;
 ;03:24:49;3.302;0.095;160.5;31.9;;;;;;;;;;;;;;;;;;
 ;03:24:50;3.308;0.087;160.5;31.9;;;;;;;;;;;;;;;;;;
 ;03:24:51;3.302;0.096;160.5;31.9;;;;;;;;;;;;;;;;;;
 ;03:24:52;3.303;0.093;160.6;31.9;;;;;;;;;;;;;;;;;;
 ;03:24:53;3.308;0.088;160.6;31.9;;;;;;;;;;;;;;;;;;
 ;03:24:54;3.301;0.097;160.6;31.9;;;;;;;;;;;;;;;;;;
 ;03:24:55;3.305;0.091;160.6;31.9;;;;;;;;;;;;;;;;;;
 ;03:24:56;3.306;0.091;160.7;31.9;;;;;;;;;;;;;;;;;;
 ;03:24:57;3.302;0.096;160.7;31.9;;;;;;;;;;;;;;;;;;
 ;03:24:58;3.307;0.088;160.7;31.9;;;;;;;;;;;;;;;;;;
 ;03:24:59;3.303;0.094;160.8;31.9;;;;;;;;;;;;;;;;;;
 ;03:25:00;3.304;0.092;160.8;31.9;;;;;;;;;;;;;;;;;;
 ;03:25:01;3.307;0.089;160.8;31.9;;;;;;;;;;;;;;;;;;
 ;03:25:02;3.302;0.095;160.8;31.9;;;;;;;;;;;;;;;;;;
 ;03:25:03;3.307;0.088;160.9;31.9;;;;;;;;;;;;;;;;;;
 ;03:25:04;3.303;0.095;160.9;31.9;;;;;;;;;;;;;;;;;;
 ;03:25:05;3.305;0.091;160.9;31.9;;;;;;;;;;;;;;;;;;
 ;03:25:06;3.306;0.090;160.9;31.9;;;;;;;;;;;;;;;;;;
 ;03:25:07;3.303;0.093;161.0;31.9;;;;;;;;;;;;;;;;;;
 ;03:25:08;3.308;0.087;161.0;31.9;;;;;;;;;;;;;;;;;;
 ;03:25:09;3.303;0.095;161.0;31.9;;;;;;;;;;;;;;;;;;
 ;03:25:10;3.307;0.089;161.0;31.9;;;;;;;;;;;;;;;;;;
 ;03:25:11;3.304;0.094;161.1;31.9;;;;;;;;;;;;;;;;;;
 ;03:25:12;3.305;0.090;161.1;31.9;;;;;;;;;;;;;;;;;;
 ;03:25:13;3.306;0.091;161.1;31.9;;;;;;;;;;;;;;;;;;
 ;03:25:14;3.304;0.092;161.1;31.9;;;;;;;;;;;;;;;;;;
 ;03:25:15;3.307;0.088;161.2;31.9;;;;;;;;;;;;;;;;;;
 ;03:25:16;3.304;0.092;161.2;31.9;;;;;;;;;;;;;;;;;;
 ;03:25:17;3.308;0.087;161.2;31.9;;;;;;;;;;;;;;;;;;
 ;03:25:18;3.303;0.093;161.2;31.9;;;;;;;;;;;;;;;;;;
 ;03:25:19;3.307;0.088;161.3;31.9;;;;;;;;;;;;;;;;;;
 ;03:25:20;3.303;0.094;161.3;31.9;;;;;;;;;;;;;;;;;;
 ;03:25:21;3.301;0.094;161.3;31.9;;;;;;;;;;;;;;;;;;
 ;03:25:22;3.307;0.087;161.3;31.9;;;;;;;;;;;;;;;;;;
 ;03:25:23;3.303;0.094;161.4;31.9;;;;;;;;;;;;;;;;;;
 ;03:25:24;3.304;0.090;161.4;31.9;;;;;;;;;;;;;;;;;;
 ;03:25:25;3.307;0.088;161.4;31.9;;;;;;;;;;;;;;;;;;
 ;03:25:26;3.302;0.095;161.4;31.9;;;;;;;;;;;;;;;;;;
 ;03:25:27;3.307;0.087;161.5;31.9;;;;;;;;;;;;;;;;;;
 ;03:25:28;3.304;0.093;161.5;31.9;;;;;;;;;;;;;;;;;;
 ;03:25:29;3.304;0.090;161.5;31.9;;;;;;;;;;;;;;;;;;
 ;03:25:30;3.307;0.088;161.5;31.9;;;;;;;;;;;;;;;;;;
 ;03:25:31;3.303;0.093;161.6;31.9;;;;;;;;;;;;;;;;;;
 ;03:25:32;3.307;0.087;161.6;31.9;;;;;;;;;;;;;;;;;;
 ;03:25:33;3.303;0.094;161.6;31.9;;;;;;;;;;;;;;;;;;
 ;03:25:34;3.306;0.088;161.6;31.9;;;;;;;;;;;;;;;;;;
 ;03:25:35;3.304;0.092;161.7;31.9;;;;;;;;;;;;;;;;;;
 ;03:25:36;3.305;0.090;161.7;31.9;;;;;;;;;;;;;;;;;;
 ;03:25:37;3.306;0.089;161.7;31.9;;;;;;;;;;;;;;;;;;
 ;03:25:38;3.304;0.091;161.7;31.9;;;;;;;;;;;;;;;;;;
 ;03:25:39;3.308;0.086;161.8;31.9;;;;;;;;;;;;;;;;;;
 ;03:25:40;3.302;0.095;161.8;31.9;;;;;;;;;;;;;;;;;;
 ;03:25:41;3.303;0.092;161.8;31.9;;;;;;;;;;;;;;;;;;
 ;03:25:42;3.308;0.085;161.8;31.8;;;;;;;;;;;;;;;;;;
 ;03:25:43;3.302;0.095;161.9;31.8;;;;;;;;;;;;;;;;;;
 ;03:25:44;3.305;0.089;161.9;31.8;;;;;;;;;;;;;;;;;;
 ;03:25:45;3.307;0.088;161.9;31.8;;;;;;;;;;;;;;;;;;
 ;03:25:46;3.301;0.096;161.9;31.8;;;;;;;;;;;;;;;;;;
 ;03:25:47;3.306;0.087;162.0;31.8;;;;;;;;;;;;;;;;;;
 ;03:25:48;3.304;0.091;162.0;31.8;;;;;;;;;;;;;;;;;;
 ;03:25:49;3.304;0.091;162.0;31.8;;;;;;;;;;;;;;;;;;
 ;03:25:50;3.307;0.086;162.0;31.8;;;;;;;;;;;;;;;;;;
 ;03:25:51;3.303;0.093;162.1;31.8;;;;;;;;;;;;;;;;;;
 ;03:25:52;3.307;0.086;162.1;31.8;;;;;;;;;;;;;;;;;;
 ;03:25:53;3.303;0.093;162.1;31.8;;;;;;;;;;;;;;;;;;
 ;03:25:54;3.305;0.088;162.1;31.8;;;;;;;;;;;;;;;;;;
 ;03:25:55;3.306;0.089;162.2;31.8;;;;;;;;;;;;;;;;;;
 ;03:25:56;3.304;0.090;162.2;31.8;;;;;;;;;;;;;;;;;;
 ;03:25:57;3.307;0.086;162.2;31.8;;;;;;;;;;;;;;;;;;
 ;03:25:58;3.303;0.092;162.2;31.8;;;;;;;;;;;;;;;;;;
 ;03:25:59;3.307;0.086;162.3;31.8;;;;;;;;;;;;;;;;;;
 ;03:26:00;3.303;0.092;162.3;31.8;;;;;;;;;;;;;;;;;;
 ;03:26:01;3.307;0.087;162.3;31.8;;;;;;;;;;;;;;;;;;
 ;03:26:02;3.304;0.092;162.3;31.8;;;;;;;;;;;;;;;;;;
 ;03:26:03;3.306;0.088;162.4;31.8;;;;;;;;;;;;;;;;;;
 ;03:26:04;3.305;0.090;162.4;31.8;;;;;;;;;;;;;;;;;;
 ;03:26:05;3.300;0.096;162.4;31.8;;;;;;;;;;;;;;;;;;
 ;03:26:06;3.305;0.087;162.4;31.8;;;;;;;;;;;;;;;;;;
 ;03:26:07;3.306;0.088;162.5;31.8;;;;;;;;;;;;;;;;;;
 ;03:26:08;3.302;0.093;162.5;31.8;;;;;;;;;;;;;;;;;;
 ;03:26:09;3.307;0.085;162.5;31.8;;;;;;;;;;;;;;;;;;
 ;03:26:10;3.303;0.092;162.5;31.8;;;;;;;;;;;;;;;;;;
 ;03:26:11;3.304;0.089;162.6;31.8;;;;;;;;;;;;;;;;;;
 ;03:26:12;3.307;0.086;162.6;31.8;;;;;;;;;;;;;;;;;;
 ;03:26:13;3.303;0.091;162.6;31.8;;;;;;;;;;;;;;;;;;
 ;03:26:14;3.307;0.085;162.6;31.8;;;;;;;;;;;;;;;;;;
 ;03:26:15;3.303;0.092;162.7;31.8;;;;;;;;;;;;;;;;;;
 ;03:26:16;3.306;0.087;162.7;31.8;;;;;;;;;;;;;;;;;;
 ;03:26:17;3.305;0.089;162.7;31.8;;;;;;;;;;;;;;;;;;
 ;03:26:18;3.305;0.088;162.7;31.8;;;;;;;;;;;;;;;;;;
 ;03:26:19;3.307;0.086;162.8;31.8;;;;;;;;;;;;;;;;;;
 ;03:26:20;3.304;0.090;162.8;31.8;;;;;;;;;;;;;;;;;;
 ;03:26:21;3.308;0.084;162.8;31.8;;;;;;;;;;;;;;;;;;
 ;03:26:22;3.303;0.091;162.8;31.8;;;;;;;;;;;;;;;;;;
 ;03:26:23;3.307;0.085;162.9;31.8;;;;;;;;;;;;;;;;;;
 ;03:26:24;3.303;0.092;162.9;31.8;;;;;;;;;;;;;;;;;;
 ;03:26:25;3.306;0.086;162.9;31.8;;;;;;;;;;;;;;;;;;
 ;03:26:26;3.304;0.090;162.9;31.8;;;;;;;;;;;;;;;;;;
 ;03:26:27;3.300;0.095;163.0;31.8;;;;;;;;;;;;;;;;;;
 ;03:26:28;3.306;0.085;163.0;31.8;;;;;;;;;;;;;;;;;;
 ;03:26:29;3.305;0.089;163.0;31.8;;;;;;;;;;;;;;;;;;
 ;03:26:30;3.303;0.091;163.0;31.8;;;;;;;;;;;;;;;;;;
 ;03:26:31;3.308;0.083;163.1;31.8;;;;;;;;;;;;;;;;;;
 ;03:26:32;3.302;0.092;163.1;31.8;;;;;;;;;;;;;;;;;;
 ;03:26:33;3.305;0.087;163.1;31.8;;;;;;;;;;;;;;;;;;
 ;03:26:34;3.306;0.087;163.1;31.8;;;;;;;;;;;;;;;;;;
 ;03:26:35;3.302;0.091;163.2;31.8;;;;;;;;;;;;;;;;;;
 ;03:26:36;3.307;0.084;163.2;31.8;;;;;;;;;;;;;;;;;;
 ;03:26:37;3.303;0.091;163.2;31.8;;;;;;;;;;;;;;;;;;
 ;03:26:38;3.306;0.085;163.2;31.8;;;;;;;;;;;;;;;;;;
 ;03:26:39;3.304;0.089;163.3;31.8;;;;;;;;;;;;;;;;;;
 ;03:26:40;3.304;0.088;163.3;31.8;;;;;;;;;;;;;;;;;;
 ;03:26:41;3.307;0.085;163.3;31.8;;;;;;;;;;;;;;;;;;
 ;03:26:42;3.304;0.089;163.3;31.8;;;;;;;;;;;;;;;;;;
 ;03:26:43;3.308;0.083;163.4;31.8;;;;;;;;;;;;;;;;;;
 ;03:26:44;3.303;0.090;163.4;31.8;;;;;;;;;;;;;;;;;;
 ;03:26:45;3.307;0.084;163.4;31.8;;;;;;;;;;;;;;;;;;
 ;03:26:46;3.303;0.091;163.4;31.8;;;;;;;;;;;;;;;;;;
 ;03:26:47;3.306;0.085;163.5;31.8;;;;;;;;;;;;;;;;;;
 ;03:26:48;3.304;0.089;163.5;31.8;;;;;;;;;;;;;;;;;;
 ;03:26:49;3.300;0.094;163.5;31.8;;;;;;;;;;;;;;;;;;
 ;03:26:50;3.306;0.084;163.5;31.8;;;;;;;;;;;;;;;;;;
 ;03:26:51;3.305;0.088;163.6;31.8;;;;;;;;;;;;;;;;;;
 ;03:26:52;3.302;0.090;163.6;31.8;;;;;;;;;;;;;;;;;;
 ;03:26:53;3.307;0.083;163.6;31.8;;;;;;;;;;;;;;;;;;
 ;03:26:54;3.303;0.090;163.6;31.8;;;;;;;;;;;;;;;;;;
 ;03:26:55;3.305;0.085;163.6;31.8;;;;;;;;;;;;;;;;;;
 ;03:26:56;3.306;0.086;163.7;31.8;;;;;;;;;;;;;;;;;;
 ;03:26:57;3.303;0.089;163.7;31.8;;;;;;;;;;;;;;;;;;
 ;03:26:58;3.308;0.082;163.7;31.8;;;;;;;;;;;;;;;;;;
 ;03:26:59;3.302;0.091;163.7;31.8;;;;;;;;;;;;;;;;;;
 ;03:27:00;3.306;0.084;163.8;31.8;;;;;;;;;;;;;;;;;;
 ;03:27:01;3.304;0.088;163.8;31.8;;;;;;;;;;;;;;;;;;
 ;03:27:02;3.305;0.086;163.8;31.8;;;;;;;;;;;;;;;;;;
 ;03:27:03;3.306;0.085;163.8;31.8;;;;;;;;;;;;;;;;;;
 ;03:27:04;3.303;0.088;163.9;31.8;;;;;;;;;;;;;;;;;;
 ;03:27:05;3.308;0.082;163.9;31.8;;;;;;;;;;;;;;;;;;
 ;03:27:06;3.303;0.089;163.9;31.8;;;;;;;;;;;;;;;;;;
 ;03:27:07;3.307;0.083;163.9;31.8;;;;;;;;;;;;;;;;;;
 ;03:27:08;3.303;0.090;164.0;31.8;;;;;;;;;;;;;;;;;;
 ;03:27:09;3.306;0.084;164.0;31.8;;;;;;;;;;;;;;;;;;
 ;03:27:10;3.304;0.088;164.0;31.8;;;;;;;;;;;;;;;;;;
 ;03:27:11;3.305;0.085;164.0;31.8;;;;;;;;;;;;;;;;;;
 ;03:27:12;3.306;0.086;164.1;31.8;;;;;;;;;;;;;;;;;;
 ;03:27:13;3.300;0.092;164.1;31.8;;;;;;;;;;;;;;;;;;
 ;03:27:14;3.306;0.083;164.1;31.8;;;;;;;;;;;;;;;;;;
 ;03:27:15;3.305;0.087;164.1;31.8;;;;;;;;;;;;;;;;;;
 ;03:27:16;3.303;0.088;164.2;31.8;;;;;;;;;;;;;;;;;;
 ;03:27:17;3.308;0.081;164.2;31.8;;;;;;;;;;;;;;;;;;
 ;03:27:18;3.302;0.090;164.2;31.8;;;;;;;;;;;;;;;;;;
 ;03:27:19;3.306;0.083;164.2;31.8;;;;;;;;;;;;;;;;;;
 ;03:27:20;3.305;0.086;164.3;31.8;;;;;;;;;;;;;;;;;;
 ;03:27:21;3.303;0.087;164.3;31.8;;;;;;;;;;;;;;;;;;
 ;03:27:22;3.308;0.081;164.3;31.8;;;;;;;;;;;;;;;;;;
 ;03:27:23;3.302;0.089;164.3;31.8;;;;;;;;;;;;;;;;;;
 ;03:27:24;3.307;0.082;164.3;31.8;;;;;;;;;;;;;;;;;;
 ;03:27:25;3.304;0.088;164.4;31.8;;;;;;;;;;;;;;;;;;
 ;03:27:26;3.305;0.084;164.4;31.8;;;;;;;;;;;;;;;;;;
 ;03:27:27;3.306;0.085;164.4;31.8;;;;;;;;;;;;;;;;;;
 ;03:27:28;3.304;0.086;164.4;31.8;;;;;;;;;;;;;;;;;;
 ;03:27:29;3.307;0.082;164.5;31.8;;;;;;;;;;;;;;;;;;
 ;03:27:30;3.303;0.087;164.5;31.8;;;;;;;;;;;;;;;;;;
 ;03:27:31;3.307;0.082;164.5;31.8;;;;;;;;;;;;;;;;;;
 ;03:27:32;3.303;0.089;164.5;31.8;;;;;;;;;;;;;;;;;;
 ;03:27:33;3.301;0.090;164.6;31.8;;;;;;;;;;;;;;;;;;
 ;03:27:34;3.307;0.081;164.6;31.8;;;;;;;;;;;;;;;;;;
 ;03:27:35;3.303;0.088;164.6;31.8;;;;;;;;;;;;;;;;;;
 ;03:27:36;3.303;0.087;164.6;31.8;;;;;;;;;;;;;;;;;;
 ;03:27:37;3.308;0.080;164.7;31.8;;;;;;;;;;;;;;;;;;
 ;03:27:38;3.302;0.090;164.7;31.8;;;;;;;;;;;;;;;;;;
 ;03:27:39;3.305;0.084;164.7;31.8;;;;;;;;;;;;;;;;;;
 ;03:27:40;3.306;0.084;164.7;31.8;;;;;;;;;;;;;;;;;;
 ;03:27:41;3.303;0.087;164.7;31.8;;;;;;;;;;;;;;;;;;
 ;03:27:42;3.308;0.080;164.8;31.8;;;;;;;;;;;;;;;;;;
 ;03:27:43;3.302;0.089;164.8;31.7;;;;;;;;;;;;;;;;;;
 ;03:27:44;3.306;0.082;164.8;31.8;;;;;;;;;;;;;;;;;;
 ;03:27:45;3.304;0.086;164.8;31.8;;;;;;;;;;;;;;;;;;
 ;03:27:46;3.304;0.085;164.9;31.7;;;;;;;;;;;;;;;;;;
 ;03:27:47;3.307;0.082;164.9;31.7;;;;;;;;;;;;;;;;;;
 ;03:27:48;3.303;0.087;164.9;31.8;;;;;;;;;;;;;;;;;;
 ;03:27:49;3.307;0.081;164.9;31.7;;;;;;;;;;;;;;;;;;
 ;03:27:50;3.303;0.088;165.0;31.7;;;;;;;;;;;;;;;;;;
 ;03:27:51;3.306;0.082;165.0;31.7;;;;;;;;;;;;;;;;;;
 ;03:27:52;3.304;0.086;165.0;31.7;;;;;;;;;;;;;;;;;;
 ;03:27:53;3.305;0.084;165.0;31.7;;;;;;;;;;;;;;;;;;
 ;03:27:54;3.306;0.083;165.1;31.7;;;;;;;;;;;;;;;;;;
 ;03:27:55;3.305;0.085;165.1;31.7;;;;;;;;;;;;;;;;;;
 ;03:27:56;3.307;0.081;165.1;31.7;;;;;;;;;;;;;;;;;;
 ;03:27:57;3.301;0.090;165.1;31.7;;;;;;;;;;;;;;;;;;
 ;03:27:58;3.304;0.084;165.2;31.7;;;;;;;;;;;;;;;;;;
 ;03:27:59;3.307;0.081;165.2;31.7;;;;;;;;;;;;;;;;;;
 ;03:28:00;3.301;0.090;165.2;31.7;;;;;;;;;;;;;;;;;;
 ;03:28:01;3.306;0.082;165.2;31.7;;;;;;;;;;;;;;;;;;
 ;03:28:02;3.305;0.084;165.2;31.7;;;;;;;;;;;;;;;;;;
 ;03:28:03;3.303;0.085;165.3;31.7;;;;;;;;;;;;;;;;;;
 ;03:28:04;3.308;0.079;165.3;31.7;;;;;;;;;;;;;;;;;;
 ;03:28:05;3.302;0.089;165.3;31.7;;;;;;;;;;;;;;;;;;
 ;03:28:06;3.306;0.082;165.3;31.7;;;;;;;;;;;;;;;;;;
 ;03:28:07;3.305;0.084;165.4;31.7;;;;;;;;;;;;;;;;;;
 ;03:28:08;3.303;0.085;165.4;31.7;;;;;;;;;;;;;;;;;;
 ;03:28:09;3.308;0.079;165.4;31.7;;;;;;;;;;;;;;;;;;
 ;03:28:10;3.302;0.088;165.4;31.7;;;;;;;;;;;;;;;;;;
 ;03:28:11;3.307;0.081;165.5;31.7;;;;;;;;;;;;;;;;;;
 ;03:28:12;3.304;0.086;165.5;31.7;;;;;;;;;;;;;;;;;;
 ;03:28:13;3.305;0.082;165.5;31.7;;;;;;;;;;;;;;;;;;
 ;03:28:14;3.306;0.083;165.5;31.7;;;;;;;;;;;;;;;;;;
 ;03:28:15;3.304;0.084;165.6;31.7;;;;;;;;;;;;;;;;;;
 ;03:28:16;3.307;0.080;165.6;31.7;;;;;;;;;;;;;;;;;;
 ;03:28:17;3.304;0.085;165.6;31.7;;;;;;;;;;;;;;;;;;
 ;03:28:18;3.308;0.079;165.6;31.7;;;;;;;;;;;;;;;;;;
 ;03:28:19;3.303;0.086;165.6;31.7;;;;;;;;;;;;;;;;;;
 ;03:28:20;3.307;0.080;165.7;31.7;;;;;;;;;;;;;;;;;;
 ;03:28:21;3.303;0.087;165.7;31.7;;;;;;;;;;;;;;;;;;
 ;03:28:22;3.301;0.088;165.7;31.7;;;;;;;;;;;;;;;;;;
 ;03:28:23;3.307;0.079;165.7;31.7;;;;;;;;;;;;;;;;;;
 ;03:28:24;3.303;0.086;165.8;31.7;;;;;;;;;;;;;;;;;;
 ;03:28:25;3.303;0.085;165.8;31.7;;;;;;;;;;;;;;;;;;
 ;03:28:26;3.308;0.078;165.8;31.7;;;;;;;;;;;;;;;;;;
 ;03:28:27;3.302;0.088;165.8;31.7;;;;;;;;;;;;;;;;;;
 ;03:28:28;3.306;0.081;165.9;31.7;;;;;;;;;;;;;;;;;;
 ;03:28:29;3.305;0.083;165.9;31.7;;;;;;;;;;;;;;;;;;
 ;03:28:30;3.303;0.084;165.9;31.7;;;;;;;;;;;;;;;;;;
 ;03:28:31;3.308;0.078;165.9;31.7;;;;;;;;;;;;;;;;;;
 ;03:28:32;3.302;0.086;165.9;31.7;;;;;;;;;;;;;;;;;;
 ;03:28:33;3.307;0.080;166.0;31.7;;;;;;;;;;;;;;;;;;
 ;03:28:34;3.304;0.085;166.0;31.7;;;;;;;;;;;;;;;;;;
 ;03:28:35;3.305;0.081;166.0;31.7;;;;;;;;;;;;;;;;;;
 ;03:28:36;3.306;0.082;166.0;31.7;;;;;;;;;;;;;;;;;;
 ;03:28:37;3.304;0.084;166.1;31.7;;;;;;;;;;;;;;;;;;
 ;03:28:38;3.308;0.078;166.1;31.7;;;;;;;;;;;;;;;;;;
 ;03:28:39;3.303;0.085;166.1;31.7;;;;;;;;;;;;;;;;;;
 ;03:28:40;3.307;0.079;166.1;31.7;;;;;;;;;;;;;;;;;;
 ;03:28:41;3.303;0.086;166.2;31.7;;;;;;;;;;;;;;;;;;
 ;03:28:42;3.306;0.080;166.2;31.7;;;;;;;;;;;;;;;;;;
 ;03:28:43;3.304;0.084;166.2;31.7;;;;;;;;;;;;;;;;;;
 ;03:28:44;3.305;0.081;166.2;31.7;;;;;;;;;;;;;;;;;;
 ;03:28:45;3.306;0.082;166.2;31.7;;;;;;;;;;;;;;;;;;
 ;03:28:46;3.305;0.082;166.3;31.7;;;;;;;;;;;;;;;;;;
 ;03:28:47;3.307;0.080;166.3;31.7;;;;;;;;;;;;;;;;;;
 ;03:28:48;3.301;0.088;166.3;31.7;;;;;;;;;;;;;;;;;;
 ;03:28:49;3.305;0.081;166.3;31.7;;;;;;;;;;;;;;;;;;
 ;03:28:50;3.307;0.080;166.4;31.7;;;;;;;;;;;;;;;;;;
 ;03:28:51;3.301;0.087;166.4;31.7;;;;;;;;;;;;;;;;;;
 ;03:28:52;3.307;0.079;166.4;31.7;;;;;;;;;;;;;;;;;;
 ;03:28:53;3.304;0.084;166.4;31.7;;;;;;;;;;;;;;;;;;
 ;03:28:54;3.304;0.082;166.5;31.7;;;;;;;;;;;;;;;;;;
 ;03:28:55;3.307;0.079;166.5;31.7;;;;;;;;;;;;;;;;;;
 ;03:28:56;3.302;0.085;166.5;31.7;;;;;;;;;;;;;;;;;;
 ;03:28:57;3.307;0.078;166.5;31.7;;;;;;;;;;;;;;;;;;
 ;03:28:58;3.303;0.085;166.5;31.7;;;;;;;;;;;;;;;;;;
 ;03:28:59;3.305;0.080;166.6;31.7;;;;;;;;;;;;;;;;;;
 ;03:29:00;3.306;0.081;166.6;31.7;;;;;;;;;;;;;;;;;;
 ;03:29:01;3.304;0.082;166.6;31.7;;;;;;;;;;;;;;;;;;
 ;03:29:02;3.307;0.078;166.6;31.7;;;;;;;;;;;;;;;;;;
 ;03:29:03;3.303;0.084;166.7;31.7;;;;;;;;;;;;;;;;;;
 ;03:29:04;3.307;0.078;166.7;31.7;;;;;;;;;;;;;;;;;;
 ;03:29:05;3.303;0.085;166.7;31.7;;;;;;;;;;;;;;;;;;
 ;03:29:06;3.306;0.079;166.7;31.7;;;;;;;;;;;;;;;;;;
 ;03:29:07;3.304;0.083;166.7;31.7;;;;;;;;;;;;;;;;;;
 ;03:29:08;3.305;0.080;166.8;31.7;;;;;;;;;;;;;;;;;;
 ;03:29:09;3.306;0.081;166.8;31.7;;;;;;;;;;;;;;;;;;
 ;03:29:10;3.305;0.081;166.8;31.7;;;;;;;;;;;;;;;;;;
 ;03:29:11;3.307;0.079;166.8;31.7;;;;;;;;;;;;;;;;;;
 ;03:29:12;3.301;0.087;166.9;31.7;;;;;;;;;;;;;;;;;;
 ;03:29:13;3.305;0.079;166.9;31.7;;;;;;;;;;;;;;;;;;
 ;03:29:14;3.306;0.080;166.9;31.7;;;;;;;;;;;;;;;;;;
 ;03:29:15;3.300;0.088;166.9;31.7;;;;;;;;;;;;;;;;;;
 ;03:29:16;3.306;0.078;167.0;31.7;;;;;;;;;;;;;;;;;;
 ;03:29:17;3.305;0.082;167.0;31.7;;;;;;;;;;;;;;;;;;
 ;03:29:18;3.303;0.083;167.0;31.7;;;;;;;;;;;;;;;;;;
 ;03:29:19;3.308;0.076;167.0;31.7;;;;;;;;;;;;;;;;;;
 ;03:29:20;3.302;0.085;167.0;31.7;;;;;;;;;;;;;;;;;;
 ;03:29:21;3.307;0.078;167.1;31.7;;;;;;;;;;;;;;;;;;
 ;03:29:22;3.304;0.083;167.1;31.7;;;;;;;;;;;;;;;;;;
 ;03:29:23;3.305;0.080;167.1;31.7;;;;;;;;;;;;;;;;;;
 ;03:29:24;3.306;0.079;167.1;31.7;;;;;;;;;;;;;;;;;;
 ;03:29:25;3.303;0.083;167.2;31.7;;;;;;;;;;;;;;;;;;
 ;03:29:26;3.308;0.076;167.2;31.7;;;;;;;;;;;;;;;;;;
 ;03:29:27;3.303;0.084;167.2;31.7;;;;;;;;;;;;;;;;;;
 ;03:29:28;3.307;0.078;167.2;31.7;;;;;;;;;;;;;;;;;;
 ;03:29:29;3.304;0.083;167.2;31.7;;;;;;;;;;;;;;;;;;
 ;03:29:30;3.305;0.079;167.3;31.7;;;;;;;;;;;;;;;;;;
 ;03:29:31;3.306;0.080;167.3;31.7;;;;;;;;;;;;;;;;;;
 ;03:29:32;3.305;0.080;167.3;31.7;;;;;;;;;;;;;;;;;;
 ;03:29:33;3.307;0.078;167.3;31.7;;;;;;;;;;;;;;;;;;
 ;03:29:34;3.304;0.081;167.4;31.7;;;;;;;;;;;;;;;;;;
 ;03:29:35;3.308;0.076;167.4;31.7;;;;;;;;;;;;;;;;;;
 ;03:29:36;3.304;0.082;167.4;31.7;;;;;;;;;;;;;;;;;;
 ;03:29:37;3.307;0.077;167.4;31.7;;;;;;;;;;;;;;;;;;
 ;03:29:38;3.303;0.085;167.4;31.7;;;;;;;;;;;;;;;;;;
 ;03:29:39;3.303;0.083;167.5;31.7;;;;;;;;;;;;;;;;;;
 ;03:29:40;3.308;0.075;167.5;31.7;;;;;;;;;;;;;;;;;;
 ;03:29:41;3.302;0.085;167.5;31.7;;;;;;;;;;;;;;;;;;
 ;03:29:42;3.305;0.079;167.5;31.7;;;;;;;;;;;;;;;;;;
 ;03:29:43;3.306;0.079;167.6;31.7;;;;;;;;;;;;;;;;;;
 ;03:29:44;3.303;0.083;167.6;31.7;;;;;;;;;;;;;;;;;;
 ;03:29:45;3.308;0.075;167.6;31.7;;;;;;;;;;;;;;;;;;
 ;03:29:46;3.302;0.085;167.6;31.7;;;;;;;;;;;;;;;;;;
 ;03:29:47;3.306;0.078;167.6;31.7;;;;;;;;;;;;;;;;;;
 ;03:29:48;3.305;0.080;167.7;31.7;;;;;;;;;;;;;;;;;;
 ;03:29:49;3.303;0.082;167.7;31.7;;;;;;;;;;;;;;;;;;
 ;03:29:50;3.308;0.075;167.7;31.7;;;;;;;;;;;;;;;;;;
 ;03:29:51;3.303;0.083;167.7;31.7;;;;;;;;;;;;;;;;;;
 ;03:29:52;3.307;0.076;167.8;31.7;;;;;;;;;;;;;;;;;;
 ;03:29:53;3.303;0.083;167.8;31.7;;;;;;;;;;;;;;;;;;
 ;03:29:54;3.306;0.078;167.8;31.6;;;;;;;;;;;;;;;;;;
 ;03:29:55;3.305;0.080;167.8;31.7;;;;;;;;;;;;;;;;;;
 ;03:29:56;3.305;0.080;167.8;31.7;;;;;;;;;;;;;;;;;;
 ;03:29:57;3.307;0.077;167.9;31.7;;;;;;;;;;;;;;;;;;
 ;03:29:58;3.304;0.082;167.9;31.7;;;;;;;;;;;;;;;;;;
 ;03:29:59;3.308;0.075;167.9;31.6;;;;;;;;;;;;;;;;;;
 ;03:30:00;3.303;0.082;167.9;31.6;;;;;;;;;;;;;;;;;;
 ;03:30:01;3.307;0.076;168.0;31.6;;;;;;;;;;;;;;;;;;
 ;03:30:02;3.303;0.083;168.0;31.6;;;;;;;;;;;;;;;;;;
 ;03:30:03;3.302;0.082;168.0;31.6;;;;;;;;;;;;;;;;;;
 ;03:30:04;3.308;0.074;168.0;31.6;;;;;;;;;;;;;;;;;;
 ;03:30:05;3.302;0.083;168.0;31.6;;;;;;;;;;;;;;;;;;
 ;03:30:06;3.304;0.079;168.1;31.6;;;;;;;;;;;;;;;;;;
 ;03:30:07;3.307;0.076;168.1;31.6;;;;;;;;;;;;;;;;;;
 ;03:30:08;3.301;0.085;168.1;31.6;;;;;;;;;;;;;;;;;;
 ;03:30:09;3.306;0.076;168.1;31.6;;;;;;;;;;;;;;;;;;
 ;03:30:10;3.305;0.080;168.2;31.6;;;;;;;;;;;;;;;;;;
 ;03:30:11;3.304;0.080;168.2;31.6;;;;;;;;;;;;;;;;;;
 ;03:30:12;3.308;0.075;168.2;31.6;;;;;;;;;;;;;;;;;;
 ;03:30:13;3.302;0.083;168.2;31.6;;;;;;;;;;;;;;;;;;
 ;03:30:14;3.307;0.076;168.2;31.6;;;;;;;;;;;;;;;;;;
 ;03:30:15;3.304;0.081;168.3;31.6;;;;;;;;;;;;;;;;;;
 ;03:30:16;3.305;0.078;168.3;31.6;;;;;;;;;;;;;;;;;;
 ;03:30:17;3.306;0.077;168.3;31.6;;;;;;;;;;;;;;;;;;
 ;03:30:18;3.304;0.080;168.3;31.6;;;;;;;;;;;;;;;;;;
 ;03:30:19;3.308;0.074;168.4;31.6;;;;;;;;;;;;;;;;;;
 ;03:30:20;3.303;0.082;168.4;31.6;;;;;;;;;;;;;;;;;;
 ;03:30:21;3.307;0.075;168.4;31.6;;;;;;;;;;;;;;;;;;
 ;03:30:22;3.303;0.082;168.4;31.6;;;;;;;;;;;;;;;;;;
 ;03:30:23;3.306;0.077;168.4;31.6;;;;;;;;;;;;;;;;;;
 ;03:30:24;3.305;0.079;168.5;31.6;;;;;;;;;;;;;;;;;;
 ;03:30:25;3.305;0.078;168.5;31.6;;;;;;;;;;;;;;;;;;
 ;03:30:26;3.306;0.077;168.5;31.6;;;;;;;;;;;;;;;;;;
 ;03:30:27;3.304;0.079;168.5;31.6;;;;;;;;;;;;;;;;;;
 ;03:30:28;3.307;0.075;168.6;31.6;;;;;;;;;;;;;;;;;;
 ;03:30:29;3.301;0.084;168.6;31.6;;;;;;;;;;;;;;;;;;
 ;03:30:30;3.304;0.078;168.6;31.6;;;;;;;;;;;;;;;;;;
 ;03:30:31;3.307;0.075;168.6;31.6;;;;;;;;;;;;;;;;;;
 ;03:30:32;3.301;0.084;168.6;31.6;;;;;;;;;;;;;;;;;;
 ;03:30:33;3.306;0.076;168.7;31.6;;;;;;;;;;;;;;;;;;
 ;03:30:34;3.305;0.078;168.7;31.6;;;;;;;;;;;;;;;;;;
 ;03:30:35;3.303;0.080;168.7;31.6;;;;;;;;;;;;;;;;;;
 ;03:30:36;3.308;0.074;168.7;31.6;;;;;;;;;;;;;;;;;;
 ;03:30:37;3.302;0.082;168.8;31.6;;;;;;;;;;;;;;;;;;
 ;03:30:38;3.306;0.076;168.8;31.6;;;;;;;;;;;;;;;;;;
 ;03:30:39;3.305;0.078;168.8;31.6;;;;;;;;;;;;;;;;;;
 ;03:30:40;3.304;0.079;168.8;31.6;;;;;;;;;;;;;;;;;;
 ;03:30:41;3.308;0.074;168.8;31.6;;;;;;;;;;;;;;;;;;
 ;03:30:42;3.303;0.081;168.9;31.6;;;;;;;;;;;;;;;;;;
 ;03:30:43;3.307;0.074;168.9;31.6;;;;;;;;;;;;;;;;;;
 ;03:30:44;3.303;0.081;168.9;31.6;;;;;;;;;;;;;;;;;;
 ;03:30:45;3.306;0.076;168.9;31.6;;;;;;;;;;;;;;;;;;
 ;03:30:46;3.305;0.078;168.9;31.6;;;;;;;;;;;;;;;;;;
 ;03:30:47;3.305;0.078;169.0;31.6;;;;;;;;;;;;;;;;;;
 ;03:30:48;3.307;0.075;169.0;31.6;;;;;;;;;;;;;;;;;;
 ;03:30:49;3.304;0.079;169.0;31.6;;;;;;;;;;;;;;;;;;
 ;03:30:50;3.308;0.073;169.0;31.6;;;;;;;;;;;;;;;;;;
 ;03:30:51;3.303;0.080;169.1;31.6;;;;;;;;;;;;;;;;;;
 ;03:30:52;3.307;0.074;169.1;31.6;;;;;;;;;;;;;;;;;;
 ;03:30:53;3.303;0.081;169.1;31.6;;;;;;;;;;;;;;;;;;
 ;03:30:54;3.306;0.075;169.1;31.6;;;;;;;;;;;;;;;;;;
 ;03:30:55;3.304;0.079;169.1;31.6;;;;;;;;;;;;;;;;;;
 ;03:30:56;3.300;0.084;169.2;31.6;;;;;;;;;;;;;;;;;;
 ;03:30:57;3.306;0.074;169.2;31.6;;;;;;;;;;;;;;;;;;
 ;03:30:58;3.305;0.078;169.2;31.6;;;;;;;;;;;;;;;;;;
 ;03:30:59;3.303;0.080;169.2;31.6;;;;;;;;;;;;;;;;;;
 ;03:31:00;3.308;0.072;169.2;31.6;;;;;;;;;;;;;;;;;;
 ;03:31:01;3.302;0.081;169.3;31.6;;;;;;;;;;;;;;;;;;
 ;03:31:02;3.305;0.076;169.3;31.6;;;;;;;;;;;;;;;;;;
 ;03:31:03;3.306;0.076;169.3;31.6;;;;;;;;;;;;;;;;;;
 ;03:31:04;3.303;0.079;169.3;31.6;;;;;;;;;;;;;;;;;;
 ;03:31:05;3.308;0.072;169.4;31.6;;;;;;;;;;;;;;;;;;
 ;03:31:06;3.302;0.081;169.4;31.6;;;;;;;;;;;;;;;;;;
 ;03:31:07;3.306;0.075;169.4;31.6;;;;;;;;;;;;;;;;;;
 ;03:31:08;3.305;0.077;169.4;31.6;;;;;;;;;;;;;;;;;;
 ;03:31:09;3.304;0.078;169.4;31.6;;;;;;;;;;;;;;;;;;
 ;03:31:10;3.307;0.073;169.5;31.6;;;;;;;;;;;;;;;;;;
 ;03:31:11;3.303;0.079;169.5;31.6;;;;;;;;;;;;;;;;;;
 ;03:31:12;3.307;0.073;169.5;31.6;;;;;;;;;;;;;;;;;;
 ;03:31:13;3.303;0.081;169.5;31.6;;;;;;;;;;;;;;;;;;
 ;03:31:14;3.306;0.074;169.5;31.6;;;;;;;;;;;;;;;;;;
 ;03:31:15;3.304;0.078;169.6;31.6;;;;;;;;;;;;;;;;;;
 ;03:31:16;3.305;0.076;169.6;31.6;;;;;;;;;;;;;;;;;;
 ;03:31:17;3.306;0.075;169.6;31.6;;;;;;;;;;;;;;;;;;
 ;03:31:18;3.304;0.078;169.6;31.6;;;;;;;;;;;;;;;;;;
 ;03:31:19;3.308;0.072;169.7;31.6;;;;;;;;;;;;;;;;;;
 ;03:31:20;3.304;0.078;169.7;31.6;;;;;;;;;;;;;;;;;;
 ;03:31:21;3.307;0.073;169.7;31.6;;;;;;;;;;;;;;;;;;
 ;03:31:22;3.303;0.079;169.7;31.6;;;;;;;;;;;;;;;;;;
 ;03:31:23;3.307;0.074;169.7;31.6;;;;;;;;;;;;;;;;;;
 ;03:31:24;3.304;0.079;169.8;31.6;;;;;;;;;;;;;;;;;;
 ;03:31:25;3.301;0.081;169.8;31.6;;;;;;;;;;;;;;;;;;
 ;03:31:26;3.307;0.072;169.8;31.6;;;;;;;;;;;;;;;;;;
 ;03:31:27;3.303;0.079;169.8;31.6;;;;;;;;;;;;;;;;;;
 ;03:31:28;3.303;0.078;169.8;31.6;;;;;;;;;;;;;;;;;;
 ;03:31:29;3.308;0.071;169.9;31.6;;;;;;;;;;;;;;;;;;
 ;03:31:30;3.302;0.081;169.9;31.6;;;;;;;;;;;;;;;;;;
 ;03:31:31;3.306;0.074;169.9;31.6;;;;;;;;;;;;;;;;;;
 ;03:31:32;3.305;0.076;169.9;31.6;;;;;;;;;;;;;;;;;;
 ;03:31:33;3.303;0.078;170.0;31.6;;;;;;;;;;;;;;;;;;
 ;03:31:34;3.308;0.072;170.0;31.6;;;;;;;;;;;;;;;;;;
 ;03:31:35;3.302;0.080;170.0;31.6;;;;;;;;;;;;;;;;;;
 ;03:31:36;3.306;0.073;170.0;31.6;;;;;;;;;;;;;;;;;;
 ;03:31:37;3.304;0.077;170.0;31.6;;;;;;;;;;;;;;;;;;
 ;03:31:38;3.304;0.076;170.1;31.6;;;;;;;;;;;;;;;;;;
 ;03:31:39;3.307;0.073;170.1;31.6;;;;;;;;;;;;;;;;;;
 ;03:31:40;3.304;0.077;170.1;31.6;;;;;;;;;;;;;;;;;;
 ;03:31:41;3.308;0.071;170.1;31.6;;;;;;;;;;;;;;;;;;
 ;03:31:42;3.303;0.079;170.1;31.6;;;;;;;;;;;;;;;;;;
 ;03:31:43;3.307;0.073;170.2;31.6;;;;;;;;;;;;;;;;;;
 ;03:31:44;3.304;0.078;170.2;31.6;;;;;;;;;;;;;;;;;;
 ;03:31:45;3.305;0.075;170.2;31.6;;;;;;;;;;;;;;;;;;
 ;03:31:46;3.306;0.074;170.2;31.6;;;;;;;;;;;;;;;;;;
 ;03:31:47;3.305;0.076;170.2;31.6;;;;;;;;;;;;;;;;;;
 ;03:31:48;3.307;0.072;170.3;31.6;;;;;;;;;;;;;;;;;;
 ;03:31:49;3.304;0.077;170.3;31.6;;;;;;;;;;;;;;;;;;
 ;03:31:50;3.307;0.071;170.3;31.6;;;;;;;;;;;;;;;;;;
 ;03:31:51;3.303;0.078;170.3;31.6;;;;;;;;;;;;;;;;;;
 ;03:31:52;3.307;0.072;170.4;31.6;;;;;;;;;;;;;;;;;;
 ;03:31:53;3.303;0.079;170.4;31.6;;;;;;;;;;;;;;;;;;
 ;03:31:54;3.301;0.080;170.4;31.6;;;;;;;;;;;;;;;;;;
 ;03:31:55;3.307;0.071;170.4;31.6;;;;;;;;;;;;;;;;;;
 ;03:31:56;3.303;0.079;170.4;31.6;;;;;;;;;;;;;;;;;;
 ;03:31:57;3.304;0.075;170.5;31.6;;;;;;;;;;;;;;;;;;
 ;03:31:58;3.307;0.072;170.5;31.6;;;;;;;;;;;;;;;;;;
 ;03:31:59;3.302;0.079;170.5;31.6;;;;;;;;;;;;;;;;;;
 ;03:32:00;3.307;0.072;170.5;31.6;;;;;;;;;;;;;;;;;;
 ;03:32:01;3.304;0.077;170.5;31.6;;;;;;;;;;;;;;;;;;
 ;03:32:02;3.304;0.076;170.6;31.6;;;;;;;;;;;;;;;;;;
 ;03:32:03;3.307;0.071;170.6;31.6;;;;;;;;;;;;;;;;;;
 ;03:32:04;3.303;0.078;170.6;31.6;;;;;;;;;;;;;;;;;;
 ;03:32:05;3.307;0.071;170.6;31.6;;;;;;;;;;;;;;;;;;
 ;03:32:06;3.303;0.078;170.7;31.6;;;;;;;;;;;;;;;;;;
 ;03:32:07;3.305;0.073;170.7;31.6;;;;;;;;;;;;;;;;;;
 ;03:32:08;3.306;0.074;170.7;31.6;;;;;;;;;;;;;;;;;;
 ;03:32:09;3.304;0.076;170.7;31.5;;;;;;;;;;;;;;;;;;
 ;03:32:10;3.307;0.071;170.7;31.6;;;;;;;;;;;;;;;;;;
 ;03:32:11;3.303;0.078;170.8;31.5;;;;;;;;;;;;;;;;;;
 ;03:32:12;3.307;0.072;170.8;31.6;;;;;;;;;;;;;;;;;;
 ;03:32:13;3.303;0.078;170.8;31.5;;;;;;;;;;;;;;;;;;
 ;03:32:14;3.306;0.073;170.8;31.5;;;;;;;;;;;;;;;;;;
 ;03:32:15;3.305;0.075;170.8;31.5;;;;;;;;;;;;;;;;;;
 ;03:32:16;3.305;0.074;170.9;31.5;;;;;;;;;;;;;;;;;;
 ;03:32:17;3.306;0.073;170.9;31.5;;;;;;;;;;;;;;;;;;
 ;03:32:18;3.305;0.075;170.9;31.5;;;;;;;;;;;;;;;;;;
 ;03:32:19;3.307;0.071;170.9;31.5;;;;;;;;;;;;;;;;;;
 ;03:32:20;3.304;0.076;170.9;31.5;;;;;;;;;;;;;;;;;;
 ;03:32:21;3.307;0.071;171.0;31.5;;;;;;;;;;;;;;;;;;
 ;03:32:22;3.302;0.079;171.0;31.5;;;;;;;;;;;;;;;;;;
 ;03:32:23;3.303;0.076;171.0;31.5;;;;;;;;;;;;;;;;;;
 ;03:32:24;3.308;0.069;171.0;31.5;;;;;;;;;;;;;;;;;;
 ;03:32:25;3.302;0.079;171.0;31.5;;;;;;;;;;;;;;;;;;
 ;03:32:26;3.305;0.073;171.1;31.5;;;;;;;;;;;;;;;;;;
 ;03:32:27;3.307;0.072;171.1;31.5;;;;;;;;;;;;;;;;;;
 ;03:32:28;3.302;0.078;171.1;31.5;;;;;;;;;;;;;;;;;;
 ;03:32:29;3.307;0.070;171.1;31.5;;;;;;;;;;;;;;;;;;
 ;03:32:30;3.303;0.077;171.2;31.5;;;;;;;;;;;;;;;;;;
 ;03:32:31;3.305;0.073;171.2;31.5;;;;;;;;;;;;;;;;;;
 ;03:32:32;3.306;0.072;171.2;31.5;;;;;;;;;;;;;;;;;;
 ;03:32:33;3.303;0.076;171.2;31.5;;;;;;;;;;;;;;;;;;
 ;03:32:34;3.308;0.070;171.2;31.5;;;;;;;;;;;;;;;;;;
 ;03:32:35;3.302;0.078;171.3;31.5;;;;;;;;;;;;;;;;;;
 ;03:32:36;3.306;0.071;171.3;31.5;;;;;;;;;;;;;;;;;;
 ;03:32:37;3.304;0.075;171.3;31.5;;;;;;;;;;;;;;;;;;
 ;03:32:38;3.304;0.074;171.3;31.5;;;;;;;;;;;;;;;;;;
 ;03:32:39;3.307;0.071;171.3;31.5;;;;;;;;;;;;;;;;;;
 ;03:32:40;3.304;0.075;171.4;31.5;;;;;;;;;;;;;;;;;;
 ;03:32:41;3.308;0.070;171.4;31.5;;;;;;;;;;;;;;;;;;
 ;03:32:42;3.303;0.077;171.4;31.5;;;;;;;;;;;;;;;;;;
 ;03:32:43;3.307;0.071;171.4;31.5;;;;;;;;;;;;;;;;;;
 ;03:32:44;3.304;0.076;171.4;31.5;;;;;;;;;;;;;;;;;;
 ;03:32:45;3.305;0.073;171.5;31.5;;;;;;;;;;;;;;;;;;
 ;03:32:46;3.306;0.074;171.5;31.5;;;;;;;;;;;;;;;;;;
 ;03:32:47;3.305;0.073;171.5;31.5;;;;;;;;;;;;;;;;;;
 ;03:32:48;3.307;0.072;171.5;31.5;;;;;;;;;;;;;;;;;;
 ;03:32:49;3.304;0.074;171.5;31.5;;;;;;;;;;;;;;;;;;
 ;03:32:50;3.308;0.070;171.6;31.5;;;;;;;;;;;;;;;;;;
 ;03:32:51;3.302;0.078;171.6;31.5;;;;;;;;;;;;;;;;;;
 ;03:32:52;3.303;0.074;171.6;31.5;;;;;;;;;;;;;;;;;;
 ;03:32:53;3.308;0.069;171.6;31.5;;;;;;;;;;;;;;;;;;
 ;03:32:54;3.302;0.078;171.6;31.5;;;;;;;;;;;;;;;;;;
 ;03:32:55;3.305;0.072;171.7;31.5;;;;;;;;;;;;;;;;;;
 ;03:32:56;3.307;0.072;171.7;31.5;;;;;;;;;;;;;;;;;;
 ;03:32:57;3.302;0.077;171.7;31.5;;;;;;;;;;;;;;;;;;
 ;03:32:58;3.307;0.069;171.7;31.5;;;;;;;;;;;;;;;;;;
 ;03:32:59;3.303;0.076;171.7;31.5;;;;;;;;;;;;;;;;;;
 ;03:33:00;3.305;0.072;171.8;31.5;;;;;;;;;;;;;;;;;;
 ;03:33:01;3.306;0.071;171.8;31.5;;;;;;;;;;;;;;;;;;
 ;03:33:02;3.303;0.074;171.8;31.5;;;;;;;;;;;;;;;;;;
 ;03:33:03;3.308;0.069;171.8;31.5;;;;;;;;;;;;;;;;;;
 ;03:33:04;3.302;0.077;171.8;31.5;;;;;;;;;;;;;;;;;;
 ;03:33:05;3.306;0.070;171.9;31.5;;;;;;;;;;;;;;;;;;
 ;03:33:06;3.304;0.075;171.9;31.5;;;;;;;;;;;;;;;;;;
 ;03:33:07;3.304;0.073;171.9;31.5;;;;;;;;;;;;;;;;;;
 ;03:33:08;3.307;0.071;171.9;31.5;;;;;;;;;;;;;;;;;;
 ;03:33:09;3.303;0.075;171.9;31.5;;;;;;;;;;;;;;;;;;
 ;03:33:10;3.307;0.068;172.0;31.5;;;;;;;;;;;;;;;;;;
 ;03:33:11;3.303;0.076;172.0;31.5;;;;;;;;;;;;;;;;;;
 ;03:33:12;3.306;0.070;172.0;31.5;;;;;;;;;;;;;;;;;;
 ;03:33:13;3.304;0.074;172.0;31.5;;;;;;;;;;;;;;;;;;
 ;03:33:14;3.305;0.072;172.0;31.5;;;;;;;;;;;;;;;;;;
 ;03:33:15;3.306;0.071;172.1;31.5;;;;;;;;;;;;;;;;;;
 ;03:33:16;3.305;0.072;172.1;31.5;;;;;;;;;;;;;;;;;;
 ;03:33:17;3.307;0.069;172.1;31.5;;;;;;;;;;;;;;;;;;
 ;03:33:18;3.304;0.073;172.1;31.5;;;;;;;;;;;;;;;;;;
 ;03:33:19;3.308;0.068;172.2;31.5;;;;;;;;;;;;;;;;;;
 ;03:33:20;3.303;0.074;172.2;31.5;;;;;;;;;;;;;;;;;;
 ;03:33:21;3.307;0.069;172.2;31.5;;;;;;;;;;;;;;;;;;
 ;03:33:22;3.303;0.076;172.2;31.5;;;;;;;;;;;;;;;;;;
 ;03:33:23;3.302;0.075;172.2;31.5;;;;;;;;;;;;;;;;;;
 ;03:33:24;3.308;0.067;172.3;31.5;;;;;;;;;;;;;;;;;;
 ;03:33:25;3.302;0.076;172.3;31.5;;;;;;;;;;;;;;;;;;
 ;03:33:26;3.304;0.071;172.3;31.5;;;;;;;;;;;;;;;;;;
 ;03:33:27;3.307;0.069;172.3;31.5;;;;;;;;;;;;;;;;;;
 ;03:33:28;3.301;0.077;172.3;31.5;;;;;;;;;;;;;;;;;;
 ;03:33:29;3.306;0.069;172.4;31.5;;;;;;;;;;;;;;;;;;
 ;03:33:30;3.305;0.074;172.4;31.5;;;;;;;;;;;;;;;;;;
 ;03:33:31;3.304;0.073;172.4;31.5;;;;;;;;;;;;;;;;;;
 ;03:33:32;3.308;0.069;172.4;31.5;;;;;;;;;;;;;;;;;;
 ;03:33:33;3.302;0.076;172.4;31.5;;;;;;;;;;;;;;;;;;
 ;03:33:34;3.307;0.068;172.5;31.5;;;;;;;;;;;;;;;;;;
 ;03:33:35;3.304;0.075;172.5;31.5;;;;;;;;;;;;;;;;;;
 ;03:33:36;3.305;0.071;172.5;31.5;;;;;;;;;;;;;;;;;;
 ;03:33:37;3.306;0.070;172.5;31.5;;;;;;;;;;;;;;;;;;
 ;03:33:38;3.303;0.073;172.5;31.5;;;;;;;;;;;;;;;;;;
 ;03:33:39;3.308;0.067;172.6;31.5;;;;;;;;;;;;;;;;;;
 ;03:33:40;3.302;0.076;172.6;31.5;;;;;;;;;;;;;;;;;;
 ;03:33:41;3.306;0.069;172.6;31.5;;;;;;;;;;;;;;;;;;
 ;03:33:42;3.304;0.074;172.6;31.5;;;;;;;;;;;;;;;;;;
 ;03:33:43;3.305;0.071;172.6;31.5;;;;;;;;;;;;;;;;;;
 ;03:33:44;3.306;0.071;172.7;31.5;;;;;;;;;;;;;;;;;;
 ;03:33:45;3.304;0.072;172.7;31.5;;;;;;;;;;;;;;;;;;
 ;03:33:46;3.308;0.068;172.7;31.5;;;;;;;;;;;;;;;;;;
 ;03:33:47;3.304;0.073;172.7;31.5;;;;;;;;;;;;;;;;;;
 ;03:33:48;3.307;0.068;172.7;31.5;;;;;;;;;;;;;;;;;;
 ;03:33:49;3.303;0.076;172.8;31.5;;;;;;;;;;;;;;;;;;
 ;03:33:50;3.301;0.075;172.8;31.5;;;;;;;;;;;;;;;;;;
 ;03:33:51;3.307;0.067;172.8;31.5;;;;;;;;;;;;;;;;;;
 ;03:33:52;3.303;0.074;172.8;31.5;;;;;;;;;;;;;;;;;;
 ;03:33:53;3.303;0.072;172.8;31.5;;;;;;;;;;;;;;;;;;
 ;03:33:54;3.308;0.067;172.9;31.5;;;;;;;;;;;;;;;;;;
 ;03:33:55;3.302;0.076;172.9;31.5;;;;;;;;;;;;;;;;;;
 ;03:33:56;3.305;0.069;172.9;31.5;;;;;;;;;;;;;;;;;;
 ;03:33:57;3.306;0.071;172.9;31.5;;;;;;;;;;;;;;;;;;
 ;03:33:58;3.302;0.073;172.9;31.5;;;;;;;;;;;;;;;;;;
 ;03:33:59;3.307;0.067;173.0;31.5;;;;;;;;;;;;;;;;;;
 ;03:34:00;3.303;0.075;173.0;31.5;;;;;;;;;;;;;;;;;;
 ;03:34:01;3.305;0.070;173.0;31.5;;;;;;;;;;;;;;;;;;
 ;03:34:02;3.306;0.070;173.0;31.5;;;;;;;;;;;;;;;;;;
 ;03:34:03;3.303;0.072;173.0;31.5;;;;;;;;;;;;;;;;;;
 ;03:34:04;3.308;0.066;173.1;31.5;;;;;;;;;;;;;;;;;;
 ;03:34:05;3.302;0.076;173.1;31.5;;;;;;;;;;;;;;;;;;
 ;03:34:06;3.306;0.068;173.1;31.5;;;;;;;;;;;;;;;;;;
 ;03:34:07;3.305;0.072;173.1;31.5;;;;;;;;;;;;;;;;;;
 ;03:34:08;3.304;0.071;173.1;31.5;;;;;;;;;;;;;;;;;;
 ;03:34:09;3.307;0.068;173.2;31.5;;;;;;;;;;;;;;;;;;
 ;03:34:10;3.303;0.072;173.2;31.5;;;;;;;;;;;;;;;;;;
 ;03:34:11;3.307;0.067;173.2;31.5;;;;;;;;;;;;;;;;;;
 ;03:34:12;3.303;0.074;173.2;31.5;;;;;;;;;;;;;;;;;;
 ;03:34:13;3.306;0.068;173.2;31.5;;;;;;;;;;;;;;;;;;
 ;03:34:14;3.304;0.073;173.3;31.5;;;;;;;;;;;;;;;;;;
 ;03:34:15;3.305;0.070;173.3;31.5;;;;;;;;;;;;;;;;;;
 ;03:34:16;3.306;0.070;173.3;31.5;;;;;;;;;;;;;;;;;;
 ;03:34:17;3.304;0.071;173.3;31.5;;;;;;;;;;;;;;;;;;
 ;03:34:18;3.308;0.067;173.3;31.5;;;;;;;;;;;;;;;;;;
 ;03:34:19;3.304;0.072;173.3;31.5;;;;;;;;;;;;;;;;;;
 ;03:34:20;3.307;0.067;173.4;31.5;;;;;;;;;;;;;;;;;;
 ;03:34:21;3.303;0.073;173.4;31.5;;;;;;;;;;;;;;;;;;
 ;03:34:22;3.306;0.067;173.4;31.5;;;;;;;;;;;;;;;;;;
 ;03:34:23;3.304;0.074;173.4;31.5;;;;;;;;;;;;;;;;;;
 ;03:34:24;3.306;0.068;173.4;31.5;;;;;;;;;;;;;;;;;;
 ;03:34:25;3.305;0.072;173.5;31.5;;;;;;;;;;;;;;;;;;
 ;03:34:26;3.301;0.076;173.5;31.5;;;;;;;;;;;;;;;;;;
 ;03:34:27;3.307;0.067;173.5;31.5;;;;;;;;;;;;;;;;;;
 ;03:34:28;3.304;0.073;173.5;31.5;;;;;;;;;;;;;;;;;;
 ;03:34:29;3.303;0.073;173.5;31.5;;;;;;;;;;;;;;;;;;
 ;03:34:30;3.308;0.065;173.6;31.5;;;;;;;;;;;;;;;;;;
 ;03:34:31;3.302;0.075;173.6;31.5;;;;;;;;;;;;;;;;;;
 ;03:34:32;3.305;0.069;173.6;31.5;;;;;;;;;;;;;;;;;;
 ;03:34:33;3.306;0.069;173.6;31.5;;;;;;;;;;;;;;;;;;
 ;03:34:34;3.303;0.073;173.6;31.4;;;;;;;;;;;;;;;;;;
 ;03:34:35;3.307;0.066;173.7;31.5;;;;;;;;;;;;;;;;;;
 ;03:34:36;3.303;0.075;173.7;31.4;;;;;;;;;;;;;;;;;;
 ;03:34:37;3.305;0.068;173.7;31.4;;;;;;;;;;;;;;;;;;
 ;03:34:38;3.306;0.070;173.7;31.4;;;;;;;;;;;;;;;;;;
 ;03:34:39;3.304;0.071;173.7;31.4;;;;;;;;;;;;;;;;;;
 ;03:34:40;3.308;0.066;173.8;31.4;;;;;;;;;;;;;;;;;;
 ;03:34:41;3.303;0.073;173.8;31.4;;;;;;;;;;;;;;;;;;
 ;03:34:42;3.307;0.067;173.8;31.4;;;;;;;;;;;;;;;;;;
 ;03:34:43;3.304;0.073;173.8;31.4;;;;;;;;;;;;;;;;;;
 ;03:34:44;3.305;0.068;173.8;31.4;;;;;;;;;;;;;;;;;;
 ;03:34:45;3.306;0.070;173.9;31.4;;;;;;;;;;;;;;;;;;
 ;03:34:46;3.304;0.070;173.9;31.4;;;;;;;;;;;;;;;;;;
 ;03:34:47;3.307;0.067;173.9;31.4;;;;;;;;;;;;;;;;;;
 ;03:34:48;3.303;0.072;173.9;31.4;;;;;;;;;;;;;;;;;;
 ;03:34:49;3.307;0.066;173.9;31.4;;;;;;;;;;;;;;;;;;
 ;03:34:50;3.303;0.073;174.0;31.4;;;;;;;;;;;;;;;;;;
 ;03:34:51;3.306;0.067;174.0;31.4;;;;;;;;;;;;;;;;;;
 ;03:34:52;3.304;0.072;174.0;31.4;;;;;;;;;;;;;;;;;;
 ;03:34:53;3.305;0.068;174.0;31.4;;;;;;;;;;;;;;;;;;
 ;03:34:54;3.306;0.070;174.0;31.4;;;;;;;;;;;;;;;;;;
 ;03:34:55;3.305;0.069;174.1;31.4;;;;;;;;;;;;;;;;;;
 ;03:34:56;3.307;0.068;174.1;31.4;;;;;;;;;;;;;;;;;;
 ;03:34:57;3.301;0.076;174.1;31.4;;;;;;;;;;;;;;;;;;
 ;03:34:58;3.304;0.068;174.1;31.4;;;;;;;;;;;;;;;;;;
 ;03:34:59;3.307;0.067;174.1;31.4;;;;;;;;;;;;;;;;;;
 ;03:35:00;3.301;0.074;174.2;31.4;;;;;;;;;;;;;;;;;;
 ;03:35:01;3.306;0.066;174.2;31.4;;;;;;;;;;;;;;;;;;
 ;03:35:02;3.305;0.071;174.2;31.4;;;;;;;;;;;;;;;;;;
 ;03:35:03;3.303;0.071;174.2;31.4;;;;;;;;;;;;;;;;;;
 ;03:35:04;3.308;0.064;174.2;31.4;;;;;;;;;;;;;;;;;;
 ;03:35:05;3.302;0.074;174.3;31.4;;;;;;;;;;;;;;;;;;
 ;03:35:06;3.305;0.067;174.3;31.4;;;;;;;;;;;;;;;;;;
 ;03:35:07;3.306;0.069;174.3;31.4;;;;;;;;;;;;;;;;;;
 ;03:35:08;3.303;0.070;174.3;31.4;;;;;;;;;;;;;;;;;;
 ;03:35:09;3.308;0.064;174.3;31.4;;;;;;;;;;;;;;;;;;
 ;03:35:10;3.302;0.073;174.3;31.4;;;;;;;;;;;;;;;;;;
 ;03:35:11;3.306;0.066;174.4;31.4;;;;;;;;;;;;;;;;;;
 ;03:35:12;3.304;0.071;174.4;31.4;;;;;;;;;;;;;;;;;;
 ;03:35:13;3.304;0.069;174.4;31.4;;;;;;;;;;;;;;;;;;
 ;03:35:14;3.307;0.066;174.4;31.4;;;;;;;;;;;;;;;;;;
 ;03:35:15;3.303;0.071;174.4;31.4;;;;;;;;;;;;;;;;;;
 ;03:35:16;3.307;0.065;174.5;31.4;;;;;;;;;;;;;;;;;;
 ;03:35:17;3.303;0.073;174.5;31.4;;;;;;;;;;;;;;;;;;
 ;03:35:18;3.306;0.067;174.5;31.4;;;;;;;;;;;;;;;;;;
 ;03:35:19;3.305;0.070;174.5;31.4;;;;;;;;;;;;;;;;;;
 ;03:35:20;3.305;0.068;174.5;31.4;;;;;;;;;;;;;;;;;;
 ;03:35:21;3.307;0.067;174.6;31.4;;;;;;;;;;;;;;;;;;
 ;03:35:22;3.304;0.070;174.6;31.4;;;;;;;;;;;;;;;;;;
 ;03:35:23;3.308;0.064;174.6;31.4;;;;;;;;;;;;;;;;;;
 ;03:35:24;3.303;0.072;174.6;31.4;;;;;;;;;;;;;;;;;;
 ;03:35:25;3.306;0.066;174.6;31.4;;;;;;;;;;;;;;;;;;
 ;03:35:26;3.303;0.072;174.7;31.4;;;;;;;;;;;;;;;;;;
 ;03:35:27;3.306;0.066;174.7;31.4;;;;;;;;;;;;;;;;;;
 ;03:35:28;3.304;0.070;174.7;31.4;;;;;;;;;;;;;;;;;;
 ;03:35:29;3.300;0.074;174.7;31.4;;;;;;;;;;;;;;;;;;
 ;03:35:30;3.307;0.065;174.7;31.4;;;;;;;;;;;;;;;;;;
 ;03:35:31;3.305;0.070;174.8;31.4;;;;;;;;;;;;;;;;;;
 ;03:35:32;3.302;0.071;174.8;31.4;;;;;;;;;;;;;;;;;;
 ;03:35:33;3.308;0.064;174.8;31.4;;;;;;;;;;;;;;;;;;
 ;03:35:34;3.302;0.072;174.8;31.4;;;;;;;;;;;;;;;;;;
 ;03:35:35;3.305;0.068;174.8;31.4;;;;;;;;;;;;;;;;;;
 ;03:35:36;3.307;0.066;174.8;31.4;;;;;;;;;;;;;;;;;;
 ;03:35:37;3.302;0.072;174.9;31.4;;;;;;;;;;;;;;;;;;
 ;03:35:38;3.307;0.065;174.9;31.4;;;;;;;;;;;;;;;;;;
 ;03:35:39;3.304;0.071;174.9;31.4;;;;;;;;;;;;;;;;;;
 ;03:35:40;3.304;0.068;174.9;31.4;;;;;;;;;;;;;;;;;;
 ;03:35:41;3.308;0.065;174.9;31.4;;;;;;;;;;;;;;;;;;
 ;03:35:42;3.302;0.071;175.0;31.4;;;;;;;;;;;;;;;;;;
 ;03:35:43;3.307;0.065;175.0;31.4;;;;;;;;;;;;;;;;;;
 ;03:35:44;3.303;0.071;175.0;31.4;;;;;;;;;;;;;;;;;;
 ;03:35:45;3.305;0.067;175.0;31.4;;;;;;;;;;;;;;;;;;
 ;03:35:46;3.306;0.067;175.0;31.4;;;;;;;;;;;;;;;;;;
 ;03:35:47;3.304;0.069;175.1;31.4;;;;;;;;;;;;;;;;;;
 ;03:35:48;3.308;0.063;175.1;31.4;;;;;;;;;;;;;;;;;;
 ;03:35:49;3.303;0.071;175.1;31.4;;;;;;;;;;;;;;;;;;
 ;03:35:50;3.307;0.065;175.1;31.4;;;;;;;;;;;;;;;;;;
 ;03:35:51;3.304;0.071;175.1;31.4;;;;;;;;;;;;;;;;;;
 ;03:35:52;3.306;0.066;175.1;31.4;;;;;;;;;;;;;;;;;;
 ;03:35:53;3.305;0.068;175.2;31.4;;;;;;;;;;;;;;;;;;
 ;03:35:54;3.305;0.068;175.2;31.4;;;;;;;;;;;;;;;;;;
 ;03:35:55;3.307;0.065;175.2;31.4;;;;;;;;;;;;;;;;;;
 ;03:35:56;3.304;0.069;175.2;31.4;;;;;;;;;;;;;;;;;;
 ;03:35:57;3.307;0.064;175.2;31.4;;;;;;;;;;;;;;;;;;
 ;03:35:58;3.303;0.070;175.3;31.4;;;;;;;;;;;;;;;;;;
 ;03:35:59;3.307;0.065;175.3;31.4;;;;;;;;;;;;;;;;;;
 ;03:36:00;3.303;0.071;175.3;31.4;;;;;;;;;;;;;;;;;;
 ;03:36:01;3.306;0.065;175.3;31.4;;;;;;;;;;;;;;;;;;
 ;03:36:02;3.304;0.069;175.3;31.4;;;;;;;;;;;;;;;;;;
 ;03:36:03;3.305;0.066;175.4;31.4;;;;;;;;;;;;;;;;;;
 ;03:36:04;3.306;0.067;175.4;31.4;;;;;;;;;;;;;;;;;;
 ;03:36:05;3.301;0.074;175.4;31.4;;;;;;;;;;;;;;;;;;
 ;03:36:06;3.305;0.066;175.4;31.4;;;;;;;;;;;;;;;;;;
 ;03:36:07;3.306;0.066;175.4;31.4;;;;;;;;;;;;;;;;;;
 ;03:36:08;3.301;0.072;175.5;31.4;;;;;;;;;;;;;;;;;;
 ;03:36:09;3.307;0.064;175.5;31.4;;;;;;;;;;;;;;;;;;
 ;03:36:10;3.304;0.069;175.5;31.4;;;;;;;;;;;;;;;;;;
 ;03:36:11;3.304;0.068;175.5;31.4;;;;;;;;;;;;;;;;;;
 ;03:36:12;3.308;0.063;175.5;31.4;;;;;;;;;;;;;;;;;;
 ;03:36:13;3.301;0.072;175.5;31.4;;;;;;;;;;;;;;;;;;
 ;03:36:14;3.306;0.064;175.6;31.4;;;;;;;;;;;;;;;;;;
 ;03:36:15;3.305;0.068;175.6;31.4;;;;;;;;;;;;;;;;;;
 ;03:36:16;3.304;0.068;175.6;31.4;;;;;;;;;;;;;;;;;;
 ;03:36:17;3.308;0.063;175.6;31.4;;;;;;;;;;;;;;;;;;
 ;03:36:18;3.302;0.071;175.6;31.4;;;;;;;;;;;;;;;;;;
 ;03:36:19;3.307;0.064;175.7;31.4;;;;;;;;;;;;;;;;;;
 ;03:36:20;3.304;0.069;175.7;31.4;;;;;;;;;;;;;;;;;;
 ;03:36:21;3.305;0.066;175.7;31.4;;;;;;;;;;;;;;;;;;
 ;03:36:22;3.306;0.065;175.7;31.4;;;;;;;;;;;;;;;;;;
 ;03:36:23;3.304;0.068;175.7;31.4;;;;;;;;;;;;;;;;;;
 ;03:36:24;3.308;0.062;175.8;31.4;;;;;;;;;;;;;;;;;;
 ;03:36:25;3.302;0.071;175.8;31.4;;;;;;;;;;;;;;;;;;
 ;03:36:26;3.307;0.064;175.8;31.4;;;;;;;;;;;;;;;;;;
 ;03:36:27;3.304;0.069;175.8;31.4;;;;;;;;;;;;;;;;;;
 ;03:36:28;3.305;0.066;175.8;31.4;;;;;;;;;;;;;;;;;;
 ;03:36:29;3.306;0.065;175.8;31.4;;;;;;;;;;;;;;;;;;
 ;03:36:30;3.304;0.068;175.9;31.4;;;;;;;;;;;;;;;;;;
 ;03:36:31;3.308;0.062;175.9;31.4;;;;;;;;;;;;;;;;;;
 ;03:36:32;3.304;0.068;175.9;31.4;;;;;;;;;;;;;;;;;;
 ;03:36:33;3.307;0.063;175.9;31.4;;;;;;;;;;;;;;;;;;
 ;03:36:34;3.303;0.071;175.9;31.4;;;;;;;;;;;;;;;;;;
 ;03:36:35;3.306;0.064;176.0;31.4;;;;;;;;;;;;;;;;;;
 ;03:36:36;3.304;0.068;176.0;31.4;;;;;;;;;;;;;;;;;;
 ;03:36:37;3.305;0.065;176.0;31.4;;;;;;;;;;;;;;;;;;
 ;03:36:38;3.306;0.066;176.0;31.4;;;;;;;;;;;;;;;;;;
 ;03:36:39;3.300;0.073;176.0;31.4;;;;;;;;;;;;;;;;;;
 ;03:36:40;3.305;0.065;176.0;31.4;;;;;;;;;;;;;;;;;;
 ;03:36:41;3.306;0.065;176.1;31.4;;;;;;;;;;;;;;;;;;
 ;03:36:42;3.301;0.071;176.1;31.4;;;;;;;;;;;;;;;;;;
 ;03:36:43;3.307;0.063;176.1;31.4;;;;;;;;;;;;;;;;;;
 ;03:36:44;3.304;0.068;176.1;31.4;;;;;;;;;;;;;;;;;;
 ;03:36:45;3.304;0.067;176.1;31.4;;;;;;;;;;;;;;;;;;
 ;03:36:46;3.308;0.062;176.2;31.4;;;;;;;;;;;;;;;;;;
 ;03:36:47;3.301;0.071;176.2;31.4;;;;;;;;;;;;;;;;;;
 ;03:36:48;3.306;0.063;176.2;31.4;;;;;;;;;;;;;;;;;;
 ;03:36:49;3.305;0.067;176.2;31.4;;;;;;;;;;;;;;;;;;
 ;03:36:50;3.304;0.067;176.2;31.4;;;;;;;;;;;;;;;;;;
 ;03:36:51;3.308;0.062;176.3;31.3;;;;;;;;;;;;;;;;;;
 ;03:36:52;3.302;0.070;176.3;31.3;;;;;;;;;;;;;;;;;;
 ;03:36:53;3.307;0.063;176.3;31.3;;;;;;;;;;;;;;;;;;
 ;03:36:54;3.304;0.068;176.3;31.3;;;;;;;;;;;;;;;;;;
 ;03:36:55;3.304;0.066;176.3;31.3;;;;;;;;;;;;;;;;;;
 ;03:36:56;3.307;0.063;176.3;31.3;;;;;;;;;;;;;;;;;;
 ;03:36:57;3.303;0.068;176.4;31.3;;;;;;;;;;;;;;;;;;
 ;03:36:58;3.307;0.062;176.4;31.3;;;;;;;;;;;;;;;;;;
 ;03:36:59;3.303;0.070;176.4;31.3;;;;;;;;;;;;;;;;;;
 ;03:37:00;3.306;0.063;176.4;31.3;;;;;;;;;;;;;;;;;;
 ;03:37:01;3.304;0.067;176.4;31.3;;;;;;;;;;;;;;;;;;
 ;03:37:02;3.304;0.066;176.5;31.3;;;;;;;;;;;;;;;;;;
 ;03:37:03;3.307;0.063;176.5;31.3;;;;;;;;;;;;;;;;;;
 ;03:37:04;3.304;0.067;176.5;31.3;;;;;;;;;;;;;;;;;;
 ;03:37:05;3.308;0.062;176.5;31.3;;;;;;;;;;;;;;;;;;
 ;03:37:06;3.303;0.068;176.5;31.3;;;;;;;;;;;;;;;;;;
 ;03:37:07;3.307;0.062;176.5;31.3;;;;;;;;;;;;;;;;;;
 ;03:37:08;3.303;0.069;176.6;31.3;;;;;;;;;;;;;;;;;;
 ;03:37:09;3.306;0.064;176.6;31.3;;;;;;;;;;;;;;;;;;
 ;03:37:10;3.305;0.066;176.6;31.3;;;;;;;;;;;;;;;;;;
 ;03:37:11;3.305;0.065;176.6;31.3;;;;;;;;;;;;;;;;;;
 ;03:37:12;3.306;0.064;176.6;31.3;;;;;;;;;;;;;;;;;;
 ;03:37:13;3.305;0.066;176.7;31.3;;;;;;;;;;;;;;;;;;
 ;03:37:14;3.307;0.062;176.7;31.3;;;;;;;;;;;;;;;;;;
 ;03:37:15;3.301;0.071;176.7;31.3;;;;;;;;;;;;;;;;;;
 ;03:37:16;3.304;0.066;176.7;31.3;;;;;;;;;;;;;;;;;;
 ;03:37:17;3.307;0.062;176.7;31.3;;;;;;;;;;;;;;;;;;
 ;03:37:18;3.301;0.071;176.8;31.3;;;;;;;;;;;;;;;;;;
 ;03:37:19;3.305;0.064;176.8;31.3;;;;;;;;;;;;;;;;;;
 ;03:37:20;3.306;0.064;176.8;31.3;;;;;;;;;;;;;;;;;;
 ;03:37:21;3.302;0.070;176.8;31.3;;;;;;;;;;;;;;;;;;
 ;03:37:22;3.307;0.062;176.8;31.3;;;;;;;;;;;;;;;;;;
 ;03:37:23;3.303;0.068;176.8;31.3;;;;;;;;;;;;;;;;;;
 ;03:37:24;3.304;0.066;176.9;31.3;;;;;;;;;;;;;;;;;;
 ;03:37:25;3.307;0.062;176.9;31.3;;;;;;;;;;;;;;;;;;
 ;03:37:26;3.302;0.070;176.9;31.3;;;;;;;;;;;;;;;;;;
 ;03:37:27;3.307;0.062;176.9;31.3;;;;;;;;;;;;;;;;;;
 ;03:37:28;3.304;0.067;176.9;31.3;;;;;;;;;;;;;;;;;;
 ;03:37:29;3.304;0.065;177.0;31.3;;;;;;;;;;;;;;;;;;
 ;03:37:30;3.307;0.062;177.0;31.3;;;;;;;;;;;;;;;;;;
 ;03:37:31;3.303;0.068;177.0;31.3;;;;;;;;;;;;;;;;;;
 ;03:37:32;3.307;0.061;177.0;31.3;;;;;;;;;;;;;;;;;;
 ;03:37:33;3.303;0.069;177.0;31.3;;;;;;;;;;;;;;;;;;
 ;03:37:34;3.306;0.063;177.0;31.3;;;;;;;;;;;;;;;;;;
 ;03:37:35;3.305;0.065;177.1;31.3;;;;;;;;;;;;;;;;;;
 ;03:37:36;3.304;0.066;177.1;31.3;;;;;;;;;;;;;;;;;;
 ;03:37:37;3.307;0.061;177.1;31.3;;;;;;;;;;;;;;;;;;
 ;03:37:38;3.303;0.067;177.1;31.3;;;;;;;;;;;;;;;;;;
 ;03:37:39;3.307;0.061;177.1;31.3;;;;;;;;;;;;;;;;;;
 ;03:37:40;3.303;0.069;177.2;31.3;;;;;;;;;;;;;;;;;;
 ;03:37:41;3.306;0.063;177.2;31.3;;;;;;;;;;;;;;;;;;
 ;03:37:42;3.304;0.066;177.2;31.3;;;;;;;;;;;;;;;;;;
 ;03:37:43;3.305;0.064;177.2;31.3;;;;;;;;;;;;;;;;;;
 ;03:37:44;3.306;0.063;177.2;31.3;;;;;;;;;;;;;;;;;;
 ;03:37:45;3.304;0.066;177.2;31.3;;;;;;;;;;;;;;;;;;
 ;03:37:46;3.308;0.060;177.3;31.3;;;;;;;;;;;;;;;;;;
 ;03:37:47;3.304;0.067;177.3;31.3;;;;;;;;;;;;;;;;;;
 ;03:37:48;3.307;0.061;177.3;31.3;;;;;;;;;;;;;;;;;;
 ;03:37:49;3.303;0.068;177.3;31.3;;;;;;;;;;;;;;;;;;
 ;03:37:50;3.306;0.062;177.3;31.3;;;;;;;;;;;;;;;;;;
 ;03:37:51;3.304;0.067;177.4;31.3;;;;;;;;;;;;;;;;;;
 ;03:37:52;3.306;0.063;177.4;31.3;;;;;;;;;;;;;;;;;;
 ;03:37:53;3.305;0.065;177.4;31.3;;;;;;;;;;;;;;;;;;
 ;03:37:54;3.300;0.071;177.4;31.3;;;;;;;;;;;;;;;;;;
 ;03:37:55;3.306;0.062;177.4;31.3;;;;;;;;;;;;;;;;;;
 ;03:37:56;3.305;0.064;177.4;31.3;;;;;;;;;;;;;;;;;;
 ;03:37:57;3.302;0.068;177.5;31.3;;;;;;;;;;;;;;;;;;
 ;03:37:58;3.307;0.060;177.5;31.3;;;;;;;;;;;;;;;;;;
 ;03:37:59;3.303;0.068;177.5;31.3;;;;;;;;;;;;;;;;;;
 ;03:38:00;3.303;0.065;177.5;31.3;;;;;;;;;;;;;;;;;;
 ;03:38:01;3.308;0.060;177.5;31.3;;;;;;;;;;;;;;;;;;
 ;03:38:02;3.302;0.068;177.6;31.3;;;;;;;;;;;;;;;;;;
 ;03:38:03;3.307;0.061;177.6;31.3;;;;;;;;;;;;;;;;;;
 ;03:38:04;3.304;0.066;177.6;31.3;;;;;;;;;;;;;;;;;;
 ;03:38:05;3.304;0.065;177.6;31.3;;;;;;;;;;;;;;;;;;
 ;03:38:06;3.308;0.060;177.6;31.3;;;;;;;;;;;;;;;;;;
 ;03:38:07;3.302;0.068;177.6;31.3;;;;;;;;;;;;;;;;;;
 ;03:38:08;3.307;0.061;177.7;31.3;;;;;;;;;;;;;;;;;;
 ;03:38:09;3.304;0.066;177.7;31.3;;;;;;;;;;;;;;;;;;
 ;03:38:10;3.305;0.063;177.7;31.3;;;;;;;;;;;;;;;;;;
 ;03:38:11;3.306;0.062;177.7;31.3;;;;;;;;;;;;;;;;;;
 ;03:38:12;3.303;0.066;177.7;31.3;;;;;;;;;;;;;;;;;;
 ;03:38:13;3.308;0.060;177.7;31.3;;;;;;;;;;;;;;;;;;
 ;03:38:14;3.302;0.068;177.8;31.3;;;;;;;;;;;;;;;;;;
 ;03:38:15;3.306;0.061;177.8;31.3;;;;;;;;;;;;;;;;;;
 ;03:38:16;3.304;0.065;177.8;31.3;;;;;;;;;;;;;;;;;;
 ;03:38:17;3.305;0.063;177.8;31.3;;;;;;;;;;;;;;;;;;
 ;03:38:18;3.306;0.062;177.8;31.3;;;;;;;;;;;;;;;;;;
 ;03:38:19;3.304;0.065;177.9;31.3;;;;;;;;;;;;;;;;;;
 ;03:38:20;3.308;0.059;177.9;31.3;;;;;;;;;;;;;;;;;;
 ;03:38:21;3.303;0.067;177.9;31.3;;;;;;;;;;;;;;;;;;
 ;03:38:22;3.307;0.061;177.9;31.3;;;;;;;;;;;;;;;;;;
 ;03:38:23;3.303;0.067;177.9;31.3;;;;;;;;;;;;;;;;;;
 ;03:38:24;3.306;0.062;177.9;31.3;;;;;;;;;;;;;;;;;;
 ;03:38:25;3.305;0.064;178.0;31.3;;;;;;;;;;;;;;;;;;
 ;03:38:26;3.305;0.063;178.0;31.3;;;;;;;;;;;;;;;;;;
 ;03:38:27;3.306;0.062;178.0;31.3;;;;;;;;;;;;;;;;;;
 ;03:38:28;3.305;0.064;178.0;31.3;;;;;;;;;;;;;;;;;;
 ;03:38:29;3.307;0.060;178.0;31.3;;;;;;;;;;;;;;;;;;
 ;03:38:30;3.304;0.065;178.0;31.3;;;;;;;;;;;;;;;;;;
 ;03:38:31;3.307;0.060;178.1;31.3;;;;;;;;;;;;;;;;;;
 ;03:38:32;3.303;0.066;178.1;31.3;;;;;;;;;;;;;;;;;;
 ;03:38:33;3.307;0.060;178.1;31.3;;;;;;;;;;;;;;;;;;
 ;03:38:34;3.303;0.067;178.1;31.3;;;;;;;;;;;;;;;;;;
 ;03:38:35;3.301;0.068;178.1;31.3;;;;;;;;;;;;;;;;;;
 ;03:38:36;3.307;0.059;178.2;31.3;;;;;;;;;;;;;;;;;;
 ;03:38:37;3.303;0.066;178.2;31.3;;;;;;;;;;;;;;;;;;
 ;03:38:38;3.303;0.065;178.2;31.3;;;;;;;;;;;;;;;;;;
 ;03:38:39;3.308;0.058;178.2;31.3;;;;;;;;;;;;;;;;;;
 ;03:38:40;3.302;0.068;178.2;31.3;;;;;;;;;;;;;;;;;;
 ;03:38:41;3.306;0.061;178.2;31.3;;;;;;;;;;;;;;;;;;
 ;03:38:42;3.305;0.063;178.3;31.3;;;;;;;;;;;;;;;;;;
 ;03:38:43;3.303;0.065;178.3;31.3;;;;;;;;;;;;;;;;;;
 ;03:38:44;3.308;0.059;178.3;31.3;;;;;;;;;;;;;;;;;;
 ;03:38:45;3.302;0.067;178.3;31.3;;;;;;;;;;;;;;;;;;
 ;03:38:46;3.306;0.061;178.3;31.3;;;;;;;;;;;;;;;;;;
 ;03:38:47;3.305;0.063;178.3;31.3;;;;;;;;;;;;;;;;;;
 ;03:38:48;3.304;0.064;178.4;31.3;;;;;;;;;;;;;;;;;;
 ;03:38:49;3.308;0.059;178.4;31.3;;;;;;;;;;;;;;;;;;
 ;03:38:50;3.303;0.066;178.4;31.3;;;;;;;;;;;;;;;;;;
 ;03:38:51;3.307;0.060;178.4;31.3;;;;;;;;;;;;;;;;;;
 ;03:38:52;3.303;0.066;178.4;31.3;;;;;;;;;;;;;;;;;;
 ;03:38:53;3.305;0.062;178.5;31.3;;;;;;;;;;;;;;;;;;
 ;03:38:54;3.306;0.062;178.5;31.3;;;;;;;;;;;;;;;;;;
 ;03:38:55;3.304;0.064;178.5;31.3;;;;;;;;;;;;;;;;;;
 ;03:38:56;3.308;0.058;178.5;31.3;;;;;;;;;;;;;;;;;;
 ;03:38:57;3.303;0.066;178.5;31.3;;;;;;;;;;;;;;;;;;
 ;03:38:58;3.307;0.060;178.5;31.3;;;;;;;;;;;;;;;;;;
 ;03:38:59;3.303;0.066;178.6;31.3;;;;;;;;;;;;;;;;;;
 ;03:39:00;3.306;0.061;178.6;31.2;;;;;;;;;;;;;;;;;;
 ;03:39:01;3.305;0.063;178.6;31.3;;;;;;;;;;;;;;;;;;
 ;03:39:02;3.305;0.063;178.6;31.2;;;;;;;;;;;;;;;;;;
 ;03:39:03;3.307;0.060;178.6;31.2;;;;;;;;;;;;;;;;;;
 ;03:39:04;3.304;0.064;178.6;31.2;;;;;;;;;;;;;;;;;;
 ;03:39:05;3.308;0.059;178.7;31.2;;;;;;;;;;;;;;;;;;
 ;03:39:06;3.303;0.065;178.7;31.2;;;;;;;;;;;;;;;;;;
 ;03:39:07;3.307;0.060;178.7;31.2;;;;;;;;;;;;;;;;;;
 ;03:39:08;3.303;0.066;178.7;31.2;;;;;;;;;;;;;;;;;;
 ;03:39:09;3.306;0.060;178.7;31.2;;;;;;;;;;;;;;;;;;
 ;03:39:10;3.304;0.064;178.8;31.2;;;;;;;;;;;;;;;;;;
 ;03:39:11;3.305;0.061;178.8;31.2;;;;;;;;;;;;;;;;;;
 ;03:39:12;3.306;0.062;178.8;31.2;;;;;;;;;;;;;;;;;;
 ;03:39:13;3.300;0.069;178.8;31.2;;;;;;;;;;;;;;;;;;
 ;03:39:14;3.305;0.061;178.8;31.2;;;;;;;;;;;;;;;;;;
 ;03:39:15;3.307;0.060;178.8;31.2;;;;;;;;;;;;;;;;;;
 ;03:39:16;3.301;0.068;178.9;31.2;;;;;;;;;;;;;;;;;;
 ;03:39:17;3.306;0.060;178.9;31.2;;;;;;;;;;;;;;;;;;
 ;03:39:18;3.305;0.062;178.9;31.2;;;;;;;;;;;;;;;;;;
 ;03:39:19;3.303;0.064;178.9;31.2;;;;;;;;;;;;;;;;;;
 ;03:39:20;3.308;0.058;178.9;31.2;;;;;;;;;;;;;;;;;;
 ;03:39:21;3.302;0.066;178.9;31.2;;;;;;;;;;;;;;;;;;
 ;03:39:22;3.305;0.061;179.0;31.2;;;;;;;;;;;;;;;;;;
 ;03:39:23;3.306;0.061;179.0;31.2;;;;;;;;;;;;;;;;;;
 ;03:39:24;3.304;0.063;179.0;31.2;;;;;;;;;;;;;;;;;;
 ;03:39:25;3.308;0.057;179.0;31.2;;;;;;;;;;;;;;;;;;
 ;03:39:26;3.302;0.067;179.0;31.2;;;;;;;;;;;;;;;;;;
 ;03:39:27;3.306;0.059;179.0;31.2;;;;;;;;;;;;;;;;;;
 ;03:39:28;3.304;0.063;179.1;31.2;;;;;;;;;;;;;;;;;;
 ;03:39:29;3.304;0.062;179.1;31.2;;;;;;;;;;;;;;;;;;
 ;03:39:30;3.307;0.059;179.1;31.2;;;;;;;;;;;;;;;;;;
 ;03:39:31;3.303;0.064;179.1;31.2;;;;;;;;;;;;;;;;;;
 ;03:39:32;3.307;0.058;179.1;31.2;;;;;;;;;;;;;;;;;;
 ;03:39:33;3.303;0.066;179.2;31.2;;;;;;;;;;;;;;;;;;
 ;03:39:34;3.306;0.060;179.2;31.2;;;;;;;;;;;;;;;;;;
 ;03:39:35;3.305;0.062;179.2;31.2;;;;;;;;;;;;;;;;;;
 ;03:39:36;3.305;0.062;179.2;31.2;;;;;;;;;;;;;;;;;;
 ;03:39:37;3.307;0.059;179.2;31.2;;;;;;;;;;;;;;;;;;
 ;03:39:38;3.304;0.063;179.2;31.2;;;;;;;;;;;;;;;;;;
 ;03:39:39;3.308;0.058;179.3;31.2;;;;;;;;;;;;;;;;;;
 ;03:39:40;3.303;0.065;179.3;31.2;;;;;;;;;;;;;;;;;;
 ;03:39:41;3.307;0.059;179.3;31.2;;;;;;;;;;;;;;;;;;
 ;03:39:42;3.304;0.064;179.3;31.2;;;;;;;;;;;;;;;;;;
 ;03:39:43;3.305;0.061;179.3;31.2;;;;;;;;;;;;;;;;;;
 ;03:39:44;3.306;0.061;179.3;31.2;;;;;;;;;;;;;;;;;;
 ;03:39:45;3.304;0.062;179.4;31.2;;;;;;;;;;;;;;;;;;
 ;03:39:46;3.307;0.058;179.4;31.2;;;;;;;;;;;;;;;;;;
 ;03:39:47;3.304;0.063;179.4;31.2;;;;;;;;;;;;;;;;;;
 ;03:39:48;3.308;0.058;179.4;31.2;;;;;;;;;;;;;;;;;;
 ;03:39:49;3.303;0.064;179.4;31.2;;;;;;;;;;;;;;;;;;
 ;03:39:50;3.307;0.058;179.4;31.2;;;;;;;;;;;;;;;;;;
 ;03:39:51;3.303;0.065;179.5;31.2;;;;;;;;;;;;;;;;;;
 ;03:39:52;3.306;0.059;179.5;31.2;;;;;;;;;;;;;;;;;;
 ;03:39:53;3.304;0.063;179.5;31.2;;;;;;;;;;;;;;;;;;
 ;03:39:54;3.300;0.068;179.5;31.2;;;;;;;;;;;;;;;;;;
 ;03:39:55;3.306;0.058;179.5;31.2;;;;;;;;;;;;;;;;;;
 ;03:39:56;3.305;0.062;179.5;31.2;;;;;;;;;;;;;;;;;;
 ;03:39:57;3.302;0.065;179.6;31.2;;;;;;;;;;;;;;;;;;
 ;03:39:58;3.308;0.057;179.6;31.2;;;;;;;;;;;;;;;;;;
 ;03:39:59;3.303;0.065;179.6;31.2;;;;;;;;;;;;;;;;;;
 ;03:40:00;3.305;0.060;179.6;31.2;;;;;;;;;;;;;;;;;;
 ;03:40:01;3.307;0.059;179.6;31.2;;;;;;;;;;;;;;;;;;
 ;03:40:02;3.302;0.065;179.7;31.2;;;;;;;;;;;;;;;;;;
 ;03:40:03;3.307;0.057;179.7;31.2;;;;;;;;;;;;;;;;;;
 ;03:40:04;3.303;0.064;179.7;31.2;;;;;;;;;;;;;;;;;;
 ;03:40:05;3.305;0.060;179.7;31.2;;;;;;;;;;;;;;;;;;
 ;03:40:06;3.306;0.059;179.7;31.2;;;;;;;;;;;;;;;;;;
 ;03:40:07;3.302;0.065;179.7;31.2;;;;;;;;;;;;;;;;;;
 ;03:40:08;3.307;0.057;179.8;31.2;;;;;;;;;;;;;;;;;;
 ;03:40:09;3.303;0.064;179.8;31.2;;;;;;;;;;;;;;;;;;
 ;03:40:10;3.305;0.060;179.8;31.2;;;;;;;;;;;;;;;;;;
 ;03:40:11;3.306;0.060;179.8;31.2;;;;;;;;;;;;;;;;;;
 ;03:40:12;3.304;0.062;179.8;31.2;;;;;;;;;;;;;;;;;;
 ;03:40:13;3.308;0.056;179.8;31.2;;;;;;;;;;;;;;;;;;
 ;03:40:14;3.302;0.065;179.9;31.2;;;;;;;;;;;;;;;;;;
 ;03:40:15;3.307;0.058;179.9;31.2;;;;;;;;;;;;;;;;;;
 ;03:40:16;3.304;0.063;179.9;31.2;;;;;;;;;;;;;;;;;;
 ;03:40:17;3.305;0.060;179.9;31.2;;;;;;;;;;;;;;;;;;
 ;03:40:18;3.306;0.060;179.9;31.2;;;;;;;;;;;;;;;;;;
 ;03:40:19;3.304;0.061;179.9;31.2;;;;;;;;;;;;;;;;;;
 ;03:40:20;3.307;0.057;180.0;31.2;;;;;;;;;;;;;;;;;;
 ;03:40:21;3.303;0.064;180.0;31.2;;;;;;;;;;;;;;;;;;
 ;03:40:22;3.307;0.057;180.0;31.2;;;;;;;;;;;;;;;;;;
 ;03:40:23;3.303;0.064;180.0;31.2;;;;;;;;;;;;;;;;;;
 ;03:40:24;3.306;0.059;180.0;31.2;;;;;;;;;;;;;;;;;;
 ;03:40:25;3.305;0.061;180.0;31.2;;;;;;;;;;;;;;;;;;
 ;03:40:26;3.305;0.060;180.1;31.2;;;;;;;;;;;;;;;;;;
 ;03:40:27;3.306;0.059;180.1;31.2;;;;;;;;;;;;;;;;;;
 ;03:40:28;3.304;0.062;180.1;31.2;;;;;;;;;;;;;;;;;;
 ;03:40:29;3.308;0.056;180.1;31.2;;;;;;;;;;;;;;;;;;
 ;03:40:30;3.304;0.062;180.1;31.2;;;;;;;;;;;;;;;;;;
 ;03:40:31;3.307;0.057;180.1;31.2;;;;;;;;;;;;;;;;;;
 ;03:40:32;3.303;0.063;180.2;31.2;;;;;;;;;;;;;;;;;;
 ;03:40:33;3.306;0.058;180.2;31.2;;;;;;;;;;;;;;;;;;
 ;03:40:34;3.304;0.063;180.2;31.2;;;;;;;;;;;;;;;;;;
 ;03:40:35;3.301;0.066;180.2;31.2;;;;;;;;;;;;;;;;;;
 ;03:40:36;3.307;0.057;180.2;31.2;;;;;;;;;;;;;;;;;;
 ;03:40:37;3.303;0.063;180.2;31.2;;;;;;;;;;;;;;;;;;
 ;03:40:38;3.303;0.063;180.3;31.2;;;;;;;;;;;;;;;;;;
 ;03:40:39;3.308;0.055;180.3;31.2;;;;;;;;;;;;;;;;;;
 ;03:40:40;3.302;0.065;180.3;31.2;;;;;;;;;;;;;;;;;;
 ;03:40:41;3.305;0.060;180.3;31.2;;;;;;;;;;;;;;;;;;
 ;03:40:42;3.307;0.058;180.3;31.2;;;;;;;;;;;;;;;;;;
 ;03:40:43;3.302;0.065;180.4;31.2;;;;;;;;;;;;;;;;;;
 ;03:40:44;3.307;0.057;180.4;31.2;;;;;;;;;;;;;;;;;;
 ;03:40:45;3.303;0.063;180.4;31.2;;;;;;;;;;;;;;;;;;
 ;03:40:46;3.305;0.060;180.4;31.2;;;;;;;;;;;;;;;;;;
 ;03:40:47;3.306;0.058;180.4;31.2;;;;;;;;;;;;;;;;;;
 ;03:40:48;3.303;0.063;180.4;31.2;;;;;;;;;;;;;;;;;;
 ;03:40:49;3.307;0.056;180.5;31.2;;;;;;;;;;;;;;;;;;
 ;03:40:50;3.303;0.064;180.5;31.2;;;;;;;;;;;;;;;;;;
 ;03:40:51;3.306;0.058;180.5;31.2;;;;;;;;;;;;;;;;;;
 ;03:40:52;3.305;0.060;180.5;31.2;;;;;;;;;;;;;;;;;;
 ;03:40:53;3.304;0.061;180.5;31.2;;;;;;;;;;;;;;;;;;
 ;03:40:54;3.308;0.056;180.5;31.2;;;;;;;;;;;;;;;;;;
 ;03:40:55;3.303;0.063;180.6;31.2;;;;;;;;;;;;;;;;;;
 ;03:40:56;3.307;0.057;180.6;31.2;;;;;;;;;;;;;;;;;;
 ;03:40:57;3.303;0.063;180.6;31.2;;;;;;;;;;;;;;;;;;
 ;03:40:58;3.305;0.059;180.6;31.2;;;;;;;;;;;;;;;;;;
 ;03:40:59;3.306;0.059;180.6;31.2;;;;;;;;;;;;;;;;;;
 ;03:41:00;3.304;0.061;180.6;31.2;;;;;;;;;;;;;;;;;;
 ;03:41:01;3.307;0.056;180.7;31.2;;;;;;;;;;;;;;;;;;
 ;03:41:02;3.303;0.062;180.7;31.2;;;;;;;;;;;;;;;;;;
 ;03:41:03;3.307;0.056;180.7;31.2;;;;;;;;;;;;;;;;;;
 ;03:41:04;3.303;0.064;180.7;31.2;;;;;;;;;;;;;;;;;;
 ;03:41:05;3.306;0.058;180.7;31.2;;;;;;;;;;;;;;;;;;
 ;03:41:06;3.304;0.061;180.7;31.2;;;;;;;;;;;;;;;;;;
 ;03:41:07;3.305;0.059;180.8;31.2;;;;;;;;;;;;;;;;;;
 ;03:41:08;3.306;0.058;180.8;31.2;;;;;;;;;;;;;;;;;;
 ;03:41:09;3.304;0.061;180.8;31.1;;;;;;;;;;;;;;;;;;
 ;03:41:10;3.308;0.055;180.8;31.1;;;;;;;;;;;;;;;;;;
 ;03:41:11;3.304;0.062;180.8;31.1;;;;;;;;;;;;;;;;;;
 ;03:41:12;3.307;0.056;180.8;31.2;;;;;;;;;;;;;;;;;;
 ;03:41:13;3.303;0.063;180.9;31.2;;;;;;;;;;;;;;;;;;
 ;03:41:14;3.306;0.057;180.9;31.1;;;;;;;;;;;;;;;;;;
 ;03:41:15;3.304;0.062;180.9;31.1;;;;;;;;;;;;;;;;;;
 ;03:41:16;3.306;0.058;180.9;31.1;;;;;;;;;;;;;;;;;;
 ;03:41:17;3.305;0.060;180.9;31.1;;;;;;;;;;;;;;;;;;
 ;03:41:18;3.305;0.059;180.9;31.1;;;;;;;;;;;;;;;;;;
 ;03:41:19;3.306;0.058;181.0;31.1;;;;;;;;;;;;;;;;;;
 ;03:41:20;3.301;0.066;181.0;31.1;;;;;;;;;;;;;;;;;;
 ;03:41:21;3.305;0.059;181.0;31.1;;;;;;;;;;;;;;;;;;
 ;03:41:22;3.307;0.057;181.0;31.1;;;;;;;;;;;;;;;;;;
 ;03:41:23;3.301;0.066;181.0;31.1;;;;;;;;;;;;;;;;;;
 ;03:41:24;3.306;0.057;181.0;31.1;;;;;;;;;;;;;;;;;;
 ;03:41:25;3.305;0.060;181.1;31.1;;;;;;;;;;;;;;;;;;
 ;03:41:26;3.303;0.062;181.1;31.1;;;;;;;;;;;;;;;;;;
 ;03:41:27;3.308;0.055;181.1;31.1;;;;;;;;;;;;;;;;;;
 ;03:41:28;3.302;0.064;181.1;31.1;;;;;;;;;;;;;;;;;;
 ;03:41:29;3.305;0.058;181.1;31.1;;;;;;;;;;;;;;;;;;
 ;03:41:30;3.306;0.058;181.1;31.1;;;;;;;;;;;;;;;;;;
 ;03:41:31;3.303;0.062;181.2;31.1;;;;;;;;;;;;;;;;;;
 ;03:41:32;3.308;0.055;181.2;31.1;;;;;;;;;;;;;;;;;;
 ;03:41:33;3.302;0.064;181.2;31.1;;;;;;;;;;;;;;;;;;
 ;03:41:34;3.306;0.057;181.2;31.1;;;;;;;;;;;;;;;;;;
 ;03:41:35;3.305;0.059;181.2;31.1;;;;;;;;;;;;;;;;;;
 ;03:41:36;3.304;0.060;181.2;31.1;;;;;;;;;;;;;;;;;;
 ;03:41:37;3.308;0.055;181.3;31.1;;;;;;;;;;;;;;;;;;
 ;03:41:38;3.303;0.062;181.3;31.1;;;;;;;;;;;;;;;;;;
 ;03:41:39;3.307;0.056;181.3;31.1;;;;;;;;;;;;;;;;;;
 ;03:41:40;3.303;0.062;181.3;31.1;;;;;;;;;;;;;;;;;;
 ;03:41:41;3.305;0.058;181.3;31.1;;;;;;;;;;;;;;;;;;
 ;03:41:42;3.306;0.058;181.3;31.1;;;;;;;;;;;;;;;;;;
 ;03:41:43;3.304;0.061;181.4;31.1;;;;;;;;;;;;;;;;;;
 ;03:41:44;3.308;0.054;181.4;31.1;;;;;;;;;;;;;;;;;;
 ;03:41:45;3.302;0.063;181.4;31.1;;;;;;;;;;;;;;;;;;
 ;03:41:46;3.307;0.056;181.4;31.1;;;;;;;;;;;;;;;;;;
 ;03:41:47;3.304;0.062;181.4;31.1;;;;;;;;;;;;;;;;;;
 ;03:41:48;3.305;0.058;181.4;31.1;;;;;;;;;;;;;;;;;;
 ;03:41:49;3.306;0.059;181.5;31.1;;;;;;;;;;;;;;;;;;
 ;03:41:50;3.304;0.060;181.5;31.1;;;;;;;;;;;;;;;;;;
 ;03:41:51;3.307;0.056;181.5;31.1;;;;;;;;;;;;;;;;;;
 ;03:41:52;3.303;0.061;181.5;31.1;;;;;;;;;;;;;;;;;;
 ;03:41:53;3.307;0.055;181.5;31.1;;;;;;;;;;;;;;;;;;
 ;03:41:54;3.303;0.062;181.5;31.1;;;;;;;;;;;;;;;;;;
 ;03:41:55;3.306;0.056;181.5;31.1;;;;;;;;;;;;;;;;;;
 ;03:41:56;3.304;0.061;181.6;31.1;;;;;;;;;;;;;;;;;;
 ;03:41:57;3.306;0.057;181.6;31.1;;;;;;;;;;;;;;;;;;
 ;03:41:58;3.305;0.059;181.6;31.1;;;;;;;;;;;;;;;;;;
 ;03:41:59;3.305;0.058;181.6;31.1;;;;;;;;;;;;;;;;;;
 ;03:42:00;3.306;0.057;181.6;31.1;;;;;;;;;;;;;;;;;;
 ;03:42:01;3.305;0.059;181.6;31.1;;;;;;;;;;;;;;;;;;
 ;03:42:02;3.307;0.055;181.7;31.1;;;;;;;;;;;;;;;;;;
 ;03:42:03;3.304;0.060;181.7;31.1;;;;;;;;;;;;;;;;;;
 ;03:42:04;3.308;0.055;181.7;31.1;;;;;;;;;;;;;;;;;;
 ;03:42:05;3.302;0.063;181.7;31.1;;;;;;;;;;;;;;;;;;
 ;03:42:06;3.302;0.061;181.7;31.1;;;;;;;;;;;;;;;;;;
 ;03:42:07;3.308;0.054;181.7;31.1;;;;;;;;;;;;;;;;;;
 ;03:42:08;3.302;0.062;181.8;31.1;;;;;;;;;;;;;;;;;;
 ;03:42:09;3.304;0.058;181.8;31.1;;;;;;;;;;;;;;;;;;
 ;03:42:10;3.307;0.055;181.8;31.1;;;;;;;;;;;;;;;;;;
 ;03:42:11;3.301;0.063;181.8;31.1;;;;;;;;;;;;;;;;;;
 ;03:42:12;3.306;0.055;181.8;31.1;;;;;;;;;;;;;;;;;;
 ;03:42:13;3.305;0.060;181.8;31.1;;;;;;;;;;;;;;;;;;
 ;03:42:14;3.303;0.060;181.9;31.1;;;;;;;;;;;;;;;;;;
 ;03:42:15;3.308;0.054;181.9;31.1;;;;;;;;;;;;;;;;;;
 ;03:42:16;3.302;0.063;181.9;31.1;;;;;;;;;;;;;;;;;;
 ;03:42:17;3.306;0.055;181.9;31.1;;;;;;;;;;;;;;;;;;
 ;03:42:18;3.304;0.059;181.9;31.1;;;;;;;;;;;;;;;;;;
 ;03:42:19;3.303;0.059;181.9;31.1;;;;;;;;;;;;;;;;;;
 ;03:42:20;3.308;0.053;182.0;31.1;;;;;;;;;;;;;;;;;;
 ;03:42:21;3.302;0.061;182.0;31.1;;;;;;;;;;;;;;;;;;
 ;03:42:22;3.307;0.055;182.0;31.1;;;;;;;;;;;;;;;;;;
 ;03:42:23;3.304;0.061;182.0;31.1;;;;;;;;;;;;;;;;;;
 ;03:42:24;3.305;0.057;182.0;31.1;;;;;;;;;;;;;;;;;;
 ;03:42:25;3.306;0.057;182.0;31.1;;;;;;;;;;;;;;;;;;
 ;03:42:26;3.303;0.060;182.1;31.1;;;;;;;;;;;;;;;;;;
 ;03:42:27;3.308;0.053;182.1;31.1;;;;;;;;;;;;;;;;;;
 ;03:42:28;3.302;0.062;182.1;31.1;;;;;;;;;;;;;;;;;;
 ;03:42:29;3.306;0.055;182.1;31.1;;;;;;;;;;;;;;;;;;
 ;03:42:30;3.304;0.059;182.1;31.1;;;;;;;;;;;;;;;;;;
 ;03:42:31;3.304;0.058;182.1;31.1;;;;;;;;;;;;;;;;;;
 ;03:42:32;3.307;0.055;182.2;31.1;;;;;;;;;;;;;;;;;;
 ;03:42:33;3.304;0.059;182.2;31.1;;;;;;;;;;;;;;;;;;
 ;03:42:34;3.308;0.054;182.2;31.1;;;;;;;;;;;;;;;;;;
 ;03:42:35;3.303;0.061;182.2;31.1;;;;;;;;;;;;;;;;;;
 ;03:42:36;3.307;0.055;182.2;31.1;;;;;;;;;;;;;;;;;;
 ;03:42:37;3.304;0.061;182.2;31.1;;;;;;;;;;;;;;;;;;
 ;03:42:38;3.305;0.056;182.2;31.1;;;;;;;;;;;;;;;;;;
 ;03:42:39;3.306;0.057;182.3;31.1;;;;;;;;;;;;;;;;;;
 ;03:42:40;3.304;0.058;182.3;31.1;;;;;;;;;;;;;;;;;;
 ;03:42:41;3.307;0.055;182.3;31.1;;;;;;;;;;;;;;;;;;
 ;03:42:42;3.304;0.058;182.3;31.1;;;;;;;;;;;;;;;;;;
 ;03:42:43;3.307;0.053;182.3;31.1;;;;;;;;;;;;;;;;;;
 ;03:42:44;3.303;0.060;182.3;31.1;;;;;;;;;;;;;;;;;;
 ;03:42:45;3.307;0.054;182.4;31.1;;;;;;;;;;;;;;;;;;
 ;03:42:46;3.303;0.060;182.4;31.1;;;;;;;;;;;;;;;;;;
 ;03:42:47;3.306;0.055;182.4;31.1;;;;;;;;;;;;;;;;;;
 ;03:42:48;3.304;0.060;182.4;31.1;;;;;;;;;;;;;;;;;;
 ;03:42:49;3.305;0.056;182.4;31.1;;;;;;;;;;;;;;;;;;
 ;03:42:50;3.306;0.058;182.4;31.1;;;;;;;;;;;;;;;;;;
 ;03:42:51;3.300;0.064;182.5;31.1;;;;;;;;;;;;;;;;;;
 ;03:42:52;3.305;0.055;182.5;31.1;;;;;;;;;;;;;;;;;;
 ;03:42:53;3.306;0.057;182.5;31.1;;;;;;;;;;;;;;;;;;
 ;03:42:54;3.300;0.063;182.5;31.1;;;;;;;;;;;;;;;;;;
 ;03:42:55;3.306;0.054;182.5;31.1;;;;;;;;;;;;;;;;;;
 ;03:42:56;3.305;0.059;182.5;31.1;;;;;;;;;;;;;;;;;;
 ;03:42:57;3.303;0.059;182.6;31.1;;;;;;;;;;;;;;;;;;
 ;03:42:58;3.308;0.052;182.6;31.1;;;;;;;;;;;;;;;;;;
 ;03:42:59;3.302;0.061;182.6;31.1;;;;;;;;;;;;;;;;;;
 ;03:43:00;3.305;0.055;182.6;31.1;;;;;;;;;;;;;;;;;;
 ;03:43:01;3.306;0.057;182.6;31.1;;;;;;;;;;;;;;;;;;
 ;03:43:02;3.303;0.059;182.6;31.1;;;;;;;;;;;;;;;;;;
 ;03:43:03;3.308;0.052;182.7;31.1;;;;;;;;;;;;;;;;;;
 ;03:43:04;3.302;0.062;182.7;31.1;;;;;;;;;;;;;;;;;;
 ;03:43:05;3.306;0.054;182.7;31.1;;;;;;;;;;;;;;;;;;
 ;03:43:06;3.305;0.058;182.7;31.1;;;;;;;;;;;;;;;;;;
 ;03:43:07;3.303;0.058;182.7;31.1;;;;;;;;;;;;;;;;;;
 ;03:43:08;3.308;0.053;182.7;31.1;;;;;;;;;;;;;;;;;;
 ;03:43:09;3.302;0.060;182.7;31.1;;;;;;;;;;;;;;;;;;
 ;03:43:10;3.307;0.053;182.8;31.1;;;;;;;;;;;;;;;;;;
 ;03:43:11;3.304;0.060;182.8;31.1;;;;;;;;;;;;;;;;;;
 ;03:43:12;3.305;0.056;182.8;31.1;;;;;;;;;;;;;;;;;;
 ;03:43:13;3.306;0.056;182.8;31.1;;;;;;;;;;;;;;;;;;
 ;03:43:14;3.303;0.058;182.8;31.1;;;;;;;;;;;;;;;;;;
 ;03:43:15;3.308;0.052;182.8;31.1;;;;;;;;;;;;;;;;;;
 ;03:43:16;3.302;0.061;182.9;31.1;;;;;;;;;;;;;;;;;;
 ;03:43:17;3.306;0.054;182.9;31.1;;;;;;;;;;;;;;;;;;
 ;03:43:18;3.304;0.059;182.9;31.1;;;;;;;;;;;;;;;;;;
 ;03:43:19;3.305;0.056;182.9;31.1;;;;;;;;;;;;;;;;;;
 ;03:43:20;3.306;0.056;182.9;31.1;;;;;;;;;;;;;;;;;;
 ;03:43:21;3.304;0.057;182.9;31.1;;;;;;;;;;;;;;;;;;
 ;03:43:22;3.308;0.053;183.0;31.1;;;;;;;;;;;;;;;;;;
 ;03:43:23;3.303;0.059;183.0;31.1;;;;;;;;;;;;;;;;;;
 ;03:43:24;3.307;0.053;183.0;31.1;;;;;;;;;;;;;;;;;;
 ;03:43:25;3.303;0.060;183.0;31.1;;;;;;;;;;;;;;;;;;
 ;03:43:26;3.306;0.054;183.0;31.1;;;;;;;;;;;;;;;;;;
 ;03:43:27;3.305;0.058;183.0;31.1;;;;;;;;;;;;;;;;;;
 ;03:43:28;3.305;0.056;183.0;31.1;;;;;;;;;;;;;;;;;;
 ;03:43:29;3.306;0.056;183.1;31.1;;;;;;;;;;;;;;;;;;
 ;03:43:30;3.305;0.056;183.1;31.1;;;;;;;;;;;;;;;;;;
 ;03:43:31;3.307;0.054;183.1;31.1;;;;;;;;;;;;;;;;;;
 ;03:43:32;3.304;0.057;183.1;31.1;;;;;;;;;;;;;;;;;;
 ;03:43:33;3.308;0.052;183.1;31.1;;;;;;;;;;;;;;;;;;
 ;03:43:34;3.303;0.058;183.1;31.1;;;;;;;;;;;;;;;;;;
 ;03:43:35;3.307;0.053;183.2;31.1;;;;;;;;;;;;;;;;;;
 ;03:43:36;3.303;0.059;183.2;31.1;;;;;;;;;;;;;;;;;;
 ;03:43:37;3.306;0.054;183.2;31.1;;;;;;;;;;;;;;;;;;
 ;03:43:38;3.304;0.059;183.2;31.1;;;;;;;;;;;;;;;;;;
 ;03:43:39;3.300;0.062;183.2;31.1;;;;;;;;;;;;;;;;;;
 ;03:43:40;3.306;0.053;183.2;31.1;;;;;;;;;;;;;;;;;;
 ;03:43:41;3.305;0.058;183.3;31.1;;;;;;;;;;;;;;;;;;
 ;03:43:42;3.301;0.060;183.3;31.1;;;;;;;;;;;;;;;;;;
 ;03:43:43;3.307;0.052;183.3;31.1;;;;;;;;;;;;;;;;;;
 ;03:43:44;3.303;0.060;183.3;31.1;;;;;;;;;;;;;;;;;;
 ;03:43:45;3.304;0.056;183.3;31.0;;;;;;;;;;;;;;;;;;
 ;03:43:46;3.308;0.053;183.3;31.0;;;;;;;;;;;;;;;;;;
 ;03:43:47;3.301;0.061;183.4;31.0;;;;;;;;;;;;;;;;;;
 ;03:43:48;3.306;0.053;183.4;31.0;;;;;;;;;;;;;;;;;;
 ;03:43:49;3.305;0.058;183.4;31.0;;;;;;;;;;;;;;;;;;
 ;03:43:50;3.303;0.057;183.4;31.0;;;;;;;;;;;;;;;;;;
 ;03:43:51;3.308;0.052;183.4;31.0;;;;;;;;;;;;;;;;;;
 ;03:43:52;3.302;0.060;183.4;31.0;;;;;;;;;;;;;;;;;;
 ;03:43:53;3.306;0.053;183.4;31.0;;;;;;;;;;;;;;;;;;
 ;03:43:54;3.304;0.058;183.5;31.0;;;;;;;;;;;;;;;;;;
 ;03:43:55;3.304;0.056;183.5;31.0;;;;;;;;;;;;;;;;;;
 ;03:43:56;3.307;0.053;183.5;31.0;;;;;;;;;;;;;;;;;;
 ;03:43:57;3.303;0.058;183.5;31.0;;;;;;;;;;;;;;;;;;
 ;03:43:58;3.307;0.052;183.5;31.0;;;;;;;;;;;;;;;;;;
 ;03:43:59;3.303;0.060;183.5;31.0;;;;;;;;;;;;;;;;;;
 ;03:44:00;3.305;0.054;183.6;31.0;;;;;;;;;;;;;;;;;;
 ;03:44:01;3.306;0.056;183.6;31.0;;;;;;;;;;;;;;;;;;
 ;03:44:02;3.304;0.057;183.6;31.0;;;;;;;;;;;;;;;;;;
 ;03:44:03;3.308;0.052;183.6;31.0;;;;;;;;;;;;;;;;;;
 ;03:44:04;3.302;0.059;183.6;31.0;;;;;;;;;;;;;;;;;;
 ;03:44:05;3.307;0.052;183.6;31.0;;;;;;;;;;;;;;;;;;
 ;03:44:06;3.304;0.059;183.6;31.0;;;;;;;;;;;;;;;;;;
 ;03:44:07;3.305;0.054;183.7;31.0;;;;;;;;;;;;;;;;;;
 ;03:44:08;3.306;0.056;183.7;31.0;;;;;;;;;;;;;;;;;;
 ;03:44:09;3.304;0.056;183.7;31.0;;;;;;;;;;;;;;;;;;
 ;03:44:10;3.307;0.053;183.7;31.0;;;;;;;;;;;;;;;;;;
 ;03:44:11;3.303;0.057;183.7;31.0;;;;;;;;;;;;;;;;;;
 ;03:44:12;3.307;0.052;183.7;31.0;;;;;;;;;;;;;;;;;;
 ;03:44:13;3.303;0.059;183.8;31.0;;;;;;;;;;;;;;;;;;
 ;03:44:14;3.306;0.053;183.8;31.0;;;;;;;;;;;;;;;;;;
 ;03:44:15;3.304;0.058;183.8;31.0;;;;;;;;;;;;;;;;;;
 ;03:44:16;3.305;0.054;183.8;31.0;;;;;;;;;;;;;;;;;;
 ;03:44:17;3.305;0.056;183.8;31.0;;;;;;;;;;;;;;;;;;
 ;03:44:18;3.304;0.056;183.8;31.0;;;;;;;;;;;;;;;;;;
 ;03:44:19;3.307;0.053;183.8;31.0;;;;;;;;;;;;;;;;;;
 ;03:44:20;3.303;0.057;183.9;31.0;;;;;;;;;;;;;;;;;;
 ;03:44:21;3.307;0.052;183.9;31.0;;;;;;;;;;;;;;;;;;
 ;03:44:22;3.303;0.058;183.9;31.0;;;;;;;;;;;;;;;;;;
 ;03:44:23;3.307;0.052;183.9;31.0;;;;;;;;;;;;;;;;;;
 ;03:44:24;3.304;0.059;183.9;31.0;;;;;;;;;;;;;;;;;;
 ;03:44:25;3.306;0.053;183.9;31.0;;;;;;;;;;;;;;;;;;
 ;03:44:26;3.305;0.057;184.0;31.0;;;;;;;;;;;;;;;;;;
 ;03:44:27;3.305;0.054;184.0;31.0;;;;;;;;;;;;;;;;;;
 ;03:44:28;3.306;0.055;184.0;31.0;;;;;;;;;;;;;;;;;;
 ;03:44:29;3.300;0.063;184.0;31.0;;;;;;;;;;;;;;;;;;
 ;03:44:30;3.305;0.054;184.0;31.0;;;;;;;;;;;;;;;;;;
 ;03:44:31;3.306;0.054;184.0;31.0;;;;;;;;;;;;;;;;;;
 ;03:44:32;3.301;0.061;184.1;31.0;;;;;;;;;;;;;;;;;;
 ;03:44:33;3.307;0.052;184.1;31.0;;;;;;;;;;;;;;;;;;
 ;03:44:34;3.305;0.057;184.1;31.0;;;;;;;;;;;;;;;;;;
 ;03:44:35;3.304;0.057;184.1;31.0;;;;;;;;;;;;;;;;;;
 ;03:44:36;3.308;0.051;184.1;31.0;;;;;;;;;;;;;;;;;;
 ;03:44:37;3.301;0.061;184.1;31.0;;;;;;;;;;;;;;;;;;
 ;03:44:38;3.306;0.053;184.1;31.0;;;;;;;;;;;;;;;;;;
 ;03:44:39;3.305;0.056;184.2;31.0;;;;;;;;;;;;;;;;;;
 ;03:44:40;3.303;0.057;184.2;31.0;;;;;;;;;;;;;;;;;;
 ;03:44:41;3.308;0.050;184.2;31.0;;;;;;;;;;;;;;;;;;
 ;03:44:42;3.302;0.060;184.2;31.0;;;;;;;;;;;;;;;;;;
 ;03:44:43;3.306;0.053;184.2;31.0;;;;;;;;;;;;;;;;;;
 ;03:44:44;3.305;0.056;184.2;31.0;;;;;;;;;;;;;;;;;;
 ;03:44:45;3.303;0.056;184.3;31.0;;;;;;;;;;;;;;;;;;
 ;03:44:46;3.308;0.051;184.3;31.0;;;;;;;;;;;;;;;;;;
 ;03:44:47;3.302;0.060;184.3;31.0;;;;;;;;;;;;;;;;;;
 ;03:44:48;3.306;0.052;184.3;31.0;;;;;;;;;;;;;;;;;;
 ;03:44:49;3.304;0.057;184.3;31.0;;;;;;;;;;;;;;;;;;
 ;03:44:50;3.304;0.055;184.3;31.0;;;;;;;;;;;;;;;;;;
 ;03:44:51;3.306;0.053;184.3;31.0;;;;;;;;;;;;;;;;;;
 ;03:44:52;3.303;0.057;184.4;31.0;;;;;;;;;;;;;;;;;;
 ;03:44:53;3.308;0.051;184.4;31.0;;;;;;;;;;;;;;;;;;
 ;03:44:54;3.303;0.058;184.4;31.0;;;;;;;;;;;;;;;;;;
 ;03:44:55;3.307;0.052;184.4;31.0;;;;;;;;;;;;;;;;;;
 ;03:44:56;3.304;0.057;184.4;31.0;;;;;;;;;;;;;;;;;;
 ;03:44:57;3.304;0.055;184.4;31.0;;;;;;;;;;;;;;;;;;
 ;03:44:58;3.307;0.053;184.5;31.0;;;;;;;;;;;;;;;;;;
 ;03:44:59;3.304;0.056;184.5;31.0;;;;;;;;;;;;;;;;;;
 ;03:45:00;3.308;0.050;184.5;31.0;;;;;;;;;;;;;;;;;;
 ;03:45:01;3.303;0.058;184.5;31.0;;;;;;;;;;;;;;;;;;
 ;03:45:02;3.307;0.052;184.5;31.0;;;;;;;;;;;;;;;;;;
 ;03:45:03;3.303;0.058;184.5;31.0;;;;;;;;;;;;;;;;;;
 ;03:45:04;3.306;0.053;184.5;31.0;;;;;;;;;;;;;;;;;;
 ;03:45:05;3.305;0.055;184.6;31.0;;;;;;;;;;;;;;;;;;
 ;03:45:06;3.305;0.055;184.6;31.0;;;;;;;;;;;;;;;;;;
 ;03:45:07;3.307;0.052;184.6;31.0;;;;;;;;;;;;;;;;;;
 ;03:45:08;3.304;0.057;184.6;31.0;;;;;;;;;;;;;;;;;;
 ;03:45:09;3.307;0.051;184.6;31.0;;;;;;;;;;;;;;;;;;
 ;03:45:10;3.303;0.058;184.6;31.0;;;;;;;;;;;;;;;;;;
 ;03:45:11;3.306;0.052;184.7;31.0;;;;;;;;;;;;;;;;;;
 ;03:45:12;3.304;0.057;184.7;31.0;;;;;;;;;;;;;;;;;;
 ;03:45:13;3.306;0.053;184.7;31.0;;;;;;;;;;;;;;;;;;
 ;03:45:14;3.305;0.055;184.7;31.0;;;;;;;;;;;;;;;;;;
 ;03:45:15;3.305;0.054;184.7;31.0;;;;;;;;;;;;;;;;;;
 ;03:45:16;3.306;0.053;184.7;31.0;;;;;;;;;;;;;;;;;;
 ;03:45:17;3.304;0.055;184.7;31.0;;;;;;;;;;;;;;;;;;
 ;03:45:18;3.307;0.051;184.8;31.0;;;;;;;;;;;;;;;;;;
 ;03:45:19;3.304;0.056;184.8;31.0;;;;;;;;;;;;;;;;;;
 ;03:45:20;3.307;0.051;184.8;31.0;;;;;;;;;;;;;;;;;;
 ;03:45:21;3.302;0.059;184.8;31.0;;;;;;;;;;;;;;;;;;
 ;03:45:22;3.303;0.057;184.8;31.0;;;;;;;;;;;;;;;;;;
 ;03:45:23;3.308;0.049;184.8;31.0;;;;;;;;;;;;;;;;;;
 ;03:45:24;3.302;0.059;184.9;31.0;;;;;;;;;;;;;;;;;;
 ;03:45:25;3.304;0.055;184.9;31.0;;;;;;;;;;;;;;;;;;
 ;03:45:26;3.307;0.051;184.9;31.0;;;;;;;;;;;;;;;;;;
 ;03:45:27;3.301;0.060;184.9;31.0;;;;;;;;;;;;;;;;;;
 ;03:45:28;3.306;0.052;184.9;31.0;;;;;;;;;;;;;;;;;;
 ;03:45:29;3.305;0.055;184.9;31.0;;;;;;;;;;;;;;;;;;
 ;03:45:30;3.303;0.056;184.9;31.0;;;;;;;;;;;;;;;;;;
 ;03:45:31;3.308;0.049;185.0;31.0;;;;;;;;;;;;;;;;;;
 ;03:45:32;3.302;0.059;185.0;31.0;;;;;;;;;;;;;;;;;;
 ;03:45:33;3.306;0.052;185.0;31.0;;;;;;;;;;;;;;;;;;
 ;03:45:34;3.305;0.054;185.0;31.0;;;;;;;;;;;;;;;;;;
 ;03:45:35;3.303;0.056;185.0;31.0;;;;;;;;;;;;;;;;;;
 ;03:45:36;3.308;0.049;185.0;31.0;;;;;;;;;;;;;;;;;;
 ;03:45:37;3.302;0.058;185.1;31.0;;;;;;;;;;;;;;;;;;
 ;03:45:38;3.307;0.051;185.1;31.0;;;;;;;;;;;;;;;;;;
 ;03:45:39;3.304;0.056;185.1;31.0;;;;;;;;;;;;;;;;;;
 ;03:45:40;3.305;0.054;185.1;31.0;;;;;;;;;;;;;;;;;;
 ;03:45:41;3.306;0.052;185.1;31.0;;;;;;;;;;;;;;;;;;
 ;03:45:42;3.303;0.056;185.1;31.0;;;;;;;;;;;;;;;;;;
 ;03:45:43;3.308;0.050;185.1;31.0;;;;;;;;;;;;;;;;;;
 ;03:45:44;3.302;0.059;185.2;31.0;;;;;;;;;;;;;;;;;;
 ;03:45:45;3.306;0.052;185.2;31.0;;;;;;;;;;;;;;;;;;
 ;03:45:46;3.304;0.055;185.2;31.0;;;;;;;;;;;;;;;;;;
 ;03:45:47;3.304;0.054;185.2;31.0;;;;;;;;;;;;;;;;;;
 ;03:45:48;3.307;0.051;185.2;31.0;;;;;;;;;;;;;;;;;;
 ;03:45:49;3.304;0.056;185.2;31.0;;;;;;;;;;;;;;;;;;
 ;03:45:50;3.308;0.050;185.2;31.0;;;;;;;;;;;;;;;;;;
 ;03:45:51;3.303;0.057;185.3;31.0;;;;;;;;;;;;;;;;;;
 ;03:45:52;3.307;0.051;185.3;31.0;;;;;;;;;;;;;;;;;;
 ;03:45:53;3.304;0.056;185.3;31.0;;;;;;;;;;;;;;;;;;
 ;03:45:54;3.305;0.054;185.3;31.0;;;;;;;;;;;;;;;;;;
 ;03:45:55;3.306;0.052;185.3;31.0;;;;;;;;;;;;;;;;;;
 ;03:45:56;3.304;0.055;185.3;31.0;;;;;;;;;;;;;;;;;;
 ;03:45:57;3.308;0.049;185.4;31.0;;;;;;;;;;;;;;;;;;
 ;03:45:58;3.303;0.057;185.4;31.0;;;;;;;;;;;;;;;;;;
 ;03:45:59;3.307;0.051;185.4;31.0;;;;;;;;;;;;;;;;;;
 ;03:46:00;3.303;0.057;185.4;31.0;;;;;;;;;;;;;;;;;;
 ;03:46:01;3.306;0.052;185.4;31.0;;;;;;;;;;;;;;;;;;
 ;03:46:02;3.305;0.054;185.4;31.0;;;;;;;;;;;;;;;;;;
 ;03:46:03;3.305;0.053;185.4;31.0;;;;;;;;;;;;;;;;;;
 ;03:46:04;3.306;0.052;185.5;31.0;;;;;;;;;;;;;;;;;;
 ;03:46:05;3.304;0.054;185.5;31.0;;;;;;;;;;;;;;;;;;
 ;03:46:06;3.307;0.050;185.5;31.0;;;;;;;;;;;;;;;;;;
 ;03:46:07;3.304;0.055;185.5;31.0;;;;;;;;;;;;;;;;;;
 ;03:46:08;3.307;0.050;185.5;31.0;;;;;;;;;;;;;;;;;;
 ;03:46:09;3.303;0.056;185.5;31.0;;;;;;;;;;;;;;;;;;
 ;03:46:10;3.307;0.051;185.5;31.0;;;;;;;;;;;;;;;;;;
 ;03:46:11;3.303;0.057;185.6;31.0;;;;;;;;;;;;;;;;;;
 ;03:46:12;3.306;0.052;185.6;31.0;;;;;;;;;;;;;;;;;;
 ;03:46:13;3.304;0.055;185.6;31.0;;;;;;;;;;;;;;;;;;
 ;03:46:14;3.300;0.060;185.6;31.0;;;;;;;;;;;;;;;;;;
 ;03:46:15;3.306;0.051;185.6;31.0;;;;;;;;;;;;;;;;;;
 ;03:46:16;3.305;0.054;185.6;31.0;;;;;;;;;;;;;;;;;;
 ;03:46:17;3.302;0.057;185.7;31.0;;;;;;;;;;;;;;;;;;
 ;03:46:18;3.308;0.049;185.7;31.0;;;;;;;;;;;;;;;;;;
 ;03:46:19;3.303;0.057;185.7;31.0;;;;;;;;;;;;;;;;;;
 ;03:46:20;3.304;0.053;185.7;31.0;;;;;;;;;;;;;;;;;;
 ;03:46:21;3.307;0.050;185.7;31.0;;;;;;;;;;;;;;;;;;
 ;03:46:22;3.302;0.058;185.7;31.0;;;;;;;;;;;;;;;;;;
 ;03:46:23;3.307;0.050;185.7;31.0;;;;;;;;;;;;;;;;;;
 ;03:46:24;3.304;0.055;185.8;31.0;;;;;;;;;;;;;;;;;;
 ;03:46:25;3.304;0.053;185.8;31.0;;;;;;;;;;;;;;;;;;
 ;03:46:26;3.307;0.050;185.8;31.0;;;;;;;;;;;;;;;;;;
 ;03:46:27;3.302;0.057;185.8;31.0;;;;;;;;;;;;;;;;;;
 ;03:46:28;3.307;0.050;185.8;31.0;;;;;;;;;;;;;;;;;;
 ;03:46:29;3.303;0.056;185.8;31.0;;;;;;;;;;;;;;;;;;
 ;03:46:30;3.305;0.053;185.8;31.0;;;;;;;;;;;;;;;;;;
 ;03:46:31;3.306;0.051;185.9;31.0;;;;;;;;;;;;;;;;;;
 ;03:46:32;3.303;0.056;185.9;31.0;;;;;;;;;;;;;;;;;;
 ;03:46:33;3.307;0.049;185.9;31.0;;;;;;;;;;;;;;;;;;
 ;03:46:34;3.303;0.057;185.9;31.0;;;;;;;;;;;;;;;;;;
 ;03:46:35;3.306;0.051;185.9;31.0;;;;;;;;;;;;;;;;;;
 ;03:46:36;3.305;0.053;185.9;31.0;;;;;;;;;;;;;;;;;;
 ;03:46:37;3.304;0.054;186.0;31.0;;;;;;;;;;;;;;;;;;
 ;03:46:38;3.307;0.049;186.0;30.9;;;;;;;;;;;;;;;;;;
 ;03:46:39;3.303;0.056;186.0;31.0;;;;;;;;;;;;;;;;;;
 ;03:46:40;3.307;0.050;186.0;31.0;;;;;;;;;;;;;;;;;;
 ;03:46:41;3.303;0.056;186.0;31.0;;;;;;;;;;;;;;;;;;
 ;03:46:42;3.305;0.052;186.0;31.0;;;;;;;;;;;;;;;;;;
 ;03:46:43;3.306;0.052;186.0;30.9;;;;;;;;;;;;;;;;;;
 ;03:46:44;3.304;0.053;186.1;30.9;;;;;;;;;;;;;;;;;;
 ;03:46:45;3.307;0.049;186.1;30.9;;;;;;;;;;;;;;;;;;
 ;03:46:46;3.303;0.055;186.1;30.9;;;;;;;;;;;;;;;;;;
 ;03:46:47;3.307;0.049;186.1;30.9;;;;;;;;;;;;;;;;;;
 ;03:46:48;3.303;0.057;186.1;30.9;;;;;;;;;;;;;;;;;;
 ;03:46:49;3.306;0.051;186.1;30.9;;;;;;;;;;;;;;;;;;
 ;03:46:50;3.304;0.054;186.1;30.9;;;;;;;;;;;;;;;;;;
 ;03:46:51;3.305;0.052;186.2;30.9;;;;;;;;;;;;;;;;;;
 ;03:46:52;3.306;0.051;186.2;30.9;;;;;;;;;;;;;;;;;;
 ;03:46:53;3.304;0.054;186.2;30.9;;;;;;;;;;;;;;;;;;
 ;03:46:54;3.308;0.048;186.2;30.9;;;;;;;;;;;;;;;;;;
 ;03:46:55;3.303;0.056;186.2;30.9;;;;;;;;;;;;;;;;;;
 ;03:46:56;3.307;0.050;186.2;30.9;;;;;;;;;;;;;;;;;;
 ;03:46:57;3.303;0.056;186.2;30.9;;;;;;;;;;;;;;;;;;
 ;03:46:58;3.306;0.050;186.3;30.9;;;;;;;;;;;;;;;;;;
 ;03:46:59;3.304;0.054;186.3;30.9;;;;;;;;;;;;;;;;;;
 ;03:47:00;3.305;0.052;186.3;30.9;;;;;;;;;;;;;;;;;;
 ;03:47:01;3.306;0.052;186.3;30.9;;;;;;;;;;;;;;;;;;
 ;03:47:02;3.304;0.053;186.3;30.9;;;;;;;;;;;;;;;;;;
 ;03:47:03;3.307;0.049;186.3;30.9;;;;;;;;;;;;;;;;;;
 ;03:47:04;3.304;0.054;186.4;30.9;;;;;;;;;;;;;;;;;;
 ;03:47:05;3.307;0.049;186.4;30.9;;;;;;;;;;;;;;;;;;
 ;03:47:06;3.302;0.057;186.4;30.9;;;;;;;;;;;;;;;;;;
 ;03:47:07;3.303;0.054;186.4;30.9;;;;;;;;;;;;;;;;;;
 ;03:47:08;3.308;0.047;186.4;30.9;;;;;;;;;;;;;;;;;;
 ;03:47:09;3.302;0.057;186.4;30.9;;;;;;;;;;;;;;;;;;
 ;03:47:10;3.304;0.052;186.4;30.9;;;;;;;;;;;;;;;;;;
 ;03:47:11;3.307;0.049;186.5;30.9;;;;;;;;;;;;;;;;;;
 ;03:47:12;3.301;0.058;186.5;30.9;;;;;;;;;;;;;;;;;;
 ;03:47:13;3.306;0.049;186.5;30.9;;;;;;;;;;;;;;;;;;
 ;03:47:14;3.305;0.053;186.5;30.9;;;;;;;;;;;;;;;;;;
 ;03:47:15;3.303;0.055;186.5;30.9;;;;;;;;;;;;;;;;;;
 ;03:47:16;3.308;0.048;186.5;30.9;;;;;;;;;;;;;;;;;;
 ;03:47:17;3.302;0.056;186.5;30.9;;;;;;;;;;;;;;;;;;
 ;03:47:18;3.306;0.050;186.6;30.9;;;;;;;;;;;;;;;;;;
 ;03:47:19;3.305;0.052;186.6;30.9;;;;;;;;;;;;;;;;;;
 ;03:47:20;3.303;0.055;186.6;30.9;;;;;;;;;;;;;;;;;;
 ;03:47:21;3.308;0.048;186.6;30.9;;;;;;;;;;;;;;;;;;
 ;03:47:22;3.302;0.056;186.6;30.9;;;;;;;;;;;;;;;;;;
 ;03:47:23;3.306;0.050;186.6;30.9;;;;;;;;;;;;;;;;;;
 ;03:47:24;3.305;0.052;186.6;30.9;;;;;;;;;;;;;;;;;;
 ;03:47:25;3.303;0.054;186.7;30.9;;;;;;;;;;;;;;;;;;
 ;03:47:26;3.308;0.047;186.7;30.9;;;;;;;;;;;;;;;;;;
 ;03:47:27;3.302;0.057;186.7;30.9;;;;;;;;;;;;;;;;;;
 ;03:47:28;3.306;0.050;186.7;30.9;;;;;;;;;;;;;;;;;;
 ;03:47:29;3.304;0.053;186.7;30.9;;;;;;;;;;;;;;;;;;
 ;03:47:30;3.304;0.052;186.7;30.9;;;;;;;;;;;;;;;;;;
 ;03:47:31;3.307;0.049;186.7;30.9;;;;;;;;;;;;;;;;;;
 ;03:47:32;3.303;0.055;186.8;30.9;;;;;;;;;;;;;;;;;;
 ;03:47:33;3.307;0.048;186.8;30.9;;;;;;;;;;;;;;;;;;
 ;03:47:34;3.303;0.056;186.8;30.9;;;;;;;;;;;;;;;;;;
 ;03:47:35;3.306;0.050;186.8;30.9;;;;;;;;;;;;;;;;;;
 ;03:47:36;3.305;0.052;186.8;30.9;;;;;;;;;;;;;;;;;;
 ;03:47:37;3.305;0.052;186.8;30.9;;;;;;;;;;;;;;;;;;
 ;03:47:38;3.307;0.049;186.8;30.9;;;;;;;;;;;;;;;;;;
 ;03:47:39;3.304;0.054;186.9;30.9;;;;;;;;;;;;;;;;;;
 ;03:47:40;3.308;0.048;186.9;30.9;;;;;;;;;;;;;;;;;;
 ;03:47:41;3.303;0.055;186.9;30.9;;;;;;;;;;;;;;;;;;
 ;03:47:42;3.307;0.049;186.9;30.9;;;;;;;;;;;;;;;;;;
 ;03:47:43;3.304;0.054;186.9;30.9;;;;;;;;;;;;;;;;;;
 ;03:47:44;3.305;0.051;186.9;30.9;;;;;;;;;;;;;;;;;;
 ;03:47:45;3.306;0.051;186.9;30.9;;;;;;;;;;;;;;;;;;
 ;03:47:46;3.304;0.052;187.0;30.9;;;;;;;;;;;;;;;;;;
 ;03:47:47;3.307;0.048;187.0;30.9;;;;;;;;;;;;;;;;;;
 ;03:47:48;3.303;0.054;187.0;30.9;;;;;;;;;;;;;;;;;;
 ;03:47:49;3.307;0.048;187.0;30.9;;;;;;;;;;;;;;;;;;
 ;03:47:50;3.303;0.056;187.0;30.9;;;;;;;;;;;;;;;;;;
 ;03:47:51;3.306;0.050;187.0;30.9;;;;;;;;;;;;;;;;;;
 ;03:47:52;3.304;0.053;187.1;30.9;;;;;;;;;;;;;;;;;;
 ;03:47:53;3.305;0.051;187.1;30.9;;;;;;;;;;;;;;;;;;
 ;03:47:54;3.306;0.050;187.1;30.9;;;;;;;;;;;;;;;;;;
 ;03:47:55;3.304;0.052;187.1;30.9;;;;;;;;;;;;;;;;;;
 ;03:47:56;3.307;0.048;187.1;30.9;;;;;;;;;;;;;;;;;;
 ;03:47:57;3.304;0.053;187.1;30.9;;;;;;;;;;;;;;;;;;
 ;03:47:58;3.307;0.048;187.1;30.9;;;;;;;;;;;;;;;;;;
 ;03:47:59;3.303;0.054;187.2;30.9;;;;;;;;;;;;;;;;;;
 ;03:48:00;3.307;0.049;187.2;30.9;;;;;;;;;;;;;;;;;;
 ;03:48:01;3.303;0.055;187.2;30.9;;;;;;;;;;;;;;;;;;
 ;03:48:02;3.306;0.049;187.2;30.9;;;;;;;;;;;;;;;;;;
 ;03:48:03;3.304;0.053;187.2;30.9;;;;;;;;;;;;;;;;;;
 ;03:48:04;3.300;0.057;187.2;30.9;;;;;;;;;;;;;;;;;;
 ;03:48:05;3.307;0.048;187.2;30.9;;;;;;;;;;;;;;;;;;
 ;03:48:06;3.304;0.053;187.3;30.9;;;;;;;;;;;;;;;;;;
 ;03:48:07;3.302;0.055;187.3;30.9;;;;;;;;;;;;;;;;;;
 ;03:48:08;3.307;0.047;187.3;30.9;;;;;;;;;;;;;;;;;;
 ;03:48:09;3.303;0.055;187.3;30.9;;;;;;;;;;;;;;;;;;
 ;03:48:10;3.304;0.051;187.3;30.9;;;;;;;;;;;;;;;;;;
 ;03:48:11;3.307;0.048;187.3;30.9;;;;;;;;;;;;;;;;;;
 ;03:48:12;3.302;0.056;187.3;30.9;;;;;;;;;;;;;;;;;;
 ;03:48:13;3.307;0.048;187.4;30.9;;;;;;;;;;;;;;;;;;
 ;03:48:14;3.304;0.053;187.4;30.9;;;;;;;;;;;;;;;;;;
 ;03:48:15;3.304;0.052;187.4;30.9;;;;;;;;;;;;;;;;;;
 ;03:48:16;3.308;0.047;187.4;30.9;;;;;;;;;;;;;;;;;;
 ;03:48:17;3.301;0.057;187.4;30.9;;;;;;;;;;;;;;;;;;
 ;03:48:18;3.306;0.049;187.4;30.9;;;;;;;;;;;;;;;;;;
 ;03:48:19;3.304;0.052;187.4;30.9;;;;;;;;;;;;;;;;;;
 ;03:48:20;3.304;0.052;187.5;30.9;;;;;;;;;;;;;;;;;;
 ;03:48:21;3.307;0.047;187.5;30.9;;;;;;;;;;;;;;;;;;
 ;03:48:22;3.303;0.054;187.5;30.9;;;;;;;;;;;;;;;;;;
 ;03:48:23;3.307;0.047;187.5;30.9;;;;;;;;;;;;;;;;;;
 ;03:48:24;3.303;0.054;187.5;30.9;;;;;;;;;;;;;;;;;;
 ;03:48:25;3.305;0.050;187.5;30.9;;;;;;;;;;;;;;;;;;
 ;03:48:26;3.306;0.050;187.5;30.9;;;;;;;;;;;;;;;;;;
 ;03:48:27;3.303;0.053;187.6;30.9;;;;;;;;;;;;;;;;;;
 ;03:48:28;3.308;0.047;187.6;30.9;;;;;;;;;;;;;;;;;;
 ;03:48:29;3.302;0.055;187.6;30.9;;;;;;;;;;;;;;;;;;
 ;03:48:30;3.306;0.049;187.6;30.9;;;;;;;;;;;;;;;;;;
 ;03:48:31;3.304;0.052;187.6;30.9;;;;;;;;;;;;;;;;;;
 ;03:48:32;3.304;0.051;187.6;30.9;;;;;;;;;;;;;;;;;;
 ;03:48:33;3.307;0.048;187.6;30.9;;;;;;;;;;;;;;;;;;
 ;03:48:34;3.303;0.054;187.7;30.9;;;;;;;;;;;;;;;;;;
 ;03:48:35;3.307;0.047;187.7;30.9;;;;;;;;;;;;;;;;;;
 ;03:48:36;3.303;0.055;187.7;30.9;;;;;;;;;;;;;;;;;;
 ;03:48:37;3.306;0.049;187.7;30.9;;;;;;;;;;;;;;;;;;
 ;03:48:38;3.304;0.052;187.7;30.9;;;;;;;;;;;;;;;;;;
 ;03:48:39;3.305;0.050;187.7;30.9;;;;;;;;;;;;;;;;;;
 ;03:48:40;3.306;0.049;187.7;30.9;;;;;;;;;;;;;;;;;;
 ;03:48:41;3.304;0.052;187.8;30.9;;;;;;;;;;;;;;;;;;
 ;03:48:42;3.308;0.046;187.8;30.9;;;;;;;;;;;;;;;;;;
 ;03:48:43;3.303;0.054;187.8;30.9;;;;;;;;;;;;;;;;;;
 ;03:48:44;3.307;0.047;187.8;30.9;;;;;;;;;;;;;;;;;;
 ;03:48:45;3.303;0.054;187.8;30.9;;;;;;;;;;;;;;;;;;
 ;03:48:46;3.306;0.049;187.8;30.9;;;;;;;;;;;;;;;;;;
 ;03:48:47;3.305;0.051;187.8;30.9;;;;;;;;;;;;;;;;;;
 ;03:48:48;3.305;0.051;187.9;30.9;;;;;;;;;;;;;;;;;;
 ;03:48:49;3.307;0.048;187.9;30.9;;;;;;;;;;;;;;;;;;
 ;03:48:50;3.304;0.052;187.9;30.9;;;;;;;;;;;;;;;;;;
 ;03:48:51;3.308;0.046;187.9;30.9;;;;;;;;;;;;;;;;;;
 ;03:48:52;3.303;0.054;187.9;30.9;;;;;;;;;;;;;;;;;;
 ;03:48:53;3.307;0.047;187.9;30.9;;;;;;;;;;;;;;;;;;
 ;03:48:54;3.303;0.054;187.9;30.9;;;;;;;;;;;;;;;;;;
 ;03:48:55;3.306;0.049;188.0;30.9;;;;;;;;;;;;;;;;;;
 ;03:48:56;3.304;0.052;188.0;30.9;;;;;;;;;;;;;;;;;;
 ;03:48:57;3.305;0.050;188.0;30.9;;;;;;;;;;;;;;;;;;
 ;03:48:58;3.306;0.050;188.0;30.9;;;;;;;;;;;;;;;;;;
 ;03:48:59;3.305;0.050;188.0;30.9;;;;;;;;;;;;;;;;;;
 ;03:49:00;3.307;0.048;188.0;30.9;;;;;;;;;;;;;;;;;;
 ;03:49:01;3.301;0.057;188.0;30.9;;;;;;;;;;;;;;;;;;
 ;03:49:02;3.304;0.051;188.1;30.9;;;;;;;;;;;;;;;;;;
 ;03:49:03;3.307;0.047;188.1;30.9;;;;;;;;;;;;;;;;;;
 ;03:49:04;3.301;0.057;188.1;30.9;;;;;;;;;;;;;;;;;;
 ;03:49:05;3.306;0.049;188.1;30.9;;;;;;;;;;;;;;;;;;
 ;03:49:06;3.305;0.050;188.1;30.9;;;;;;;;;;;;;;;;;;
 ;03:49:07;3.302;0.054;188.1;30.9;;;;;;;;;;;;;;;;;;
 ;03:49:08;3.307;0.046;188.1;30.9;;;;;;;;;;;;;;;;;;
 ;03:49:09;3.303;0.054;188.2;30.9;;;;;;;;;;;;;;;;;;
 ;03:49:10;3.305;0.050;188.2;30.9;;;;;;;;;;;;;;;;;;
 ;03:49:11;3.307;0.048;188.2;30.9;;;;;;;;;;;;;;;;;;
 ;03:49:12;3.302;0.055;188.2;30.9;;;;;;;;;;;;;;;;;;
 ;03:49:13;3.307;0.047;188.2;30.9;;;;;;;;;;;;;;;;;;
 ;03:49:14;3.303;0.053;188.2;30.9;;;;;;;;;;;;;;;;;;
 ;03:49:15;3.305;0.050;188.2;30.9;;;;;;;;;;;;;;;;;;
 ;03:49:16;3.307;0.048;188.3;30.9;;;;;;;;;;;;;;;;;;
 ;03:49:17;3.303;0.053;188.3;30.9;;;;;;;;;;;;;;;;;;
 ;03:49:18;3.307;0.046;188.3;30.9;;;;;;;;;;;;;;;;;;
 ;03:49:19;3.303;0.054;188.3;30.9;;;;;;;;;;;;;;;;;;
 ;03:49:20;3.305;0.049;188.3;30.9;;;;;;;;;;;;;;;;;;
 ;03:49:21;3.306;0.049;188.3;30.9;;;;;;;;;;;;;;;;;;
 ;03:49:22;3.304;0.052;188.3;30.9;;;;;;;;;;;;;;;;;;
 ;03:49:23;3.308;0.046;188.3;30.9;;;;;;;;;;;;;;;;;;
 ;03:49:24;3.302;0.054;188.4;30.9;;;;;;;;;;;;;;;;;;
 ;03:49:25;3.307;0.047;188.4;30.9;;;;;;;;;;;;;;;;;;
 ;03:49:26;3.304;0.052;188.4;30.9;;;;;;;;;;;;;;;;;;
 ;03:49:27;3.305;0.050;188.4;30.9;;;;;;;;;;;;;;;;;;
 ;03:49:28;3.306;0.048;188.4;30.9;;;;;;;;;;;;;;;;;;
 ;03:49:29;3.303;0.052;188.4;30.9;;;;;;;;;;;;;;;;;;
 ;03:49:30;3.308;0.046;188.4;30.9;;;;;;;;;;;;;;;;;;
 ;03:49:31;3.302;0.055;188.5;30.9;;;;;;;;;;;;;;;;;;
 ;03:49:32;3.306;0.048;188.5;30.9;;;;;;;;;;;;;;;;;;
 ;03:49:33;3.304;0.051;188.5;30.9;;;;;;;;;;;;;;;;;;
 ;03:49:34;3.304;0.050;188.5;30.9;;;;;;;;;;;;;;;;;;
 ;03:49:35;3.307;0.047;188.5;30.9;;;;;;;;;;;;;;;;;;
 ;03:49:36;3.304;0.052;188.5;30.9;;;;;;;;;;;;;;;;;;
 ;03:49:37;3.308;0.046;188.5;30.9;;;;;;;;;;;;;;;;;;
 ;03:49:38;3.303;0.053;188.6;30.9;;;;;;;;;;;;;;;;;;
 ;03:49:39;3.307;0.047;188.6;30.9;;;;;;;;;;;;;;;;;;
 ;03:49:40;3.304;0.052;188.6;30.9;;;;;;;;;;;;;;;;;;
 ;03:49:41;3.305;0.049;188.6;30.9;;;;;;;;;;;;;;;;;;
 ;03:49:42;3.306;0.049;188.6;30.9;;;;;;;;;;;;;;;;;;
 ;03:49:43;3.304;0.051;188.6;30.9;;;;;;;;;;;;;;;;;;
 ;03:49:44;3.307;0.046;188.6;30.9;;;;;;;;;;;;;;;;;;
 ;03:49:45;3.303;0.052;188.7;30.9;;;;;;;;;;;;;;;;;;
 ;03:49:46;3.307;0.046;188.7;30.9;;;;;;;;;;;;;;;;;;
 ;03:49:47;3.303;0.054;188.7;30.9;;;;;;;;;;;;;;;;;;
 ;03:49:48;3.306;0.048;188.7;30.9;;;;;;;;;;;;;;;;;;
 ;03:49:49;3.304;0.052;188.7;30.9;;;;;;;;;;;;;;;;;;
 ;03:49:50;3.305;0.049;188.7;30.9;;;;;;;;;;;;;;;;;;
 ;03:49:51;3.306;0.049;188.7;30.9;;;;;;;;;;;;;;;;;;
 ;03:49:52;3.305;0.050;188.8;30.9;;;;;;;;;;;;;;;;;;
 ;03:49:53;3.307;0.048;188.8;30.9;;;;;;;;;;;;;;;;;;
 ;03:49:54;3.304;0.052;188.8;30.8;;;;;;;;;;;;;;;;;;
 ;03:49:55;3.307;0.046;188.8;30.8;;;;;;;;;;;;;;;;;;
 ;03:49:56;3.303;0.052;188.8;30.8;;;;;;;;;;;;;;;;;;
 ;03:49:57;3.307;0.046;188.8;30.8;;;;;;;;;;;;;;;;;;
 ;03:49:58;3.303;0.053;188.8;30.8;;;;;;;;;;;;;;;;;;
 ;03:49:59;3.306;0.047;188.9;30.8;;;;;;;;;;;;;;;;;;
 ;03:50:00;3.304;0.051;188.9;30.8;;;;;;;;;;;;;;;;;;
 ;03:50:01;3.305;0.048;188.9;30.8;;;;;;;;;;;;;;;;;;
 ;03:50:02;3.306;0.049;188.9;30.8;;;;;;;;;;;;;;;;;;
 ;03:50:03;3.300;0.057;188.9;30.8;;;;;;;;;;;;;;;;;;
 ;03:50:04;3.305;0.048;188.9;30.8;;;;;;;;;;;;;;;;;;
 ;03:50:05;3.306;0.049;188.9;30.8;;;;;;;;;;;;;;;;;;
 ;03:50:06;3.302;0.054;189.0;30.8;;;;;;;;;;;;;;;;;;
 ;03:50:07;3.307;0.045;189.0;30.8;;;;;;;;;;;;;;;;;;
 ;03:50:08;3.303;0.052;189.0;30.8;;;;;;;;;;;;;;;;;;
 ;03:50:09;3.303;0.051;189.0;30.8;;;;;;;;;;;;;;;;;;
 ;03:50:10;3.308;0.045;189.0;30.8;;;;;;;;;;;;;;;;;;
 ;03:50:11;3.302;0.055;189.0;30.8;;;;;;;;;;;;;;;;;;
 ;03:50:12;3.305;0.048;189.0;30.8;;;;;;;;;;;;;;;;;;
 ;03:50:13;3.306;0.049;189.0;30.8;;;;;;;;;;;;;;;;;;
 ;03:50:14;3.302;0.053;189.1;30.8;;;;;;;;;;;;;;;;;;
 ;03:50:15;3.307;0.045;189.1;30.8;;;;;;;;;;;;;;;;;;
 ;03:50:16;3.303;0.053;189.1;30.8;;;;;;;;;;;;;;;;;;
 ;03:50:17;3.305;0.048;189.1;30.8;;;;;;;;;;;;;;;;;;
 ;03:50:18;3.306;0.048;189.1;30.8;;;;;;;;;;;;;;;;;;
 ;03:50:19;3.303;0.051;189.1;30.8;;;;;;;;;;;;;;;;;;
 ;03:50:20;3.308;0.045;189.1;30.8;;;;;;;;;;;;;;;;;;
 ;03:50:21;3.302;0.054;189.2;30.8;;;;;;;;;;;;;;;;;;
 ;03:50:22;3.306;0.048;189.2;30.8;;;;;;;;;;;;;;;;;;
 ;03:50:23;3.305;0.050;189.2;30.8;;;;;;;;;;;;;;;;;;
 ;03:50:24;3.304;0.049;189.2;30.8;;;;;;;;;;;;;;;;;;
 ;03:50:25;3.307;0.046;189.2;30.8;;;;;;;;;;;;;;;;;;
 ;03:50:26;3.302;0.053;189.2;30.8;;;;;;;;;;;;;;;;;;
 ;03:50:27;3.307;0.046;189.2;30.8;;;;;;;;;;;;;;;;;;
 ;03:50:28;3.304;0.052;189.3;30.8;;;;;;;;;;;;;;;;;;
 ;03:50:29;3.305;0.048;189.3;30.8;;;;;;;;;;;;;;;;;;
 ;03:50:30;3.306;0.048;189.3;30.8;;;;;;;;;;;;;;;;;;
 ;03:50:31;3.303;0.051;189.3;30.8;;;;;;;;;;;;;;;;;;
 ;03:50:32;3.308;0.045;189.3;30.8;;;;;;;;;;;;;;;;;;
 ;03:50:33;3.302;0.053;189.3;30.8;;;;;;;;;;;;;;;;;;
 ;03:50:34;3.306;0.046;189.3;30.8;;;;;;;;;;;;;;;;;;
 ;03:50:35;3.304;0.051;189.4;30.8;;;;;;;;;;;;;;;;;;
 ;03:50:36;3.304;0.049;189.4;30.8;;;;;;;;;;;;;;;;;;
 ;03:50:37;3.307;0.046;189.4;30.8;;;;;;;;;;;;;;;;;;
 ;03:50:38;3.304;0.050;189.4;30.8;;;;;;;;;;;;;;;;;;
 ;03:50:39;3.307;0.045;189.4;30.8;;;;;;;;;;;;;;;;;;
 ;03:50:40;3.303;0.052;189.4;30.8;;;;;;;;;;;;;;;;;;
 ;03:50:41;3.306;0.046;189.4;30.8;;;;;;;;;;;;;;;;;;
 ;03:50:42;3.304;0.052;189.4;30.8;;;;;;;;;;;;;;;;;;
 ;03:50:43;3.305;0.047;189.5;30.8;;;;;;;;;;;;;;;;;;
 ;03:50:44;3.306;0.049;189.5;30.8;;;;;;;;;;;;;;;;;;
 ;03:50:45;3.304;0.049;189.5;30.8;;;;;;;;;;;;;;;;;;
 ;03:50:46;3.307;0.046;189.5;30.8;;;;;;;;;;;;;;;;;;
 ;03:50:47;3.303;0.051;189.5;30.8;;;;;;;;;;;;;;;;;;
 ;03:50:48;3.307;0.045;189.5;30.8;;;;;;;;;;;;;;;;;;
 ;03:50:49;3.303;0.052;189.5;30.8;;;;;;;;;;;;;;;;;;
 ;03:50:50;3.306;0.046;189.6;30.8;;;;;;;;;;;;;;;;;;
 ;03:50:51;3.304;0.051;189.6;30.8;;;;;;;;;;;;;;;;;;
 ;03:50:52;3.305;0.047;189.6;30.8;;;;;;;;;;;;;;;;;;
 ;03:50:53;3.306;0.049;189.6;30.8;;;;;;;;;;;;;;;;;;
 ;03:50:54;3.305;0.048;189.6;30.8;;;;;;;;;;;;;;;;;;
 ;03:50:55;3.307;0.047;189.6;30.8;;;;;;;;;;;;;;;;;;
 ;03:50:56;3.304;0.049;189.6;30.8;;;;;;;;;;;;;;;;;;
 ;03:50:57;3.308;0.046;189.7;30.8;;;;;;;;;;;;;;;;;;
 ;03:50:58;3.303;0.051;189.7;30.8;;;;;;;;;;;;;;;;;;
 ;03:50:59;3.307;0.045;189.7;30.8;;;;;;;;;;;;;;;;;;
 ;03:51:00;3.303;0.052;189.7;30.8;;;;;;;;;;;;;;;;;;
 ;03:51:01;3.306;0.046;189.7;30.8;;;;;;;;;;;;;;;;;;
 ;03:51:02;3.304;0.051;189.7;30.8;;;;;;;;;;;;;;;;;;
 ;03:51:03;3.305;0.047;189.7;30.8;;;;;;;;;;;;;;;;;;
 ;03:51:04;3.306;0.049;189.7;30.8;;;;;;;;;;;;;;;;;;
 ;03:51:05;3.305;0.048;189.8;30.8;;;;;;;;;;;;;;;;;;
 ;03:51:06;3.307;0.047;189.8;30.8;;;;;;;;;;;;;;;;;;
 ;03:51:07;3.301;0.055;189.8;30.8;;;;;;;;;;;;;;;;;;
 ;03:51:08;3.305;0.046;189.8;30.8;;;;;;;;;;;;;;;;;;
 ;03:51:09;3.306;0.048;189.8;30.8;;;;;;;;;;;;;;;;;;
 ;03:51:10;3.300;0.054;189.8;30.8;;;;;;;;;;;;;;;;;;
 ;03:51:11;3.306;0.045;189.8;30.8;;;;;;;;;;;;;;;;;;
 ;03:51:12;3.305;0.050;189.9;30.8;;;;;;;;;;;;;;;;;;
 ;03:51:13;3.303;0.050;189.9;30.8;;;;;;;;;;;;;;;;;;
 ;03:51:14;3.308;0.044;189.9;30.8;;;;;;;;;;;;;;;;;;
 ;03:51:15;3.302;0.053;189.9;30.8;;;;;;;;;;;;;;;;;;
 ;03:51:16;3.305;0.046;189.9;30.8;;;;;;;;;;;;;;;;;;
 ;03:51:17;3.306;0.048;189.9;30.8;;;;;;;;;;;;;;;;;;
 ;03:51:18;3.302;0.051;189.9;30.8;;;;;;;;;;;;;;;;;;
 ;03:51:19;3.307;0.044;190.0;30.8;;;;;;;;;;;;;;;;;;
 ;03:51:20;3.303;0.052;190.0;30.8;;;;;;;;;;;;;;;;;;
 ;03:51:21;3.305;0.046;190.0;30.8;;;;;;;;;;;;;;;;;;
 ;03:51:22;3.306;0.048;190.0;30.8;;;;;;;;;;;;;;;;;;
 ;03:51:23;3.303;0.050;190.0;30.8;;;;;;;;;;;;;;;;;;
 ;03:51:24;3.308;0.044;190.0;30.8;;;;;;;;;;;;;;;;;;
 ;03:51:25;3.302;0.052;190.0;30.8;;;;;;;;;;;;;;;;;;
 ;03:51:26;3.306;0.045;190.0;30.8;;;;;;;;;;;;;;;;;;
 ;03:51:27;3.304;0.050;190.1;30.8;;;;;;;;;;;;;;;;;;
 ;03:51:28;3.304;0.048;190.1;30.8;;;;;;;;;;;;;;;;;;
 ;03:51:29;3.307;0.046;190.1;30.8;;;;;;;;;;;;;;;;;;
 ;03:51:30;3.302;0.052;190.1;30.8;;;;;;;;;;;;;;;;;;
 ;03:51:31;3.307;0.045;190.1;30.8;;;;;;;;;;;;;;;;;;
 ;03:51:32;3.304;0.051;190.1;30.8;;;;;;;;;;;;;;;;;;
 ;03:51:33;3.305;0.047;190.1;30.8;;;;;;;;;;;;;;;;;;
 ;03:51:34;3.306;0.047;190.2;30.8;;;;;;;;;;;;;;;;;;
 ;03:51:35;3.304;0.049;190.2;30.8;;;;;;;;;;;;;;;;;;
 ;03:51:36;3.308;0.044;190.2;30.8;;;;;;;;;;;;;;;;;;
 ;03:51:37;3.302;0.052;190.2;30.8;;;;;;;;;;;;;;;;;;
 ;03:51:38;3.306;0.045;190.2;30.8;;;;;;;;;;;;;;;;;;
 ;03:51:39;3.304;0.050;190.2;30.8;;;;;;;;;;;;;;;;;;
 ;03:51:40;3.305;0.047;190.2;30.8;;;;;;;;;;;;;;;;;;
 ;03:51:41;3.306;0.047;190.2;30.8;;;;;;;;;;;;;;;;;;
 ;03:51:42;3.304;0.048;190.3;30.8;;;;;;;;;;;;;;;;;;
 ;03:51:43;3.308;0.045;190.3;30.8;;;;;;;;;;;;;;;;;;
 ;03:51:44;3.303;0.050;190.3;30.8;;;;;;;;;;;;;;;;;;
 ;03:51:45;3.307;0.044;190.3;30.8;;;;;;;;;;;;;;;;;;
 ;03:51:46;3.303;0.052;190.3;30.8;;;;;;;;;;;;;;;;;;
 ;03:51:47;3.306;0.046;190.3;30.8;;;;;;;;;;;;;;;;;;
 ;03:51:48;3.305;0.049;190.3;30.8;;;;;;;;;;;;;;;;;;
 ;03:51:49;3.305;0.047;190.4;30.8;;;;;;;;;;;;;;;;;;
 ;03:51:50;3.307;0.046;190.4;30.8;;;;;;;;;;;;;;;;;;
 ;03:51:51;3.304;0.049;190.4;30.8;;;;;;;;;;;;;;;;;;
 ;03:51:52;3.307;0.044;190.4;30.8;;;;;;;;;;;;;;;;;;
 ;03:51:53;3.303;0.051;190.4;30.8;;;;;;;;;;;;;;;;;;
 ;03:51:54;3.306;0.045;190.4;30.8;;;;;;;;;;;;;;;;;;
 ;03:51:55;3.303;0.051;190.4;30.8;;;;;;;;;;;;;;;;;;
 ;03:51:56;3.306;0.046;190.4;30.8;;;;;;;;;;;;;;;;;;
 ;03:51:57;3.304;0.049;190.5;30.8;;;;;;;;;;;;;;;;;;
 ;03:51:58;3.305;0.047;190.5;30.8;;;;;;;;;;;;;;;;;;
 ;03:51:59;3.306;0.047;190.5;30.8;;;;;;;;;;;;;;;;;;
 ;03:52:00;3.304;0.048;190.5;30.8;;;;;;;;;;;;;;;;;;
 ;03:52:01;3.307;0.046;190.5;30.8;;;;;;;;;;;;;;;;;;
 ;03:52:02;3.304;0.048;190.5;30.8;;;;;;;;;;;;;;;;;;
 ;03:52:03;3.308;0.044;190.5;30.8;;;;;;;;;;;;;;;;;;
 ;03:52:04;3.303;0.051;190.6;30.8;;;;;;;;;;;;;;;;;;
 ;03:52:05;3.307;0.045;190.6;30.8;;;;;;;;;;;;;;;;;;
 ;03:52:06;3.304;0.051;190.6;30.8;;;;;;;;;;;;;;;;;;
 ;03:52:07;3.306;0.046;190.6;30.8;;;;;;;;;;;;;;;;;;
 ;03:52:08;3.304;0.049;190.6;30.8;;;;;;;;;;;;;;;;;;
 ;03:52:09;3.300;0.053;190.6;30.8;;;;;;;;;;;;;;;;;;
 ;03:52:10;3.307;0.044;190.6;30.8;;;;;;;;;;;;;;;;;;
 ;03:52:11;3.304;0.049;190.6;30.8;;;;;;;;;;;;;;;;;;
 ;03:52:12;3.302;0.051;190.7;30.8;;;;;;;;;;;;;;;;;;
 ;03:52:13;3.307;0.043;190.7;30.8;;;;;;;;;;;;;;;;;;
 ;03:52:14;3.303;0.051;190.7;30.8;;;;;;;;;;;;;;;;;;
 ;03:52:15;3.304;0.047;190.7;30.8;;;;;;;;;;;;;;;;;;
 ;03:52:16;3.307;0.045;190.7;30.8;;;;;;;;;;;;;;;;;;
 ;03:52:17;3.302;0.052;190.7;30.8;;;;;;;;;;;;;;;;;;
 ;03:52:18;3.307;0.044;190.7;30.8;;;;;;;;;;;;;;;;;;
 ;03:52:19;3.304;0.049;190.8;30.8;;;;;;;;;;;;;;;;;;
 ;03:52:20;3.303;0.049;190.8;30.8;;;;;;;;;;;;;;;;;;
 ;03:52:21;3.308;0.043;190.8;30.8;;;;;;;;;;;;;;;;;;
 ;03:52:22;3.302;0.052;190.8;30.8;;;;;;;;;;;;;;;;;;
 ;03:52:23;3.306;0.045;190.8;30.8;;;;;;;;;;;;;;;;;;
 ;03:52:24;3.305;0.048;190.8;30.8;;;;;;;;;;;;;;;;;;
 ;03:52:25;3.304;0.048;190.8;30.8;;;;;;;;;;;;;;;;;;
 ;03:52:26;3.307;0.044;190.8;30.8;;;;;;;;;;;;;;;;;;
 ;03:52:27;3.302;0.051;190.9;30.8;;;;;;;;;;;;;;;;;;
 ;03:52:28;3.307;0.044;190.9;30.8;;;;;;;;;;;;;;;;;;
 ;03:52:29;3.304;0.049;190.9;30.8;;;;;;;;;;;;;;;;;;
 ;03:52:30;3.304;0.047;190.9;30.8;;;;;;;;;;;;;;;;;;
 ;03:52:31;3.307;0.045;190.9;30.8;;;;;;;;;;;;;;;;;;
 ;03:52:32;3.302;0.051;190.9;30.8;;;;;;;;;;;;;;;;;;
 ;03:52:33;3.307;0.044;190.9;30.8;;;;;;;;;;;;;;;;;;
 ;03:52:34;3.303;0.050;191.0;30.8;;;;;;;;;;;;;;;;;;
 ;03:52:35;3.305;0.046;191.0;30.8;;;;;;;;;;;;;;;;;;
 ;03:52:36;3.306;0.046;191.0;30.8;;;;;;;;;;;;;;;;;;
 ;03:52:37;3.304;0.048;191.0;30.8;;;;;;;;;;;;;;;;;;
 ;03:52:38;3.308;0.043;191.0;30.8;;;;;;;;;;;;;;;;;;
 ;03:52:39;3.302;0.051;191.0;30.8;;;;;;;;;;;;;;;;;;
 ;03:52:40;3.307;0.044;191.0;30.8;;;;;;;;;;;;;;;;;;
 ;03:52:41;3.304;0.049;191.0;30.8;;;;;;;;;;;;;;;;;;
 ;03:52:42;3.305;0.046;191.1;30.8;;;;;;;;;;;;;;;;;;
 ;03:52:43;3.306;0.046;191.1;30.8;;;;;;;;;;;;;;;;;;
 ;03:52:44;3.304;0.048;191.1;30.8;;;;;;;;;;;;;;;;;;
 ;03:52:45;3.308;0.043;191.1;30.8;;;;;;;;;;;;;;;;;;
 ;03:52:46;3.302;0.051;191.1;30.8;;;;;;;;;;;;;;;;;;
 ;03:52:47;3.307;0.044;191.1;30.8;;;;;;;;;;;;;;;;;;
 ;03:52:48;3.304;0.049;191.1;30.8;;;;;;;;;;;;;;;;;;
 ;03:52:49;3.305;0.046;191.1;30.8;;;;;;;;;;;;;;;;;;
 ;03:52:50;3.306;0.046;191.2;30.8;;;;;;;;;;;;;;;;;;
 ;03:52:51;3.304;0.048;191.2;30.8;;;;;;;;;;;;;;;;;;
 ;03:52:52;3.308;0.043;191.2;30.8;;;;;;;;;;;;;;;;;;
 ;03:52:53;3.304;0.049;191.2;30.8;;;;;;;;;;;;;;;;;;
 ;03:52:54;3.307;0.043;191.2;30.8;;;;;;;;;;;;;;;;;;
 ;03:52:55;3.303;0.051;191.2;30.8;;;;;;;;;;;;;;;;;;
 ;03:52:56;3.306;0.045;191.2;30.8;;;;;;;;;;;;;;;;;;
 ;03:52:57;3.304;0.048;191.3;30.7;;;;;;;;;;;;;;;;;;
 ;03:52:58;3.305;0.046;191.3;30.7;;;;;;;;;;;;;;;;;;
 ;03:52:59;3.306;0.046;191.3;30.7;;;;;;;;;;;;;;;;;;
 ;03:53:00;3.305;0.047;191.3;30.7;;;;;;;;;;;;;;;;;;
 ;03:53:01;3.307;0.044;191.3;30.7;;;;;;;;;;;;;;;;;;
 ;03:53:02;3.303;0.049;191.3;30.7;;;;;;;;;;;;;;;;;;
 ;03:53:03;3.307;0.043;191.3;30.7;;;;;;;;;;;;;;;;;;
 ;03:53:04;3.303;0.051;191.3;30.7;;;;;;;;;;;;;;;;;;
 ;03:53:05;3.306;0.045;191.4;30.7;;;;;;;;;;;;;;;;;;
 ;03:53:06;3.304;0.048;191.4;30.7;;;;;;;;;;;;;;;;;;
 ;03:53:07;3.305;0.046;191.4;30.7;;;;;;;;;;;;;;;;;;
 ;03:53:08;3.306;0.046;191.4;30.7;;;;;;;;;;;;;;;;;;
 ;03:53:09;3.305;0.047;191.4;30.7;;;;;;;;;;;;;;;;;;
 ;03:53:10;3.307;0.045;191.4;30.7;;;;;;;;;;;;;;;;;;
 ;03:53:11;3.304;0.048;191.4;30.7;;;;;;;;;;;;;;;;;;
 ;03:53:12;3.308;0.043;191.4;30.7;;;;;;;;;;;;;;;;;;
 ;03:53:13;3.304;0.049;191.5;30.7;;;;;;;;;;;;;;;;;;
 ;03:53:14;3.307;0.043;191.5;30.7;;;;;;;;;;;;;;;;;;
 ;03:53:15;3.303;0.051;191.5;30.7;;;;;;;;;;;;;;;;;;
 ;03:53:16;3.306;0.045;191.5;30.7;;;;;;;;;;;;;;;;;;
 ;03:53:17;3.304;0.048;191.5;30.7;;;;;;;;;;;;;;;;;;
 ;03:53:18;3.300;0.052;191.5;30.7;;;;;;;;;;;;;;;;;;
 ;03:53:19;3.307;0.043;191.5;30.7;;;;;;;;;;;;;;;;;;
 ;03:53:20;3.304;0.048;191.6;30.7;;;;;;;;;;;;;;;;;;
 ;03:53:21;3.302;0.049;191.6;30.7;;;;;;;;;;;;;;;;;;
 ;03:53:22;3.308;0.042;191.6;30.7;;;;;;;;;;;;;;;;;;
 ;03:53:23;3.302;0.050;191.6;30.7;;;;;;;;;;;;;;;;;;
 ;03:53:24;3.305;0.046;191.6;30.7;;;;;;;;;;;;;;;;;;
 ;03:53:25;3.307;0.045;191.6;30.7;;;;;;;;;;;;;;;;;;
 ;03:53:26;3.301;0.051;191.6;30.7;;;;;;;;;;;;;;;;;;
 ;03:53:27;3.307;0.043;191.6;30.7;;;;;;;;;;;;;;;;;;
 ;03:53:28;3.304;0.048;191.7;30.7;;;;;;;;;;;;;;;;;;
 ;03:53:29;3.303;0.048;191.7;30.7;;;;;;;;;;;;;;;;;;
 ;03:53:30;3.308;0.042;191.7;30.7;;;;;;;;;;;;;;;;;;
 ;03:53:31;3.302;0.051;191.7;30.7;;;;;;;;;;;;;;;;;;
 ;03:53:32;3.306;0.044;191.7;30.7;;;;;;;;;;;;;;;;;;
 ;03:53:33;3.305;0.046;191.7;30.7;;;;;;;;;;;;;;;;;;
 ;03:53:34;3.303;0.048;191.7;30.7;;;;;;;;;;;;;;;;;;
 ;03:53:35;3.308;0.042;191.8;30.7;;;;;;;;;;;;;;;;;;
 ;03:53:36;3.302;0.050;191.8;30.7;;;;;;;;;;;;;;;;;;
 ;03:53:37;3.307;0.043;191.8;30.7;;;;;;;;;;;;;;;;;;
 ;03:53:38;3.304;0.048;191.8;30.7;;;;;;;;;;;;;;;;;;
 ;03:53:39;3.304;0.046;191.8;30.7;;;;;;;;;;;;;;;;;;
 ;03:53:40;3.307;0.044;191.8;30.7;;;;;;;;;;;;;;;;;;
 ;03:53:41;3.303;0.049;191.8;30.7;;;;;;;;;;;;;;;;;;
 ;03:53:42;3.307;0.042;191.8;30.7;;;;;;;;;;;;;;;;;;
 ;03:53:43;3.303;0.050;191.9;30.7;;;;;;;;;;;;;;;;;;
 ;03:53:44;3.306;0.044;191.9;30.7;;;;;;;;;;;;;;;;;;
 ;03:53:45;3.305;0.046;191.9;30.7;;;;;;;;;;;;;;;;;;
 ;03:53:46;3.304;0.047;191.9;30.7;;;;;;;;;;;;;;;;;;
 ;03:53:47;3.307;0.043;191.9;30.7;;;;;;;;;;;;;;;;;;
 ;03:53:48;3.303;0.049;191.9;30.7;;;;;;;;;;;;;;;;;;
 ;03:53:49;3.307;0.043;191.9;30.7;;;;;;;;;;;;;;;;;;
 ;03:53:50;3.303;0.049;191.9;30.7;;;;;;;;;;;;;;;;;;
 ;03:53:51;3.305;0.045;192.0;30.7;;;;;;;;;;;;;;;;;;
 ;03:53:52;3.306;0.046;192.0;30.7;;;;;;;;;;;;;;;;;;
 ;03:53:53;3.304;0.047;192.0;30.7;;;;;;;;;;;;;;;;;;
 ;03:53:54;3.308;0.042;192.0;30.7;;;;;;;;;;;;;;;;;;
 ;03:53:55;3.303;0.049;192.0;30.7;;;;;;;;;;;;;;;;;;
 ;03:53:56;3.307;0.043;192.0;30.7;;;;;;;;;;;;;;;;;;
 ;03:53:57;3.303;0.049;192.0;30.7;;;;;;;;;;;;;;;;;;
 ;03:53:58;3.306;0.044;192.0;30.7;;;;;;;;;;;;;;;;;;
 ;03:53:59;3.305;0.046;192.1;30.7;;;;;;;;;;;;;;;;;;
 ;03:54:00;3.305;0.046;192.1;30.7;;;;;;;;;;;;;;;;;;
 ;03:54:01;3.307;0.044;192.1;30.7;;;;;;;;;;;;;;;;;;
 ;03:54:02;3.304;0.048;192.1;30.7;;;;;;;;;;;;;;;;;;
 ;03:54:03;3.308;0.042;192.1;30.7;;;;;;;;;;;;;;;;;;
 ;03:54:04;3.303;0.049;192.1;30.7;;;;;;;;;;;;;;;;;;
 ;03:54:05;3.306;0.043;192.1;30.7;;;;;;;;;;;;;;;;;;
 ;03:54:06;3.304;0.048;192.1;30.7;;;;;;;;;;;;;;;;;;
 ;03:54:07;3.305;0.045;192.2;30.7;;;;;;;;;;;;;;;;;;
 ;03:54:08;3.306;0.046;192.2;30.7;;;;;;;;;;;;;;;;;;
 ;03:54:09;3.304;0.046;192.2;30.7;;;;;;;;;;;;;;;;;;
 ;03:54:10;3.307;0.043;192.2;30.7;;;;;;;;;;;;;;;;;;
 ;03:54:11;3.303;0.048;192.2;30.7;;;;;;;;;;;;;;;;;;
 ;03:54:12;3.307;0.042;192.2;30.7;;;;;;;;;;;;;;;;;;
 ;03:54:13;3.303;0.049;192.2;30.7;;;;;;;;;;;;;;;;;;
 ;03:54:14;3.306;0.043;192.3;30.7;;;;;;;;;;;;;;;;;;
 ;03:54:15;3.304;0.048;192.3;30.7;;;;;;;;;;;;;;;;;;
 ;03:54:16;3.305;0.045;192.3;30.7;;;;;;;;;;;;;;;;;;
 ;03:54:17;3.306;0.046;192.3;30.7;;;;;;;;;;;;;;;;;;
 ;03:54:18;3.305;0.045;192.3;30.7;;;;;;;;;;;;;;;;;;
 ;03:54:19;3.307;0.044;192.3;30.7;;;;;;;;;;;;;;;;;;
 ;03:54:20;3.304;0.047;192.3;30.7;;;;;;;;;;;;;;;;;;
 ;03:54:21;3.308;0.042;192.3;30.7;;;;;;;;;;;;;;;;;;
 ;03:54:22;3.304;0.047;192.4;30.7;;;;;;;;;;;;;;;;;;
 ;03:54:23;3.307;0.042;192.4;30.7;;;;;;;;;;;;;;;;;;
 ;03:54:24;3.303;0.048;192.4;30.7;;;;;;;;;;;;;;;;;;
 ;03:54:25;3.306;0.043;192.4;30.7;;;;;;;;;;;;;;;;;;
 ;03:54:26;3.304;0.048;192.4;30.7;;;;;;;;;;;;;;;;;;
 ;03:54:27;3.306;0.044;192.4;30.7;;;;;;;;;;;;;;;;;;
 ;03:54:28;3.305;0.046;192.4;30.7;;;;;;;;;;;;;;;;;;
 ;03:54:29;3.305;0.045;192.4;30.7;;;;;;;;;;;;;;;;;;
 ;03:54:30;3.306;0.045;192.5;30.7;;;;;;;;;;;;;;;;;;
 ;03:54:31;3.301;0.052;192.5;30.7;;;;;;;;;;;;;;;;;;
 ;03:54:32;3.305;0.044;192.5;30.7;;;;;;;;;;;;;;;;;;
 ;03:54:33;3.306;0.045;192.5;30.7;;;;;;;;;;;;;;;;;;
 ;03:54:34;3.300;0.052;192.5;30.7;;;;;;;;;;;;;;;;;;
 ;03:54:35;3.306;0.043;192.5;30.7;;;;;;;;;;;;;;;;;;
 ;03:54:36;3.305;0.046;192.5;30.7;;;;;;;;;;;;;;;;;;
 ;03:54:37;3.303;0.048;192.5;30.7;;;;;;;;;;;;;;;;;;
 ;03:54:38;3.308;0.041;192.6;30.7;;;;;;;;;;;;;;;;;;
 ;03:54:39;3.302;0.050;192.6;30.7;;;;;;;;;;;;;;;;;;
 ;03:54:40;3.305;0.044;192.6;30.7;;;;;;;;;;;;;;;;;;
 ;03:54:41;3.306;0.045;192.6;30.7;;;;;;;;;;;;;;;;;;
 ;03:54:42;3.302;0.049;192.6;30.7;;;;;;;;;;;;;;;;;;
 ;03:54:43;3.307;0.041;192.6;30.7;;;;;;;;;;;;;;;;;;
 ;03:54:44;3.303;0.049;192.6;30.7;;;;;;;;;;;;;;;;;;
 ;03:54:45;3.305;0.044;192.6;30.7;;;;;;;;;;;;;;;;;;
 ;03:54:46;3.306;0.045;192.7;30.7;;;;;;;;;;;;;;;;;;
 ;03:54:47;3.303;0.048;192.7;30.7;;;;;;;;;;;;;;;;;;
 ;03:54:48;3.308;0.041;192.7;30.7;;;;;;;;;;;;;;;;;;
 ;03:54:49;3.302;0.050;192.7;30.7;;;;;;;;;;;;;;;;;;
 ;03:54:50;3.306;0.044;192.7;30.7;;;;;;;;;;;;;;;;;;
 ;03:54:51;3.305;0.046;192.7;30.7;;;;;;;;;;;;;;;;;;
 ;03:54:52;3.303;0.047;192.7;30.7;;;;;;;;;;;;;;;;;;
 ;03:54:53;3.308;0.041;192.7;30.7;;;;;;;;;;;;;;;;;;
 ;03:54:54;3.302;0.049;192.8;30.7;;;;;;;;;;;;;;;;;;
 ;03:54:55;3.307;0.042;192.8;30.7;;;;;;;;;;;;;;;;;;
 ;03:54:56;3.304;0.047;192.8;30.7;;;;;;;;;;;;;;;;;;
 ;03:54:57;3.304;0.046;192.8;30.7;;;;;;;;;;;;;;;;;;
 ;03:54:58;3.307;0.043;192.8;30.7;;;;;;;;;;;;;;;;;;
 ;03:54:59;3.303;0.048;192.8;30.7;;;;;;;;;;;;;;;;;;
 ;03:55:00;3.307;0.041;192.8;30.7;;;;;;;;;;;;;;;;;;
 ;03:55:01;3.303;0.049;192.9;30.7;;;;;;;;;;;;;;;;;;
 ;03:55:02;3.306;0.044;192.9;30.7;;;;;;;;;;;;;;;;;;
 ;03:55:03;3.305;0.046;192.9;30.7;;;;;;;;;;;;;;;;;;
 ;03:55:04;3.304;0.046;192.9;30.7;;;;;;;;;;;;;;;;;;
 ;03:55:05;3.307;0.042;192.9;30.7;;;;;;;;;;;;;;;;;;
 ;03:55:06;3.303;0.048;192.9;30.7;;;;;;;;;;;;;;;;;;
 ;03:55:07;3.307;0.042;192.9;30.7;;;;;;;;;;;;;;;;;;
 ;03:55:08;3.303;0.048;192.9;30.7;;;;;;;;;;;;;;;;;;
 ;03:55:09;3.306;0.044;193.0;30.7;;;;;;;;;;;;;;;;;;
 ;03:55:10;3.305;0.046;193.0;30.7;;;;;;;;;;;;;;;;;;
 ;03:55:11;3.304;0.046;193.0;30.7;;;;;;;;;;;;;;;;;;
 ;03:55:12;3.307;0.042;193.0;30.7;;;;;;;;;;;;;;;;;;
 ;03:55:13;3.303;0.047;193.0;30.7;;;;;;;;;;;;;;;;;;
 ;03:55:14;3.307;0.041;193.0;30.7;;;;;;;;;;;;;;;;;;
 ;03:55:15;3.303;0.049;193.0;30.7;;;;;;;;;;;;;;;;;;
 ;03:55:16;3.306;0.043;193.0;30.7;;;;;;;;;;;;;;;;;;
 ;03:55:17;3.304;0.046;193.1;30.7;;;;;;;;;;;;;;;;;;
 ;03:55:18;3.305;0.045;193.1;30.7;;;;;;;;;;;;;;;;;;
 ;03:55:19;3.306;0.044;193.1;30.7;;;;;;;;;;;;;;;;;;
 ;03:55:20;3.304;0.046;193.1;30.7;;;;;;;;;;;;;;;;;;
 ;03:55:21;3.308;0.041;193.1;30.7;;;;;;;;;;;;;;;;;;
 ;03:55:22;3.303;0.048;193.1;30.7;;;;;;;;;;;;;;;;;;
 ;03:55:23;3.307;0.042;193.1;30.7;;;;;;;;;;;;;;;;;;
 ;03:55:24;3.303;0.048;193.1;30.7;;;;;;;;;;;;;;;;;;
 ;03:55:25;3.306;0.044;193.2;30.7;;;;;;;;;;;;;;;;;;
 ;03:55:26;3.305;0.046;193.2;30.7;;;;;;;;;;;;;;;;;;
 ;03:55:27;3.305;0.044;193.2;30.7;;;;;;;;;;;;;;;;;;
 ;03:55:28;3.306;0.044;193.2;30.7;;;;;;;;;;;;;;;;;;
 ;03:55:29;3.304;0.046;193.2;30.7;;;;;;;;;;;;;;;;;;
 ;03:55:30;3.308;0.041;193.2;30.7;;;;;;;;;;;;;;;;;;
 ;03:55:31;3.304;0.047;193.2;30.7;;;;;;;;;;;;;;;;;;
 ;03:55:32;3.307;0.041;193.2;30.7;;;;;;;;;;;;;;;;;;
 ;03:55:33;3.303;0.048;193.3;30.7;;;;;;;;;;;;;;;;;;
 ;03:55:34;3.306;0.042;193.3;30.7;;;;;;;;;;;;;;;;;;
 ;03:55:35;3.304;0.047;193.3;30.7;;;;;;;;;;;;;;;;;;
 ;03:55:36;3.306;0.043;193.3;30.7;;;;;;;;;;;;;;;;;;
 ;03:55:37;3.305;0.046;193.3;30.7;;;;;;;;;;;;;;;;;;
 ;03:55:38;3.305;0.044;193.3;30.7;;;;;;;;;;;;;;;;;;
 ;03:55:39;3.306;0.044;193.3;30.7;;;;;;;;;;;;;;;;;;
 ;03:55:40;3.304;0.045;193.3;30.7;;;;;;;;;;;;;;;;;;
 ;03:55:41;3.307;0.042;193.4;30.7;;;;;;;;;;;;;;;;;;
 ;03:55:42;3.301;0.050;193.4;30.7;;;;;;;;;;;;;;;;;;
 ;03:55:43;3.303;0.047;193.4;30.7;;;;;;;;;;;;;;;;;;
 ;03:55:44;3.308;0.040;193.4;30.7;;;;;;;;;;;;;;;;;;
 ;03:55:45;3.302;0.049;193.4;30.7;;;;;;;;;;;;;;;;;;
 ;03:55:46;3.304;0.045;193.4;30.7;;;;;;;;;;;;;;;;;;
 ;03:55:47;3.307;0.042;193.4;30.7;;;;;;;;;;;;;;;;;;
 ;03:55:48;3.301;0.050;193.4;30.7;;;;;;;;;;;;;;;;;;
 ;03:55:49;3.306;0.042;193.5;30.7;;;;;;;;;;;;;;;;;;
 ;03:55:50;3.305;0.045;193.5;30.7;;;;;;;;;;;;;;;;;;
 ;03:55:51;3.303;0.047;193.5;30.7;;;;;;;;;;;;;;;;;;
 ;03:55:52;3.308;0.040;193.5;30.7;;;;;;;;;;;;;;;;;;
 ;03:55:53;3.302;0.049;193.5;30.7;;;;;;;;;;;;;;;;;;
 ;03:55:54;3.305;0.043;193.5;30.7;;;;;;;;;;;;;;;;;;
 ;03:55:55;3.306;0.044;193.5;30.7;;;;;;;;;;;;;;;;;;
 ;03:55:56;3.302;0.048;193.5;30.7;;;;;;;;;;;;;;;;;;
 ;03:55:57;3.307;0.040;193.6;30.7;;;;;;;;;;;;;;;;;;
 ;03:55:58;3.303;0.048;193.6;30.7;;;;;;;;;;;;;;;;;;
 ;03:55:59;3.305;0.044;193.6;30.7;;;;;;;;;;;;;;;;;;
 ;03:56:00;3.306;0.043;193.6;30.7;;;;;;;;;;;;;;;;;;
 ;03:56:01;3.303;0.047;193.6;30.7;;;;;;;;;;;;;;;;;;
 ;03:56:02;3.307;0.040;193.6;30.7;;;;;;;;;;;;;;;;;;
 ;03:56:03;3.303;0.048;193.6;30.7;;;;;;;;;;;;;;;;;;
 ;03:56:04;3.305;0.043;193.6;30.7;;;;;;;;;;;;;;;;;;
 ;03:56:05;3.306;0.044;193.7;30.7;;;;;;;;;;;;;;;;;;
 ;03:56:06;3.303;0.047;193.7;30.7;;;;;;;;;;;;;;;;;;
 ;03:56:07;3.308;0.040;193.7;30.7;;;;;;;;;;;;;;;;;;
 ;03:56:08;3.302;0.049;193.7;30.7;;;;;;;;;;;;;;;;;;
 ;03:56:09;3.306;0.042;193.7;30.7;;;;;;;;;;;;;;;;;;
 ;03:56:10;3.304;0.045;193.7;30.7;;;;;;;;;;;;;;;;;;
 ;03:56:11;3.304;0.044;193.7;30.7;;;;;;;;;;;;;;;;;;
 ;03:56:12;3.307;0.042;193.7;30.7;;;;;;;;;;;;;;;;;;
 ;03:56:13;3.303;0.047;193.8;30.7;;;;;;;;;;;;;;;;;;
 ;03:56:14;3.307;0.040;193.8;30.7;;;;;;;;;;;;;;;;;;
 ;03:56:15;3.303;0.048;193.8;30.7;;;;;;;;;;;;;;;;;;
 ;03:56:16;3.306;0.043;193.8;30.7;;;;;;;;;;;;;;;;;;
 ;03:56:17;3.305;0.045;193.8;30.7;;;;;;;;;;;;;;;;;;
 ;03:56:18;3.304;0.045;193.8;30.7;;;;;;;;;;;;;;;;;;
 ;03:56:19;3.307;0.041;193.8;30.7;;;;;;;;;;;;;;;;;;
 ;03:56:20;3.303;0.048;193.8;30.7;;;;;;;;;;;;;;;;;;
 ;03:56:21;3.307;0.041;193.9;30.7;;;;;;;;;;;;;;;;;;
 ;03:56:22;3.303;0.047;193.9;30.7;;;;;;;;;;;;;;;;;;
 ;03:56:23;3.305;0.043;193.9;30.7;;;;;;;;;;;;;;;;;;
 ;03:56:24;3.306;0.044;193.9;30.7;;;;;;;;;;;;;;;;;;
 ;03:56:25;3.304;0.046;193.9;30.7;;;;;;;;;;;;;;;;;;
 ;03:56:26;3.308;0.040;193.9;30.7;;;;;;;;;;;;;;;;;;
 ;03:56:27;3.303;0.047;193.9;30.7;;;;;;;;;;;;;;;;;;
 ;03:56:28;3.307;0.041;193.9;30.7;;;;;;;;;;;;;;;;;;
 ;03:56:29;3.303;0.047;194.0;30.7;;;;;;;;;;;;;;;;;;
 ;03:56:30;3.306;0.042;194.0;30.7;;;;;;;;;;;;;;;;;;
 ;03:56:31;3.305;0.045;194.0;30.7;;;;;;;;;;;;;;;;;;
 ;03:56:32;3.305;0.044;194.0;30.7;;;;;;;;;;;;;;;;;;
 ;03:56:33;3.307;0.042;194.0;30.7;;;;;;;;;;;;;;;;;;
 ;03:56:34;3.304;0.046;194.0;30.7;;;;;;;;;;;;;;;;;;
 ;03:56:35;3.307;0.040;194.0;30.7;;;;;;;;;;;;;;;;;;
 ;03:56:36;3.302;0.049;194.0;30.7;;;;;;;;;;;;;;;;;;
 ;03:56:37;3.306;0.042;194.1;30.7;;;;;;;;;;;;;;;;;;
 ;03:56:38;3.304;0.045;194.1;30.7;;;;;;;;;;;;;;;;;;
 ;03:56:39;3.305;0.043;194.1;30.7;;;;;;;;;;;;;;;;;;
 ;03:56:40;3.306;0.043;194.1;30.7;;;;;;;;;;;;;;;;;;
 ;03:56:41;3.304;0.045;194.1;30.7;;;;;;;;;;;;;;;;;;
 ;03:56:42;3.308;0.040;194.1;30.7;;;;;;;;;;;;;;;;;;
 ;03:56:43;3.303;0.046;194.1;30.7;;;;;;;;;;;;;;;;;;
 ;03:56:44;3.307;0.041;194.1;30.7;;;;;;;;;;;;;;;;;;
 ;03:56:45;3.303;0.048;194.2;30.7;;;;;;;;;;;;;;;;;;
 ;03:56:46;3.306;0.042;194.2;30.7;;;;;;;;;;;;;;;;;;
 ;03:56:47;3.305;0.045;194.2;30.7;;;;;;;;;;;;;;;;;;
 ;03:56:48;3.305;0.043;194.2;30.7;;;;;;;;;;;;;;;;;;
 ;03:56:49;3.306;0.044;194.2;30.7;;;;;;;;;;;;;;;;;;
 ;03:56:50;3.304;0.044;194.2;30.7;;;;;;;;;;;;;;;;;;
 ;03:56:51;3.307;0.042;194.2;30.7;;;;;;;;;;;;;;;;;;
 ;03:56:52;3.304;0.045;194.2;30.7;;;;;;;;;;;;;;;;;;
 ;03:56:53;3.307;0.040;194.2;30.7;;;;;;;;;;;;;;;;;;
 ;03:56:54;3.303;0.046;194.3;30.7;;;;;;;;;;;;;;;;;;
 ;03:56:55;3.307;0.040;194.3;30.7;;;;;;;;;;;;;;;;;;
 ;03:56:56;3.303;0.047;194.3;30.7;;;;;;;;;;;;;;;;;;
 ;03:56:57;3.306;0.041;194.3;30.7;;;;;;;;;;;;;;;;;;
 ;03:56:58;3.304;0.046;194.3;30.7;;;;;;;;;;;;;;;;;;
 ;03:56:59;3.305;0.042;194.3;30.7;;;;;;;;;;;;;;;;;;
 ;03:57:00;3.306;0.044;194.3;30.7;;;;;;;;;;;;;;;;;;
 ;03:57:01;3.305;0.043;194.3;30.7;;;;;;;;;;;;;;;;;;
 ;03:57:02;3.307;0.042;194.4;30.7;;;;;;;;;;;;;;;;;;
 ;03:57:03;3.304;0.044;194.4;30.7;;;;;;;;;;;;;;;;;;
 ;03:57:04;3.308;0.040;194.4;30.7;;;;;;;;;;;;;;;;;;
 ;03:57:05;3.302;0.049;194.4;30.7;;;;;;;;;;;;;;;;;;
 ;03:57:06;3.303;0.045;194.4;30.7;;;;;;;;;;;;;;;;;;
 ;03:57:07;3.308;0.040;194.4;30.7;;;;;;;;;;;;;;;;;;
 ;03:57:08;3.302;0.048;194.4;30.7;;;;;;;;;;;;;;;;;;
 ;03:57:09;3.305;0.042;194.4;30.7;;;;;;;;;;;;;;;;;;
 ;03:57:10;3.307;0.042;194.5;30.7;;;;;;;;;;;;;;;;;;
 ;03:57:11;3.302;0.046;194.5;30.7;;;;;;;;;;;;;;;;;;
 ;03:57:12;3.307;0.040;194.5;30.7;;;;;;;;;;;;;;;;;;
 ;03:57:13;3.303;0.047;194.5;30.7;;;;;;;;;;;;;;;;;;
 ;03:57:14;3.304;0.043;194.5;30.7;;;;;;;;;;;;;;;;;;
 ;03:57:15;3.308;0.041;194.5;30.7;;;;;;;;;;;;;;;;;;
 ;03:57:16;3.301;0.048;194.5;30.7;;;;;;;;;;;;;;;;;;
 ;03:57:17;3.306;0.040;194.5;30.7;;;;;;;;;;;;;;;;;;
 ;03:57:18;3.305;0.045;194.6;30.7;;;;;;;;;;;;;;;;;;
 ;03:57:19;3.303;0.044;194.6;30.7;;;;;;;;;;;;;;;;;;
 ;03:57:20;3.308;0.040;194.6;30.7;;;;;;;;;;;;;;;;;;
 ;03:57:21;3.302;0.047;194.6;30.7;;;;;;;;;;;;;;;;;;
 ;03:57:22;3.306;0.040;194.6;30.7;;;;;;;;;;;;;;;;;;
 ;03:57:23;3.304;0.045;194.6;30.7;;;;;;;;;;;;;;;;;;
 ;03:57:24;3.304;0.043;194.6;30.7;;;;;;;;;;;;;;;;;;
 ;03:57:25;3.307;0.041;194.6;30.7;;;;;;;;;;;;;;;;;;
 ;03:57:26;3.302;0.047;194.7;30.7;;;;;;;;;;;;;;;;;;
 ;03:57:27;3.307;0.040;194.7;30.7;;;;;;;;;;;;;;;;;;
 ;03:57:28;3.304;0.046;194.7;30.7;;;;;;;;;;;;;;;;;;
 ;03:57:29;3.304;0.043;194.7;30.7;;;;;;;;;;;;;;;;;;
 ;03:57:30;3.307;0.042;194.7;30.7;;;;;;;;;;;;;;;;;;
 ;03:57:31;3.302;0.046;194.7;30.7;;;;;;;;;;;;;;;;;;
 ;03:57:32;3.307;0.039;194.7;30.7;;;;;;;;;;;;;;;;;;
 ;03:57:33;3.303;0.047;194.7;30.7;;;;;;;;;;;;;;;;;;
 ;03:57:34;3.305;0.041;194.7;30.7;;;;;;;;;;;;;;;;;;
 ;03:57:35;3.306;0.044;194.8;30.7;;;;;;;;;;;;;;;;;;
 ;03:57:36;3.304;0.044;194.8;30.7;;;;;;;;;;;;;;;;;;
 ;03:57:37;3.308;0.040;194.8;30.7;;;;;;;;;;;;;;;;;;
 ;03:57:38;3.302;0.046;194.8;30.7;;;;;;;;;;;;;;;;;;
 ;03:57:39;3.306;0.040;194.8;30.7;;;;;;;;;;;;;;;;;;
 ;03:57:40;3.304;0.046;194.8;30.7;;;;;;;;;;;;;;;;;;
 ;03:57:41;3.305;0.042;194.8;30.7;;;;;;;;;;;;;;;;;;
 ;03:57:42;3.306;0.043;194.8;30.7;;;;;;;;;;;;;;;;;;
 ;03:57:43;3.303;0.044;194.9;30.7;;;;;;;;;;;;;;;;;;
 ;03:57:44;3.307;0.039;194.9;30.7;;;;;;;;;;;;;;;;;;
 ;03:57:45;3.302;0.047;194.9;30.7;;;;;;;;;;;;;;;;;;
 ;03:57:46;3.306;0.040;194.9;30.7;;;;;;;;;;;;;;;;;;
 ;03:57:47;3.304;0.045;194.9;30.7;;;;;;;;;;;;;;;;;;
 ;03:57:48;3.304;0.043;194.9;30.7;;;;;;;;;;;;;;;;;;
 ;03:57:49;3.307;0.042;194.9;30.7;;;;;;;;;;;;;;;;;;
 ;03:57:50;3.304;0.044;194.9;30.7;;;;;;;;;;;;;;;;;;
 ;03:57:51;3.307;0.039;195.0;30.7;;;;;;;;;;;;;;;;;;
 ;03:57:52;3.303;0.045;195.0;30.7;;;;;;;;;;;;;;;;;;
 ;03:57:53;3.307;0.039;195.0;30.7;;;;;;;;;;;;;;;;;;
 ;03:57:54;3.303;0.047;195.0;30.7;;;;;;;;;;;;;;;;;;
 ;03:57:55;3.306;0.041;195.0;30.7;;;;;;;;;;;;;;;;;;
 ;03:57:56;3.305;0.044;195.0;30.7;;;;;;;;;;;;;;;;;;
 ;03:57:57;3.305;0.042;195.0;30.7;;;;;;;;;;;;;;;;;;
 ;03:57:58;3.307;0.042;195.0;30.7;;;;;;;;;;;;;;;;;;
 ;03:57:59;3.304;0.044;195.0;30.7;;;;;;;;;;;;;;;;;;
 ;03:58:00;3.307;0.039;195.1;30.7;;;;;;;;;;;;;;;;;;
 ;03:58:01;3.303;0.046;195.1;30.7;;;;;;;;;;;;;;;;;;
 ;03:58:02;3.306;0.040;195.1;30.7;;;;;;;;;;;;;;;;;;
 ;03:58:03;3.304;0.046;195.1;30.7;;;;;;;;;;;;;;;;;;
 ;03:58:04;3.305;0.041;195.1;30.7;;;;;;;;;;;;;;;;;;
 ;03:58:05;3.306;0.044;195.1;30.7;;;;;;;;;;;;;;;;;;
 ;03:58:06;3.304;0.043;195.1;30.7;;;;;;;;;;;;;;;;;;
 ;03:58:07;3.307;0.041;195.1;30.7;;;;;;;;;;;;;;;;;;
 ;03:58:08;3.304;0.043;195.2;30.7;;;;;;;;;;;;;;;;;;
 ;03:58:09;3.307;0.039;195.2;30.7;;;;;;;;;;;;;;;;;;
 ;03:58:10;3.303;0.045;195.2;30.7;;;;;;;;;;;;;;;;;;
 ;03:58:11;3.307;0.039;195.2;30.7;;;;;;;;;;;;;;;;;;
 ;03:58:12;3.303;0.046;195.2;30.7;;;;;;;;;;;;;;;;;;
 ;03:58:13;3.306;0.040;195.2;30.7;;;;;;;;;;;;;;;;;;
 ;03:58:14;3.304;0.045;195.2;30.7;;;;;;;;;;;;;;;;;;
 ;03:58:15;3.305;0.041;195.2;30.7;;;;;;;;;;;;;;;;;;
 ;03:58:16;3.306;0.044;195.3;30.7;;;;;;;;;;;;;;;;;;
 ;03:58:17;3.305;0.042;195.3;30.7;;;;;;;;;;;;;;;;;;
 ;03:58:18;3.307;0.042;195.3;30.7;;;;;;;;;;;;;;;;;;
 ;03:58:19;3.304;0.043;195.3;30.7;;;;;;;;;;;;;;;;;;
 ;03:58:20;3.308;0.040;195.3;30.7;;;;;;;;;;;;;;;;;;
 ;03:58:21;3.303;0.045;195.3;30.7;;;;;;;;;;;;;;;;;;
 ;03:58:22;3.307;0.039;195.3;30.7;;;;;;;;;;;;;;;;;;
 ;03:58:23;3.303;0.046;195.3;30.7;;;;;;;;;;;;;;;;;;
 ;03:58:24;3.306;0.040;195.3;30.7;;;;;;;;;;;;;;;;;;
 ;03:58:25;3.304;0.045;195.4;30.7;;;;;;;;;;;;;;;;;;
 ;03:58:26;3.305;0.041;195.4;30.7;;;;;;;;;;;;;;;;;;
 ;03:58:27;3.305;0.043;195.4;30.7;;;;;;;;;;;;;;;;;;
 ;03:58:28;3.300;0.049;195.4;30.7;;;;;;;;;;;;;;;;;;
 ;03:58:29;3.306;0.040;195.4;30.7;;;;;;;;;;;;;;;;;;
 ;03:58:30;3.305;0.044;195.4;30.7;;;;;;;;;;;;;;;;;;
 ;03:58:31;3.301;0.047;195.4;30.7;;;;;;;;;;;;;;;;;;
 ;03:58:32;3.307;0.039;195.4;30.7;;;;;;;;;;;;;;;;;;
 ;03:58:33;3.303;0.045;195.5;30.7;;;;;;;;;;;;;;;;;;
 ;03:58:34;3.303;0.043;195.5;30.7;;;;;;;;;;;;;;;;;;
 ;03:58:35;3.308;0.039;195.5;30.7;;;;;;;;;;;;;;;;;;
 ;03:58:36;3.302;0.048;195.5;30.7;;;;;;;;;;;;;;;;;;
 ;03:58:37;3.306;0.040;195.5;30.7;;;;;;;;;;;;;;;;;;
 ;03:58:38;3.305;0.043;195.5;30.7;;;;;;;;;;;;;;;;;;
 ;03:58:39;3.303;0.044;195.5;30.7;;;;;;;;;;;;;;;;;;
 ;03:58:40;3.308;0.038;195.5;30.7;;;;;;;;;;;;;;;;;;
 ;03:58:41;3.302;0.047;195.6;30.7;;;;;;;;;;;;;;;;;;
 ;03:58:42;3.306;0.040;195.6;30.7;;;;;;;;;;;;;;;;;;
 ;03:58:43;3.305;0.043;195.6;30.7;;;;;;;;;;;;;;;;;;
 ;03:58:44;3.303;0.044;195.6;30.7;;;;;;;;;;;;;;;;;;
 ;03:58:45;3.308;0.038;195.6;30.7;;;;;;;;;;;;;;;;;;
 ;03:58:46;3.302;0.047;195.6;30.7;;;;;;;;;;;;;;;;;;
 ;03:58:47;3.306;0.040;195.6;30.7;;;;;;;;;;;;;;;;;;
 ;03:58:48;3.305;0.044;195.6;30.7;;;;;;;;;;;;;;;;;;
 ;03:58:49;3.304;0.043;195.6;30.7;;;;;;;;;;;;;;;;;;
 ;03:58:50;3.308;0.039;195.7;30.7;;;;;;;;;;;;;;;;;;
 ;03:58:51;3.303;0.045;195.7;30.7;;;;;;;;;;;;;;;;;;
 ;03:58:52;3.307;0.039;195.7;30.7;;;;;;;;;;;;;;;;;;
 ;03:58:53;3.303;0.045;195.7;30.7;;;;;;;;;;;;;;;;;;
 ;03:58:54;3.305;0.042;195.7;30.7;;;;;;;;;;;;;;;;;;
 ;03:58:55;3.306;0.041;195.7;30.7;;;;;;;;;;;;;;;;;;
 ;03:58:56;3.303;0.045;195.7;30.7;;;;;;;;;;;;;;;;;;
 ;03:58:57;3.307;0.038;195.7;30.7;;;;;;;;;;;;;;;;;;
 ;03:58:58;3.303;0.046;195.8;30.7;;;;;;;;;;;;;;;;;;
 ;03:58:59;3.306;0.040;195.8;30.7;;;;;;;;;;;;;;;;;;
 ;03:59:00;3.305;0.043;195.8;30.7;;;;;;;;;;;;;;;;;;
 ;03:59:01;3.304;0.043;195.8;30.7;;;;;;;;;;;;;;;;;;
 ;03:59:02;3.307;0.039;195.8;30.7;;;;;;;;;;;;;;;;;;
 ;03:59:03;3.303;0.045;195.8;30.7;;;;;;;;;;;;;;;;;;
 ;03:59:04;3.307;0.039;195.8;30.7;;;;;;;;;;;;;;;;;;
 ;03:59:05;3.303;0.045;195.8;30.7;;;;;;;;;;;;;;;;;;
 ;03:59:06;3.305;0.041;195.8;30.7;;;;;;;;;;;;;;;;;;
 ;03:59:07;3.306;0.042;195.9;30.7;;;;;;;;;;;;;;;;;;
 ;03:59:08;3.304;0.042;195.9;30.7;;;;;;;;;;;;;;;;;;
 ;03:59:09;3.308;0.039;195.9;30.7;;;;;;;;;;;;;;;;;;
 ;03:59:10;3.303;0.045;195.9;30.7;;;;;;;;;;;;;;;;;;
 ;03:59:11;3.307;0.039;195.9;30.7;;;;;;;;;;;;;;;;;;
 ;03:59:12;3.303;0.045;195.9;30.7;;;;;;;;;;;;;;;;;;
 ;03:59:13;3.305;0.040;195.9;30.7;;;;;;;;;;;;;;;;;;
 ;03:59:14;3.305;0.043;195.9;30.7;;;;;;;;;;;;;;;;;;
 ;03:59:15;3.305;0.042;196.0;30.7;;;;;;;;;;;;;;;;;;
 ;03:59:16;3.307;0.040;196.0;30.7;;;;;;;;;;;;;;;;;;
 ;03:59:17;3.304;0.044;196.0;30.7;;;;;;;;;;;;;;;;;;
 ;03:59:18;3.307;0.038;196.0;30.7;;;;;;;;;;;;;;;;;;
 ;03:59:19;3.303;0.045;196.0;30.7;;;;;;;;;;;;;;;;;;
 ;03:59:20;3.307;0.039;196.0;30.7;;;;;;;;;;;;;;;;;;
 ;03:59:21;3.304;0.044;196.0;30.7;;;;;;;;;;;;;;;;;;
 ;03:59:22;3.305;0.041;196.0;30.7;;;;;;;;;;;;;;;;;;
 ;03:59:23;3.306;0.042;196.0;30.7;;;;;;;;;;;;;;;;;;
 ;03:59:24;3.304;0.042;196.1;30.7;;;;;;;;;;;;;;;;;;
 ;03:59:25;3.307;0.039;196.1;30.7;;;;;;;;;;;;;;;;;;
 ;03:59:26;3.303;0.044;196.1;30.7;;;;;;;;;;;;;;;;;;
 ;03:59:27;3.307;0.038;196.1;30.7;;;;;;;;;;;;;;;;;;
 ;03:59:28;3.303;0.046;196.1;30.7;;;;;;;;;;;;;;;;;;
 ;03:59:29;3.306;0.040;196.1;30.7;;;;;;;;;;;;;;;;;;
 ;03:59:30;3.304;0.044;196.1;30.7;;;;;;;;;;;;;;;;;;
 ;03:59:31;3.305;0.041;196.1;30.7;;;;;;;;;;;;;;;;;;
 ;03:59:32;3.306;0.041;196.1;30.7;;;;;;;;;;;;;;;;;;
 ;03:59:33;3.304;0.043;196.2;30.7;;;;;;;;;;;;;;;;;;
 ;03:59:34;3.308;0.038;196.2;30.7;;;;;;;;;;;;;;;;;;
 ;03:59:35;3.304;0.044;196.2;30.7;;;;;;;;;;;;;;;;;;
 ;03:59:36;3.307;0.038;196.2;30.7;;;;;;;;;;;;;;;;;;
 ;03:59:37;3.303;0.044;196.2;30.7;;;;;;;;;;;;;;;;;;
 ;03:59:38;3.306;0.039;196.2;30.7;;;;;;;;;;;;;;;;;;
 ;03:59:39;3.304;0.044;196.2;30.7;;;;;;;;;;;;;;;;;;
 ;03:59:40;3.300;0.049;196.2;30.7;;;;;;;;;;;;;;;;;;
 ;03:59:41;3.306;0.039;196.3;30.7;;;;;;;;;;;;;;;;;;
 ;03:59:42;3.305;0.043;196.3;30.7;;;;;;;;;;;;;;;;;;
 ;03:59:43;3.302;0.045;196.3;30.7;;;;;;;;;;;;;;;;;;
 ;03:59:44;3.308;0.037;196.3;30.7;;;;;;;;;;;;;;;;;;
 ;03:59:45;3.303;0.045;196.3;30.7;;;;;;;;;;;;;;;;;;
 ;03:59:46;3.303;0.043;196.3;30.7;;;;;;;;;;;;;;;;;;
 ;03:59:47;3.308;0.038;196.3;30.7;;;;;;;;;;;;;;;;;;
 ;03:59:48;3.301;0.047;196.3;30.7;;;;;;;;;;;;;;;;;;
 ;03:59:49;3.305;0.040;196.4;30.7;;;;;;;;;;;;;;;;;;
 ;03:59:50;3.306;0.041;196.4;30.7;;;;;;;;;;;;;;;;;;
 ;03:59:51;3.302;0.046;196.4;30.7;;;;;;;;;;;;;;;;;;
 ;03:59:52;3.307;0.038;196.4;30.7;;;;;;;;;;;;;;;;;;
 ;03:59:53;3.303;0.044;196.4;30.7;;;;;;;;;;;;;;;;;;
 ;03:59:54;3.305;0.041;196.4;30.7;;;;;;;;;;;;;;;;;;
 ;03:59:55;3.306;0.040;196.4;30.7;;;;;;;;;;;;;;;;;;
 ;03:59:56;3.301;0.047;196.4;30.7;;;;;;;;;;;;;;;;;;
 ;03:59:57;3.307;0.038;196.4;30.7;;;;;;;;;;;;;;;;;;
 ;03:59:58;3.304;0.043;196.5;30.7;;;;;;;;;;;;;;;;;;
 ;03:59:59;3.304;0.042;196.5;30.7;;;;;;;;;;;;;;;;;;
 ;04:00:00;3.307;0.039;196.5;30.7;;;;;;;;;;;;;;;;;;
 ;04:00:01;3.302;0.045;196.5;30.7;;;;;;;;;;;;;;;;;;
 ;04:00:02;3.307;0.038;196.5;30.7;;;;;;;;;;;;;;;;;;
 ;04:00:03;3.303;0.044;196.5;30.7;;;;;;;;;;;;;;;;;;
 ;04:00:04;3.305;0.041;196.5;30.7;;;;;;;;;;;;;;;;;;
 ;04:00:05;3.306;0.040;196.5;30.7;;;;;;;;;;;;;;;;;;
 ;04:00:06;3.302;0.045;196.6;30.7;;;;;;;;;;;;;;;;;;
 ;04:00:07;3.307;0.038;196.6;30.7;;;;;;;;;;;;;;;;;;
 ;04:00:08;3.303;0.044;196.6;30.7;;;;;;;;;;;;;;;;;;
 ;04:00:09;3.305;0.041;196.6;30.7;;;;;;;;;;;;;;;;;;
 ;04:00:10;3.306;0.040;196.6;30.7;;;;;;;;;;;;;;;;;;
 ;04:00:11;3.303;0.043;196.6;30.7;;;;;;;;;;;;;;;;;;
 ;04:00:12;3.308;0.037;196.6;30.7;;;;;;;;;;;;;;;;;;
 ;04:00:13;3.302;0.046;196.6;30.7;;;;;;;;;;;;;;;;;;
 ;04:00:14;3.306;0.040;196.6;30.7;;;;;;;;;;;;;;;;;;
 ;04:00:15;3.305;0.042;196.7;30.7;;;;;;;;;;;;;;;;;;
 ;04:00:16;3.303;0.043;196.7;30.7;;;;;;;;;;;;;;;;;;
 ;04:00:17;3.308;0.037;196.7;30.7;;;;;;;;;;;;;;;;;;
 ;04:00:18;3.302;0.045;196.7;30.7;;;;;;;;;;;;;;;;;;
 ;04:00:19;3.306;0.038;196.7;30.7;;;;;;;;;;;;;;;;;;
 ;04:00:20;3.304;0.044;196.7;30.7;;;;;;;;;;;;;;;;;;
 ;04:00:21;3.305;0.041;196.7;30.7;;;;;;;;;;;;;;;;;;
 ;04:00:22;3.306;0.040;196.7;30.7;;;;;;;;;;;;;;;;;;
 ;04:00:23;3.303;0.043;196.7;30.7;;;;;;;;;;;;;;;;;;
 ;04:00:24;3.307;0.037;196.8;30.7;;;;;;;;;;;;;;;;;;
 ;04:00:25;3.302;0.046;196.8;30.7;;;;;;;;;;;;;;;;;;
 ;04:00:26;3.306;0.039;196.8;30.7;;;;;;;;;;;;;;;;;;
 ;04:00:27;3.304;0.043;196.8;30.7;;;;;;;;;;;;;;;;;;
 ;04:00:28;3.304;0.041;196.8;30.7;;;;;;;;;;;;;;;;;;
 ;04:00:29;3.307;0.039;196.8;30.7;;;;;;;;;;;;;;;;;;
 ;04:00:30;3.303;0.044;196.8;30.7;;;;;;;;;;;;;;;;;;
 ;04:00:31;3.307;0.037;196.8;30.7;;;;;;;;;;;;;;;;;;
 ;04:00:32;3.303;0.045;196.9;30.7;;;;;;;;;;;;;;;;;;
 ;04:00:33;3.306;0.040;196.9;30.7;;;;;;;;;;;;;;;;;;
 ;04:00:34;3.305;0.042;196.9;30.7;;;;;;;;;;;;;;;;;;
 ;04:00:35;3.305;0.041;196.9;30.7;;;;;;;;;;;;;;;;;;
 ;04:00:36;3.307;0.039;196.9;30.7;;;;;;;;;;;;;;;;;;
 ;04:00:37;3.304;0.043;196.9;30.7;;;;;;;;;;;;;;;;;;
 ;04:00:38;3.307;0.037;196.9;30.7;;;;;;;;;;;;;;;;;;
 ;04:00:39;3.303;0.044;196.9;30.7;;;;;;;;;;;;;;;;;;
 ;04:00:40;3.306;0.038;196.9;30.7;;;;;;;;;;;;;;;;;;
 ;04:00:41;3.304;0.044;197.0;30.7;;;;;;;;;;;;;;;;;;
 ;04:00:42;3.305;0.040;197.0;30.7;;;;;;;;;;;;;;;;;;
 ;04:00:43;3.306;0.041;197.0;30.7;;;;;;;;;;;;;;;;;;
 ;04:00:44;3.304;0.042;197.0;30.7;;;;;;;;;;;;;;;;;;
 ;04:00:45;3.307;0.038;197.0;30.7;;;;;;;;;;;;;;;;;;
 ;04:00:46;3.303;0.043;197.0;30.7;;;;;;;;;;;;;;;;;;
 ;04:00:47;3.307;0.037;197.0;30.7;;;;;;;;;;;;;;;;;;
 ;04:00:48;3.303;0.045;197.0;30.7;;;;;;;;;;;;;;;;;;
 ;04:00:49;3.306;0.039;197.0;30.7;;;;;;;;;;;;;;;;;;
 ;04:00:50;3.304;0.043;197.1;30.7;;;;;;;;;;;;;;;;;;
 ;04:00:51;3.305;0.041;197.1;30.7;;;;;;;;;;;;;;;;;;
 ;04:00:52;3.306;0.040;197.1;30.7;;;;;;;;;;;;;;;;;;
 ;04:00:53;3.304;0.042;197.1;30.7;;;;;;;;;;;;;;;;;;
 ;04:00:54;3.308;0.037;197.1;30.7;;;;;;;;;;;;;;;;;;
 ;04:00:55;3.303;0.044;197.1;30.7;;;;;;;;;;;;;;;;;;
 ;04:00:56;3.307;0.038;197.1;30.7;;;;;;;;;;;;;;;;;;
 ;04:00:57;3.303;0.044;197.1;30.6;;;;;;;;;;;;;;;;;;
 ;04:00:58;3.306;0.039;197.1;30.7;;;;;;;;;;;;;;;;;;
 ;04:00:59;3.304;0.043;197.2;30.7;;;;;;;;;;;;;;;;;;
 ;04:01:00;3.305;0.041;197.2;30.7;;;;;;;;;;;;;;;;;;
 ;04:01:01;3.306;0.040;197.2;30.7;;;;;;;;;;;;;;;;;;
 ;04:01:02;3.304;0.041;197.2;30.6;;;;;;;;;;;;;;;;;;
 ;04:01:03;3.307;0.038;197.2;30.7;;;;;;;;;;;;;;;;;;
 ;04:01:04;3.304;0.042;197.2;30.6;;;;;;;;;;;;;;;;;;
 ;04:01:05;3.307;0.037;197.2;30.7;;;;;;;;;;;;;;;;;;
 ;04:01:06;3.303;0.043;197.2;30.6;;;;;;;;;;;;;;;;;;
 ;04:01:07;3.307;0.038;197.3;30.7;;;;;;;;;;;;;;;;;;
 ;04:01:08;3.303;0.044;197.3;30.7;;;;;;;;;;;;;;;;;;
 ;04:01:09;3.306;0.039;197.3;30.7;;;;;;;;;;;;;;;;;;
 ;04:01:10;3.305;0.042;197.3;30.6;;;;;;;;;;;;;;;;;;
 ;04:01:11;3.305;0.040;197.3;30.6;;;;;;;;;;;;;;;;;;
 ;04:01:12;3.306;0.040;197.3;30.6;;;;;;;;;;;;;;;;;;
 ;04:01:13;3.304;0.041;197.3;30.6;;;;;;;;;;;;;;;;;;
 ;04:01:14;3.307;0.038;197.3;30.6;;;;;;;;;;;;;;;;;;
 ;04:01:15;3.301;0.047;197.3;30.6;;;;;;;;;;;;;;;;;;
 ;04:01:16;3.303;0.043;197.4;30.7;;;;;;;;;;;;;;;;;;
 ;04:01:17;3.308;0.036;197.4;30.6;;;;;;;;;;;;;;;;;;
 ;04:01:18;3.302;0.045;197.4;30.6;;;;;;;;;;;;;;;;;;
 ;04:01:19;3.304;0.041;197.4;30.7;;;;;;;;;;;;;;;;;;
 ;04:01:20;3.307;0.038;197.4;30.7;;;;;;;;;;;;;;;;;;
 ;04:01:21;3.301;0.047;197.4;30.6;;;;;;;;;;;;;;;;;;
 ;04:01:22;3.306;0.038;197.4;30.6;;;;;;;;;;;;;;;;;;
 ;04:01:23;3.304;0.042;197.4;30.6;;;;;;;;;;;;;;;;;;
 ;04:01:24;3.303;0.042;197.4;30.7;;;;;;;;;;;;;;;;;;
 ;04:01:25;3.308;0.036;197.5;30.6;;;;;;;;;;;;;;;;;;
 ;04:01:26;3.302;0.045;197.5;30.6;;;;;;;;;;;;;;;;;;
 ;04:01:27;3.306;0.039;197.5;30.6;;;;;;;;;;;;;;;;;;
 ;04:01:28;3.305;0.041;197.5;30.6;;;;;;;;;;;;;;;;;;
 ;04:01:29;3.302;0.044;197.5;30.6;;;;;;;;;;;;;;;;;;
 ;04:01:30;3.307;0.036;197.5;30.6;;;;;;;;;;;;;;;;;;
 ;04:01:31;3.303;0.044;197.5;30.6;;;;;;;;;;;;;;;;;;
 ;04:01:32;3.305;0.039;197.5;30.6;;;;;;;;;;;;;;;;;;
 ;04:01:33;3.306;0.040;197.5;30.6;;;;;;;;;;;;;;;;;;
 ;04:01:34;3.302;0.044;197.6;30.6;;;;;;;;;;;;;;;;;;
 ;04:01:35;3.307;0.036;197.6;30.6;;;;;;;;;;;;;;;;;;
 ;04:01:36;3.303;0.044;197.6;30.6;;;;;;;;;;;;;;;;;;
 ;04:01:37;3.305;0.039;197.6;30.6;;;;;;;;;;;;;;;;;;
 ;04:01:38;3.306;0.040;197.6;30.6;;;;;;;;;;;;;;;;;;
 ;04:01:39;3.303;0.043;197.6;30.6;;;;;;;;;;;;;;;;;;
 ;04:01:40;3.308;0.036;197.6;30.6;;;;;;;;;;;;;;;;;;
 ;04:01:41;3.302;0.045;197.6;30.6;;;;;;;;;;;;;;;;;;
 ;04:01:42;3.306;0.038;197.7;30.6;;;;;;;;;;;;;;;;;;
 ;04:01:43;3.304;0.042;197.7;30.6;;;;;;;;;;;;;;;;;;
 ;04:01:44;3.304;0.041;197.7;30.6;;;;;;;;;;;;;;;;;;
 ;04:01:45;3.307;0.037;197.7;30.6;;;;;;;;;;;;;;;;;;
 ;04:01:46;3.302;0.045;197.7;30.6;;;;;;;;;;;;;;;;;;
 ;04:01:47;3.306;0.037;197.7;30.6;;;;;;;;;;;;;;;;;;
 ;04:01:48;3.304;0.042;197.7;30.6;;;;;;;;;;;;;;;;;;
 ;04:01:49;3.305;0.040;197.7;30.6;;;;;;;;;;;;;;;;;;
 ;04:01:50;3.306;0.039;197.7;30.6;;;;;;;;;;;;;;;;;;
 ;04:01:51;3.303;0.043;197.8;30.6;;;;;;;;;;;;;;;;;;
 ;04:01:52;3.307;0.036;197.8;30.6;;;;;;;;;;;;;;;;;;
 ;04:01:53;3.303;0.044;197.8;30.6;;;;;;;;;;;;;;;;;;
 ;04:01:54;3.306;0.039;197.8;30.6;;;;;;;;;;;;;;;;;;
 ;04:01:55;3.305;0.041;197.8;30.6;;;;;;;;;;;;;;;;;;
 ;04:01:56;3.304;0.041;197.8;30.6;;;;;;;;;;;;;;;;;;
 ;04:01:57;3.307;0.037;197.8;30.6;;;;;;;;;;;;;;;;;;
 ;04:01:58;3.303;0.042;197.8;30.6;;;;;;;;;;;;;;;;;;
 ;04:01:59;3.307;0.036;197.8;30.6;;;;;;;;;;;;;;;;;;
 ;04:02:00;3.303;0.044;197.9;30.6;;;;;;;;;;;;;;;;;;
 ;04:02:01;3.306;0.038;197.9;30.6;;;;;;;;;;;;;;;;;;
 ;04:02:02;3.304;0.042;197.9;30.6;;;;;;;;;;;;;;;;;;
 ;04:02:03;3.304;0.040;197.9;30.6;;;;;;;;;;;;;;;;;;
 ;04:02:04;3.307;0.038;197.9;30.6;;;;;;;;;;;;;;;;;;
 ;04:02:05;3.303;0.043;197.9;30.6;;;;;;;;;;;;;;;;;;
 ;04:02:06;3.307;0.036;197.9;30.6;;;;;;;;;;;;;;;;;;
 ;04:02:07;3.303;0.044;197.9;30.6;;;;;;;;;;;;;;;;;;
 ;04:02:08;3.306;0.039;197.9;30.6;;;;;;;;;;;;;;;;;;
 ;04:02:09;3.305;0.041;198.0;30.6;;;;;;;;;;;;;;;;;;
 ;04:02:10;3.305;0.040;198.0;30.6;;;;;;;;;;;;;;;;;;
 ;04:02:11;3.307;0.038;198.0;30.6;;;;;;;;;;;;;;;;;;
 ;04:02:12;3.304;0.042;198.0;30.6;;;;;;;;;;;;;;;;;;
 ;04:02:13;3.307;0.036;198.0;30.6;;;;;;;;;;;;;;;;;;
 ;04:02:14;3.303;0.044;198.0;30.6;;;;;;;;;;;;;;;;;;
 ;04:02:15;3.306;0.037;198.0;30.6;;;;;;;;;;;;;;;;;;
 ;04:02:16;3.304;0.042;198.0;30.6;;;;;;;;;;;;;;;;;;
 ;04:02:17;3.305;0.039;198.0;30.6;;;;;;;;;;;;;;;;;;
 ;04:02:18;3.306;0.040;198.1;30.6;;;;;;;;;;;;;;;;;;
 ;04:02:19;3.304;0.041;198.1;30.6;;;;;;;;;;;;;;;;;;
 ;04:02:20;3.307;0.037;198.1;30.6;;;;;;;;;;;;;;;;;;
 ;04:02:21;3.303;0.042;198.1;30.6;;;;;;;;;;;;;;;;;;
 ;04:02:22;3.307;0.036;198.1;30.6;;;;;;;;;;;;;;;;;;
 ;04:02:23;3.303;0.044;198.1;30.6;;;;;;;;;;;;;;;;;;
 ;04:02:24;3.306;0.038;198.1;30.6;;;;;;;;;;;;;;;;;;
 ;04:02:25;3.304;0.042;198.1;30.6;;;;;;;;;;;;;;;;;;
 ;04:02:26;3.305;0.040;198.1;30.6;;;;;;;;;;;;;;;;;;
 ;04:02:27;3.306;0.039;198.2;30.6;;;;;;;;;;;;;;;;;;
 ;04:02:28;3.304;0.040;198.2;30.6;;;;;;;;;;;;;;;;;;
 ;04:02:29;3.307;0.037;198.2;30.6;;;;;;;;;;;;;;;;;;
 ;04:02:30;3.304;0.041;198.2;30.6;;;;;;;;;;;;;;;;;;
 ;04:02:31;3.307;0.036;198.2;30.6;;;;;;;;;;;;;;;;;;
 ;04:02:32;3.303;0.044;198.2;30.6;;;;;;;;;;;;;;;;;;
 ;04:02:33;3.306;0.037;198.2;30.6;;;;;;;;;;;;;;;;;;
 ;04:02:34;3.304;0.042;198.2;30.6;;;;;;;;;;;;;;;;;;
 ;04:02:35;3.305;0.039;198.2;30.6;;;;;;;;;;;;;;;;;;
 ;04:02:36;3.306;0.040;198.3;30.6;;;;;;;;;;;;;;;;;;
 ;04:02:37;3.305;0.040;198.3;30.6;;;;;;;;;;;;;;;;;;
 ;04:02:38;3.307;0.038;198.3;30.6;;;;;;;;;;;;;;;;;;
 ;04:02:39;3.304;0.042;198.3;30.6;;;;;;;;;;;;;;;;;;
 ;04:02:40;3.307;0.036;198.3;30.6;;;;;;;;;;;;;;;;;;
 ;04:02:41;3.303;0.042;198.3;30.6;;;;;;;;;;;;;;;;;;
 ;04:02:42;3.307;0.037;198.3;30.6;;;;;;;;;;;;;;;;;;
 ;04:02:43;3.303;0.043;198.3;30.6;;;;;;;;;;;;;;;;;;
 ;04:02:44;3.306;0.038;198.3;30.6;;;;;;;;;;;;;;;;;;
 ;04:02:45;3.304;0.042;198.4;30.6;;;;;;;;;;;;;;;;;;
 ;04:02:46;3.305;0.040;198.4;30.6;;;;;;;;;;;;;;;;;;
 ;04:02:47;3.306;0.039;198.4;30.6;;;;;;;;;;;;;;;;;;
 ;04:02:48;3.304;0.040;198.4;30.6;;;;;;;;;;;;;;;;;;
 ;04:02:49;3.307;0.037;198.4;30.6;;;;;;;;;;;;;;;;;;
 ;04:02:50;3.301;0.046;198.4;30.6;;;;;;;;;;;;;;;;;;
 ;04:02:51;3.303;0.041;198.4;30.6;;;;;;;;;;;;;;;;;;
 ;04:02:52;3.308;0.036;198.4;30.6;;;;;;;;;;;;;;;;;;
 ;04:02:53;3.301;0.045;198.4;30.6;;;;;;;;;;;;;;;;;;
 ;04:02:54;3.305;0.038;198.5;30.6;;;;;;;;;;;;;;;;;;
 ;04:02:55;3.306;0.039;198.5;30.6;;;;;;;;;;;;;;;;;;
 ;04:02:56;3.302;0.044;198.5;30.6;;;;;;;;;;;;;;;;;;
 ;04:02:57;3.307;0.036;198.5;30.6;;;;;;;;;;;;;;;;;;
 ;04:02:58;3.303;0.042;198.5;30.6;;;;;;;;;;;;;;;;;;
 ;04:02:59;3.304;0.041;198.5;30.6;;;;;;;;;;;;;;;;;;
 ;04:03:00;3.307;0.036;198.5;30.6;;;;;;;;;;;;;;;;;;
 ;04:03:01;3.301;0.045;198.5;30.6;;;;;;;;;;;;;;;;;;
 ;04:03:02;3.306;0.037;198.5;30.6;;;;;;;;;;;;;;;;;;
 ;04:03:03;3.304;0.041;198.6;30.6;;;;;;;;;;;;;;;;;;
 ;04:03:04;3.303;0.041;198.6;30.6;;;;;;;;;;;;;;;;;;
 ;04:03:05;3.308;0.035;198.6;30.6;;;;;;;;;;;;;;;;;;
 ;04:03:06;3.302;0.044;198.6;30.6;;;;;;;;;;;;;;;;;;
 ;04:03:07;3.306;0.038;198.6;30.6;;;;;;;;;;;;;;;;;;
 ;04:03:08;3.305;0.040;198.6;30.6;;;;;;;;;;;;;;;;;;
 ;04:03:09;3.303;0.041;198.6;30.6;;;;;;;;;;;;;;;;;;
 ;04:03:10;3.308;0.035;198.6;30.6;;;;;;;;;;;;;;;;;;
 ;04:03:11;3.302;0.044;198.7;30.6;;;;;;;;;;;;;;;;;;
 ;04:03:12;3.306;0.037;198.7;30.6;;;;;;;;;;;;;;;;;;
 ;04:03:13;3.304;0.041;198.7;30.6;;;;;;;;;;;;;;;;;;
 ;04:03:14;3.304;0.040;198.7;30.6;;;;;;;;;;;;;;;;;;
 ;04:03:15;3.307;0.036;198.7;30.6;;;;;;;;;;;;;;;;;;
 ;04:03:16;3.302;0.044;198.7;30.6;;;;;;;;;;;;;;;;;;
 ;04:03:17;3.306;0.036;198.7;30.6;;;;;;;;;;;;;;;;;;
 ;04:03:18;3.304;0.041;198.7;30.6;;;;;;;;;;;;;;;;;;
 ;04:03:19;3.305;0.039;198.7;30.6;;;;;;;;;;;;;;;;;;
 ;04:03:20;3.306;0.038;198.7;30.6;;;;;;;;;;;;;;;;;;
 ;04:03:21;3.303;0.042;198.8;30.6;;;;;;;;;;;;;;;;;;
 ;04:03:22;3.307;0.035;198.8;30.6;;;;;;;;;;;;;;;;;;
 ;04:03:23;3.303;0.043;198.8;30.6;;;;;;;;;;;;;;;;;;
 ;04:03:24;3.306;0.038;198.8;30.6;;;;;;;;;;;;;;;;;;
 ;04:03:25;3.305;0.040;198.8;30.6;;;;;;;;;;;;;;;;;;
 ;04:03:26;3.304;0.040;198.8;30.6;;;;;;;;;;;;;;;;;;
 ;04:03:27;3.307;0.037;198.8;30.6;;;;;;;;;;;;;;;;;;
 ;04:03:28;3.303;0.043;198.8;30.6;;;;;;;;;;;;;;;;;;
 ;04:03:29;3.307;0.035;198.8;30.6;;;;;;;;;;;;;;;;;;
 ;04:03:30;3.303;0.042;198.9;30.6;;;;;;;;;;;;;;;;;;
 ;04:03:31;3.305;0.038;198.9;30.6;;;;;;;;;;;;;;;;;;
 ;04:03:32;3.306;0.039;198.9;30.6;;;;;;;;;;;;;;;;;;
 ;04:03:33;3.304;0.040;198.9;30.6;;;;;;;;;;;;;;;;;;
 ;04:03:34;3.308;0.035;198.9;30.6;;;;;;;;;;;;;;;;;;
 ;04:03:35;3.302;0.043;198.9;30.6;;;;;;;;;;;;;;;;;;
 ;04:03:36;3.306;0.036;198.9;30.6;;;;;;;;;;;;;;;;;;
 ;04:03:37;3.304;0.042;198.9;30.6;;;;;;;;;;;;;;;;;;
 ;04:03:38;3.305;0.038;198.9;30.6;;;;;;;;;;;;;;;;;;
 ;04:03:39;3.306;0.040;199.0;30.6;;;;;;;;;;;;;;;;;;
 ;04:03:40;3.304;0.041;199.0;30.6;;;;;;;;;;;;;;;;;;
 ;04:03:41;3.308;0.036;199.0;30.6;;;;;;;;;;;;;;;;;;
 ;04:03:42;3.302;0.043;199.0;30.6;;;;;;;;;;;;;;;;;;
 ;04:03:43;3.306;0.036;199.0;30.6;;;;;;;;;;;;;;;;;;
 ;04:03:44;3.304;0.041;199.0;30.6;;;;;;;;;;;;;;;;;;
 ;04:03:45;3.305;0.037;199.0;30.6;;;;;;;;;;;;;;;;;;
 ;04:03:46;3.306;0.039;199.0;30.6;;;;;;;;;;;;;;;;;;
 ;04:03:47;3.304;0.039;199.0;30.6;;;;;;;;;;;;;;;;;;
 ;04:03:48;3.307;0.036;199.1;30.6;;;;;;;;;;;;;;;;;;
 ;04:03:49;3.303;0.041;199.1;30.6;;;;;;;;;;;;;;;;;;
 ;04:03:50;3.307;0.035;199.1;30.6;;;;;;;;;;;;;;;;;;
 ;04:03:51;3.303;0.043;199.1;30.6;;;;;;;;;;;;;;;;;;
 ;04:03:52;3.306;0.037;199.1;30.6;;;;;;;;;;;;;;;;;;
 ;04:03:53;3.304;0.041;199.1;30.6;;;;;;;;;;;;;;;;;;
 ;04:03:54;3.305;0.039;199.1;30.6;;;;;;;;;;;;;;;;;;
 ;04:03:55;3.306;0.039;199.1;30.6;;;;;;;;;;;;;;;;;;
 ;04:03:56;3.304;0.040;199.1;30.6;;;;;;;;;;;;;;;;;;
 ;04:03:57;3.308;0.036;199.2;30.6;;;;;;;;;;;;;;;;;;
 ;04:03:58;3.303;0.042;199.2;30.6;;;;;;;;;;;;;;;;;;
 ;04:03:59;3.307;0.035;199.2;30.6;;;;;;;;;;;;;;;;;;
 ;04:04:00;3.303;0.043;199.2;30.6;;;;;;;;;;;;;;;;;;
 ;04:04:01;3.306;0.037;199.2;30.6;;;;;;;;;;;;;;;;;;
 ;04:04:02;3.305;0.041;199.2;30.6;;;;;;;;;;;;;;;;;;
 ;04:04:03;3.305;0.039;199.2;30.6;;;;;;;;;;;;;;;;;;
 ;04:04:04;3.307;0.038;199.2;30.6;;;;;;;;;;;;;;;;;;
 ;04:04:05;3.304;0.039;199.2;30.6;;;;;;;;;;;;;;;;;;
 ;04:04:06;3.308;0.036;199.3;30.6;;;;;;;;;;;;;;;;;;
 ;04:04:07;3.303;0.041;199.3;30.6;;;;;;;;;;;;;;;;;;
 ;04:04:08;3.307;0.035;199.3;30.6;;;;;;;;;;;;;;;;;;
 ;04:04:09;3.303;0.043;199.3;30.6;;;;;;;;;;;;;;;;;;
 ;04:04:10;3.306;0.037;199.3;30.6;;;;;;;;;;;;;;;;;;
 ;04:04:11;3.305;0.041;199.3;30.6;;;;;;;;;;;;;;;;;;
 ;04:04:12;3.305;0.038;199.3;30.6;;;;;;;;;;;;;;;;;;
 ;04:04:13;3.306;0.039;199.3;30.6;;;;;;;;;;;;;;;;;;
 ;04:04:14;3.304;0.039;199.3;30.6;;;;;;;;;;;;;;;;;;
 ;04:04:15;3.307;0.037;199.4;30.6;;;;;;;;;;;;;;;;;;
 ;04:04:16;3.304;0.040;199.4;30.6;;;;;;;;;;;;;;;;;;
 ;04:04:17;3.307;0.035;199.4;30.6;;;;;;;;;;;;;;;;;;
 ;04:04:18;3.302;0.044;199.4;30.6;;;;;;;;;;;;;;;;;;
 ;04:04:19;3.302;0.040;199.4;30.6;;;;;;;;;;;;;;;;;;
 ;04:04:20;3.308;0.034;199.4;30.6;;;;;;;;;;;;;;;;;;
 ;04:04:21;3.302;0.043;199.4;30.6;;;;;;;;;;;;;;;;;;
 ;04:04:22;3.303;0.039;199.4;30.6;;;;;;;;;;;;;;;;;;
 ;04:04:23;3.308;0.035;199.4;30.6;;;;;;;;;;;;;;;;;;
 ;04:04:24;3.302;0.044;199.5;30.6;;;;;;;;;;;;;;;;;;
 ;04:04:25;3.305;0.036;199.5;30.6;;;;;;;;;;;;;;;;;;
 ;04:04:26;3.306;0.039;199.5;30.6;;;;;;;;;;;;;;;;;;
 ;04:04:27;3.301;0.043;199.5;30.6;;;;;;;;;;;;;;;;;;
 ;04:04:28;3.307;0.035;199.5;30.6;;;;;;;;;;;;;;;;;;
 ;04:04:29;3.304;0.041;199.5;30.6;;;;;;;;;;;;;;;;;;
 ;04:04:30;3.304;0.038;199.5;30.6;;;;;;;;;;;;;;;;;;
 ;04:04:31;3.307;0.036;199.5;30.6;;;;;;;;;;;;;;;;;;
 ;04:04:32;3.301;0.043;199.5;30.6;;;;;;;;;;;;;;;;;;
 ;04:04:33;3.306;0.035;199.5;30.6;;;;;;;;;;;;;;;;;;
 ;04:04:34;3.304;0.040;199.6;30.6;;;;;;;;;;;;;;;;;;
 ;04:04:35;3.303;0.039;199.6;30.6;;;;;;;;;;;;;;;;;;
 ;04:04:36;3.308;0.035;199.6;30.6;;;;;;;;;;;;;;;;;;
 ;04:04:37;3.302;0.044;199.6;30.6;;;;;;;;;;;;;;;;;;
 ;04:04:38;3.306;0.036;199.6;30.6;;;;;;;;;;;;;;;;;;
 ;04:04:39;3.305;0.039;199.6;30.6;;;;;;;;;;;;;;;;;;
 ;04:04:40;3.303;0.039;199.6;30.6;;;;;;;;;;;;;;;;;;
 ;04:04:41;3.308;0.035;199.6;30.6;;;;;;;;;;;;;;;;;;
 ;04:04:42;3.302;0.042;199.6;30.6;;;;;;;;;;;;;;;;;;
 ;04:04:43;3.306;0.035;199.7;30.6;;;;;;;;;;;;;;;;;;
 ;04:04:44;3.304;0.040;199.7;30.6;;;;;;;;;;;;;;;;;;
 ;04:04:45;3.304;0.038;199.7;30.6;;;;;;;;;;;;;;;;;;
 ;04:04:46;3.307;0.036;199.7;30.6;;;;;;;;;;;;;;;;;;
 ;04:04:47;3.301;0.043;199.7;30.6;;;;;;;;;;;;;;;;;;
 ;04:04:48;3.306;0.035;199.7;30.6;;;;;;;;;;;;;;;;;;
 ;04:04:49;3.304;0.040;199.7;30.6;;;;;;;;;;;;;;;;;;
 ;04:04:50;3.304;0.038;199.7;30.6;;;;;;;;;;;;;;;;;;
 ;04:04:51;3.307;0.036;199.7;30.6;;;;;;;;;;;;;;;;;;
 ;04:04:52;3.303;0.041;199.8;30.6;;;;;;;;;;;;;;;;;;
 ;04:04:53;3.307;0.034;199.8;30.6;;;;;;;;;;;;;;;;;;
 ;04:04:54;3.303;0.042;199.8;30.6;;;;;;;;;;;;;;;;;;
 ;04:04:55;3.305;0.037;199.8;30.6;;;;;;;;;;;;;;;;;;
 ;04:04:56;3.306;0.038;199.8;30.6;;;;;;;;;;;;;;;;;;
 ;04:04:57;3.303;0.039;199.8;30.6;;;;;;;;;;;;;;;;;;
 ;04:04:58;3.307;0.034;199.8;30.6;;;;;;;;;;;;;;;;;;
 ;04:04:59;3.302;0.042;199.8;30.6;;;;;;;;;;;;;;;;;;
 ;04:05:00;3.306;0.035;199.8;30.6;;;;;;;;;;;;;;;;;;
 ;04:05:01;3.304;0.040;199.8;30.6;;;;;;;;;;;;;;;;;;
 ;04:05:02;3.304;0.037;199.9;30.6;;;;;;;;;;;;;;;;;;
 ;04:05:03;3.306;0.037;199.9;30.6;;;;;;;;;;;;;;;;;;
 ;04:05:04;3.303;0.040;199.9;30.6;;;;;;;;;;;;;;;;;;
 ;04:05:05;3.307;0.034;199.9;30.6;;;;;;;;;;;;;;;;;;
 ;04:05:06;3.303;0.043;199.9;30.6;;;;;;;;;;;;;;;;;;
 ;04:05:07;3.306;0.036;199.9;30.6;;;;;;;;;;;;;;;;;;
 ;04:05:08;3.305;0.040;199.9;30.6;;;;;;;;;;;;;;;;;;
 ;04:05:09;3.304;0.038;199.9;30.6;;;;;;;;;;;;;;;;;;
 ;04:05:10;3.307;0.036;199.9;30.6;;;;;;;;;;;;;;;;;;
 ;04:05:11;3.303;0.041;200.0;30.6;;;;;;;;;;;;;;;;;;
 ;04:05:12;3.307;0.034;200.0;30.6;;;;;;;;;;;;;;;;;;
 ;04:05:13;3.303;0.042;200.0;30.6;;;;;;;;;;;;;;;;;;
 ;04:05:14;3.305;0.036;200.0;30.6;;;;;;;;;;;;;;;;;;
 ;04:05:15;3.305;0.039;200.0;30.6;;;;;;;;;;;;;;;;;;
 ;04:05:16;3.304;0.039;200.0;30.6;;;;;;;;;;;;;;;;;;
 ;04:05:17;3.307;0.035;200.0;30.6;;;;;;;;;;;;;;;;;;
 ;04:05:18;3.302;0.041;200.0;30.6;;;;;;;;;;;;;;;;;;
 ;04:05:19;3.307;0.035;200.0;30.6;;;;;;;;;;;;;;;;;;
 ;04:05:20;3.304;0.041;200.1;30.6;;;;;;;;;;;;;;;;;;
 ;04:05:21;3.306;0.036;200.1;30.6;;;;;;;;;;;;;;;;;;
 ;04:05:22;3.306;0.039;200.1;30.6;;;;;;;;;;;;;;;;;;
 ;04:05:23;3.305;0.038;200.1;30.6;;;;;;;;;;;;;;;;;;
 ;04:05:24;3.307;0.036;200.1;30.6;;;;;;;;;;;;;;;;;;
 ;04:05:25;3.304;0.040;200.1;30.6;;;;;;;;;;;;;;;;;;
 ;04:05:26;3.307;0.034;200.1;30.6;;;;;;;;;;;;;;;;;;
 ;04:05:27;3.303;0.041;200.1;30.6;;;;;;;;;;;;;;;;;;
 ;04:05:28;3.306;0.035;200.1;30.6;;;;;;;;;;;;;;;;;;
 ;04:05:29;3.304;0.040;200.1;30.6;;;;;;;;;;;;;;;;;;
 ;04:05:30;3.305;0.037;200.2;30.6;;;;;;;;;;;;;;;;;;
 ;04:05:31;3.306;0.038;200.2;30.6;;;;;;;;;;;;;;;;;;
 ;04:05:32;3.304;0.038;200.2;30.6;;;;;;;;;;;;;;;;;;
 ;04:05:33;3.307;0.035;200.2;30.6;;;;;;;;;;;;;;;;;;
 ;04:05:34;3.303;0.040;200.2;30.6;;;;;;;;;;;;;;;;;;
 ;04:05:35;3.307;0.034;200.2;30.6;;;;;;;;;;;;;;;;;;
 ;04:05:36;3.303;0.041;200.2;30.6;;;;;;;;;;;;;;;;;;
 ;04:05:37;3.306;0.035;200.2;30.6;;;;;;;;;;;;;;;;;;
 ;04:05:38;3.304;0.040;200.2;30.6;;;;;;;;;;;;;;;;;;
 ;04:05:39;3.305;0.037;200.3;30.6;;;;;;;;;;;;;;;;;;
 ;04:05:40;3.306;0.038;200.3;30.6;;;;;;;;;;;;;;;;;;
 ;04:05:41;3.304;0.039;200.3;30.6;;;;;;;;;;;;;;;;;;
 ;04:05:42;3.307;0.035;200.3;30.6;;;;;;;;;;;;;;;;;;
 ;04:05:43;3.304;0.039;200.3;30.6;;;;;;;;;;;;;;;;;;
 ;04:05:44;3.307;0.034;200.3;30.6;;;;;;;;;;;;;;;;;;
 ;04:05:45;3.303;0.041;200.3;30.6;;;;;;;;;;;;;;;;;;
 ;04:05:46;3.306;0.035;200.3;30.6;;;;;;;;;;;;;;;;;;
 ;04:05:47;3.304;0.040;200.3;30.6;;;;;;;;;;;;;;;;;;
 ;04:05:48;3.300;0.044;200.4;30.6;;;;;;;;;;;;;;;;;;
 ;04:05:49;3.306;0.035;200.4;30.6;;;;;;;;;;;;;;;;;;
 ;04:05:50;3.305;0.039;200.4;30.6;;;;;;;;;;;;;;;;;;
 ;04:05:51;3.301;0.043;200.4;30.6;;;;;;;;;;;;;;;;;;
 ;04:05:52;3.307;0.034;200.4;30.6;;;;;;;;;;;;;;;;;;
 ;04:05:53;3.304;0.039;200.4;30.6;;;;;;;;;;;;;;;;;;
 ;04:05:54;3.302;0.041;200.4;30.6;;;;;;;;;;;;;;;;;;
 ;04:05:55;3.307;0.033;200.4;30.6;;;;;;;;;;;;;;;;;;
 ;04:05:56;3.303;0.041;200.4;30.6;;;;;;;;;;;;;;;;;;
 ;04:05:57;3.304;0.037;200.4;30.6;;;;;;;;;;;;;;;;;;
 ;04:05:58;3.307;0.035;200.5;30.6;;;;;;;;;;;;;;;;;;
 ;04:05:59;3.301;0.043;200.5;30.6;;;;;;;;;;;;;;;;;;
 ;04:06:00;3.306;0.035;200.5;30.6;;;;;;;;;;;;;;;;;;
 ;04:06:01;3.304;0.039;200.5;30.6;;;;;;;;;;;;;;;;;;
 ;04:06:02;3.303;0.040;200.5;30.6;;;;;;;;;;;;;;;;;;
 ;04:06:03;3.308;0.033;200.5;30.6;;;;;;;;;;;;;;;;;;
 ;04:06:04;3.302;0.042;200.5;30.6;;;;;;;;;;;;;;;;;;
 ;04:06:05;3.306;0.035;200.5;30.6;;;;;;;;;;;;;;;;;;
 ;04:06:06;3.305;0.038;200.5;30.6;;;;;;;;;;;;;;;;;;
 ;04:06:07;3.303;0.040;200.6;30.6;;;;;;;;;;;;;;;;;;
 ;04:06:08;3.308;0.033;200.6;30.6;;;;;;;;;;;;;;;;;;
 ;04:06:09;3.302;0.042;200.6;30.6;;;;;;;;;;;;;;;;;;
 ;04:06:10;3.305;0.036;200.6;30.6;;;;;;;;;;;;;;;;;;
 ;04:06:11;3.306;0.037;200.6;30.6;;;;;;;;;;;;;;;;;;
 ;04:06:12;3.303;0.039;200.6;30.6;;;;;;;;;;;;;;;;;;
 ;04:06:13;3.308;0.033;200.6;30.6;;;;;;;;;;;;;;;;;;
 ;04:06:14;3.302;0.041;200.6;30.6;;;;;;;;;;;;;;;;;;
 ;04:06:15;3.305;0.036;200.6;30.6;;;;;;;;;;;;;;;;;;
 ;04:06:16;3.306;0.037;200.6;30.6;;;;;;;;;;;;;;;;;;
 ;04:06:17;3.303;0.039;200.7;30.6;;;;;;;;;;;;;;;;;;
 ;04:06:18;3.307;0.033;200.7;30.6;;;;;;;;;;;;;;;;;;
 ;04:06:19;3.302;0.041;200.7;30.6;;;;;;;;;;;;;;;;;;
 ;04:06:20;3.306;0.035;200.7;30.6;;;;;;;;;;;;;;;;;;
 ;04:06:21;3.305;0.038;200.7;30.6;;;;;;;;;;;;;;;;;;
 ;04:06:22;3.303;0.039;200.7;30.6;;;;;;;;;;;;;;;;;;
 ;04:06:23;3.308;0.033;200.7;30.6;;;;;;;;;;;;;;;;;;
 ;04:06:24;3.302;0.042;200.7;30.6;;;;;;;;;;;;;;;;;;
 ;04:06:25;3.306;0.035;200.7;30.6;;;;;;;;;;;;;;;;;;
 ;04:06:26;3.304;0.039;200.7;30.6;;;;;;;;;;;;;;;;;;
 ;04:06:27;3.304;0.038;200.8;30.6;;;;;;;;;;;;;;;;;;
 ;04:06:28;3.307;0.034;200.8;30.6;;;;;;;;;;;;;;;;;;
 ;04:06:29;3.302;0.041;200.8;30.6;;;;;;;;;;;;;;;;;;
 ;04:06:30;3.306;0.034;200.8;30.6;;;;;;;;;;;;;;;;;;
 ;04:06:31;3.304;0.039;200.8;30.6;;;;;;;;;;;;;;;;;;
 ;04:06:32;3.305;0.036;200.8;30.6;;;;;;;;;;;;;;;;;;
 ;04:06:33;3.306;0.036;200.8;30.6;;;;;;;;;;;;;;;;;;
 ;04:06:34;3.303;0.039;200.8;30.6;;;;;;;;;;;;;;;;;;
 ;04:06:35;3.308;0.033;200.8;30.6;;;;;;;;;;;;;;;;;;
 ;04:06:36;3.302;0.041;200.9;30.6;;;;;;;;;;;;;;;;;;
 ;04:06:37;3.306;0.035;200.9;30.6;;;;;;;;;;;;;;;;;;
 ;04:06:38;3.304;0.039;200.9;30.6;;;;;;;;;;;;;;;;;;
 ;04:06:39;3.304;0.038;200.9;30.6;;;;;;;;;;;;;;;;;;
 ;04:06:40;3.307;0.034;200.9;30.6;;;;;;;;;;;;;;;;;;
 ;04:06:41;3.303;0.040;200.9;30.6;;;;;;;;;;;;;;;;;;
 ;04:06:42;3.307;0.034;200.9;30.6;;;;;;;;;;;;;;;;;;
 ;04:06:43;3.303;0.040;200.9;30.6;;;;;;;;;;;;;;;;;;
 ;04:06:44;3.305;0.036;200.9;30.6;;;;;;;;;;;;;;;;;;
 ;04:06:45;3.306;0.037;200.9;30.6;;;;;;;;;;;;;;;;;;
 ;04:06:46;3.304;0.038;201.0;30.6;;;;;;;;;;;;;;;;;;
 ;04:06:47;3.308;0.033;201.0;30.6;;;;;;;;;;;;;;;;;;
 ;04:06:48;3.302;0.041;201.0;30.6;;;;;;;;;;;;;;;;;;
 ;04:06:49;3.306;0.034;201.0;30.6;;;;;;;;;;;;;;;;;;
 ;04:06:50;3.304;0.039;201.0;30.6;;;;;;;;;;;;;;;;;;
 ;04:06:51;3.305;0.036;201.0;30.6;;;;;;;;;;;;;;;;;;
 ;04:06:52;3.306;0.037;201.0;30.6;;;;;;;;;;;;;;;;;;
 ;04:06:53;3.304;0.038;201.0;30.6;;;;;;;;;;;;;;;;;;
 ;04:06:54;3.308;0.033;201.0;30.6;;;;;;;;;;;;;;;;;;
 ;04:06:55;3.303;0.040;201.1;30.6;;;;;;;;;;;;;;;;;;
 ;04:06:56;3.307;0.034;201.1;30.6;;;;;;;;;;;;;;;;;;
 ;04:06:57;3.303;0.040;201.1;30.6;;;;;;;;;;;;;;;;;;
 ;04:06:58;3.305;0.036;201.1;30.6;;;;;;;;;;;;;;;;;;
 ;04:06:59;3.306;0.037;201.1;30.6;;;;;;;;;;;;;;;;;;
 ;04:07:00;3.304;0.038;201.1;30.6;;;;;;;;;;;;;;;;;;
 ;04:07:01;3.308;0.033;201.1;30.6;;;;;;;;;;;;;;;;;;
 ;04:07:02;3.303;0.040;201.1;30.6;;;;;;;;;;;;;;;;;;
 ;04:07:03;3.307;0.034;201.1;30.6;;;;;;;;;;;;;;;;;;
 ;04:07:04;3.303;0.040;201.1;30.6;;;;;;;;;;;;;;;;;;
 ;04:07:05;3.306;0.035;201.2;30.6;;;;;;;;;;;;;;;;;;
 ;04:07:06;3.305;0.038;201.2;30.6;;;;;;;;;;;;;;;;;;
 ;04:07:07;3.305;0.037;201.2;30.6;;;;;;;;;;;;;;;;;;
 ;04:07:08;3.307;0.035;201.2;30.6;;;;;;;;;;;;;;;;;;
 ;04:07:09;3.304;0.039;201.2;30.6;;;;;;;;;;;;;;;;;;
 ;04:07:10;3.307;0.033;201.2;30.6;;;;;;;;;;;;;;;;;;
 ;04:07:11;3.303;0.040;201.2;30.6;;;;;;;;;;;;;;;;;;
 ;04:07:12;3.306;0.034;201.2;30.6;;;;;;;;;;;;;;;;;;
 ;04:07:13;3.304;0.039;201.2;30.6;;;;;;;;;;;;;;;;;;
 ;04:07:14;3.305;0.036;201.2;30.6;;;;;;;;;;;;;;;;;;
 ;04:07:15;3.306;0.037;201.3;30.6;;;;;;;;;;;;;;;;;;
 ;04:07:16;3.304;0.037;201.3;30.6;;;;;;;;;;;;;;;;;;
 ;04:07:17;3.307;0.034;201.3;30.6;;;;;;;;;;;;;;;;;;
 ;04:07:18;3.303;0.039;201.3;30.6;;;;;;;;;;;;;;;;;;
 ;04:07:19;3.307;0.033;201.3;30.6;;;;;;;;;;;;;;;;;;
 ;04:07:20;3.303;0.041;201.3;30.6;;;;;;;;;;;;;;;;;;
 ;04:07:21;3.306;0.035;201.3;30.6;;;;;;;;;;;;;;;;;;
 ;04:07:22;3.304;0.039;201.3;30.6;;;;;;;;;;;;;;;;;;
 ;04:07:23;3.305;0.036;201.3;30.6;;;;;;;;;;;;;;;;;;
 ;04:07:24;3.306;0.037;201.4;30.6;;;;;;;;;;;;;;;;;;
 ;04:07:25;3.304;0.037;201.4;30.6;;;;;;;;;;;;;;;;;;
 ;04:07:26;3.307;0.034;201.4;30.6;;;;;;;;;;;;;;;;;;
 ;04:07:27;3.304;0.038;201.4;30.6;;;;;;;;;;;;;;;;;;
 ;04:07:28;3.307;0.033;201.4;30.6;;;;;;;;;;;;;;;;;;
 ;04:07:29;3.303;0.039;201.4;30.6;;;;;;;;;;;;;;;;;;
 ;04:07:30;3.307;0.034;201.4;30.6;;;;;;;;;;;;;;;;;;
 ;04:07:31;3.303;0.040;201.4;30.6;;;;;;;;;;;;;;;;;;
 ;04:07:32;3.306;0.035;201.4;30.6;;;;;;;;;;;;;;;;;;
 ;04:07:33;3.304;0.039;201.4;30.6;;;;;;;;;;;;;;;;;;
 ;04:07:34;3.305;0.036;201.5;30.6;;;;;;;;;;;;;;;;;;
 ;04:07:35;3.306;0.037;201.5;30.6;;;;;;;;;;;;;;;;;;
 ;04:07:36;3.305;0.037;201.5;30.6;;;;;;;;;;;;;;;;;;
 ;04:07:37;3.307;0.035;201.5;30.6;;;;;;;;;;;;;;;;;;
 ;04:07:38;3.304;0.038;201.5;30.6;;;;;;;;;;;;;;;;;;
 ;04:07:39;3.308;0.033;201.5;30.6;;;;;;;;;;;;;;;;;;
 ;04:07:40;3.304;0.039;201.5;30.6;;;;;;;;;;;;;;;;;;
 ;04:07:41;3.307;0.033;201.5;30.6;;;;;;;;;;;;;;;;;;
 ;04:07:42;3.303;0.040;201.5;30.6;;;;;;;;;;;;;;;;;;
 ;04:07:43;3.306;0.034;201.5;30.6;;;;;;;;;;;;;;;;;;
 ;04:07:44;3.304;0.039;201.6;30.6;;;;;;;;;;;;;;;;;;
 ;04:07:45;3.305;0.036;201.6;30.6;;;;;;;;;;;;;;;;;;
 ;04:07:46;3.306;0.037;201.6;30.6;;;;;;;;;;;;;;;;;;
 ;04:07:47;3.305;0.037;201.6;30.6;;;;;;;;;;;;;;;;;;
 ;04:07:48;3.307;0.035;201.6;30.6;;;;;;;;;;;;;;;;;;
 ;04:07:49;3.301;0.043;201.6;30.6;;;;;;;;;;;;;;;;;;
 ;04:07:50;3.305;0.036;201.6;30.6;;;;;;;;;;;;;;;;;;
 ;04:07:51;3.307;0.035;201.6;30.6;;;;;;;;;;;;;;;;;;
 ;04:07:52;3.301;0.043;201.6;30.6;;;;;;;;;;;;;;;;;;
 ;04:07:53;3.306;0.035;201.6;30.6;;;;;;;;;;;;;;;;;;
 ;04:07:54;3.305;0.037;201.7;30.6;;;;;;;;;;;;;;;;;;
 ;04:07:55;3.302;0.040;201.7;30.6;;;;;;;;;;;;;;;;;;
 ;04:07:56;3.307;0.032;201.7;30.6;;;;;;;;;;;;;;;;;;
 ;04:07:57;3.303;0.040;201.7;30.6;;;;;;;;;;;;;;;;;;
 ;04:07:58;3.305;0.036;201.7;30.6;;;;;;;;;;;;;;;;;;
 ;04:07:59;3.306;0.035;201.7;30.6;;;;;;;;;;;;;;;;;;
 ;04:08:00;3.301;0.042;201.7;30.6;;;;;;;;;;;;;;;;;;
 ;04:08:01;3.306;0.033;201.7;30.6;;;;;;;;;;;;;;;;;;
 ;04:08:02;3.304;0.039;201.7;30.6;;;;;;;;;;;;;;;;;;
 ;04:08:03;3.304;0.037;201.8;30.6;;;;;;;;;;;;;;;;;;
 ;04:08:04;3.307;0.033;201.8;30.6;;;;;;;;;;;;;;;;;;
 ;04:08:05;3.301;0.042;201.8;30.6;;;;;;;;;;;;;;;;;;
 ;04:08:06;3.306;0.034;201.8;30.6;;;;;;;;;;;;;;;;;;
 ;04:08:07;3.304;0.038;201.8;30.6;;;;;;;;;;;;;;;;;;
 ;04:08:08;3.304;0.037;201.8;30.6;;;;;;;;;;;;;;;;;;
 ;04:08:09;3.307;0.033;201.8;30.6;;;;;;;;;;;;;;;;;;
 ;04:08:10;3.302;0.041;201.8;30.6;;;;;;;;;;;;;;;;;;
 ;04:08:11;3.306;0.033;201.8;30.6;;;;;;;;;;;;;;;;;;
 ;04:08:12;3.304;0.039;201.8;30.6;;;;;;;;;;;;;;;;;;
 ;04:08:13;3.304;0.037;201.9;30.6;;;;;;;;;;;;;;;;;;
 ;04:08:14;3.307;0.034;201.9;30.6;;;;;;;;;;;;;;;;;;
 ;04:08:15;3.302;0.040;201.9;30.6;;;;;;;;;;;;;;;;;;
 ;04:08:16;3.307;0.033;201.9;30.6;;;;;;;;;;;;;;;;;;
 ;04:08:17;3.303;0.039;201.9;30.6;;;;;;;;;;;;;;;;;;
 ;04:08:18;3.305;0.035;201.9;30.6;;;;;;;;;;;;;;;;;;
 ;04:08:19;3.306;0.036;201.9;30.6;;;;;;;;;;;;;;;;;;
 ;04:08:20;3.304;0.038;201.9;30.6;;;;;;;;;;;;;;;;;;
 ;04:08:21;3.308;0.032;201.9;30.6;;;;;;;;;;;;;;;;;;
 ;04:08:22;3.302;0.041;201.9;30.6;;;;;;;;;;;;;;;;;;
 ;04:08:23;3.306;0.034;202.0;30.6;;;;;;;;;;;;;;;;;;
 ;04:08:24;3.304;0.038;202.0;30.6;;;;;;;;;;;;;;;;;;
 ;04:08:25;3.304;0.036;202.0;30.6;;;;;;;;;;;;;;;;;;
 ;04:08:26;3.307;0.034;202.0;30.6;;;;;;;;;;;;;;;;;;
 ;04:08:27;3.302;0.040;202.0;30.6;;;;;;;;;;;;;;;;;;
 ;04:08:28;3.307;0.033;202.0;30.6;;;;;;;;;;;;;;;;;;
 ;04:08:29;3.303;0.039;202.0;30.6;;;;;;;;;;;;;;;;;;
 ;04:08:30;3.305;0.035;202.0;30.6;;;;;;;;;;;;;;;;;;
 ;04:08:31;3.306;0.036;202.0;30.6;;;;;;;;;;;;;;;;;;
 ;04:08:32;3.304;0.038;202.0;30.6;;;;;;;;;;;;;;;;;;
 ;04:08:33;3.308;0.032;202.1;30.6;;;;;;;;;;;;;;;;;;
 ;04:08:34;3.302;0.040;202.1;30.6;;;;;;;;;;;;;;;;;;
 ;04:08:35;3.306;0.033;202.1;30.6;;;;;;;;;;;;;;;;;;
 ;04:08:36;3.304;0.039;202.1;30.6;;;;;;;;;;;;;;;;;;
 ;04:08:37;3.305;0.036;202.1;30.6;;;;;;;;;;;;;;;;;;
 ;04:08:38;3.306;0.035;202.1;30.6;;;;;;;;;;;;;;;;;;
 ;04:08:39;3.303;0.038;202.1;30.6;;;;;;;;;;;;;;;;;;
 ;04:08:40;3.307;0.032;202.1;30.6;;;;;;;;;;;;;;;;;;
 ;04:08:41;3.303;0.039;202.1;30.6;;;;;;;;;;;;;;;;;;
 ;04:08:42;3.306;0.033;202.1;30.6;;;;;;;;;;;;;;;;;;
 ;04:08:43;3.304;0.039;202.2;30.6;;;;;;;;;;;;;;;;;;
 ;04:08:44;3.305;0.035;202.2;30.6;;;;;;;;;;;;;;;;;;
 ;04:08:45;3.306;0.036;202.2;30.6;;;;;;;;;;;;;;;;;;
 ;04:08:46;3.304;0.037;202.2;30.6;;;;;;;;;;;;;;;;;;
 ;04:08:47;3.307;0.033;202.2;30.6;;;;;;;;;;;;;;;;;;
 ;04:08:48;3.303;0.038;202.2;30.6;;;;;;;;;;;;;;;;;;
 ;04:08:49;3.307;0.032;202.2;30.6;;;;;;;;;;;;;;;;;;
 ;04:08:50;3.303;0.040;202.2;30.6;;;;;;;;;;;;;;;;;;
 ;04:08:51;3.306;0.035;202.2;30.6;;;;;;;;;;;;;;;;;;
 ;04:08:52;3.305;0.037;202.3;30.6;;;;;;;;;;;;;;;;;;
 ;04:08:53;3.304;0.037;202.3;30.6;;;;;;;;;;;;;;;;;;
 ;04:08:54;3.307;0.033;202.3;30.6;;;;;;;;;;;;;;;;;;
 ;04:08:55;3.303;0.039;202.3;30.6;;;;;;;;;;;;;;;;;;
 ;04:08:56;3.307;0.032;202.3;30.6;;;;;;;;;;;;;;;;;;
 ;04:08:57;3.303;0.040;202.3;30.6;;;;;;;;;;;;;;;;;;
 ;04:08:58;3.306;0.034;202.3;30.6;;;;;;;;;;;;;;;;;;
 ;04:08:59;3.304;0.038;202.3;30.6;;;;;;;;;;;;;;;;;;
 ;04:09:00;3.305;0.035;202.3;30.6;;;;;;;;;;;;;;;;;;
 ;04:09:01;3.306;0.035;202.3;30.6;;;;;;;;;;;;;;;;;;
 ;04:09:02;3.304;0.037;202.4;30.6;;;;;;;;;;;;;;;;;;
 ;04:09:03;3.308;0.032;202.4;30.6;;;;;;;;;;;;;;;;;;
 ;04:09:04;3.303;0.039;202.4;30.6;;;;;;;;;;;;;;;;;;
 ;04:09:05;3.307;0.033;202.4;30.6;;;;;;;;;;;;;;;;;;
 ;04:09:06;3.303;0.039;202.4;30.6;;;;;;;;;;;;;;;;;;
 ;04:09:07;3.306;0.034;202.4;30.6;;;;;;;;;;;;;;;;;;
 ;04:09:08;3.305;0.037;202.4;30.6;;;;;;;;;;;;;;;;;;
 ;04:09:09;3.305;0.035;202.4;30.6;;;;;;;;;;;;;;;;;;
 ;04:09:10;3.306;0.035;202.4;30.6;;;;;;;;;;;;;;;;;;
 ;04:09:11;3.304;0.037;202.4;30.6;;;;;;;;;;;;;;;;;;
 ;04:09:12;3.308;0.032;202.5;30.6;;;;;;;;;;;;;;;;;;
 ;04:09:13;3.303;0.039;202.5;30.6;;;;;;;;;;;;;;;;;;
 ;04:09:14;3.307;0.033;202.5;30.6;;;;;;;;;;;;;;;;;;
 ;04:09:15;3.303;0.039;202.5;30.6;;;;;;;;;;;;;;;;;;
 ;04:09:16;3.306;0.034;202.5;30.6;;;;;;;;;;;;;;;;;;
 ;04:09:17;3.304;0.038;202.5;30.6;;;;;;;;;;;;;;;;;;
 ;04:09:18;3.305;0.035;202.5;30.6;;;;;;;;;;;;;;;;;;
 ;04:09:19;3.306;0.036;202.5;30.6;;;;;;;;;;;;;;;;;;
 ;04:09:20;3.304;0.037;202.5;30.6;;;;;;;;;;;;;;;;;;
 ;04:09:21;3.307;0.033;202.5;30.6;;;;;;;;;;;;;;;;;;
 ;04:09:22;3.301;0.042;202.6;30.6;;;;;;;;;;;;;;;;;;
 ;04:09:23;3.303;0.038;202.6;30.6;;;;;;;;;;;;;;;;;;
 ;04:09:24;3.308;0.031;202.6;30.6;;;;;;;;;;;;;;;;;;
 ;04:09:25;3.302;0.041;202.6;30.6;;;;;;;;;;;;;;;;;;
 ;04:09:26;3.304;0.036;202.6;30.6;;;;;;;;;;;;;;;;;;
 ;04:09:27;3.307;0.033;202.6;30.6;;;;;;;;;;;;;;;;;;
 ;04:09:28;3.301;0.042;202.6;30.6;;;;;;;;;;;;;;;;;;
 ;04:09:29;3.306;0.033;202.6;30.6;;;;;;;;;;;;;;;;;;
 ;04:09:30;3.305;0.037;202.6;30.6;;;;;;;;;;;;;;;;;;
 ;04:09:31;3.302;0.039;202.6;30.6;;;;;;;;;;;;;;;;;;
 ;04:09:32;3.307;0.031;202.7;30.6;;;;;;;;;;;;;;;;;;
 ;04:09:33;3.303;0.039;202.7;30.6;;;;;;;;;;;;;;;;;;
 ;04:09:34;3.304;0.036;202.7;30.6;;;;;;;;;;;;;;;;;;
 ;04:09:35;3.307;0.033;202.7;30.6;;;;;;;;;;;;;;;;;;
 ;04:09:36;3.301;0.042;202.7;30.6;;;;;;;;;;;;;;;;;;
 ;04:09:37;3.306;0.033;202.7;30.6;;;;;;;;;;;;;;;;;;
 ;04:09:38;3.304;0.037;202.7;30.6;;;;;;;;;;;;;;;;;;
 ;04:09:39;3.302;0.038;202.7;30.6;;;;;;;;;;;;;;;;;;
 ;04:09:40;3.307;0.031;202.7;30.6;;;;;;;;;;;;;;;;;;
 ;04:09:41;3.302;0.040;202.7;30.6;;;;;;;;;;;;;;;;;;
 ;04:09:42;3.306;0.034;202.8;30.6;;;;;;;;;;;;;;;;;;
 ;04:09:43;3.305;0.036;202.8;30.6;;;;;;;;;;;;;;;;;;
 ;04:09:44;3.303;0.038;202.8;30.6;;;;;;;;;;;;;;;;;;
 ;04:09:45;3.307;0.031;202.8;30.6;;;;;;;;;;;;;;;;;;
 ;04:09:46;3.302;0.040;202.8;30.6;;;;;;;;;;;;;;;;;;
 ;04:09:47;3.305;0.034;202.8;30.6;;;;;;;;;;;;;;;;;;
 ;04:09:48;3.306;0.035;202.8;30.6;;;;;;;;;;;;;;;;;;
 ;04:09:49;3.303;0.038;202.8;30.6;;;;;;;;;;;;;;;;;;
 ;04:09:50;3.307;0.031;202.8;30.6;;;;;;;;;;;;;;;;;;
 ;04:09:51;3.302;0.040;202.8;30.6;;;;;;;;;;;;;;;;;;
 ;04:09:52;3.306;0.034;202.9;30.6;;;;;;;;;;;;;;;;;;
 ;04:09:53;3.305;0.036;202.9;30.6;;;;;;;;;;;;;;;;;;
 ;04:09:54;3.303;0.037;202.9;30.6;;;;;;;;;;;;;;;;;;
 ;04:09:55;3.308;0.031;202.9;30.6;;;;;;;;;;;;;;;;;;
 ;04:09:56;3.302;0.041;202.9;30.6;;;;;;;;;;;;;;;;;;
 ;04:09:57;3.306;0.033;202.9;30.6;;;;;;;;;;;;;;;;;;
 ;04:09:58;3.304;0.037;202.9;30.6;;;;;;;;;;;;;;;;;;
 ;04:09:59;3.304;0.036;202.9;30.6;;;;;;;;;;;;;;;;;;
 ;04:10:00;3.307;0.032;202.9;30.6;;;;;;;;;;;;;;;;;;
 ;04:10:01;3.302;0.040;202.9;30.6;;;;;;;;;;;;;;;;;;
 ;04:10:02;3.306;0.032;203.0;30.6;;;;;;;;;;;;;;;;;;
 ;04:10:03;3.304;0.038;203.0;30.6;;;;;;;;;;;;;;;;;;
 ;04:10:04;3.304;0.036;203.0;30.6;;;;;;;;;;;;;;;;;;
 ;04:10:05;3.307;0.034;203.0;30.6;;;;;;;;;;;;;;;;;;
 ;04:10:06;3.302;0.039;203.0;30.6;;;;;;;;;;;;;;;;;;
 ;04:10:07;3.307;0.031;203.0;30.6;;;;;;;;;;;;;;;;;;
 ;04:10:08;3.303;0.038;203.0;30.6;;;;;;;;;;;;;;;;;;
 ;04:10:09;3.305;0.034;203.0;30.6;;;;;;;;;;;;;;;;;;
 ;04:10:10;3.306;0.035;203.0;30.6;;;;;;;;;;;;;;;;;;
 ;04:10:11;3.304;0.036;203.0;30.6;;;;;;;;;;;;;;;;;;
 ;04:10:12;3.308;0.031;203.1;30.6;;;;;;;;;;;;;;;;;;
 ;04:10:13;3.302;0.039;203.1;30.6;;;;;;;;;;;;;;;;;;
 ;04:10:14;3.306;0.032;203.1;30.6;;;;;;;;;;;;;;;;;;
 ;04:10:15;3.304;0.038;203.1;30.6;;;;;;;;;;;;;;;;;;
 ;04:10:16;3.305;0.035;203.1;30.6;;;;;;;;;;;;;;;;;;
 ;04:10:17;3.306;0.035;203.1;30.6;;;;;;;;;;;;;;;;;;
 ;04:10:18;3.303;0.037;203.1;30.6;;;;;;;;;;;;;;;;;;
 ;04:10:19;3.307;0.031;203.1;30.6;;;;;;;;;;;;;;;;;;
 ;04:10:20;3.302;0.040;203.1;30.6;;;;;;;;;;;;;;;;;;
 ;04:10:21;3.306;0.032;203.1;30.6;;;;;;;;;;;;;;;;;;
 ;04:10:22;3.304;0.037;203.2;30.6;;;;;;;;;;;;;;;;;;
 ;04:10:23;3.304;0.035;203.2;30.6;;;;;;;;;;;;;;;;;;
 ;04:10:24;3.307;0.033;203.2;30.6;;;;;;;;;;;;;;;;;;
 ;04:10:25;3.303;0.037;203.2;30.6;;;;;;;;;;;;;;;;;;
 ;04:10:26;3.307;0.031;203.2;30.6;;;;;;;;;;;;;;;;;;
 ;04:10:27;3.303;0.040;203.2;30.6;;;;;;;;;;;;;;;;;;
 ;04:10:28;3.306;0.034;203.2;30.6;;;;;;;;;;;;;;;;;;
 ;04:10:29;3.305;0.037;203.2;30.6;;;;;;;;;;;;;;;;;;
 ;04:10:30;3.305;0.035;203.2;30.6;;;;;;;;;;;;;;;;;;
 ;04:10:31;3.307;0.034;203.2;30.6;;;;;;;;;;;;;;;;;;
 ;04:10:32;3.303;0.038;203.3;30.6;;;;;;;;;;;;;;;;;;
 ;04:10:33;3.307;0.031;203.3;30.6;;;;;;;;;;;;;;;;;;
 ;04:10:34;3.303;0.039;203.3;30.6;;;;;;;;;;;;;;;;;;
 ;04:10:35;3.306;0.032;203.3;30.6;;;;;;;;;;;;;;;;;;
 ;04:10:36;3.304;0.038;203.3;30.6;;;;;;;;;;;;;;;;;;
 ;04:10:37;3.305;0.034;203.3;30.6;;;;;;;;;;;;;;;;;;
 ;04:10:38;3.306;0.035;203.3;30.6;;;;;;;;;;;;;;;;;;
 ;04:10:39;3.304;0.036;203.3;30.6;;;;;;;;;;;;;;;;;;
 ;04:10:40;3.308;0.032;203.3;30.6;;;;;;;;;;;;;;;;;;
 ;04:10:41;3.303;0.037;203.3;30.6;;;;;;;;;;;;;;;;;;
 ;04:10:42;3.307;0.031;203.4;30.6;;;;;;;;;;;;;;;;;;
 ;04:10:43;3.303;0.039;203.4;30.6;;;;;;;;;;;;;;;;;;
 ;04:10:44;3.305;0.034;203.4;30.6;;;;;;;;;;;;;;;;;;
 ;04:10:45;3.306;0.036;203.4;30.6;;;;;;;;;;;;;;;;;;
 ;04:10:46;3.304;0.035;203.4;30.6;;;;;;;;;;;;;;;;;;
 ;04:10:47;3.307;0.033;203.4;30.6;;;;;;;;;;;;;;;;;;
 ;04:10:48;3.303;0.037;203.4;30.6;;;;;;;;;;;;;;;;;;
 ;04:10:49;3.307;0.031;203.4;30.6;;;;;;;;;;;;;;;;;;
 ;04:10:50;3.303;0.039;203.4;30.6;;;;;;;;;;;;;;;;;;
 ;04:10:51;3.306;0.032;203.4;30.6;;;;;;;;;;;;;;;;;;
 ;04:10:52;3.304;0.038;203.5;30.6;;;;;;;;;;;;;;;;;;
 ;04:10:53;3.305;0.034;203.5;30.6;;;;;;;;;;;;;;;;;;
 ;04:10:54;3.306;0.035;203.5;30.6;;;;;;;;;;;;;;;;;;
 ;04:10:55;3.304;0.036;203.5;30.6;;;;;;;;;;;;;;;;;;
 ;04:10:56;3.308;0.032;203.5;30.6;;;;;;;;;;;;;;;;;;
 ;04:10:57;3.304;0.036;203.5;30.6;;;;;;;;;;;;;;;;;;
 ;04:10:58;3.307;0.031;203.5;30.6;;;;;;;;;;;;;;;;;;
 ;04:10:59;3.303;0.037;203.5;30.6;;;;;;;;;;;;;;;;;;
 ;04:11:00;3.306;0.032;203.5;30.6;;;;;;;;;;;;;;;;;;
 ;04:11:01;3.304;0.038;203.5;30.6;;;;;;;;;;;;;;;;;;
 ;04:11:02;3.305;0.034;203.5;30.6;;;;;;;;;;;;;;;;;;
 ;04:11:03;3.306;0.036;203.6;30.6;;;;;;;;;;;;;;;;;;
 ;04:11:04;3.305;0.034;203.6;30.6;;;;;;;;;;;;;;;;;;
 ;04:11:05;3.307;0.034;203.6;30.6;;;;;;;;;;;;;;;;;;
 ;04:11:06;3.304;0.035;203.6;30.6;;;;;;;;;;;;;;;;;;
 ;04:11:07;3.308;0.032;203.6;30.6;;;;;;;;;;;;;;;;;;
 ;04:11:08;3.304;0.036;203.6;30.6;;;;;;;;;;;;;;;;;;
 ;04:11:09;3.307;0.031;203.6;30.6;;;;;;;;;;;;;;;;;;
 ;04:11:10;3.303;0.039;203.6;30.6;;;;;;;;;;;;;;;;;;
 ;04:11:11;3.306;0.032;203.6;30.6;;;;;;;;;;;;;;;;;;
 ;04:11:12;3.304;0.037;203.6;30.6;;;;;;;;;;;;;;;;;;
 ;04:11:13;3.300;0.042;203.7;30.6;;;;;;;;;;;;;;;;;;
 ;04:11:14;3.306;0.032;203.7;30.6;;;;;;;;;;;;;;;;;;
 ;04:11:15;3.305;0.036;203.7;30.6;;;;;;;;;;;;;;;;;;
 ;04:11:16;3.301;0.040;203.7;30.6;;;;;;;;;;;;;;;;;;
 ;04:11:17;3.307;0.031;203.7;30.6;;;;;;;;;;;;;;;;;;
 ;04:11:18;3.304;0.037;203.7;30.6;;;;;;;;;;;;;;;;;;
 ;04:11:19;3.302;0.037;203.7;30.6;;;;;;;;;;;;;;;;;;
 ;04:11:20;3.308;0.030;203.7;30.6;;;;;;;;;;;;;;;;;;
 ;04:11:21;3.302;0.040;203.7;30.6;;;;;;;;;;;;;;;;;;
 ;04:11:22;3.305;0.033;203.7;30.6;;;;;;;;;;;;;;;;;;
 ;04:11:23;3.306;0.034;203.8;30.6;;;;;;;;;;;;;;;;;;
 ;04:11:24;3.301;0.039;203.8;30.6;;;;;;;;;;;;;;;;;;
 ;04:11:25;3.306;0.031;203.8;30.6;;;;;;;;;;;;;;;;;;
 ;04:11:26;3.304;0.037;203.8;30.6;;;;;;;;;;;;;;;;;;
 ;04:11:27;3.303;0.036;203.8;30.6;;;;;;;;;;;;;;;;;;
 ;04:11:28;3.308;0.031;203.8;30.6;;;;;;;;;;;;;;;;;;
 ;04:11:29;3.302;0.040;203.8;30.6;;;;;;;;;;;;;;;;;;
 ;04:11:30;3.305;0.033;203.8;30.6;;;;;;;;;;;;;;;;;;
 ;04:11:31;3.306;0.035;203.8;30.6;;;;;;;;;;;;;;;;;;
 ;04:11:32;3.302;0.037;203.8;30.6;;;;;;;;;;;;;;;;;;
 ;04:11:33;3.307;0.030;203.9;30.6;;;;;;;;;;;;;;;;;;
 ;04:11:34;3.303;0.039;203.9;30.6;;;;;;;;;;;;;;;;;;
 ;04:11:35;3.305;0.033;203.9;30.6;;;;;;;;;;;;;;;;;;
 ;04:11:36;3.306;0.035;203.9;30.6;;;;;;;;;;;;;;;;;;
 ;04:11:37;3.302;0.037;203.9;30.6;;;;;;;;;;;;;;;;;;
 ;04:11:38;3.307;0.030;203.9;30.6;;;;;;;;;;;;;;;;;;
 ;04:11:39;3.303;0.039;203.9;30.6;;;;;;;;;;;;;;;;;;
 ;04:11:40;3.305;0.033;203.9;30.6;;;;;;;;;;;;;;;;;;
 ;04:11:41;3.305;0.035;203.9;30.6;;;;;;;;;;;;;;;;;;
 ;04:11:42;3.304;0.035;203.9;30.6;;;;;;;;;;;;;;;;;;
 ;04:11:43;3.307;0.031;204.0;30.6;;;;;;;;;;;;;;;;;;
 ;04:11:44;3.302;0.039;204.0;30.6;;;;;;;;;;;;;;;;;;
 ;04:11:45;3.306;0.031;204.0;30.6;;;;;;;;;;;;;;;;;;
 ;04:11:46;3.304;0.037;204.0;30.6;;;;;;;;;;;;;;;;;;
 ;04:11:47;3.304;0.036;204.0;30.6;;;;;;;;;;;;;;;;;;
 ;04:11:48;3.308;0.031;204.0;30.6;;;;;;;;;;;;;;;;;;
 ;04:11:49;3.302;0.039;204.0;30.6;;;;;;;;;;;;;;;;;;
 ;04:11:50;3.306;0.031;204.0;30.6;;;;;;;;;;;;;;;;;;
 ;04:11:51;3.304;0.037;204.0;30.6;;;;;;;;;;;;;;;;;;
 ;04:11:52;3.304;0.034;204.0;30.6;;;;;;;;;;;;;;;;;;
 ;04:11:53;3.306;0.033;204.0;30.6;;;;;;;;;;;;;;;;;;
 ;04:11:54;3.302;0.038;204.1;30.6;;;;;;;;;;;;;;;;;;
 ;04:11:55;3.307;0.030;204.1;30.6;;;;;;;;;;;;;;;;;;
 ;04:11:56;3.303;0.038;204.1;30.6;;;;;;;;;;;;;;;;;;
 ;04:11:57;3.305;0.033;204.1;30.6;;;;;;;;;;;;;;;;;;
 ;04:11:58;3.306;0.034;204.1;30.6;;;;;;;;;;;;;;;;;;
 ;04:11:59;3.304;0.036;204.1;30.6;;;;;;;;;;;;;;;;;;
 ;04:12:00;3.307;0.030;204.1;30.6;;;;;;;;;;;;;;;;;;
 ;04:12:01;3.302;0.038;204.1;30.6;;;;;;;;;;;;;;;;;;
 ;04:12:02;3.306;0.031;204.1;30.6;;;;;;;;;;;;;;;;;;
 ;04:12:03;3.304;0.037;204.1;30.6;;;;;;;;;;;;;;;;;;
 ;04:12:04;3.304;0.035;204.2;30.6;;;;;;;;;;;;;;;;;;
 ;04:12:05;3.307;0.032;204.2;30.6;;;;;;;;;;;;;;;;;;
 ;04:12:06;3.303;0.037;204.2;30.6;;;;;;;;;;;;;;;;;;
 ;04:12:07;3.307;0.030;204.2;30.6;;;;;;;;;;;;;;;;;;
 ;04:12:08;3.303;0.038;204.2;30.6;;;;;;;;;;;;;;;;;;
 ;04:12:09;3.306;0.033;204.2;30.6;;;;;;;;;;;;;;;;;;
 ;04:12:10;3.306;0.035;204.2;30.6;;;;;;;;;;;;;;;;;;
 ;04:12:11;3.304;0.035;204.2;30.6;;;;;;;;;;;;;;;;;;
 ;04:12:12;3.308;0.031;204.2;30.6;;;;;;;;;;;;;;;;;;
 ;04:12:13;3.303;0.038;204.2;30.6;;;;;;;;;;;;;;;;;;
 ;04:12:14;3.306;0.031;204.3;30.6;;;;;;;;;;;;;;;;;;
 ;04:12:15;3.303;0.037;204.3;30.6;;;;;;;;;;;;;;;;;;
 ;04:12:16;3.305;0.033;204.3;30.6;;;;;;;;;;;;;;;;;;
 ;04:12:17;3.305;0.035;204.3;30.6;;;;;;;;;;;;;;;;;;
 ;04:12:18;3.304;0.035;204.3;30.6;;;;;;;;;;;;;;;;;;
 ;04:12:19;3.307;0.031;204.3;30.6;;;;;;;;;;;;;;;;;;
 ;04:12:20;3.303;0.038;204.3;30.6;;;;;;;;;;;;;;;;;;
 ;04:12:21;3.307;0.031;204.3;30.6;;;;;;;;;;;;;;;;;;
 ;04:12:22;3.303;0.037;204.3;30.6;;;;;;;;;;;;;;;;;;
 ;04:12:23;3.305;0.033;204.3;30.6;;;;;;;;;;;;;;;;;;
 ;04:12:24;3.306;0.034;204.3;30.6;;;;;;;;;;;;;;;;;;
 ;04:12:25;3.304;0.035;204.4;30.6;;;;;;;;;;;;;;;;;;
 ;04:12:26;3.307;0.031;204.4;30.6;;;;;;;;;;;;;;;;;;
 ;04:12:27;3.303;0.036;204.4;30.6;;;;;;;;;;;;;;;;;;
 ;04:12:28;3.307;0.030;204.4;30.6;;;;;;;;;;;;;;;;;;
 ;04:12:29;3.303;0.038;204.4;30.6;;;;;;;;;;;;;;;;;;
 ;04:12:30;3.306;0.032;204.4;30.6;;;;;;;;;;;;;;;;;;
 ;04:12:31;3.304;0.036;204.4;30.6;;;;;;;;;;;;;;;;;;
 ;04:12:32;3.305;0.034;204.4;30.6;;;;;;;;;;;;;;;;;;
 ;04:12:33;3.306;0.033;204.4;30.6;;;;;;;;;;;;;;;;;;
 ;04:12:34;3.304;0.035;204.4;30.6;;;;;;;;;;;;;;;;;;
 ;04:12:35;3.308;0.030;204.5;30.6;;;;;;;;;;;;;;;;;;
 ;04:12:36;3.303;0.037;204.5;30.6;;;;;;;;;;;;;;;;;;
 ;04:12:37;3.307;0.031;204.5;30.6;;;;;;;;;;;;;;;;;;
 ;04:12:38;3.303;0.037;204.5;30.6;;;;;;;;;;;;;;;;;;
 ;04:12:39;3.306;0.033;204.5;30.6;;;;;;;;;;;;;;;;;;
 ;04:12:40;3.305;0.035;204.5;30.6;;;;;;;;;;;;;;;;;;
 ;04:12:41;3.305;0.034;204.5;30.6;;;;;;;;;;;;;;;;;;
 ;04:12:42;3.307;0.032;204.5;30.6;;;;;;;;;;;;;;;;;;
 ;04:12:43;3.303;0.036;204.5;30.6;;;;;;;;;;;;;;;;;;
 ;04:12:44;3.307;0.030;204.5;30.6;;;;;;;;;;;;;;;;;;
 ;04:12:45;3.303;0.038;204.5;30.6;;;;;;;;;;;;;;;;;;
 ;04:12:46;3.306;0.031;204.6;30.6;;;;;;;;;;;;;;;;;;
 ;04:12:47;3.304;0.037;204.6;30.6;;;;;;;;;;;;;;;;;;
 ;04:12:48;3.305;0.033;204.6;30.6;;;;;;;;;;;;;;;;;;
 ;04:12:49;3.306;0.034;204.6;30.6;;;;;;;;;;;;;;;;;;
 ;04:12:50;3.305;0.034;204.6;30.6;;;;;;;;;;;;;;;;;;
 ;04:12:51;3.307;0.032;204.6;30.6;;;;;;;;;;;;;;;;;;
 ;04:12:52;3.303;0.036;204.6;30.6;;;;;;;;;;;;;;;;;;
 ;04:12:53;3.307;0.030;204.6;30.6;;;;;;;;;;;;;;;;;;
 ;04:12:54;3.303;0.036;204.6;30.6;;;;;;;;;;;;;;;;;;
 ;04:12:55;3.307;0.031;204.6;30.6;;;;;;;;;;;;;;;;;;
 ;04:12:56;3.303;0.037;204.7;30.6;;;;;;;;;;;;;;;;;;
 ;04:12:57;3.306;0.033;204.7;30.6;;;;;;;;;;;;;;;;;;
 ;04:12:58;3.305;0.035;204.7;30.6;;;;;;;;;;;;;;;;;;
 ;04:12:59;3.305;0.033;204.7;30.6;;;;;;;;;;;;;;;;;;
 ;04:13:00;3.306;0.033;204.7;30.6;;;;;;;;;;;;;;;;;;
 ;04:13:01;3.304;0.035;204.7;30.6;;;;;;;;;;;;;;;;;;
 ;04:13:02;3.308;0.030;204.7;30.6;;;;;;;;;;;;;;;;;;
 ;04:13:03;3.303;0.037;204.7;30.6;;;;;;;;;;;;;;;;;;
 ;04:13:04;3.307;0.031;204.7;30.6;;;;;;;;;;;;;;;;;;
 ;04:13:05;3.303;0.037;204.7;30.6;;;;;;;;;;;;;;;;;;
 ;04:13:06;3.301;0.039;204.7;30.6;;;;;;;;;;;;;;;;;;
 ;04:13:07;3.307;0.030;204.8;30.6;;;;;;;;;;;;;;;;;;
 ;04:13:08;3.303;0.036;204.8;30.6;;;;;;;;;;;;;;;;;;
 ;04:13:09;3.302;0.038;204.8;30.6;;;;;;;;;;;;;;;;;;
 ;04:13:10;3.307;0.029;204.8;30.6;;;;;;;;;;;;;;;;;;
 ;04:13:11;3.303;0.037;204.8;30.6;;;;;;;;;;;;;;;;;;
 ;04:13:12;3.303;0.035;204.8;30.6;;;;;;;;;;;;;;;;;;
 ;04:13:13;3.307;0.030;204.8;30.6;;;;;;;;;;;;;;;;;;
 ;04:13:14;3.301;0.039;204.8;30.6;;;;;;;;;;;;;;;;;;
 ;04:13:15;3.306;0.032;204.8;30.6;;;;;;;;;;;;;;;;;;
 ;04:13:16;3.305;0.034;204.8;30.6;;;;;;;;;;;;;;;;;;
 ;04:13:17;3.302;0.037;204.9;30.6;;;;;;;;;;;;;;;;;;
 ;04:13:18;3.307;0.029;204.9;30.6;;;;;;;;;;;;;;;;;;
 ;04:13:19;3.303;0.037;204.9;30.6;;;;;;;;;;;;;;;;;;
 ;04:13:20;3.304;0.034;204.9;30.6;;;;;;;;;;;;;;;;;;
 ;04:13:21;3.307;0.031;204.9;30.6;;;;;;;;;;;;;;;;;;
 ;04:13:22;3.301;0.040;204.9;30.6;;;;;;;;;;;;;;;;;;
 ;04:13:23;3.306;0.031;204.9;30.6;;;;;;;;;;;;;;;;;;
 ;04:13:24;3.304;0.035;204.9;30.6;;;;;;;;;;;;;;;;;;
 ;04:13:25;3.303;0.035;204.9;30.6;;;;;;;;;;;;;;;;;;
 ;04:13:26;3.308;0.029;204.9;30.6;;;;;;;;;;;;;;;;;;
 ;04:13:27;3.302;0.039;205.0;30.6;;;;;;;;;;;;;;;;;;
 ;04:13:28;3.306;0.032;205.0;30.6;;;;;;;;;;;;;;;;;;
 ;04:13:29;3.305;0.034;205.0;30.6;;;;;;;;;;;;;;;;;;
 ;04:13:30;3.303;0.036;205.0;30.6;;;;;;;;;;;;;;;;;;
 ;04:13:31;3.307;0.029;205.0;30.6;;;;;;;;;;;;;;;;;;
 ;04:13:32;3.302;0.038;205.0;30.6;;;;;;;;;;;;;;;;;;
 ;04:13:33;3.306;0.032;205.0;30.6;;;;;;;;;;;;;;;;;;
 ;04:13:34;3.305;0.034;205.0;30.6;;;;;;;;;;;;;;;;;;
 ;04:13:35;3.303;0.035;205.0;30.6;;;;;;;;;;;;;;;;;;
 ;04:13:36;3.308;0.029;205.0;30.6;;;;;;;;;;;;;;;;;;
 ;04:13:37;3.302;0.039;205.0;30.6;;;;;;;;;;;;;;;;;;
 ;04:13:38;3.306;0.031;205.1;30.6;;;;;;;;;;;;;;;;;;
 ;04:13:39;3.304;0.035;205.1;30.6;;;;;;;;;;;;;;;;;;
 ;04:13:40;3.303;0.035;205.1;30.6;;;;;;;;;;;;;;;;;;
 ;04:13:41;3.308;0.029;205.1;30.6;;;;;;;;;;;;;;;;;;
 ;04:13:42;3.302;0.037;205.1;30.6;;;;;;;;;;;;;;;;;;
 ;04:13:43;3.306;0.030;205.1;30.6;;;;;;;;;;;;;;;;;;
 ;04:13:44;3.304;0.036;205.1;30.6;;;;;;;;;;;;;;;;;;
 ;04:13:45;3.304;0.034;205.1;30.6;;;;;;;;;;;;;;;;;;
 ;04:13:46;3.307;0.031;205.1;30.6;;;;;;;;;;;;;;;;;;
 ;04:13:47;3.302;0.037;205.1;30.6;;;;;;;;;;;;;;;;;;
 ;04:13:48;3.307;0.030;205.1;30.6;;;;;;;;;;;;;;;;;;
 ;04:13:49;3.303;0.036;205.2;30.6;;;;;;;;;;;;;;;;;;
 ;04:13:50;3.305;0.033;205.2;30.6;;;;;;;;;;;;;;;;;;
 ;04:13:51;3.306;0.032;205.2;30.6;;;;;;;;;;;;;;;;;;
 ;04:13:52;3.303;0.035;205.2;30.6;;;;;;;;;;;;;;;;;;
 ;04:13:53;3.307;0.029;205.2;30.6;;;;;;;;;;;;;;;;;;
 ;04:13:54;3.302;0.038;205.2;30.6;;;;;;;;;;;;;;;;;;
 ;04:13:55;3.306;0.031;205.2;30.6;;;;;;;;;;;;;;;;;;
 ;04:13:56;3.304;0.035;205.2;30.6;;;;;;;;;;;;;;;;;;
 ;04:13:57;3.304;0.034;205.2;30.6;;;;;;;;;;;;;;;;;;
 ;04:13:58;3.307;0.031;205.2;30.6;;;;;;;;;;;;;;;;;;
 ;04:13:59;3.303;0.036;205.3;30.6;;;;;;;;;;;;;;;;;;
 ;04:14:00;3.307;0.029;205.3;30.6;;;;;;;;;;;;;;;;;;
 ;04:14:01;3.303;0.037;205.3;30.6;;;;;;;;;;;;;;;;;;
 ;04:14:02;3.306;0.032;205.3;30.6;;;;;;;;;;;;;;;;;;
 ;04:14:03;3.305;0.034;205.3;30.6;;;;;;;;;;;;;;;;;;
 ;04:14:04;3.304;0.034;205.3;30.6;;;;;;;;;;;;;;;;;;
 ;04:14:05;3.307;0.030;205.3;30.6;;;;;;;;;;;;;;;;;;
 ;04:14:06;3.303;0.037;205.3;30.6;;;;;;;;;;;;;;;;;;
 ;04:14:07;3.307;0.030;205.3;30.6;;;;;;;;;;;;;;;;;;
 ;04:14:08;3.303;0.036;205.3;30.6;;;;;;;;;;;;;;;;;;
 ;04:14:09;3.305;0.032;205.3;30.6;;;;;;;;;;;;;;;;;;
 ;04:14:10;3.306;0.033;205.4;30.6;;;;;;;;;;;;;;;;;;
 ;04:14:11;3.303;0.035;205.4;30.6;;;;;;;;;;;;;;;;;;
 ;04:14:12;3.308;0.029;205.4;30.6;;;;;;;;;;;;;;;;;;
 ;04:14:13;3.302;0.037;205.4;30.6;;;;;;;;;;;;;;;;;;
 ;04:14:14;3.306;0.030;205.4;30.6;;;;;;;;;;;;;;;;;;
 ;04:14:15;3.304;0.036;205.4;30.6;;;;;;;;;;;;;;;;;;
 ;04:14:16;3.305;0.033;205.4;30.6;;;;;;;;;;;;;;;;;;
 ;04:14:17;3.306;0.032;205.4;30.6;;;;;;;;;;;;;;;;;;
 ;04:14:18;3.304;0.034;205.4;30.6;;;;;;;;;;;;;;;;;;
 ;04:14:19;3.308;0.029;205.4;30.6;;;;;;;;;;;;;;;;;;
 ;04:14:20;3.302;0.037;205.4;30.6;;;;;;;;;;;;;;;;;;
 ;04:14:21;3.306;0.030;205.5;30.6;;;;;;;;;;;;;;;;;;
 ;04:14:22;3.304;0.036;205.5;30.6;;;;;;;;;;;;;;;;;;
 ;04:14:23;3.305;0.032;205.5;30.6;;;;;;;;;;;;;;;;;;
 ;04:14:24;3.306;0.033;205.5;30.6;;;;;;;;;;;;;;;;;;
 ;04:14:25;3.304;0.034;205.5;30.6;;;;;;;;;;;;;;;;;;
 ;04:14:26;3.307;0.030;205.5;30.6;;;;;;;;;;;;;;;;;;
 ;04:14:27;3.302;0.037;205.5;30.6;;;;;;;;;;;;;;;;;;
 ;04:14:28;3.307;0.030;205.5;30.6;;;;;;;;;;;;;;;;;;
 ;04:14:29;3.303;0.036;205.5;30.6;;;;;;;;;;;;;;;;;;
 ;04:14:30;3.306;0.032;205.5;30.6;;;;;;;;;;;;;;;;;;
 ;04:14:31;3.305;0.034;205.5;30.6;;;;;;;;;;;;;;;;;;
 ;04:14:32;3.305;0.033;205.6;30.6;;;;;;;;;;;;;;;;;;
 ;04:14:33;3.307;0.031;205.6;30.6;;;;;;;;;;;;;;;;;;
 ;04:14:34;3.303;0.035;205.6;30.6;;;;;;;;;;;;;;;;;;
 ;04:14:35;3.307;0.029;205.6;30.6;;;;;;;;;;;;;;;;;;
 ;04:14:36;3.303;0.037;205.6;30.6;;;;;;;;;;;;;;;;;;
 ;04:14:37;3.306;0.030;205.6;30.6;;;;;;;;;;;;;;;;;;
 ;04:14:38;3.304;0.036;205.6;30.6;;;;;;;;;;;;;;;;;;
 ;04:14:39;3.305;0.032;205.6;30.6;;;;;;;;;;;;;;;;;;
 ;04:14:40;3.306;0.033;205.6;30.6;;;;;;;;;;;;;;;;;;
 ;04:14:41;3.304;0.034;205.6;30.6;;;;;;;;;;;;;;;;;;
 ;04:14:42;3.307;0.030;205.7;30.6;;;;;;;;;;;;;;;;;;
 ;04:14:43;3.303;0.036;205.7;30.6;;;;;;;;;;;;;;;;;;
 ;04:14:44;3.307;0.029;205.7;30.6;;;;;;;;;;;;;;;;;;
 ;04:14:45;3.303;0.037;205.7;30.6;;;;;;;;;;;;;;;;;;
 ;04:14:46;3.306;0.031;205.7;30.6;;;;;;;;;;;;;;;;;;
 ;04:14:47;3.304;0.035;205.7;30.6;;;;;;;;;;;;;;;;;;
 ;04:14:48;3.305;0.033;205.7;30.6;;;;;;;;;;;;;;;;;;
 ;04:14:49;3.306;0.032;205.7;30.6;;;;;;;;;;;;;;;;;;
 ;04:14:50;3.304;0.033;205.7;30.6;;;;;;;;;;;;;;;;;;
 ;04:14:51;3.307;0.030;205.7;30.6;;;;;;;;;;;;;;;;;;
 ;04:14:52;3.304;0.034;205.7;30.6;;;;;;;;;;;;;;;;;;
 ;04:14:53;3.307;0.029;205.8;30.6;;;;;;;;;;;;;;;;;;
 ;04:14:54;3.303;0.037;205.8;30.6;;;;;;;;;;;;;;;;;;
 ;04:14:55;3.306;0.030;205.8;30.6;;;;;;;;;;;;;;;;;;
 ;04:14:56;3.304;0.035;205.8;30.6;;;;;;;;;;;;;;;;;;
 ;04:14:57;3.300;0.040;205.8;30.6;;;;;;;;;;;;;;;;;;
 ;04:14:58;3.306;0.030;205.8;30.6;;;;;;;;;;;;;;;;;;
 ;04:14:59;3.305;0.033;205.8;30.6;;;;;;;;;;;;;;;;;;
 ;04:15:00;3.300;0.039;205.8;30.6;;;;;;;;;;;;;;;;;;
 ;04:15:01;3.306;0.030;205.8;30.6;;;;;;;;;;;;;;;;;;
 ;04:15:02;3.305;0.033;205.8;30.6;;;;;;;;;;;;;;;;;;
 ;04:15:03;3.302;0.036;205.8;30.6;;;;;;;;;;;;;;;;;;
 ;04:15:04;3.307;0.028;205.9;30.6;;;;;;;;;;;;;;;;;;
 ;04:15:05;3.303;0.036;205.9;30.6;;;;;;;;;;;;;;;;;;
 ;04:15:06;3.303;0.033;205.9;30.6;;;;;;;;;;;;;;;;;;
 ;04:15:07;3.307;0.029;205.9;30.6;;;;;;;;;;;;;;;;;;
 ;04:15:08;3.301;0.038;205.9;30.6;;;;;;;;;;;;;;;;;;
 ;04:15:09;3.306;0.030;205.9;30.6;;;;;;;;;;;;;;;;;;
 ;04:15:10;3.305;0.033;205.9;30.6;;;;;;;;;;;;;;;;;;
 ;04:15:11;3.302;0.036;205.9;30.6;;;;;;;;;;;;;;;;;;
 ;04:15:12;3.307;0.028;205.9;30.6;;;;;;;;;;;;;;;;;;
 ;04:15:13;3.303;0.036;205.9;30.6;;;;;;;;;;;;;;;;;;
 ;04:15:14;3.305;0.032;205.9;30.6;;;;;;;;;;;;;;;;;;
 ;04:15:15;3.306;0.031;206.0;30.6;;;;;;;;;;;;;;;;;;
 ;04:15:16;3.302;0.036;206.0;30.6;;;;;;;;;;;;;;;;;;
 ;04:15:17;3.307;0.029;206.0;30.6;;;;;;;;;;;;;;;;;;
 ;04:15:18;3.303;0.035;206.0;30.6;;;;;;;;;;;;;;;;;;
 ;04:15:19;3.304;0.032;206.0;30.6;;;;;;;;;;;;;;;;;;
 ;04:15:20;3.307;0.030;206.0;30.6;;;;;;;;;;;;;;;;;;
 ;04:15:21;3.301;0.037;206.0;30.6;;;;;;;;;;;;;;;;;;
 ;04:15:22;3.306;0.029;206.0;30.5;;;;;;;;;;;;;;;;;;
 ;04:15:23;3.304;0.034;206.0;30.5;;;;;;;;;;;;;;;;;;
 ;04:15:24;3.304;0.033;206.0;30.6;;;;;;;;;;;;;;;;;;
 ;04:15:25;3.307;0.029;206.0;30.6;;;;;;;;;;;;;;;;;;
 ;04:15:26;3.301;0.038;206.1;30.6;;;;;;;;;;;;;;;;;;
 ;04:15:27;3.306;0.030;206.1;30.6;;;;;;;;;;;;;;;;;;
 ;04:15:28;3.304;0.034;206.1;30.6;;;;;;;;;;;;;;;;;;
 ;04:15:29;3.304;0.033;206.1;30.5;;;;;;;;;;;;;;;;;;
 ;04:15:30;3.307;0.029;206.1;30.6;;;;;;;;;;;;;;;;;;
 ;04:15:31;3.302;0.036;206.1;30.5;;;;;;;;;;;;;;;;;;
 ;04:15:32;3.306;0.029;206.1;30.6;;;;;;;;;;;;;;;;;;
 ;04:15:33;3.304;0.034;206.1;30.6;;;;;;;;;;;;;;;;;;
 ;04:15:34;3.304;0.032;206.1;30.6;;;;;;;;;;;;;;;;;;
 ;04:15:35;3.307;0.030;206.1;30.6;;;;;;;;;;;;;;;;;;
 ;04:15:36;3.302;0.036;206.2;30.6;;;;;;;;;;;;;;;;;;
 ;04:15:37;3.307;0.029;206.2;30.6;;;;;;;;;;;;;;;;;;
 ;04:15:38;3.303;0.035;206.2;30.6;;;;;;;;;;;;;;;;;;
 ;04:15:39;3.305;0.032;206.2;30.6;;;;;;;;;;;;;;;;;;
 ;04:15:40;3.306;0.031;206.2;30.6;;;;;;;;;;;;;;;;;;
 ;04:15:41;3.303;0.035;206.2;30.5;;;;;;;;;;;;;;;;;;
 ;04:15:42;3.307;0.028;206.2;30.5;;;;;;;;;;;;;;;;;;
 ;04:15:43;3.303;0.036;206.2;30.6;;;;;;;;;;;;;;;;;;
 ;04:15:44;3.305;0.031;206.2;30.5;;;;;;;;;;;;;;;;;;
 ;04:15:45;3.306;0.032;206.2;30.5;;;;;;;;;;;;;;;;;;
 ;04:15:46;3.304;0.033;206.2;30.5;;;;;;;;;;;;;;;;;;
 ;04:15:47;3.308;0.028;206.2;30.6;;;;;;;;;;;;;;;;;;
 ;04:15:48;3.302;0.037;206.3;30.5;;;;;;;;;;;;;;;;;;
 ;04:15:49;3.306;0.030;206.3;30.6;;;;;;;;;;;;;;;;;;
 ;04:15:50;3.304;0.034;206.3;30.6;;;;;;;;;;;;;;;;;;
 ;04:15:51;3.304;0.033;206.3;30.5;;;;;;;;;;;;;;;;;;
 ;04:15:52;3.307;0.029;206.3;30.6;;;;;;;;;;;;;;;;;;
 ;04:15:53;3.303;0.035;206.3;30.6;;;;;;;;;;;;;;;;;;
 ;04:15:54;3.307;0.029;206.3;30.5;;;;;;;;;;;;;;;;;;
 ;04:15:55;3.303;0.035;206.3;30.5;;;;;;;;;;;;;;;;;;
 ;04:15:56;3.305;0.031;206.3;30.5;;;;;;;;;;;;;;;;;;
 ;04:15:57;3.306;0.032;206.3;30.5;;;;;;;;;;;;;;;;;;
 ;04:15:58;3.304;0.033;206.3;30.5;;;;;;;;;;;;;;;;;;
 ;04:15:59;3.308;0.028;206.4;30.5;;;;;;;;;;;;;;;;;;
 ;04:16:00;3.302;0.036;206.4;30.5;;;;;;;;;;;;;;;;;;
 ;04:16:01;3.306;0.029;206.4;30.6;;;;;;;;;;;;;;;;;;
 ;04:16:02;3.304;0.034;206.4;30.6;;;;;;;;;;;;;;;;;;
 ;04:16:03;3.304;0.032;206.4;30.5;;;;;;;;;;;;;;;;;;
 ;04:16:04;3.307;0.030;206.4;30.5;;;;;;;;;;;;;;;;;;
 ;04:16:05;3.303;0.035;206.4;30.5;;;;;;;;;;;;;;;;;;
 ;04:16:06;3.307;0.028;206.4;30.5;;;;;;;;;;;;;;;;;;
 ;04:16:07;3.303;0.036;206.4;30.5;;;;;;;;;;;;;;;;;;
 ;04:16:08;3.306;0.030;206.4;30.5;;;;;;;;;;;;;;;;;;
 ;04:16:09;3.305;0.033;206.4;30.5;;;;;;;;;;;;;;;;;;
 ;04:16:10;3.304;0.033;206.5;30.5;;;;;;;;;;;;;;;;;;
 ;04:16:11;3.307;0.029;206.5;30.5;;;;;;;;;;;;;;;;;;
 ;04:16:12;3.303;0.034;206.5;30.5;;;;;;;;;;;;;;;;;;
 ;04:16:13;3.307;0.028;206.5;30.5;;;;;;;;;;;;;;;;;;
 ;04:16:14;3.303;0.036;206.5;30.6;;;;;;;;;;;;;;;;;;
 ;04:16:15;3.306;0.030;206.5;30.5;;;;;;;;;;;;;;;;;;
 ;04:16:16;3.305;0.033;206.5;30.5;;;;;;;;;;;;;;;;;;
 ;04:16:17;3.304;0.033;206.5;30.5;;;;;;;;;;;;;;;;;;
 ;04:16:18;3.307;0.029;206.5;30.5;;;;;;;;;;;;;;;;;;
 ;04:16:19;3.302;0.035;206.5;30.5;;;;;;;;;;;;;;;;;;
 ;04:16:20;3.307;0.029;206.5;30.5;;;;;;;;;;;;;;;;;;
 ;04:16:21;3.303;0.035;206.6;30.5;;;;;;;;;;;;;;;;;;
 ;04:16:22;3.306;0.030;206.6;30.5;;;;;;;;;;;;;;;;;;
 ;04:16:23;3.305;0.033;206.6;30.5;;;;;;;;;;;;;;;;;;
 ;04:16:24;3.305;0.032;206.6;30.5;;;;;;;;;;;;;;;;;;
 ;04:16:25;3.307;0.030;206.6;30.5;;;;;;;;;;;;;;;;;;
 ;04:16:26;3.303;0.035;206.6;30.5;;;;;;;;;;;;;;;;;;
 ;04:16:27;3.307;0.028;206.6;30.5;;;;;;;;;;;;;;;;;;
 ;04:16:28;3.303;0.036;206.6;30.5;;;;;;;;;;;;;;;;;;
 ;04:16:29;3.306;0.030;206.6;30.5;;;;;;;;;;;;;;;;;;
 ;04:16:30;3.304;0.034;206.6;30.5;;;;;;;;;;;;;;;;;;
 ;04:16:31;3.305;0.031;206.6;30.5;;;;;;;;;;;;;;;;;;
 ;04:16:32;3.306;0.031;206.7;30.5;;;;;;;;;;;;;;;;;;
 ;04:16:33;3.304;0.033;206.7;30.5;;;;;;;;;;;;;;;;;;
 ;04:16:34;3.308;0.028;206.7;30.5;;;;;;;;;;;;;;;;;;
 ;04:16:35;3.303;0.035;206.7;30.5;;;;;;;;;;;;;;;;;;
 ;04:16:36;3.307;0.029;206.7;30.5;;;;;;;;;;;;;;;;;;
 ;04:16:37;3.303;0.035;206.7;30.5;;;;;;;;;;;;;;;;;;
 ;04:16:38;3.306;0.030;206.7;30.5;;;;;;;;;;;;;;;;;;
 ;04:16:39;3.305;0.034;206.7;30.5;;;;;;;;;;;;;;;;;;
 ;04:16:40;3.304;0.032;206.7;30.5;;;;;;;;;;;;;;;;;;
 ;04:16:41;3.307;0.031;206.7;30.5;;;;;;;;;;;;;;;;;;
 ;04:16:42;3.303;0.034;206.7;30.5;;;;;;;;;;;;;;;;;;
 ;04:16:43;3.307;0.028;206.8;30.5;;;;;;;;;;;;;;;;;;
 ;04:16:44;3.303;0.035;206.8;30.5;;;;;;;;;;;;;;;;;;
 ;04:16:45;3.306;0.029;206.8;30.5;;;;;;;;;;;;;;;;;;
 ;04:16:46;3.304;0.034;206.8;30.5;;;;;;;;;;;;;;;;;;
 ;04:16:47;3.305;0.030;206.8;30.5;;;;;;;;;;;;;;;;;;
 ;04:16:48;3.306;0.032;206.8;30.5;;;;;;;;;;;;;;;;;;
 ;04:16:49;3.304;0.032;206.8;30.5;;;;;;;;;;;;;;;;;;
 ;04:16:50;3.307;0.029;206.8;30.5;;;;;;;;;;;;;;;;;;
 ;04:16:51;3.304;0.033;206.8;30.5;;;;;;;;;;;;;;;;;;
 ;04:16:52;3.307;0.028;206.8;30.5;;;;;;;;;;;;;;;;;;
 ;04:16:53;3.303;0.035;206.8;30.5;;;;;;;;;;;;;;;;;;
 ;04:16:54;3.306;0.029;206.9;30.5;;;;;;;;;;;;;;;;;;
 ;04:16:55;3.304;0.035;206.9;30.5;;;;;;;;;;;;;;;;;;
 ;04:16:56;3.305;0.031;206.9;30.5;;;;;;;;;;;;;;;;;;
 ;04:16:57;3.305;0.033;206.9;30.5;;;;;;;;;;;;;;;;;;
 ;04:16:58;3.300;0.039;206.9;30.5;;;;;;;;;;;;;;;;;;
 ;04:16:59;3.305;0.030;206.9;30.5;;;;;;;;;;;;;;;;;;
 ;04:17:00;3.306;0.030;206.9;30.5;;;;;;;;;;;;;;;;;;
 ;04:17:01;3.301;0.038;206.9;30.5;;;;;;;;;;;;;;;;;;
 ;04:17:02;3.305;0.030;206.9;30.5;;;;;;;;;;;;;;;;;;
 ;04:17:03;3.306;0.032;206.9;30.5;;;;;;;;;;;;;;;;;;
 ;04:17:04;3.301;0.037;206.9;30.5;;;;;;;;;;;;;;;;;;
 ;04:17:05;3.307;0.028;207.0;30.5;;;;;;;;;;;;;;;;;;
 ;04:17:06;3.304;0.034;207.0;30.5;;;;;;;;;;;;;;;;;;
 ;04:17:07;3.302;0.034;207.0;30.5;;;;;;;;;;;;;;;;;;
 ;04:17:08;3.307;0.027;207.0;30.5;;;;;;;;;;;;;;;;;;
 ;04:17:09;3.302;0.037;207.0;30.5;;;;;;;;;;;;;;;;;;
 ;04:17:10;3.305;0.031;207.0;30.5;;;;;;;;;;;;;;;;;;
 ;04:17:11;3.306;0.031;207.0;30.5;;;;;;;;;;;;;;;;;;
 ;04:17:12;3.301;0.037;207.0;30.5;;;;;;;;;;;;;;;;;;
 ;04:17:13;3.306;0.028;207.0;30.5;;;;;;;;;;;;;;;;;;
 ;04:17:14;3.304;0.034;207.0;30.5;;;;;;;;;;;;;;;;;;
 ;04:17:15;3.304;0.032;207.0;30.5;;;;;;;;;;;;;;;;;;
 ;04:17:16;3.307;0.029;207.1;30.5;;;;;;;;;;;;;;;;;;
 ;04:17:17;3.301;0.038;207.1;30.5;;;;;;;;;;;;;;;;;;
 ;04:17:18;3.306;0.029;207.1;30.5;;;;;;;;;;;;;;;;;;
 ;04:17:19;3.305;0.033;207.1;30.5;;;;;;;;;;;;;;;;;;
 ;04:17:20;3.302;0.035;207.1;30.5;;;;;;;;;;;;;;;;;;
 ;04:17:21;3.307;0.027;207.1;30.5;;;;;;;;;;;;;;;;;;
 ;04:17:22;3.303;0.036;207.1;30.5;;;;;;;;;;;;;;;;;;
 ;04:17:23;3.305;0.030;207.1;30.5;;;;;;;;;;;;;;;;;;
 ;04:17:24;3.306;0.031;207.1;30.5;;;;;;;;;;;;;;;;;;
 ;04:17:25;3.302;0.035;207.1;30.5;;;;;;;;;;;;;;;;;;
 ;04:17:26;3.307;0.028;207.1;30.5;;;;;;;;;;;;;;;;;;
 ;04:17:27;3.303;0.035;207.2;30.5;;;;;;;;;;;;;;;;;;
 ;04:17:28;3.305;0.030;207.2;30.5;;;;;;;;;;;;;;;;;;
 ;04:17:29;3.306;0.031;207.2;30.5;;;;;;;;;;;;;;;;;;
 ;04:17:30;3.302;0.035;207.2;30.5;;;;;;;;;;;;;;;;;;
 ;04:17:31;3.307;0.027;207.2;30.5;;;;;;;;;;;;;;;;;;
 ;04:17:32;3.303;0.035;207.2;30.5;;;;;;;;;;;;;;;;;;
 ;04:17:33;3.305;0.030;207.2;30.5;;;;;;;;;;;;;;;;;;
 ;04:17:34;3.306;0.031;207.2;30.5;;;;;;;;;;;;;;;;;;
 ;04:17:35;3.303;0.034;207.2;30.5;;;;;;;;;;;;;;;;;;
 ;04:17:36;3.307;0.027;207.2;30.5;;;;;;;;;;;;;;;;;;
 ;04:17:37;3.303;0.036;207.2;30.5;;;;;;;;;;;;;;;;;;
 ;04:17:38;3.305;0.030;207.3;30.5;;;;;;;;;;;;;;;;;;
 ;04:17:39;3.306;0.032;207.3;30.5;;;;;;;;;;;;;;;;;;
 ;04:17:40;3.303;0.033;207.3;30.5;;;;;;;;;;;;;;;;;;
 ;04:17:41;3.307;0.027;207.3;30.5;;;;;;;;;;;;;;;;;;
 ;04:17:42;3.302;0.037;207.3;30.5;;;;;;;;;;;;;;;;;;
 ;04:17:43;3.306;0.029;207.3;30.5;;;;;;;;;;;;;;;;;;
 ;04:17:44;3.305;0.033;207.3;30.5;;;;;;;;;;;;;;;;;;
 ;04:17:45;3.303;0.033;207.3;30.5;;;;;;;;;;;;;;;;;;
 ;04:17:46;3.308;0.028;207.3;30.5;;;;;;;;;;;;;;;;;;
 ;04:17:47;3.302;0.036;207.3;30.5;;;;;;;;;;;;;;;;;;
 ;04:17:48;3.306;0.028;207.3;30.5;;;;;;;;;;;;;;;;;;
 ;04:17:49;3.304;0.034;207.3;30.5;;;;;;;;;;;;;;;;;;
 ;04:17:50;3.304;0.031;207.4;30.5;;;;;;;;;;;;;;;;;;
 ;04:17:51;3.307;0.030;207.4;30.5;;;;;;;;;;;;;;;;;;
 ;04:17:52;3.303;0.034;207.4;30.5;;;;;;;;;;;;;;;;;;
 ;04:17:53;3.307;0.027;207.4;30.5;;;;;;;;;;;;;;;;;;
 ;04:17:54;3.303;0.036;207.4;30.5;;;;;;;;;;;;;;;;;;
 ;04:17:55;3.305;0.030;207.4;30.5;;;;;;;;;;;;;;;;;;
 ;04:17:56;3.306;0.032;207.4;30.5;;;;;;;;;;;;;;;;;;
 ;04:17:57;3.303;0.033;207.4;30.5;;;;;;;;;;;;;;;;;;
 ;04:17:58;3.307;0.027;207.4;30.5;;;;;;;;;;;;;;;;;;
 ;04:17:59;3.302;0.035;207.4;30.5;;;;;;;;;;;;;;;;;;
 ;04:18:00;3.306;0.028;207.4;30.5;;;;;;;;;;;;;;;;;;
 ;04:18:01;3.304;0.034;207.5;30.5;;;;;;;;;;;;;;;;;;
 ;04:18:02;3.304;0.031;207.5;30.5;;;;;;;;;;;;;;;;;;
 ;04:18:03;3.307;0.030;207.5;30.5;;;;;;;;;;;;;;;;;;
 ;04:18:04;3.303;0.034;207.5;30.5;;;;;;;;;;;;;;;;;;
 ;04:18:05;3.307;0.027;207.5;30.5;;;;;;;;;;;;;;;;;;
 ;04:18:06;3.303;0.036;207.5;30.5;;;;;;;;;;;;;;;;;;
 ;04:18:07;3.306;0.029;207.5;30.5;;;;;;;;;;;;;;;;;;
 ;04:18:08;3.305;0.033;207.5;30.5;;;;;;;;;;;;;;;;;;
 ;04:18:09;3.304;0.032;207.5;30.5;;;;;;;;;;;;;;;;;;
 ;04:18:10;3.307;0.029;207.5;30.5;;;;;;;;;;;;;;;;;;
 ;04:18:11;3.303;0.034;207.5;30.5;;;;;;;;;;;;;;;;;;
 ;04:18:12;3.307;0.028;207.6;30.5;;;;;;;;;;;;;;;;;;
 ;04:18:13;3.303;0.035;207.6;30.5;;;;;;;;;;;;;;;;;;
 ;04:18:14;3.305;0.030;207.6;30.5;;;;;;;;;;;;;;;;;;
 ;04:18:15;3.306;0.032;207.6;30.5;;;;;;;;;;;;;;;;;;
 ;04:18:16;3.303;0.032;207.6;30.5;;;;;;;;;;;;;;;;;;
 ;04:18:17;3.308;0.028;207.6;30.5;;;;;;;;;;;;;;;;;;
 ;04:18:18;3.302;0.035;207.6;30.5;;;;;;;;;;;;;;;;;;
 ;04:18:19;3.307;0.028;207.6;30.5;;;;;;;;;;;;;;;;;;
 ;04:18:20;3.304;0.034;207.6;30.5;;;;;;;;;;;;;;;;;;
 ;04:18:21;3.306;0.030;207.6;30.5;;;;;;;;;;;;;;;;;;
 ;04:18:22;3.306;0.032;207.6;30.5;;;;;;;;;;;;;;;;;;
 ;04:18:23;3.305;0.031;207.6;30.5;;;;;;;;;;;;;;;;;;
 ;04:18:24;3.307;0.029;207.7;30.5;;;;;;;;;;;;;;;;;;
 ;04:18:25;3.303;0.034;207.7;30.5;;;;;;;;;;;;;;;;;;
 ;04:18:26;3.307;0.028;207.7;30.5;;;;;;;;;;;;;;;;;;
 ;04:18:27;3.303;0.035;207.7;30.5;;;;;;;;;;;;;;;;;;
 ;04:18:28;3.305;0.030;207.7;30.5;;;;;;;;;;;;;;;;;;
 ;04:18:29;3.305;0.032;207.7;30.5;;;;;;;;;;;;;;;;;;
 ;04:18:30;3.304;0.031;207.7;30.5;;;;;;;;;;;;;;;;;;
 ;04:18:31;3.307;0.029;207.7;30.5;;;;;;;;;;;;;;;;;;
 ;04:18:32;3.303;0.033;207.7;30.5;;;;;;;;;;;;;;;;;;
 ;04:18:33;3.307;0.027;207.7;30.5;;;;;;;;;;;;;;;;;;
 ;04:18:34;3.303;0.035;207.7;30.5;;;;;;;;;;;;;;;;;;
 ;04:18:35;3.306;0.029;207.8;30.5;;;;;;;;;;;;;;;;;;
 ;04:18:36;3.304;0.034;207.8;30.5;;;;;;;;;;;;;;;;;;
 ;04:18:37;3.305;0.030;207.8;30.5;;;;;;;;;;;;;;;;;;
 ;04:18:38;3.306;0.031;207.8;30.5;;;;;;;;;;;;;;;;;;
 ;04:18:39;3.304;0.032;207.8;30.5;;;;;;;;;;;;;;;;;;
 ;04:18:40;3.308;0.028;207.8;30.5;;;;;;;;;;;;;;;;;;
 ;04:18:41;3.303;0.034;207.8;30.5;;;;;;;;;;;;;;;;;;
 ;04:18:42;3.307;0.028;207.8;30.5;;;;;;;;;;;;;;;;;;
 ;04:18:43;3.303;0.035;207.8;30.5;;;;;;;;;;;;;;;;;;
 ;04:18:44;3.306;0.029;207.8;30.5;;;;;;;;;;;;;;;;;;
 ;04:18:45;3.304;0.033;207.8;30.5;;;;;;;;;;;;;;;;;;
 ;04:18:46;3.304;0.031;207.9;30.5;;;;;;;;;;;;;;;;;;
 ;04:18:47;3.306;0.030;207.9;30.5;;;;;;;;;;;;;;;;;;
 ;04:18:48;3.303;0.033;207.9;30.5;;;;;;;;;;;;;;;;;;
 ;04:18:49;3.308;0.027;207.9;30.5;;;;;;;;;;;;;;;;;;
 ;04:18:50;3.303;0.034;207.9;30.5;;;;;;;;;;;;;;;;;;
 ;04:18:51;3.307;0.028;207.9;30.5;;;;;;;;;;;;;;;;;;
 ;04:18:52;3.303;0.035;207.9;30.5;;;;;;;;;;;;;;;;;;
 ;04:18:53;3.306;0.030;207.9;30.5;;;;;;;;;;;;;;;;;;
 ;04:18:54;3.305;0.032;207.9;30.5;;;;;;;;;;;;;;;;;;
 ;04:18:55;3.305;0.031;207.9;30.5;;;;;;;;;;;;;;;;;;
 ;04:18:56;3.306;0.030;207.9;30.5;;;;;;;;;;;;;;;;;;
 ;04:18:57;3.304;0.033;207.9;30.5;;;;;;;;;;;;;;;;;;
 ;04:18:58;3.308;0.027;208.0;30.5;;;;;;;;;;;;;;;;;;
 ;04:18:59;3.303;0.034;208.0;30.5;;;;;;;;;;;;;;;;;;
 ;04:19:00;3.307;0.028;208.0;30.5;;;;;;;;;;;;;;;;;;
 ;04:19:01;3.303;0.035;208.0;30.5;;;;;;;;;;;;;;;;;;
 ;04:19:02;3.306;0.029;208.0;30.5;;;;;;;;;;;;;;;;;;
 ;04:19:03;3.304;0.033;208.0;30.5;;;;;;;;;;;;;;;;;;
 ;04:19:04;3.305;0.031;208.0;30.5;;;;;;;;;;;;;;;;;;
 ;04:19:05;3.306;0.030;208.0;30.5;;;;;;;;;;;;;;;;;;
 ;04:19:06;3.304;0.033;208.0;30.5;;;;;;;;;;;;;;;;;;
 ;04:19:07;3.308;0.027;208.0;30.5;;;;;;;;;;;;;;;;;;
 ;04:19:08;3.303;0.034;208.0;30.5;;;;;;;;;;;;;;;;;;
 ;04:19:09;3.307;0.028;208.1;30.5;;;;;;;;;;;;;;;;;;
 ;04:19:10;3.303;0.034;208.1;30.5;;;;;;;;;;;;;;;;;;
 ;04:19:11;3.300;0.037;208.1;30.5;;;;;;;;;;;;;;;;;;
 ;04:19:12;3.307;0.027;208.1;30.5;;;;;;;;;;;;;;;;;;
 ;04:19:13;3.304;0.033;208.1;30.5;;;;;;;;;;;;;;;;;;
 ;04:19:14;3.301;0.036;208.1;30.5;;;;;;;;;;;;;;;;;;
 ;04:19:15;3.307;0.027;208.1;30.5;;;;;;;;;;;;;;;;;;
 ;04:19:16;3.303;0.033;208.1;30.5;;;;;;;;;;;;;;;;;;
 ;04:19:17;3.302;0.034;208.1;30.5;;;;;;;;;;;;;;;;;;
 ;04:19:18;3.307;0.026;208.1;30.5;;;;;;;;;;;;;;;;;;
 ;04:19:19;3.302;0.035;208.1;30.5;;;;;;;;;;;;;;;;;;
 ;04:19:20;3.305;0.030;208.1;30.5;;;;;;;;;;;;;;;;;;
 ;04:19:21;3.306;0.029;208.2;30.5;;;;;;;;;;;;;;;;;;
 ;04:19:22;3.301;0.036;208.2;30.5;;;;;;;;;;;;;;;;;;
 ;04:19:23;3.306;0.027;208.2;30.5;;;;;;;;;;;;;;;;;;
 ;04:19:24;3.304;0.033;208.2;30.5;;;;;;;;;;;;;;;;;;
 ;04:19:25;3.303;0.033;208.2;30.5;;;;;;;;;;;;;;;;;;
 ;04:19:26;3.308;0.026;208.2;30.5;;;;;;;;;;;;;;;;;;
 ;04:19:27;3.302;0.036;208.2;30.5;;;;;;;;;;;;;;;;;;
 ;04:19:28;3.306;0.029;208.2;30.5;;;;;;;;;;;;;;;;;;
 ;04:19:29;3.305;0.031;208.2;30.5;;;;;;;;;;;;;;;;;;
 ;04:19:30;3.302;0.034;208.2;30.5;;;;;;;;;;;;;;;;;;
 ;04:19:31;3.307;0.026;208.2;30.5;;;;;;;;;;;;;;;;;;
 ;04:19:32;3.303;0.034;208.3;30.5;;;;;;;;;;;;;;;;;;
 ;04:19:33;3.305;0.030;208.3;30.5;;;;;;;;;;;;;;;;;;
 ;04:19:34;3.306;0.029;208.3;30.5;;;;;;;;;;;;;;;;;;
 ;04:19:35;3.301;0.036;208.3;30.5;;;;;;;;;;;;;;;;;;
 ;04:19:36;3.306;0.027;208.3;30.5;;;;;;;;;;;;;;;;;;
 ;04:19:37;3.304;0.033;208.3;30.5;;;;;;;;;;;;;;;;;;
 ;04:19:38;3.304;0.032;208.3;30.5;;;;;;;;;;;;;;;;;;
 ;04:19:39;3.307;0.027;208.3;30.5;;;;;;;;;;;;;;;;;;
 ;04:19:40;3.302;0.035;208.3;30.5;;;;;;;;;;;;;;;;;;
 ;04:19:41;3.306;0.027;208.3;30.5;;;;;;;;;;;;;;;;;;
 ;04:19:42;3.304;0.033;208.3;30.5;;;;;;;;;;;;;;;;;;
 ;04:19:43;3.304;0.032;208.4;30.5;;;;;;;;;;;;;;;;;;
 ;04:19:44;3.307;0.027;208.4;30.5;;;;;;;;;;;;;;;;;;
 ;04:19:45;3.303;0.034;208.4;30.5;;;;;;;;;;;;;;;;;;
 ;04:19:46;3.307;0.027;208.4;30.5;;;;;;;;;;;;;;;;;;
 ;04:19:47;3.303;0.033;208.4;30.5;;;;;;;;;;;;;;;;;;
 ;04:19:48;3.305;0.030;208.4;30.5;;;;;;;;;;;;;;;;;;
 ;04:19:49;3.306;0.029;208.4;30.5;;;;;;;;;;;;;;;;;;
 ;04:19:50;3.303;0.033;208.4;30.5;;;;;;;;;;;;;;;;;;
 ;04:19:51;3.307;0.026;208.4;30.5;;;;;;;;;;;;;;;;;;
 ;04:19:52;3.303;0.034;208.4;30.5;;;;;;;;;;;;;;;;;;
 ;04:19:53;3.305;0.030;208.4;30.5;;;;;;;;;;;;;;;;;;
 ;04:19:54;3.306;0.029;208.4;30.5;;;;;;;;;;;;;;;;;;
 ;04:19:55;3.303;0.032;208.5;30.5;;;;;;;;;;;;;;;;;;
 ;04:19:56;3.307;0.026;208.5;30.5;;;;;;;;;;;;;;;;;;
 ;04:19:57;3.302;0.035;208.5;30.5;;;;;;;;;;;;;;;;;;
 ;04:19:58;3.306;0.029;208.5;30.5;;;;;;;;;;;;;;;;;;
 ;04:19:59;3.305;0.031;208.5;30.5;;;;;;;;;;;;;;;;;;
 ;04:20:00;3.304;0.031;208.5;30.5;;;;;;;;;;;;;;;;;;
 ;04:20:01;3.307;0.027;208.5;30.5;;;;;;;;;;;;;;;;;;
 ;04:20:02;3.303;0.034;208.5;30.5;;;;;;;;;;;;;;;;;;
 ;04:20:03;3.307;0.027;208.5;30.5;;;;;;;;;;;;;;;;;;
 ;04:20:04;3.303;0.033;208.5;30.5;;;;;;;;;;;;;;;;;;
 ;04:20:05;3.305;0.030;208.5;30.5;;;;;;;;;;;;;;;;;;
 ;04:20:06;3.306;0.029;208.5;30.5;;;;;;;;;;;;;;;;;;
 ;04:20:07;3.303;0.032;208.6;30.5;;;;;;;;;;;;;;;;;;
 ;04:20:08;3.307;0.026;208.6;30.5;;;;;;;;;;;;;;;;;;
 ;04:20:09;3.302;0.035;208.6;30.5;;;;;;;;;;;;;;;;;;
 ;04:20:10;3.306;0.029;208.6;30.5;;;;;;;;;;;;;;;;;;
 ;04:20:11;3.305;0.031;208.6;30.5;;;;;;;;;;;;;;;;;;
 ;04:20:12;3.304;0.031;208.6;30.5;;;;;;;;;;;;;;;;;;
 ;04:20:13;3.307;0.027;208.6;30.5;;;;;;;;;;;;;;;;;;
 ;04:20:14;3.302;0.034;208.6;30.5;;;;;;;;;;;;;;;;;;
 ;04:20:15;3.307;0.027;208.6;30.5;;;;;;;;;;;;;;;;;;
 ;04:20:16;3.303;0.033;208.6;30.5;;;;;;;;;;;;;;;;;;
 ;04:20:17;3.305;0.030;208.6;30.5;;;;;;;;;;;;;;;;;;
 ;04:20:18;3.306;0.029;208.6;30.5;;;;;;;;;;;;;;;;;;
 ;04:20:19;3.304;0.031;208.7;30.5;;;;;;;;;;;;;;;;;;
 ;04:20:20;3.308;0.026;208.7;30.5;;;;;;;;;;;;;;;;;;
 ;04:20:21;3.302;0.034;208.7;30.5;;;;;;;;;;;;;;;;;;
 ;04:20:22;3.306;0.027;208.7;30.5;;;;;;;;;;;;;;;;;;
 ;04:20:23;3.304;0.033;208.7;30.5;;;;;;;;;;;;;;;;;;
 ;04:20:24;3.305;0.030;208.7;30.5;;;;;;;;;;;;;;;;;;
 ;04:20:25;3.306;0.029;208.7;30.5;;;;;;;;;;;;;;;;;;
 ;04:20:26;3.303;0.032;208.7;30.5;;;;;;;;;;;;;;;;;;
 ;04:20:27;3.307;0.026;208.7;30.5;;;;;;;;;;;;;;;;;;
 ;04:20:28;3.302;0.035;208.7;30.5;;;;;;;;;;;;;;;;;;
 ;04:20:29;3.306;0.028;208.7;30.5;;;;;;;;;;;;;;;;;;
 ;04:20:30;3.304;0.032;208.8;30.5;;;;;;;;;;;;;;;;;;
 ;04:20:31;3.304;0.031;208.8;30.5;;;;;;;;;;;;;;;;;;
 ;04:20:32;3.307;0.028;208.8;30.5;;;;;;;;;;;;;;;;;;
 ;04:20:33;3.303;0.033;208.8;30.5;;;;;;;;;;;;;;;;;;
 ;04:20:34;3.307;0.026;208.8;30.5;;;;;;;;;;;;;;;;;;
 ;04:20:35;3.303;0.034;208.8;30.5;;;;;;;;;;;;;;;;;;
 ;04:20:36;3.306;0.028;208.8;30.5;;;;;;;;;;;;;;;;;;
 ;04:20:37;3.304;0.032;208.8;30.5;;;;;;;;;;;;;;;;;;
 ;04:20:38;3.304;0.031;208.8;30.5;;;;;;;;;;;;;;;;;;
 ;04:20:39;3.307;0.028;208.8;30.5;;;;;;;;;;;;;;;;;;
 ;04:20:40;3.303;0.033;208.8;30.5;;;;;;;;;;;;;;;;;;
 ;04:20:41;3.307;0.026;208.8;30.5;;;;;;;;;;;;;;;;;;
 ;04:20:42;3.303;0.034;208.9;30.5;;;;;;;;;;;;;;;;;;
 ;04:20:43;3.306;0.028;208.9;30.5;;;;;;;;;;;;;;;;;;
 ;04:20:44;3.304;0.032;208.9;30.5;;;;;;;;;;;;;;;;;;
 ;04:20:45;3.305;0.030;208.9;30.5;;;;;;;;;;;;;;;;;;
 ;04:20:46;3.306;0.029;208.9;30.5;;;;;;;;;;;;;;;;;;
 ;04:20:47;3.304;0.031;208.9;30.5;;;;;;;;;;;;;;;;;;
 ;04:20:48;3.308;0.026;208.9;30.5;;;;;;;;;;;;;;;;;;
 ;04:20:49;3.303;0.033;208.9;30.5;;;;;;;;;;;;;;;;;;
 ;04:20:50;3.307;0.027;208.9;30.5;;;;;;;;;;;;;;;;;;
 ;04:20:51;3.303;0.034;208.9;30.5;;;;;;;;;;;;;;;;;;
 ;04:20:52;3.306;0.029;208.9;30.5;;;;;;;;;;;;;;;;;;
 ;04:20:53;3.305;0.031;208.9;30.5;;;;;;;;;;;;;;;;;;
 ;04:20:54;3.304;0.030;209.0;30.5;;;;;;;;;;;;;;;;;;
 ;04:20:55;3.307;0.028;209.0;30.5;;;;;;;;;;;;;;;;;;
 ;04:20:56;3.303;0.032;209.0;30.5;;;;;;;;;;;;;;;;;;
 ;04:20:57;3.307;0.026;209.0;30.5;;;;;;;;;;;;;;;;;;
 ;04:20:58;3.303;0.034;209.0;30.5;;;;;;;;;;;;;;;;;;
 ;04:20:59;3.306;0.027;209.0;30.5;;;;;;;;;;;;;;;;;;
 ;04:21:00;3.304;0.033;209.0;30.5;;;;;;;;;;;;;;;;;;
 ;04:21:01;3.305;0.029;209.0;30.5;;;;;;;;;;;;;;;;;;
 ;04:21:02;3.306;0.030;209.0;30.5;;;;;;;;;;;;;;;;;;
 ;04:21:03;3.304;0.031;209.0;30.5;;;;;;;;;;;;;;;;;;
 ;04:21:04;3.307;0.027;209.0;30.5;;;;;;;;;;;;;;;;;;
 ;04:21:05;3.303;0.032;209.0;30.5;;;;;;;;;;;;;;;;;;
 ;04:21:06;3.307;0.026;209.1;30.5;;;;;;;;;;;;;;;;;;
 ;04:21:07;3.303;0.033;209.1;30.5;;;;;;;;;;;;;;;;;;
 ;04:21:08;3.306;0.027;209.1;30.5;;;;;;;;;;;;;;;;;;
 ;04:21:09;3.304;0.033;209.1;30.5;;;;;;;;;;;;;;;;;;
 ;04:21:10;3.305;0.029;209.1;30.5;;;;;;;;;;;;;;;;;;
 ;04:21:11;3.306;0.030;209.1;30.5;;;;;;;;;;;;;;;;;;
 ;04:21:12;3.305;0.030;209.1;30.5;;;;;;;;;;;;;;;;;;
 ;04:21:13;3.307;0.028;209.1;30.5;;;;;;;;;;;;;;;;;;
 ;04:21:14;3.303;0.032;209.1;30.5;;;;;;;;;;;;;;;;;;
 ;04:21:15;3.307;0.026;209.1;30.5;;;;;;;;;;;;;;;;;;
 ;04:21:16;3.303;0.034;209.1;30.5;;;;;;;;;;;;;;;;;;
 ;04:21:17;3.306;0.027;209.1;30.5;;;;;;;;;;;;;;;;;;
 ;04:21:18;3.304;0.032;209.2;30.5;;;;;;;;;;;;;;;;;;
 ;04:21:19;3.300;0.037;209.2;30.5;;;;;;;;;;;;;;;;;;
 ;04:21:20;3.306;0.028;209.2;30.5;;;;;;;;;;;;;;;;;;
 ;04:21:21;3.305;0.030;209.2;30.5;;;;;;;;;;;;;;;;;;
 ;04:21:22;3.300;0.037;209.2;30.5;;;;;;;;;;;;;;;;;;
 ;04:21:23;3.306;0.027;209.2;30.5;;;;;;;;;;;;;;;;;;
 ;04:21:24;3.304;0.031;209.2;30.5;;;;;;;;;;;;;;;;;;
 ;04:21:25;3.302;0.033;209.2;30.5;;;;;;;;;;;;;;;;;;
 ;04:21:26;3.307;0.025;209.2;30.5;;;;;;;;;;;;;;;;;;
 ;04:21:27;3.303;0.033;209.2;30.5;;;;;;;;;;;;;;;;;;
 ;04:21:28;3.303;0.031;209.2;30.5;;;;;;;;;;;;;;;;;;
 ;04:21:29;3.307;0.026;209.3;30.5;;;;;;;;;;;;;;;;;;
 ;04:21:30;3.301;0.035;209.3;30.5;;;;;;;;;;;;;;;;;;
 ;04:21:31;3.306;0.028;209.3;30.5;;;;;;;;;;;;;;;;;;
 ;04:21:32;3.305;0.030;209.3;30.5;;;;;;;;;;;;;;;;;;
 ;04:21:33;3.302;0.033;209.3;30.5;;;;;;;;;;;;;;;;;;
 ;04:21:34;3.307;0.025;209.3;30.5;;;;;;;;;;;;;;;;;;
 ;04:21:35;3.303;0.033;209.3;30.5;;;;;;;;;;;;;;;;;;
 ;04:21:36;3.304;0.030;209.3;30.5;;;;;;;;;;;;;;;;;;
 ;04:21:37;3.307;0.027;209.3;30.5;;;;;;;;;;;;;;;;;;
 ;04:21:38;3.301;0.034;209.3;30.5;;;;;;;;;;;;;;;;;;
 ;04:21:39;3.306;0.026;209.3;30.5;;;;;;;;;;;;;;;;;;
 ;04:21:40;3.304;0.032;209.3;30.5;;;;;;;;;;;;;;;;;;
 ;04:21:41;3.303;0.032;209.4;30.5;;;;;;;;;;;;;;;;;;
 ;04:21:42;3.308;0.025;209.4;30.5;;;;;;;;;;;;;;;;;;
 ;04:21:43;3.302;0.034;209.4;30.5;;;;;;;;;;;;;;;;;;
 ;04:21:44;3.306;0.027;209.4;30.5;;;;;;;;;;;;;;;;;;
 ;04:21:45;3.304;0.031;209.4;30.5;;;;;;;;;;;;;;;;;;
 ;04:21:46;3.303;0.031;209.4;30.5;;;;;;;;;;;;;;;;;;
 ;04:21:47;3.308;0.025;209.4;30.5;;;;;;;;;;;;;;;;;;
 ;04:21:48;3.302;0.035;209.4;30.5;;;;;;;;;;;;;;;;;;
 ;04:21:49;3.306;0.028;209.4;30.5;;;;;;;;;;;;;;;;;;
 ;04:21:50;3.305;0.030;209.4;30.5;;;;;;;;;;;;;;;;;;
 ;04:21:51;3.303;0.031;209.4;30.5;;;;;;;;;;;;;;;;;;
 ;04:21:52;3.308;0.025;209.4;30.5;;;;;;;;;;;;;;;;;;
 ;04:21:53;3.302;0.035;209.5;30.5;;;;;;;;;;;;;;;;;;
 ;04:21:54;3.306;0.028;209.5;30.5;;;;;;;;;;;;;;;;;;
 ;04:21:55;3.305;0.030;209.5;30.5;;;;;;;;;;;;;;;;;;
 ;04:21:56;3.303;0.031;209.5;30.5;;;;;;;;;;;;;;;;;;
 ;04:21:57;3.308;0.025;209.5;30.5;;;;;;;;;;;;;;;;;;
 ;04:21:58;3.302;0.035;209.5;30.5;;;;;;;;;;;;;;;;;;
 ;04:21:59;3.306;0.027;209.5;30.5;;;;;;;;;;;;;;;;;;
 ;04:22:00;3.304;0.031;209.5;30.5;;;;;;;;;;;;;;;;;;
 ;04:22:01;3.303;0.031;209.5;30.5;;;;;;;;;;;;;;;;;;
 ;04:22:02;3.308;0.025;209.5;30.5;;;;;;;;;;;;;;;;;;
 ;04:22:03;3.302;0.035;209.5;30.5;;;;;;;;;;;;;;;;;;
 ;04:22:04;3.306;0.027;209.5;30.5;;;;;;;;;;;;;;;;;;
 ;04:22:05;3.304;0.031;209.6;30.5;;;;;;;;;;;;;;;;;;
 ;04:22:06;3.303;0.031;209.6;30.5;;;;;;;;;;;;;;;;;;
 ;04:22:07;3.308;0.025;209.6;30.5;;;;;;;;;;;;;;;;;;
 ;04:22:08;3.302;0.035;209.6;30.5;;;;;;;;;;;;;;;;;;
 ;04:22:09;3.306;0.027;209.6;30.5;;;;;;;;;;;;;;;;;;
 ;04:22:10;3.304;0.031;209.6;30.5;;;;;;;;;;;;;;;;;;
 ;04:22:11;3.304;0.030;209.6;30.5;;;;;;;;;;;;;;;;;;
 ;04:22:12;3.307;0.027;209.6;30.5;;;;;;;;;;;;;;;;;;
 ;04:22:13;3.302;0.033;209.6;30.5;;;;;;;;;;;;;;;;;;
 ;04:22:14;3.307;0.026;209.6;30.5;;;;;;;;;;;;;;;;;;
 ;04:22:15;3.303;0.032;209.6;30.5;;;;;;;;;;;;;;;;;;
 ;04:22:16;3.305;0.028;209.6;30.5;;;;;;;;;;;;;;;;;;
 ;04:22:17;3.306;0.029;209.7;30.5;;;;;;;;;;;;;;;;;;
 ;04:22:18;3.303;0.031;209.7;30.5;;;;;;;;;;;;;;;;;;
 ;04:22:19;3.308;0.025;209.7;30.5;;;;;;;;;;;;;;;;;;
 ;04:22:20;3.302;0.033;209.7;30.5;;;;;;;;;;;;;;;;;;
 ;04:22:21;3.306;0.026;209.7;30.5;;;;;;;;;;;;;;;;;;
 ;04:22:22;3.304;0.032;209.7;30.5;;;;;;;;;;;;;;;;;;
 ;04:22:23;3.305;0.029;209.7;30.5;;;;;;;;;;;;;;;;;;
 ;04:22:24;3.306;0.028;209.7;30.5;;;;;;;;;;;;;;;;;;
 ;04:22:25;3.302;0.033;209.7;30.5;;;;;;;;;;;;;;;;;;
 ;04:22:26;3.307;0.025;209.7;30.5;;;;;;;;;;;;;;;;;;
 ;04:22:27;3.303;0.033;209.7;30.5;;;;;;;;;;;;;;;;;;
 ;04:22:28;3.306;0.028;209.7;30.5;;;;;;;;;;;;;;;;;;
 ;04:22:29;3.305;0.030;209.8;30.5;;;;;;;;;;;;;;;;;;
 ;04:22:30;3.304;0.030;209.8;30.5;;;;;;;;;;;;;;;;;;
 ;04:22:31;3.307;0.026;209.8;30.5;;;;;;;;;;;;;;;;;;
 ;04:22:32;3.302;0.033;209.8;30.5;;;;;;;;;;;;;;;;;;
 ;04:22:33;3.307;0.026;209.8;30.5;;;;;;;;;;;;;;;;;;
 ;04:22:34;3.303;0.032;209.8;30.5;;;;;;;;;;;;;;;;;;
 ;04:22:35;3.305;0.028;209.8;30.5;;;;;;;;;;;;;;;;;;
 ;04:22:36;3.306;0.029;209.8;30.5;;;;;;;;;;;;;;;;;;
 ;04:22:37;3.303;0.032;209.8;30.5;;;;;;;;;;;;;;;;;;
 ;04:22:38;3.307;0.025;209.8;30.5;;;;;;;;;;;;;;;;;;
 ;04:22:39;3.303;0.033;209.8;30.5;;;;;;;;;;;;;;;;;;
 ;04:22:40;3.306;0.026;209.8;30.5;;;;;;;;;;;;;;;;;;
 ;04:22:41;3.304;0.032;209.9;30.5;;;;;;;;;;;;;;;;;;
 ;04:22:42;3.305;0.029;209.9;30.5;;;;;;;;;;;;;;;;;;
 ;04:22:43;3.306;0.028;209.9;30.5;;;;;;;;;;;;;;;;;;
 ;04:22:44;3.303;0.031;209.9;30.5;;;;;;;;;;;;;;;;;;
 ;04:22:45;3.307;0.025;209.9;30.5;;;;;;;;;;;;;;;;;;
 ;04:22:46;3.302;0.034;209.9;30.5;;;;;;;;;;;;;;;;;;
 ;04:22:47;3.306;0.027;209.9;30.5;;;;;;;;;;;;;;;;;;
 ;04:22:48;3.304;0.031;209.9;30.5;;;;;;;;;;;;;;;;;;
 ;04:22:49;3.305;0.029;209.9;30.5;;;;;;;;;;;;;;;;;;
 ;04:22:50;3.306;0.028;209.9;30.5;;;;;;;;;;;;;;;;;;
 ;04:22:51;3.303;0.031;209.9;30.5;;;;;;;;;;;;;;;;;;
 ;04:22:52;3.307;0.025;209.9;30.5;;;;;;;;;;;;;;;;;;
 ;04:22:53;3.302;0.034;210.0;30.5;;;;;;;;;;;;;;;;;;
 ;04:22:54;3.306;0.027;210.0;30.5;;;;;;;;;;;;;;;;;;
 ;04:22:55;3.304;0.031;210.0;30.5;;;;;;;;;;;;;;;;;;
 ;04:22:56;3.305;0.029;210.0;30.5;;;;;;;;;;;;;;;;;;
 ;04:22:57;3.306;0.028;210.0;30.5;;;;;;;;;;;;;;;;;;
 ;04:22:58;3.304;0.030;210.0;30.5;;;;;;;;;;;;;;;;;;
 ;04:22:59;3.308;0.025;210.0;30.5;;;;;;;;;;;;;;;;;;
 ;04:23:00;3.303;0.032;210.0;30.5;;;;;;;;;;;;;;;;;;
 ;04:23:01;3.307;0.026;210.0;30.5;;;;;;;;;;;;;;;;;;
 ;04:23:02;3.303;0.032;210.0;30.5;;;;;;;;;;;;;;;;;;
 ;04:23:03;3.306;0.028;210.0;30.5;;;;;;;;;;;;;;;;;;
 ;04:23:04;3.305;0.030;210.0;30.5;;;;;;;;;;;;;;;;;;
 ;04:23:05;3.304;0.030;210.0;30.5;;;;;;;;;;;;;;;;;;
 ;04:23:06;3.307;0.026;210.1;30.5;;;;;;;;;;;;;;;;;;
 ;04:23:07;3.303;0.031;210.1;30.5;;;;;;;;;;;;;;;;;;
 ;04:23:08;3.307;0.025;210.1;30.5;;;;;;;;;;;;;;;;;;
 ;04:23:09;3.303;0.033;210.1;30.5;;;;;;;;;;;;;;;;;;
 ;04:23:10;3.306;0.027;210.1;30.5;;;;;;;;;;;;;;;;;;
 ;04:23:11;3.304;0.031;210.1;30.5;;;;;;;;;;;;;;;;;;
 ;04:23:12;3.305;0.029;210.1;30.5;;;;;;;;;;;;;;;;;;
 ;04:23:13;3.306;0.028;210.1;30.5;;;;;;;;;;;;;;;;;;
 ;04:23:14;3.304;0.030;210.1;30.5;;;;;;;;;;;;;;;;;;
 ;04:23:15;3.308;0.026;210.1;30.5;;;;;;;;;;;;;;;;;;
 ;04:23:16;3.303;0.032;210.1;30.5;;;;;;;;;;;;;;;;;;
 ;04:23:17;3.307;0.025;210.1;30.5;;;;;;;;;;;;;;;;;;
 ;04:23:18;3.303;0.032;210.2;30.5;;;;;;;;;;;;;;;;;;
 ;04:23:19;3.306;0.027;210.2;30.5;;;;;;;;;;;;;;;;;;
 ;04:23:20;3.305;0.030;210.2;30.5;;;;;;;;;;;;;;;;;;
 ;04:23:21;3.304;0.029;210.2;30.5;;;;;;;;;;;;;;;;;;
 ;04:23:22;3.307;0.027;210.2;30.5;;;;;;;;;;;;;;;;;;
 ;04:23:23;3.303;0.030;210.2;30.5;;;;;;;;;;;;;;;;;;
 ;04:23:24;3.307;0.025;210.2;30.5;;;;;;;;;;;;;;;;;;
 ;04:23:25;3.303;0.032;210.2;30.5;;;;;;;;;;;;;;;;;;
 ;04:23:26;3.306;0.026;210.2;30.5;;;;;;;;;;;;;;;;;;
 ;04:23:27;3.304;0.032;210.2;30.5;;;;;;;;;;;;;;;;;;
 ;04:23:28;3.305;0.028;210.2;30.5;;;;;;;;;;;;;;;;;;
 ;04:23:29;3.305;0.030;210.2;30.5;;;;;;;;;;;;;;;;;;
 ;04:23:30;3.305;0.029;210.3;30.5;;;;;;;;;;;;;;;;;;
 ;04:23:31;3.307;0.028;210.3;30.5;;;;;;;;;;;;;;;;;;
 ;04:23:32;3.303;0.031;210.3;30.5;;;;;;;;;;;;;;;;;;
 ;04:23:33;3.307;0.025;210.3;30.5;;;;;;;;;;;;;;;;;;
 ;04:23:34;3.303;0.033;210.3;30.5;;;;;;;;;;;;;;;;;;
 ;04:23:35;3.306;0.026;210.3;30.5;;;;;;;;;;;;;;;;;;
 ;04:23:36;3.304;0.031;210.3;30.5;;;;;;;;;;;;;;;;;;
 ;04:23:37;3.300;0.035;210.3;30.5;;;;;;;;;;;;;;;;;;
 ;04:23:38;3.306;0.026;210.3;30.5;;;;;;;;;;;;;;;;;;
 ;04:23:39;3.304;0.031;210.3;30.5;;;;;;;;;;;;;;;;;;
 ;04:23:40;3.300;0.036;210.3;30.5;;;;;;;;;;;;;;;;;;
 ;04:23:41;3.306;0.025;210.3;30.5;;;;;;;;;;;;;;;;;;
 ;04:23:42;3.304;0.030;210.4;30.5;;;;;;;;;;;;;;;;;;
 ;04:23:43;3.301;0.033;210.4;30.5;;;;;;;;;;;;;;;;;;
 ;04:23:44;3.307;0.025;210.4;30.5;;;;;;;;;;;;;;;;;;
 ;04:23:45;3.303;0.032;210.4;30.5;;;;;;;;;;;;;;;;;;
 ;04:23:46;3.303;0.030;210.4;30.5;;;;;;;;;;;;;;;;;;
 ;04:23:47;3.307;0.026;210.4;30.5;;;;;;;;;;;;;;;;;;
 ;04:23:48;3.301;0.035;210.4;30.5;;;;;;;;;;;;;;;;;;
 ;04:23:49;3.306;0.026;210.4;30.5;;;;;;;;;;;;;;;;;;
 ;04:23:50;3.305;0.030;210.4;30.5;;;;;;;;;;;;;;;;;;
 ;04:23:51;3.301;0.033;210.4;30.5;;;;;;;;;;;;;;;;;;
 ;04:23:52;3.307;0.024;210.4;30.5;;;;;;;;;;;;;;;;;;
 ;04:23:53;3.303;0.032;210.4;30.5;;;;;;;;;;;;;;;;;;
 ;04:23:54;3.304;0.028;210.5;30.5;;;;;;;;;;;;;;;;;;
 ;04:23:55;3.307;0.027;210.5;30.5;;;;;;;;;;;;;;;;;;
 ;04:23:56;3.301;0.033;210.5;30.5;;;;;;;;;;;;;;;;;;
 ;04:23:57;3.306;0.025;210.5;30.5;;;;;;;;;;;;;;;;;;
 ;04:23:58;3.304;0.031;210.5;30.5;;;;;;;;;;;;;;;;;;
 ;04:23:59;3.303;0.030;210.5;30.5;;;;;;;;;;;;;;;;;;
 ;04:24:00;3.308;0.025;210.5;30.5;;;;;;;;;;;;;;;;;;
 ;04:24:01;3.302;0.034;210.5;30.5;;;;;;;;;;;;;;;;;;
 ;04:24:02;3.306;0.026;210.5;30.5;;;;;;;;;;;;;;;;;;
 ;04:24:03;3.305;0.030;210.5;30.5;;;;;;;;;;;;;;;;;;
 ;04:24:04;3.303;0.030;210.5;30.5;;;;;;;;;;;;;;;;;;
 ;04:24:05;3.307;0.024;210.5;30.5;;;;;;;;;;;;;;;;;;
 ;04:24:06;3.302;0.034;210.6;30.5;;;;;;;;;;;;;;;;;;
 ;04:24:07;3.306;0.026;210.6;30.5;;;;;;;;;;;;;;;;;;
 ;04:24:08;3.305;0.030;210.6;30.5;;;;;;;;;;;;;;;;;;
 ;04:24:09;3.303;0.029;210.6;30.5;;;;;;;;;;;;;;;;;;
 ;04:24:10;3.308;0.025;210.6;30.5;;;;;;;;;;;;;;;;;;
 ;04:24:11;3.302;0.034;210.6;30.5;;;;;;;;;;;;;;;;;;
 ;04:24:12;3.305;0.026;210.6;30.5;;;;;;;;;;;;;;;;;;
 ;04:24:13;3.305;0.030;210.6;30.5;;;;;;;;;;;;;;;;;;
 ;04:24:14;3.303;0.029;210.6;30.5;;;;;;;;;;;;;;;;;;
 ;04:24:15;3.308;0.025;210.6;30.5;;;;;;;;;;;;;;;;;;
 ;04:24:16;3.302;0.033;210.6;30.5;;;;;;;;;;;;;;;;;;
 ;04:24:17;3.306;0.025;210.6;30.5;;;;;;;;;;;;;;;;;;
 ;04:24:18;3.304;0.031;210.6;30.5;;;;;;;;;;;;;;;;;;
 ;04:24:19;3.303;0.030;210.7;30.5;;;;;;;;;;;;;;;;;;
 ;04:24:20;3.308;0.025;210.7;30.5;;;;;;;;;;;;;;;;;;
 ;04:24:21;3.302;0.033;210.7;30.5;;;;;;;;;;;;;;;;;;
 ;04:24:22;3.306;0.025;210.7;30.5;;;;;;;;;;;;;;;;;;
 ;04:24:23;3.304;0.031;210.7;30.5;;;;;;;;;;;;;;;;;;
 ;04:24:24;3.304;0.028;210.7;30.5;;;;;;;;;;;;;;;;;;
 ;04:24:25;3.307;0.027;210.7;30.5;;;;;;;;;;;;;;;;;;
 ;04:24:26;3.302;0.032;210.7;30.5;;;;;;;;;;;;;;;;;;
 ;04:24:27;3.307;0.024;210.7;30.5;;;;;;;;;;;;;;;;;;
 ;04:24:28;3.303;0.032;210.7;30.5;;;;;;;;;;;;;;;;;;
 ;04:24:29;3.305;0.027;210.7;30.5;;;;;;;;;;;;;;;;;;
 ;04:24:30;3.306;0.028;210.7;30.5;;;;;;;;;;;;;;;;;;
 ;04:24:31;3.302;0.031;210.8;30.5;;;;;;;;;;;;;;;;;;
 ;04:24:32;3.307;0.024;210.8;30.5;;;;;;;;;;;;;;;;;;
 ;04:24:33;3.303;0.033;210.8;30.5;;;;;;;;;;;;;;;;;;
 ;04:24:34;3.305;0.027;210.8;30.5;;;;;;;;;;;;;;;;;;
 ;04:24:35;3.306;0.029;210.8;30.5;;;;;;;;;;;;;;;;;;
 ;04:24:36;3.303;0.029;210.8;30.5;;;;;;;;;;;;;;;;;;
 ;04:24:37;3.308;0.025;210.8;30.5;;;;;;;;;;;;;;;;;;
 ;04:24:38;3.302;0.032;210.8;30.5;;;;;;;;;;;;;;;;;;
 ;04:24:39;3.306;0.025;210.8;30.5;;;;;;;;;;;;;;;;;;
 ;04:24:40;3.304;0.031;210.8;30.5;;;;;;;;;;;;;;;;;;
 ;04:24:41;3.305;0.027;210.8;30.5;;;;;;;;;;;;;;;;;;
 ;04:24:42;3.306;0.028;210.8;30.5;;;;;;;;;;;;;;;;;;
 ;04:24:43;3.303;0.030;210.8;30.5;;;;;;;;;;;;;;;;;;
 ;04:24:44;3.307;0.024;210.9;30.5;;;;;;;;;;;;;;;;;;
 ;04:24:45;3.302;0.034;210.9;30.5;;;;;;;;;;;;;;;;;;
 ;04:24:46;3.305;0.026;210.9;30.5;;;;;;;;;;;;;;;;;;
 ;04:24:47;3.305;0.030;210.9;30.5;;;;;;;;;;;;;;;;;;
 ;04:24:48;3.304;0.029;210.9;30.5;;;;;;;;;;;;;;;;;;
 ;04:24:49;3.307;0.026;210.9;30.5;;;;;;;;;;;;;;;;;;
 ;04:24:50;3.303;0.030;210.9;30.5;;;;;;;;;;;;;;;;;;
 ;04:24:51;3.307;0.024;210.9;30.5;;;;;;;;;;;;;;;;;;
 ;04:24:52;3.303;0.033;210.9;30.5;;;;;;;;;;;;;;;;;;
 ;04:24:53;3.306;0.026;210.9;30.5;;;;;;;;;;;;;;;;;;
 ;04:24:54;3.305;0.030;210.9;30.5;;;;;;;;;;;;;;;;;;
 ;04:24:55;3.304;0.029;210.9;30.5;;;;;;;;;;;;;;;;;;
 ;04:24:56;3.307;0.026;211.0;30.5;;;;;;;;;;;;;;;;;;
 ;04:24:57;3.303;0.031;211.0;30.5;;;;;;;;;;;;;;;;;;
 ;04:24:58;3.307;0.025;211.0;30.5;;;;;;;;;;;;;;;;;;
 ;04:24:59;3.303;0.032;211.0;30.5;;;;;;;;;;;;;;;;;;
 ;04:25:00;3.305;0.027;211.0;30.5;;;;;;;;;;;;;;;;;;
 ;04:25:01;3.305;0.029;211.0;30.5;;;;;;;;;;;;;;;;;;
 ;04:25:02;3.303;0.029;211.0;30.5;;;;;;;;;;;;;;;;;;
 ;04:25:03;3.307;0.025;211.0;30.5;;;;;;;;;;;;;;;;;;
 ;04:25:04;3.303;0.031;211.0;30.5;;;;;;;;;;;;;;;;;;
 ;04:25:05;3.307;0.025;211.0;30.5;;;;;;;;;;;;;;;;;;
 ;04:25:06;3.303;0.032;211.0;30.5;;;;;;;;;;;;;;;;;;
 ;04:25:07;3.305;0.027;211.0;30.5;;;;;;;;;;;;;;;;;;
 ;04:25:08;3.306;0.029;211.0;30.5;;;;;;;;;;;;;;;;;;
 ;04:25:09;3.304;0.029;211.1;30.5;;;;;;;;;;;;;;;;;;
 ;04:25:10;3.308;0.025;211.1;30.5;;;;;;;;;;;;;;;;;;
 ;04:25:11;3.303;0.031;211.1;30.5;;;;;;;;;;;;;;;;;;
 ;04:25:12;3.307;0.025;211.1;30.5;;;;;;;;;;;;;;;;;;
 ;04:25:13;3.303;0.032;211.1;30.5;;;;;;;;;;;;;;;;;;
 ;04:25:14;3.306;0.026;211.1;30.5;;;;;;;;;;;;;;;;;;
 ;04:25:15;3.304;0.030;211.1;30.5;;;;;;;;;;;;;;;;;;
 ;04:25:16;3.304;0.029;211.1;30.5;;;;;;;;;;;;;;;;;;
 ;04:25:17;3.307;0.026;211.1;30.5;;;;;;;;;;;;;;;;;;
 ;04:25:18;3.303;0.030;211.1;30.5;;;;;;;;;;;;;;;;;;
 ;04:25:19;3.307;0.024;211.1;30.5;;;;;;;;;;;;;;;;;;
 ;04:25:20;3.303;0.033;211.1;30.5;;;;;;;;;;;;;;;;;;
 ;04:25:21;3.306;0.026;211.2;30.5;;;;;;;;;;;;;;;;;;
 ;04:25:22;3.305;0.030;211.2;30.5;;;;;;;;;;;;;;;;;;
 ;04:25:23;3.305;0.028;211.2;30.5;;;;;;;;;;;;;;;;;;
 ;04:25:24;3.307;0.027;211.2;30.5;;;;;;;;;;;;;;;;;;
 ;04:25:25;3.304;0.029;211.2;30.5;;;;;;;;;;;;;;;;;;
 ;04:25:26;3.307;0.024;211.2;30.5;;;;;;;;;;;;;;;;;;
 ;04:25:27;3.303;0.031;211.2;30.5;;;;;;;;;;;;;;;;;;
 ;04:25:28;3.307;0.025;211.2;30.5;;;;;;;;;;;;;;;;;;
 ;04:25:29;3.303;0.031;211.2;30.5;;;;;;;;;;;;;;;;;;
 ;04:25:30;3.306;0.027;211.2;30.5;;;;;;;;;;;;;;;;;;
 ;04:25:31;3.305;0.029;211.2;30.5;;;;;;;;;;;;;;;;;;
 ;04:25:32;3.304;0.029;211.2;30.5;;;;;;;;;;;;;;;;;;
 ;04:25:33;3.307;0.025;211.2;30.5;;;;;;;;;;;;;;;;;;
 ;04:25:34;3.303;0.031;211.3;30.5;;;;;;;;;;;;;;;;;;
 ;04:25:35;3.307;0.025;211.3;30.5;;;;;;;;;;;;;;;;;;
 ;04:25:36;3.303;0.032;211.3;30.5;;;;;;;;;;;;;;;;;;
 ;04:25:37;3.306;0.026;211.3;30.5;;;;;;;;;;;;;;;;;;
 ;04:25:38;3.304;0.030;211.3;30.5;;;;;;;;;;;;;;;;;;
 ;04:25:39;3.305;0.028;211.3;30.5;;;;;;;;;;;;;;;;;;
 ;04:25:40;3.306;0.027;211.3;30.5;;;;;;;;;;;;;;;;;;
 ;04:25:41;3.304;0.030;211.3;30.5;;;;;;;;;;;;;;;;;;
 ;04:25:42;3.307;0.024;211.3;30.5;;;;;;;;;;;;;;;;;;
 ;04:25:43;3.303;0.031;211.3;30.5;;;;;;;;;;;;;;;;;;
 ;04:25:44;3.307;0.025;211.3;30.5;;;;;;;;;;;;;;;;;;
 ;04:25:45;3.303;0.031;211.3;30.5;;;;;;;;;;;;;;;;;;
 ;04:25:46;3.306;0.027;211.3;30.5;;;;;;;;;;;;;;;;;;
 ;04:25:47;3.305;0.029;211.4;30.5;;;;;;;;;;;;;;;;;;
 ;04:25:48;3.304;0.028;211.4;30.5;;;;;;;;;;;;;;;;;;
 ;04:25:49;3.307;0.026;211.4;30.5;;;;;;;;;;;;;;;;;;
 ;04:25:50;3.304;0.029;211.4;30.5;;;;;;;;;;;;;;;;;;
 ;04:25:51;3.308;0.024;211.4;30.5;;;;;;;;;;;;;;;;;;
 ;04:25:52;3.303;0.031;211.4;30.5;;;;;;;;;;;;;;;;;;
 ;04:25:53;3.307;0.025;211.4;30.5;;;;;;;;;;;;;;;;;;
 ;04:25:54;3.303;0.031;211.4;30.5;;;;;;;;;;;;;;;;;;
 ;04:25:55;3.305;0.027;211.4;30.5;;;;;;;;;;;;;;;;;;
 ;04:25:56;3.305;0.029;211.4;30.5;;;;;;;;;;;;;;;;;;
 ;04:25:57;3.304;0.028;211.4;30.5;;;;;;;;;;;;;;;;;;
 ;04:25:58;3.306;0.026;211.4;30.5;;;;;;;;;;;;;;;;;;
 ;04:25:59;3.301;0.034;211.5;30.5;;;;;;;;;;;;;;;;;;
 ;04:26:00;3.303;0.028;211.5;30.5;;;;;;;;;;;;;;;;;;
 ;04:26:01;3.307;0.024;211.5;30.5;;;;;;;;;;;;;;;;;;
 ;04:26:02;3.301;0.033;211.5;30.5;;;;;;;;;;;;;;;;;;
 ;04:26:03;3.304;0.027;211.5;30.5;;;;;;;;;;;;;;;;;;
 ;04:26:04;3.307;0.025;211.5;30.5;;;;;;;;;;;;;;;;;;
 ;04:26:05;3.301;0.033;211.5;30.5;;;;;;;;;;;;;;;;;;
 ;04:26:06;3.305;0.026;211.5;30.5;;;;;;;;;;;;;;;;;;
 ;04:26:07;3.306;0.027;211.5;30.5;;;;;;;;;;;;;;;;;;
 ;04:26:08;3.302;0.032;211.5;30.5;;;;;;;;;;;;;;;;;;
 ;04:26:09;3.307;0.024;211.5;30.5;;;;;;;;;;;;;;;;;;
 ;04:26:10;3.303;0.030;211.5;30.5;;;;;;;;;;;;;;;;;;
 ;04:26:11;3.303;0.028;211.5;30.5;;;;;;;;;;;;;;;;;;
 ;04:26:12;3.307;0.024;211.6;30.5;;;;;;;;;;;;;;;;;;
 ;04:26:13;3.301;0.033;211.6;30.5;;;;;;;;;;;;;;;;;;
 ;04:26:14;3.306;0.025;211.6;30.5;;;;;;;;;;;;;;;;;;
 ;04:26:15;3.305;0.028;211.6;30.5;;;;;;;;;;;;;;;;;;
 ;04:26:16;3.302;0.031;211.6;30.5;;;;;;;;;;;;;;;;;;
 ;04:26:17;3.307;0.023;211.6;30.5;;;;;;;;;;;;;;;;;;
 ;04:26:18;3.303;0.031;211.6;30.5;;;;;;;;;;;;;;;;;;
 ;04:26:19;3.304;0.027;211.6;30.5;;;;;;;;;;;;;;;;;;
 ;04:26:20;3.307;0.025;211.6;30.5;;;;;;;;;;;;;;;;;;
 ;04:26:21;3.301;0.032;211.6;30.5;;;;;;;;;;;;;;;;;;
 ;04:26:22;3.306;0.024;211.6;30.5;;;;;;;;;;;;;;;;;;
 ;04:26:23;3.304;0.029;211.6;30.5;;;;;;;;;;;;;;;;;;
 ;04:26:24;3.304;0.028;211.6;30.5;;;;;;;;;;;;;;;;;;
 ;04:26:25;3.307;0.024;211.7;30.5;;;;;;;;;;;;;;;;;;
 ;04:26:26;3.301;0.033;211.7;30.5;;;;;;;;;;;;;;;;;;
 ;04:26:27;3.306;0.025;211.7;30.5;;;;;;;;;;;;;;;;;;
 ;04:26:28;3.304;0.029;211.7;30.5;;;;;;;;;;;;;;;;;;
 ;04:26:29;3.304;0.028;211.7;30.5;;;;;;;;;;;;;;;;;;
 ;04:26:30;3.307;0.024;211.7;30.5;;;;;;;;;;;;;;;;;;
 ;04:26:31;3.301;0.033;211.7;30.5;;;;;;;;;;;;;;;;;;
 ;04:26:32;3.306;0.025;211.7;30.5;;;;;;;;;;;;;;;;;;
 ;04:26:33;3.304;0.029;211.7;30.5;;;;;;;;;;;;;;;;;;
 ;04:26:34;3.303;0.029;211.7;30.5;;;;;;;;;;;;;;;;;;
 ;04:26:35;3.308;0.023;211.7;30.5;;;;;;;;;;;;;;;;;;
 ;04:26:36;3.302;0.032;211.7;30.5;;;;;;;;;;;;;;;;;;
 ;04:26:37;3.306;0.025;211.7;30.5;;;;;;;;;;;;;;;;;;
 ;04:26:38;3.304;0.029;211.8;30.5;;;;;;;;;;;;;;;;;;
 ;04:26:39;3.304;0.028;211.8;30.5;;;;;;;;;;;;;;;;;;
 ;04:26:40;3.307;0.024;211.8;30.5;;;;;;;;;;;;;;;;;;
 ;04:26:41;3.301;0.033;211.8;30.5;;;;;;;;;;;;;;;;;;
 ;04:26:42;3.306;0.025;211.8;30.5;;;;;;;;;;;;;;;;;;
 ;04:26:43;3.304;0.029;211.8;30.5;;;;;;;;;;;;;;;;;;
 ;04:26:44;3.304;0.028;211.8;30.5;;;;;;;;;;;;;;;;;;
 ;04:26:45;3.307;0.024;211.8;30.5;;;;;;;;;;;;;;;;;;
 ;04:26:46;3.302;0.032;211.8;30.5;;;;;;;;;;;;;;;;;;
 ;04:26:47;3.306;0.024;211.8;30.5;;;;;;;;;;;;;;;;;;
 ;04:26:48;3.304;0.029;211.8;30.5;;;;;;;;;;;;;;;;;;
 ;04:26:49;3.304;0.027;211.8;30.5;;;;;;;;;;;;;;;;;;
 ;04:26:50;3.307;0.025;211.8;30.5;;;;;;;;;;;;;;;;;;
 ;04:26:51;3.302;0.031;211.9;30.5;;;;;;;;;;;;;;;;;;
 ;04:26:52;3.307;0.024;211.9;30.5;;;;;;;;;;;;;;;;;;
 ;04:26:53;3.303;0.030;211.9;30.5;;;;;;;;;;;;;;;;;;
 ;04:26:54;3.305;0.027;211.9;30.5;;;;;;;;;;;;;;;;;;
 ;04:26:55;3.306;0.026;211.9;30.5;;;;;;;;;;;;;;;;;;
 ;04:26:56;3.302;0.030;211.9;30.5;;;;;;;;;;;;;;;;;;
 ;04:26:57;3.307;0.023;211.9;30.5;;;;;;;;;;;;;;;;;;
 ;04:26:58;3.303;0.031;211.9;30.5;;;;;;;;;;;;;;;;;;
 ;04:26:59;3.305;0.026;211.9;30.5;;;;;;;;;;;;;;;;;;
 ;04:27:00;3.306;0.027;211.9;30.5;;;;;;;;;;;;;;;;;;
 ;04:27:01;3.303;0.028;211.9;30.5;;;;;;;;;;;;;;;;;;
 ;04:27:02;3.308;0.023;211.9;30.5;;;;;;;;;;;;;;;;;;
 ;04:27:03;3.302;0.031;212.0;30.5;;;;;;;;;;;;;;;;;;
 ;04:27:04;3.306;0.024;212.0;30.5;;;;;;;;;;;;;;;;;;
 ;04:27:05;3.304;0.030;212.0;30.5;;;;;;;;;;;;;;;;;;
 ;04:27:06;3.305;0.027;212.0;30.5;;;;;;;;;;;;;;;;;;
 ;04:27:07;3.306;0.026;212.0;30.5;;;;;;;;;;;;;;;;;;
 ;04:27:08;3.302;0.030;212.0;30.5;;;;;;;;;;;;;;;;;;
 ;04:27:09;3.307;0.023;212.0;30.5;;;;;;;;;;;;;;;;;;
 ;04:27:10;3.303;0.031;212.0;30.5;;;;;;;;;;;;;;;;;;
 ;04:27:11;3.305;0.025;212.0;30.5;;;;;;;;;;;;;;;;;;
 ;04:27:12;3.305;0.028;212.0;30.5;;;;;;;;;;;;;;;;;;
 ;04:27:13;3.304;0.028;212.0;30.5;;;;;;;;;;;;;;;;;;
 ;04:27:14;3.307;0.024;212.0;30.5;;;;;;;;;;;;;;;;;;
 ;04:27:15;3.302;0.030;212.0;30.5;;;;;;;;;;;;;;;;;;
 ;04:27:16;3.307;0.024;212.0;30.5;;;;;;;;;;;;;;;;;;
 ;04:27:17;3.303;0.030;212.1;30.5;;;;;;;;;;;;;;;;;;
 ;04:27:18;3.305;0.026;212.1;30.5;;;;;;;;;;;;;;;;;;
 ;04:27:19;3.306;0.027;212.1;30.5;;;;;;;;;;;;;;;;;;
 ;04:27:20;3.303;0.028;212.1;30.5;;;;;;;;;;;;;;;;;;
 ;04:27:21;3.308;0.023;212.1;30.5;;;;;;;;;;;;;;;;;;
 ;04:27:22;3.302;0.031;212.1;30.5;;;;;;;;;;;;;;;;;;
 ;04:27:23;3.306;0.024;212.1;30.5;;;;;;;;;;;;;;;;;;
 ;04:27:24;3.304;0.029;212.1;30.5;;;;;;;;;;;;;;;;;;
 ;04:27:25;3.305;0.027;212.1;30.5;;;;;;;;;;;;;;;;;;
 ;04:27:26;3.306;0.026;212.1;30.5;;;;;;;;;;;;;;;;;;
 ;04:27:27;3.303;0.029;212.1;30.5;;;;;;;;;;;;;;;;;;
 ;04:27:28;3.307;0.023;212.1;30.5;;;;;;;;;;;;;;;;;;
 ;04:27:29;3.303;0.030;212.1;30.5;;;;;;;;;;;;;;;;;;
 ;04:27:30;3.306;0.024;212.2;30.5;;;;;;;;;;;;;;;;;;
 ;04:27:31;3.304;0.029;212.2;30.5;;;;;;;;;;;;;;;;;;
 ;04:27:32;3.305;0.027;212.2;30.5;;;;;;;;;;;;;;;;;;
 ;04:27:33;3.306;0.026;212.2;30.5;;;;;;;;;;;;;;;;;;
 ;04:27:34;3.303;0.029;212.2;30.5;;;;;;;;;;;;;;;;;;
 ;04:27:35;3.307;0.023;212.2;30.5;;;;;;;;;;;;;;;;;;
 ;04:27:36;3.302;0.032;212.2;30.5;;;;;;;;;;;;;;;;;;
 ;04:27:37;3.306;0.025;212.2;30.5;;;;;;;;;;;;;;;;;;
 ;04:27:38;3.304;0.029;212.2;30.5;;;;;;;;;;;;;;;;;;
 ;04:27:39;3.305;0.027;212.2;30.5;;;;;;;;;;;;;;;;;;
 ;04:27:40;3.306;0.026;212.2;30.5;;;;;;;;;;;;;;;;;;
 ;04:27:41;3.304;0.028;212.2;30.5;;;;;;;;;;;;;;;;;;
 ;04:27:42;3.308;0.023;212.2;30.5;;;;;;;;;;;;;;;;;;
 ;04:27:43;3.303;0.030;212.3;30.5;;;;;;;;;;;;;;;;;;
 ;04:27:44;3.307;0.024;212.3;30.5;;;;;;;;;;;;;;;;;;
 ;04:27:45;3.303;0.030;212.3;30.5;;;;;;;;;;;;;;;;;;
 ;04:27:46;3.305;0.026;212.3;30.5;;;;;;;;;;;;;;;;;;
 ;04:27:47;3.305;0.027;212.3;30.5;;;;;;;;;;;;;;;;;;
 ;04:27:48;3.304;0.028;212.3;30.5;;;;;;;;;;;;;;;;;;
 ;04:27:49;3.307;0.024;212.3;30.5;;;;;;;;;;;;;;;;;;
 ;04:27:50;3.302;0.030;212.3;30.5;;;;;;;;;;;;;;;;;;
 ;04:27:51;3.307;0.024;212.3;30.5;;;;;;;;;;;;;;;;;;
 ;04:27:52;3.303;0.030;212.3;30.5;;;;;;;;;;;;;;;;;;
 ;04:27:53;3.306;0.025;212.3;30.5;;;;;;;;;;;;;;;;;;
 ;04:27:54;3.305;0.028;212.3;30.5;;;;;;;;;;;;;;;;;;
 ;04:27:55;3.304;0.027;212.3;30.5;;;;;;;;;;;;;;;;;;
 ;04:27:56;3.307;0.025;212.4;30.5;;;;;;;;;;;;;;;;;;
 ;04:27:57;3.303;0.029;212.4;30.5;;;;;;;;;;;;;;;;;;
 ;04:27:58;3.307;0.023;212.4;30.5;;;;;;;;;;;;;;;;;;
 ;04:27:59;3.303;0.030;212.4;30.5;;;;;;;;;;;;;;;;;;
 ;04:28:00;3.306;0.024;212.4;30.5;;;;;;;;;;;;;;;;;;
 ;04:28:01;3.304;0.029;212.4;30.5;;;;;;;;;;;;;;;;;;
 ;04:28:02;3.305;0.026;212.4;30.5;;;;;;;;;;;;;;;;;;
 ;04:28:03;3.305;0.027;212.4;30.5;;;;;;;;;;;;;;;;;;
 ;04:28:04;3.304;0.028;212.4;30.5;;;;;;;;;;;;;;;;;;
 ;04:28:05;3.307;0.024;212.4;30.5;;;;;;;;;;;;;;;;;;
 ;04:28:06;3.303;0.029;212.4;30.5;;;;;;;;;;;;;;;;;;
 ;04:28:07;3.307;0.023;212.4;30.5;;;;;;;;;;;;;;;;;;
 ;04:28:08;3.302;0.031;212.4;30.5;;;;;;;;;;;;;;;;;;
 ;04:28:09;3.306;0.025;212.5;30.5;;;;;;;;;;;;;;;;;;
 ;04:28:10;3.304;0.029;212.5;30.5;;;;;;;;;;;;;;;;;;
 ;04:28:11;3.305;0.027;212.5;30.5;;;;;;;;;;;;;;;;;;
 ;04:28:12;3.306;0.026;212.5;30.5;;;;;;;;;;;;;;;;;;
 ;04:28:13;3.304;0.028;212.5;30.5;;;;;;;;;;;;;;;;;;
 ;04:28:14;3.307;0.023;212.5;30.5;;;;;;;;;;;;;;;;;;
 ;04:28:15;3.302;0.032;212.5;30.5;;;;;;;;;;;;;;;;;;
 ;04:28:16;3.302;0.030;212.5;30.5;;;;;;;;;;;;;;;;;;
 ;04:28:17;3.308;0.022;212.5;30.5;;;;;;;;;;;;;;;;;;
 ;04:28:18;3.302;0.031;212.5;30.5;;;;;;;;;;;;;;;;;;
 ;04:28:19;3.303;0.029;212.5;30.5;;;;;;;;;;;;;;;;;;
 ;04:28:20;3.308;0.022;212.5;30.5;;;;;;;;;;;;;;;;;;
 ;04:28:21;3.302;0.032;212.5;30.5;;;;;;;;;;;;;;;;;;
 ;04:28:22;3.304;0.027;212.6;30.5;;;;;;;;;;;;;;;;;;
 ;04:28:23;3.307;0.024;212.6;30.5;;;;;;;;;;;;;;;;;;
 ;04:28:24;3.301;0.033;212.6;30.5;;;;;;;;;;;;;;;;;;
 ;04:28:25;3.306;0.025;212.6;30.5;;;;;;;;;;;;;;;;;;
 ;04:28:26;3.305;0.027;212.6;30.5;;;;;;;;;;;;;;;;;;
 ;04:28:27;3.301;0.033;212.6;30.5;;;;;;;;;;;;;;;;;;
 ;04:28:28;3.306;0.024;212.6;30.5;;;;;;;;;;;;;;;;;;
 ;04:28:29;3.304;0.029;212.6;30.5;;;;;;;;;;;;;;;;;;
 ;04:28:30;3.302;0.030;212.6;30.5;;;;;;;;;;;;;;;;;;
 ;04:28:31;3.307;0.022;212.6;30.5;;;;;;;;;;;;;;;;;;
 ;04:28:32;3.302;0.031;212.6;30.5;;;;;;;;;;;;;;;;;;
 ;04:28:33;3.305;0.026;212.6;30.5;;;;;;;;;;;;;;;;;;
 ;04:28:34;3.306;0.026;212.6;30.5;;;;;;;;;;;;;;;;;;
 ;04:28:35;3.302;0.030;212.7;30.5;;;;;;;;;;;;;;;;;;
 ;04:28:36;3.307;0.023;212.7;30.5;;;;;;;;;;;;;;;;;;
 ;04:28:37;3.303;0.030;212.7;30.5;;;;;;;;;;;;;;;;;;
 ;04:28:38;3.304;0.027;212.7;30.5;;;;;;;;;;;;;;;;;;
 ;04:28:39;3.307;0.024;212.7;30.5;;;;;;;;;;;;;;;;;;
 ;04:28:40;3.301;0.031;212.7;30.5;;;;;;;;;;;;;;;;;;
 ;04:28:41;3.306;0.024;212.7;30.5;;;;;;;;;;;;;;;;;;
 ;04:28:42;3.304;0.029;212.7;30.5;;;;;;;;;;;;;;;;;;
 ;04:28:43;3.304;0.028;212.7;30.5;;;;;;;;;;;;;;;;;;
 ;04:28:44;3.307;0.023;212.7;30.5;;;;;;;;;;;;;;;;;;
 ;04:28:45;3.301;0.032;212.7;30.5;;;;;;;;;;;;;;;;;;
 ;04:28:46;3.306;0.024;212.7;30.5;;;;;;;;;;;;;;;;;;
 ;04:28:47;3.304;0.028;212.7;30.5;;;;;;;;;;;;;;;;;;
 ;04:28:48;3.302;0.030;212.8;30.5;;;;;;;;;;;;;;;;;;
 ;04:28:49;3.307;0.022;212.8;30.5;;;;;;;;;;;;;;;;;;
 ;04:28:50;3.302;0.031;212.8;30.5;;;;;;;;;;;;;;;;;;
 ;04:28:51;3.305;0.025;212.8;30.5;;;;;;;;;;;;;;;;;;
 ;04:28:52;3.306;0.026;212.8;30.5;;;;;;;;;;;;;;;;;;
 ;04:28:53;3.303;0.029;212.8;30.5;;;;;;;;;;;;;;;;;;
 ;04:28:54;3.307;0.022;212.8;30.5;;;;;;;;;;;;;;;;;;
 ;04:28:55;3.302;0.031;212.8;30.5;;;;;;;;;;;;;;;;;;
 ;04:28:56;3.306;0.025;212.8;30.5;;;;;;;;;;;;;;;;;;
 ;04:28:57;3.305;0.027;212.8;30.5;;;;;;;;;;;;;;;;;;
 ;04:28:58;3.303;0.029;212.8;30.5;;;;;;;;;;;;;;;;;;
 ;04:28:59;3.307;0.022;212.8;30.5;;;;;;;;;;;;;;;;;;
 ;04:29:00;3.302;0.031;212.8;30.5;;;;;;;;;;;;;;;;;;
 ;04:29:01;3.306;0.025;212.9;30.5;;;;;;;;;;;;;;;;;;
 ;04:29:02;3.305;0.027;212.9;30.5;;;;;;;;;;;;;;;;;;
 ;04:29:03;3.303;0.029;212.9;30.5;;;;;;;;;;;;;;;;;;
 ;04:29:04;3.307;0.022;212.9;30.5;;;;;;;;;;;;;;;;;;
 ;04:29:05;3.302;0.031;212.9;30.5;;;;;;;;;;;;;;;;;;
 ;04:29:06;3.306;0.025;212.9;30.5;;;;;;;;;;;;;;;;;;
 ;04:29:07;3.305;0.027;212.9;30.5;;;;;;;;;;;;;;;;;;
 ;04:29:08;3.303;0.028;212.9;30.5;;;;;;;;;;;;;;;;;;
 ;04:29:09;3.308;0.022;212.9;30.5;;;;;;;;;;;;;;;;;;
 ;04:29:10;3.302;0.032;212.9;30.5;;;;;;;;;;;;;;;;;;
 ;04:29:11;3.306;0.024;212.9;30.5;;;;;;;;;;;;;;;;;;
 ;04:29:12;3.304;0.028;212.9;30.5;;;;;;;;;;;;;;;;;;
 ;04:29:13;3.304;0.028;212.9;30.5;;;;;;;;;;;;;;;;;;
 ;04:29:14;3.307;0.023;212.9;30.5;;;;;;;;;;;;;;;;;;
 ;04:29:15;3.302;0.031;213.0;30.5;;;;;;;;;;;;;;;;;;
 ;04:29:16;3.306;0.024;213.0;30.5;;;;;;;;;;;;;;;;;;
 ;04:29:17;3.304;0.029;213.0;30.5;;;;;;;;;;;;;;;;;;
 ;04:29:18;3.305;0.026;213.0;30.5;;;;;;;;;;;;;;;;;;
 ;04:29:19;3.306;0.025;213.0;30.5;;;;;;;;;;;;;;;;;;
 ;04:29:20;3.302;0.030;213.0;30.5;;;;;;;;;;;;;;;;;;
 ;04:29:21;3.307;0.023;213.0;30.5;;;;;;;;;;;;;;;;;;
 ;04:29:22;3.303;0.030;213.0;30.5;;;;;;;;;;;;;;;;;;
 ;04:29:23;3.305;0.026;213.0;30.5;;;;;;;;;;;;;;;;;;
 ;04:29:24;3.306;0.026;213.0;30.5;;;;;;;;;;;;;;;;;;
 ;04:29:25;3.303;0.028;213.0;30.5;;;;;;;;;;;;;;;;;;
 ;04:29:26;3.308;0.022;213.0;30.5;;;;;;;;;;;;;;;;;;
 ;04:29:27;3.302;0.032;213.0;30.5;;;;;;;;;;;;;;;;;;
 ;04:29:28;3.306;0.024;213.1;30.5;;;;;;;;;;;;;;;;;;
 ;04:29:29;3.304;0.028;213.1;30.5;;;;;;;;;;;;;;;;;;
 ;04:29:30;3.304;0.027;213.1;30.5;;;;;;;;;;;;;;;;;;
 ;04:29:31;3.307;0.024;213.1;30.5;;;;;;;;;;;;;;;;;;
 ;04:29:32;3.302;0.030;213.1;30.5;;;;;;;;;;;;;;;;;;
 ;04:29:33;3.307;0.023;213.1;30.5;;;;;;;;;;;;;;;;;;
 ;04:29:34;3.303;0.030;213.1;30.5;;;;;;;;;;;;;;;;;;
 ;04:29:35;3.305;0.025;213.1;30.5;;;;;;;;;;;;;;;;;;
 ;04:29:36;3.306;0.026;213.1;30.5;;;;;;;;;;;;;;;;;;
 ;04:29:37;3.303;0.028;213.1;30.5;;;;;;;;;;;;;;;;;;
 ;04:29:38;3.308;0.022;213.1;30.5;;;;;;;;;;;;;;;;;;
 ;04:29:39;3.302;0.030;213.1;30.5;;;;;;;;;;;;;;;;;;
 ;04:29:40;3.306;0.024;213.1;30.5;;;;;;;;;;;;;;;;;;
 ;04:29:41;3.304;0.029;213.2;30.5;;;;;;;;;;;;;;;;;;
 ;04:29:42;3.305;0.026;213.2;30.5;;;;;;;;;;;;;;;;;;
 ;04:29:43;3.306;0.025;213.2;30.5;;;;;;;;;;;;;;;;;;
 ;04:29:44;3.303;0.029;213.2;30.5;;;;;;;;;;;;;;;;;;
 ;04:29:45;3.307;0.022;213.2;30.5;;;;;;;;;;;;;;;;;;
 ;04:29:46;3.302;0.031;213.2;30.5;;;;;;;;;;;;;;;;;;
 ;04:29:47;3.306;0.024;213.2;30.5;;;;;;;;;;;;;;;;;;
 ;04:29:48;3.304;0.028;213.2;30.5;;;;;;;;;;;;;;;;;;
 ;04:29:49;3.304;0.026;213.2;30.5;;;;;;;;;;;;;;;;;;
 ;04:29:50;3.307;0.024;213.2;30.5;;;;;;;;;;;;;;;;;;
 ;04:29:51;3.303;0.029;213.2;30.5;;;;;;;;;;;;;;;;;;
 ;04:29:52;3.307;0.023;213.2;30.5;;;;;;;;;;;;;;;;;;
 ;04:29:53;3.303;0.031;213.2;30.5;;;;;;;;;;;;;;;;;;
 ;04:29:54;3.305;0.025;213.2;30.5;;;;;;;;;;;;;;;;;;
 ;04:29:55;3.305;0.028;213.3;30.5;;;;;;;;;;;;;;;;;;
 ;04:29:56;3.304;0.027;213.3;30.5;;;;;;;;;;;;;;;;;;
 ;04:29:57;3.307;0.024;213.3;30.5;;;;;;;;;;;;;;;;;;
 ;04:29:58;3.302;0.030;213.3;30.5;;;;;;;;;;;;;;;;;;
 ;04:29:59;3.307;0.023;213.3;30.5;;;;;;;;;;;;;;;;;;
 ;04:30:00;3.303;0.029;213.3;30.5;;;;;;;;;;;;;;;;;;
 ;04:30:01;3.306;0.024;213.3;30.5;;;;;;;;;;;;;;;;;;
 ;04:30:02;3.305;0.027;213.3;30.5;;;;;;;;;;;;;;;;;;
 ;04:30:03;3.304;0.027;213.3;30.5;;;;;;;;;;;;;;;;;;
 ;04:30:04;3.307;0.023;213.3;30.5;;;;;;;;;;;;;;;;;;
 ;04:30:05;3.302;0.029;213.3;30.5;;;;;;;;;;;;;;;;;;
 ;04:30:06;3.307;0.023;213.3;30.5;;;;;;;;;;;;;;;;;;
 ;04:30:07;3.303;0.030;213.3;30.5;;;;;;;;;;;;;;;;;;
 ;04:30:08;3.306;0.025;213.4;30.5;;;;;;;;;;;;;;;;;;
 ;04:30:09;3.305;0.028;213.4;30.5;;;;;;;;;;;;;;;;;;
 ;04:30:10;3.304;0.026;213.4;30.5;;;;;;;;;;;;;;;;;;
 ;04:30:11;3.307;0.025;213.4;30.5;;;;;;;;;;;;;;;;;;
 ;04:30:12;3.303;0.029;213.4;30.5;;;;;;;;;;;;;;;;;;
 ;04:30:13;3.307;0.022;213.4;30.5;;;;;;;;;;;;;;;;;;
 ;04:30:14;3.303;0.030;213.4;30.5;;;;;;;;;;;;;;;;;;
 ;04:30:15;3.306;0.024;213.4;30.5;;;;;;;;;;;;;;;;;;
 ;04:30:16;3.304;0.028;213.4;30.5;;;;;;;;;;;;;;;;;;
 ;04:30:17;3.305;0.025;213.4;30.5;;;;;;;;;;;;;;;;;;
 ;04:30:18;3.306;0.026;213.4;30.5;;;;;;;;;;;;;;;;;;
 ;04:30:19;3.304;0.027;213.4;30.5;;;;;;;;;;;;;;;;;;
 ;04:30:20;3.308;0.023;213.4;30.5;;;;;;;;;;;;;;;;;;
 ;04:30:21;3.302;0.030;213.4;30.5;;;;;;;;;;;;;;;;;;
 ;04:30:22;3.306;0.023;213.5;30.5;;;;;;;;;;;;;;;;;;
 ;04:30:23;3.304;0.029;213.5;30.5;;;;;;;;;;;;;;;;;;
 ;04:30:24;3.305;0.025;213.5;30.5;;;;;;;;;;;;;;;;;;
 ;04:30:25;3.306;0.026;213.5;30.5;;;;;;;;;;;;;;;;;;
 ;04:30:26;3.304;0.027;213.5;30.5;;;;;;;;;;;;;;;;;;
 ;04:30:27;3.308;0.023;213.5;30.5;;;;;;;;;;;;;;;;;;
 ;04:30:28;3.303;0.029;213.5;30.5;;;;;;;;;;;;;;;;;;
 ;04:30:29;3.307;0.023;213.5;30.5;;;;;;;;;;;;;;;;;;
 ;04:30:30;3.303;0.030;213.5;30.5;;;;;;;;;;;;;;;;;;
 ;04:30:31;3.306;0.024;213.5;30.5;;;;;;;;;;;;;;;;;;
 ;04:30:32;3.305;0.028;213.5;30.5;;;;;;;;;;;;;;;;;;
 ;04:30:33;3.304;0.026;213.5;30.5;;;;;;;;;;;;;;;;;;
 ;04:30:34;3.307;0.025;213.5;30.5;;;;;;;;;;;;;;;;;;
 ;04:30:35;3.303;0.028;213.6;30.5;;;;;;;;;;;;;;;;;;
 ;04:30:36;3.307;0.022;213.6;30.5;;;;;;;;;;;;;;;;;;
 ;04:30:37;3.303;0.029;213.6;30.5;;;;;;;;;;;;;;;;;;
 ;04:30:38;3.306;0.023;213.6;30.5;;;;;;;;;;;;;;;;;;
 ;04:30:39;3.304;0.029;213.6;30.5;;;;;;;;;;;;;;;;;;
 ;04:30:40;3.305;0.025;213.6;30.5;;;;;;;;;;;;;;;;;;
 ;04:30:41;3.305;0.027;213.6;30.5;;;;;;;;;;;;;;;;;;
 ;04:30:42;3.304;0.026;213.6;30.5;;;;;;;;;;;;;;;;;;
 ;04:30:43;3.307;0.024;213.6;30.5;;;;;;;;;;;;;;;;;;
 ;04:30:44;3.301;0.032;213.6;30.5;;;;;;;;;;;;;;;;;;
 ;04:30:45;3.302;0.028;213.6;30.5;;;;;;;;;;;;;;;;;;
 ;04:30:46;3.307;0.021;213.6;30.5;;;;;;;;;;;;;;;;;;
 ;04:30:47;3.302;0.031;213.6;30.5;;;;;;;;;;;;;;;;;;
 ;04:30:48;3.302;0.028;213.7;30.5;;;;;;;;;;;;;;;;;;
 ;04:30:49;3.307;0.021;213.7;30.5;;;;;;;;;;;;;;;;;;
 ;04:30:50;3.302;0.031;213.7;30.5;;;;;;;;;;;;;;;;;;
 ;04:30:51;3.303;0.026;213.7;30.5;;;;;;;;;;;;;;;;;;
 ;04:30:52;3.307;0.023;213.7;30.5;;;;;;;;;;;;;;;;;;
 ;04:30:53;3.301;0.032;213.7;30.5;;;;;;;;;;;;;;;;;;
 ;04:30:54;3.305;0.024;213.7;30.5;;;;;;;;;;;;;;;;;;
 ;04:30:55;3.306;0.026;213.7;30.5;;;;;;;;;;;;;;;;;;
 ;04:30:56;3.301;0.030;213.7;30.5;;;;;;;;;;;;;;;;;;
 ;04:30:57;3.306;0.022;213.7;30.5;;;;;;;;;;;;;;;;;;
 ;04:30:58;3.304;0.028;213.7;30.5;;;;;;;;;;;;;;;;;;
 ;04:30:59;3.303;0.027;213.7;30.5;;;;;;;;;;;;;;;;;;
 ;04:31:00;3.308;0.022;213.7;30.5;;;;;;;;;;;;;;;;;;
 ;04:31:01;3.302;0.031;213.7;30.5;;;;;;;;;;;;;;;;;;
 ;04:31:02;3.305;0.024;213.8;30.5;;;;;;;;;;;;;;;;;;
 ;04:31:03;3.306;0.026;213.8;30.5;;;;;;;;;;;;;;;;;;
 ;04:31:04;3.301;0.029;213.8;30.5;;;;;;;;;;;;;;;;;;
 ;04:31:05;3.307;0.021;213.8;30.5;;;;;;;;;;;;;;;;;;
 ;04:31:06;3.303;0.029;213.8;30.5;;;;;;;;;;;;;;;;;;
 ;04:31:07;3.304;0.025;213.8;30.5;;;;;;;;;;;;;;;;;;
 ;04:31:08;3.307;0.024;213.8;30.5;;;;;;;;;;;;;;;;;;
 ;04:31:09;3.301;0.031;213.8;30.5;;;;;;;;;;;;;;;;;;
 ;04:31:10;3.306;0.022;213.8;30.5;;;;;;;;;;;;;;;;;;
 ;04:31:11;3.304;0.028;213.8;30.5;;;;;;;;;;;;;;;;;;
 ;04:31:12;3.302;0.028;213.8;30.5;;;;;;;;;;;;;;;;;;
 ;04:31:13;3.307;0.021;213.8;30.5;;;;;;;;;;;;;;;;;;
 ;04:31:14;3.302;0.031;213.8;30.5;;;;;;;;;;;;;;;;;;
 ;04:31:15;3.305;0.024;213.8;30.5;;;;;;;;;;;;;;;;;;
 ;04:31:16;3.306;0.026;213.9;30.5;;;;;;;;;;;;;;;;;;
 ;04:31:17;3.302;0.028;213.9;30.5;;;;;;;;;;;;;;;;;;
 ;04:31:18;3.307;0.021;213.9;30.5;;;;;;;;;;;;;;;;;;
 ;04:31:19;3.303;0.030;213.9;30.5;;;;;;;;;;;;;;;;;;
 ;04:31:20;3.304;0.024;213.9;30.5;;;;;;;;;;;;;;;;;;
 ;04:31:21;3.306;0.025;213.9;30.5;;;;;;;;;;;;;;;;;;
 ;04:31:22;3.302;0.029;213.9;30.5;;;;;;;;;;;;;;;;;;
 ;04:31:23;3.307;0.021;213.9;30.5;;;;;;;;;;;;;;;;;;
 ;04:31:24;3.303;0.029;213.9;30.5;;;;;;;;;;;;;;;;;;
 ;04:31:25;3.305;0.024;213.9;30.5;;;;;;;;;;;;;;;;;;
 ;04:31:26;3.306;0.025;213.9;30.5;;;;;;;;;;;;;;;;;;
 ;04:31:27;3.302;0.029;213.9;30.5;;;;;;;;;;;;;;;;;;
 ;04:31:28;3.307;0.021;213.9;30.5;;;;;;;;;;;;;;;;;;
 ;04:31:29;3.303;0.029;214.0;30.5;;;;;;;;;;;;;;;;;;
 ;04:31:30;3.304;0.025;214.0;30.5;;;;;;;;;;;;;;;;;;
 ;04:31:31;3.306;0.024;214.0;30.5;;;;;;;;;;;;;;;;;;
 ;04:31:32;3.301;0.030;214.0;30.5;;;;;;;;;;;;;;;;;;
 ;04:31:33;3.307;0.022;214.0;30.5;;;;;;;;;;;;;;;;;;
 ;04:31:34;3.304;0.028;214.0;30.5;;;;;;;;;;;;;;;;;;
 ;04:31:35;3.305;0.025;214.0;30.5;;;;;;;;;;;;;;;;;;
 ;04:31:36;3.307;0.024;214.0;30.5;;;;;;;;;;;;;;;;;;
 ;04:31:37;3.302;0.029;214.0;30.5;;;;;;;;;;;;;;;;;;
 ;04:31:38;3.307;0.021;214.0;30.5;;;;;;;;;;;;;;;;;;
 ;04:31:39;3.303;0.029;214.0;30.5;;;;;;;;;;;;;;;;;;
 ;04:31:40;3.305;0.024;214.0;30.5;;;;;;;;;;;;;;;;;;
 ;04:31:41;3.306;0.025;214.0;30.5;;;;;;;;;;;;;;;;;;
 ;04:31:42;3.302;0.028;214.0;30.5;;;;;;;;;;;;;;;;;;
 ;04:31:43;3.307;0.021;214.1;30.5;;;;;;;;;;;;;;;;;;
 ;04:31:44;3.303;0.030;214.1;30.5;;;;;;;;;;;;;;;;;;
 ;04:31:45;3.305;0.024;214.1;30.5;;;;;;;;;;;;;;;;;;
 ;04:31:46;3.306;0.026;214.1;30.5;;;;;;;;;;;;;;;;;;
 ;04:31:47;3.303;0.027;214.1;30.5;;;;;;;;;;;;;;;;;;
 ;04:31:48;3.307;0.021;214.1;30.5;;;;;;;;;;;;;;;;;;
 ;04:31:49;3.302;0.031;214.1;30.5;;;;;;;;;;;;;;;;;;
 ;04:31:50;3.305;0.023;214.1;30.5;;;;;;;;;;;;;;;;;;
 ;04:31:51;3.304;0.027;214.1;30.5;;;;;;;;;;;;;;;;;;
 ;04:31:52;3.304;0.026;214.1;30.5;;;;;;;;;;;;;;;;;;
 ;04:31:53;3.307;0.023;214.1;30.5;;;;;;;;;;;;;;;;;;
 ;04:31:54;3.302;0.029;214.1;30.5;;;;;;;;;;;;;;;;;;
 ;04:31:55;3.307;0.022;214.1;30.5;;;;;;;;;;;;;;;;;;
 ;04:31:56;3.304;0.028;214.1;30.5;;;;;;;;;;;;;;;;;;
 ;04:31:57;3.305;0.025;214.2;30.5;;;;;;;;;;;;;;;;;;
 ;04:31:58;3.306;0.024;214.2;30.5;;;;;;;;;;;;;;;;;;
 ;04:31:59;3.302;0.028;214.2;30.5;;;;;;;;;;;;;;;;;;
 ;04:32:00;3.307;0.021;214.2;30.5;;;;;;;;;;;;;;;;;;
 ;04:32:01;3.303;0.029;214.2;30.5;;;;;;;;;;;;;;;;;;
 ;04:32:02;3.305;0.024;214.2;30.5;;;;;;;;;;;;;;;;;;
 ;04:32:03;3.305;0.026;214.2;30.5;;;;;;;;;;;;;;;;;;
 ;04:32:04;3.303;0.027;214.2;30.5;;;;;;;;;;;;;;;;;;
 ;04:32:05;3.308;0.021;214.2;30.5;;;;;;;;;;;;;;;;;;
 ;04:32:06;3.302;0.029;214.2;30.5;;;;;;;;;;;;;;;;;;
 ;04:32:07;3.306;0.022;214.2;30.5;;;;;;;;;;;;;;;;;;
 ;04:32:08;3.304;0.028;214.2;30.5;;;;;;;;;;;;;;;;;;
 ;04:32:09;3.305;0.025;214.2;30.5;;;;;;;;;;;;;;;;;;
 ;04:32:10;3.306;0.024;214.2;30.5;;;;;;;;;;;;;;;;;;
 ;04:32:11;3.303;0.027;214.3;30.5;;;;;;;;;;;;;;;;;;
 ;04:32:12;3.307;0.021;214.3;30.5;;;;;;;;;;;;;;;;;;
 ;04:32:13;3.302;0.030;214.3;30.5;;;;;;;;;;;;;;;;;;
 ;04:32:14;3.306;0.023;214.3;30.5;;;;;;;;;;;;;;;;;;
 ;04:32:15;3.304;0.027;214.3;30.5;;;;;;;;;;;;;;;;;;
 ;04:32:16;3.304;0.026;214.3;30.5;;;;;;;;;;;;;;;;;;
 ;04:32:17;3.307;0.023;214.3;30.5;;;;;;;;;;;;;;;;;;
 ;04:32:18;3.303;0.028;214.3;30.5;;;;;;;;;;;;;;;;;;
 ;04:32:19;3.307;0.021;214.3;30.5;;;;;;;;;;;;;;;;;;
 ;04:32:20;3.303;0.029;214.3;30.5;;;;;;;;;;;;;;;;;;
 ;04:32:21;3.305;0.024;214.3;30.5;;;;;;;;;;;;;;;;;;
 ;04:32:22;3.305;0.026;214.3;30.5;;;;;;;;;;;;;;;;;;
 ;04:32:23;3.304;0.026;214.3;30.5;;;;;;;;;;;;;;;;;;
 ;04:32:24;3.307;0.022;214.3;30.5;;;;;;;;;;;;;;;;;;
 ;04:32:25;3.302;0.029;214.4;30.5;;;;;;;;;;;;;;;;;;
 ;04:32:26;3.307;0.022;214.4;30.5;;;;;;;;;;;;;;;;;;
 ;04:32:27;3.303;0.028;214.4;30.5;;;;;;;;;;;;;;;;;;
 ;04:32:28;3.305;0.024;214.4;30.5;;;;;;;;;;;;;;;;;;
 ;04:32:29;3.306;0.025;214.4;30.5;;;;;;;;;;;;;;;;;;
 ;04:32:30;3.303;0.027;214.4;30.5;;;;;;;;;;;;;;;;;;
 ;04:32:31;3.308;0.021;214.4;30.5;;;;;;;;;;;;;;;;;;
 ;04:32:32;3.302;0.029;214.4;30.5;;;;;;;;;;;;;;;;;;
 ;04:32:33;3.306;0.022;214.4;30.5;;;;;;;;;;;;;;;;;;
 ;04:32:34;3.304;0.028;214.4;30.5;;;;;;;;;;;;;;;;;;
 ;04:32:35;3.305;0.025;214.4;30.5;;;;;;;;;;;;;;;;;;
 ;04:32:36;3.306;0.024;214.4;30.5;;;;;;;;;;;;;;;;;;
 ;04:32:37;3.304;0.026;214.4;30.5;;;;;;;;;;;;;;;;;;
 ;04:32:38;3.308;0.021;214.4;30.5;;;;;;;;;;;;;;;;;;
 ;04:32:39;3.302;0.029;214.5;30.5;;;;;;;;;;;;;;;;;;
 ;04:32:40;3.306;0.022;214.5;30.5;;;;;;;;;;;;;;;;;;
 ;04:32:41;3.304;0.028;214.5;30.5;;;;;;;;;;;;;;;;;;
 ;04:32:42;3.305;0.024;214.5;30.5;;;;;;;;;;;;;;;;;;
 ;04:32:43;3.306;0.025;214.5;30.5;;;;;;;;;;;;;;;;;;
 ;04:32:44;3.303;0.027;214.5;30.5;;;;;;;;;;;;;;;;;;
 ;04:32:45;3.307;0.021;214.5;30.5;;;;;;;;;;;;;;;;;;
 ;04:32:46;3.303;0.028;214.5;30.5;;;;;;;;;;;;;;;;;;
 ;04:32:47;3.307;0.022;214.5;30.5;;;;;;;;;;;;;;;;;;
 ;04:32:48;3.303;0.028;214.5;30.5;;;;;;;;;;;;;;;;;;
 ;04:32:49;3.306;0.024;214.5;30.5;;;;;;;;;;;;;;;;;;
 ;04:32:50;3.305;0.026;214.5;30.5;;;;;;;;;;;;;;;;;;
 ;04:32:51;3.304;0.026;214.5;30.5;;;;;;;;;;;;;;;;;;
 ;04:32:52;3.307;0.022;214.5;30.5;;;;;;;;;;;;;;;;;;
 ;04:32:53;3.303;0.028;214.6;30.5;;;;;;;;;;;;;;;;;;
 ;04:32:54;3.307;0.021;214.6;30.5;;;;;;;;;;;;;;;;;;
 ;04:32:55;3.303;0.029;214.6;30.5;;;;;;;;;;;;;;;;;;
 ;04:32:56;3.306;0.023;214.6;30.5;;;;;;;;;;;;;;;;;;
 ;04:32:57;3.304;0.027;214.6;30.5;;;;;;;;;;;;;;;;;;
 ;04:32:58;3.304;0.026;214.6;30.5;;;;;;;;;;;;;;;;;;
 ;04:32:59;3.307;0.023;214.6;30.5;;;;;;;;;;;;;;;;;;
 ;04:33:00;3.303;0.027;214.6;30.5;;;;;;;;;;;;;;;;;;
 ;04:33:01;3.307;0.021;214.6;30.5;;;;;;;;;;;;;;;;;;
 ;04:33:02;3.303;0.029;214.6;30.5;;;;;;;;;;;;;;;;;;
 ;04:33:03;3.306;0.023;214.6;30.5;;;;;;;;;;;;;;;;;;
 ;04:33:04;3.304;0.028;214.6;30.5;;;;;;;;;;;;;;;;;;
 ;04:33:05;3.305;0.024;214.6;30.5;;;;;;;;;;;;;;;;;;
 ;04:33:06;3.305;0.025;214.6;30.5;;;;;;;;;;;;;;;;;;
 ;04:33:07;3.304;0.026;214.7;30.5;;;;;;;;;;;;;;;;;;
 ;04:33:08;3.307;0.022;214.7;30.5;;;;;;;;;;;;;;;;;;
 ;04:33:09;3.303;0.028;214.7;30.5;;;;;;;;;;;;;;;;;;
 ;04:33:10;3.307;0.022;214.7;30.5;;;;;;;;;;;;;;;;;;
 ;04:33:11;3.303;0.029;214.7;30.5;;;;;;;;;;;;;;;;;;
 ;04:33:12;3.306;0.023;214.7;30.5;;;;;;;;;;;;;;;;;;
 ;04:33:13;3.304;0.027;214.7;30.5;;;;;;;;;;;;;;;;;;
 ;04:33:14;3.305;0.025;214.7;30.5;;;;;;;;;;;;;;;;;;
 ;04:33:15;3.306;0.024;214.7;30.5;;;;;;;;;;;;;;;;;;
 ;04:33:16;3.304;0.026;214.7;30.5;;;;;;;;;;;;;;;;;;
 ;04:33:17;3.307;0.021;214.7;30.5;;;;;;;;;;;;;;;;;;
 ;04:33:18;3.303;0.028;214.7;30.5;;;;;;;;;;;;;;;;;;
 ;04:33:19;3.307;0.022;214.7;30.5;;;;;;;;;;;;;;;;;;
 ;04:33:20;3.303;0.028;214.7;30.5;;;;;;;;;;;;;;;;;;
 ;04:33:21;3.305;0.024;214.8;30.5;;;;;;;;;;;;;;;;;;
 ;04:33:22;3.305;0.026;214.8;30.5;;;;;;;;;;;;;;;;;;
 ;04:33:23;3.300;0.032;214.8;30.5;;;;;;;;;;;;;;;;;;
 ;04:33:24;3.305;0.024;214.8;30.5;;;;;;;;;;;;;;;;;;
 ;04:33:25;3.306;0.023;214.8;30.5;;;;;;;;;;;;;;;;;;
 ;04:33:26;3.301;0.031;214.8;30.5;;;;;;;;;;;;;;;;;;
 ;04:33:27;3.305;0.024;214.8;30.5;;;;;;;;;;;;;;;;;;
 ;04:33:28;3.306;0.023;214.8;30.5;;;;;;;;;;;;;;;;;;
 ;04:33:29;3.301;0.031;214.8;30.5;;;;;;;;;;;;;;;;;;
 ;04:33:30;3.306;0.023;214.8;30.5;;;;;;;;;;;;;;;;;;
 ;04:33:31;3.305;0.025;214.8;30.5;;;;;;;;;;;;;;;;;;
 ;04:33:32;3.301;0.031;214.8;30.5;;;;;;;;;;;;;;;;;;
 ;04:33:33;3.306;0.022;214.8;30.5;;;;;;;;;;;;;;;;;;
 ;04:33:34;3.304;0.027;214.8;30.5;;;;;;;;;;;;;;;;;;
 ;04:33:35;3.302;0.028;214.9;30.5;;;;;;;;;;;;;;;;;;
 ;04:33:36;3.307;0.020;214.9;30.5;;;;;;;;;;;;;;;;;;
 ;04:33:37;3.302;0.029;214.9;30.5;;;;;;;;;;;;;;;;;;
 ;04:33:38;3.305;0.024;214.9;30.5;;;;;;;;;;;;;;;;;;
 ;04:33:39;3.306;0.023;214.9;30.5;;;;;;;;;;;;;;;;;;
 ;04:33:40;3.301;0.030;214.9;30.5;;;;;;;;;;;;;;;;;;
 ;04:33:41;3.306;0.022;214.9;30.5;;;;;;;;;;;;;;;;;;
 ;04:33:42;3.304;0.027;214.9;30.5;;;;;;;;;;;;;;;;;;
 ;04:33:43;3.303;0.027;214.9;30.5;;;;;;;;;;;;;;;;;;
 ;04:33:44;3.308;0.020;214.9;30.5;;;;;;;;;;;;;;;;;;
 ;04:33:45;3.302;0.030;214.9;30.5;;;;;;;;;;;;;;;;;;
 ;04:33:46;3.305;0.023;214.9;30.5;;;;;;;;;;;;;;;;;;
 ;04:33:47;3.306;0.024;214.9;30.5;;;;;;;;;;;;;;;;;;
 ;04:33:48;3.302;0.028;214.9;30.5;;;;;;;;;;;;;;;;;;
 ;04:33:49;3.307;0.020;215.0;30.5;;;;;;;;;;;;;;;;;;
 ;04:33:50;3.303;0.028;215.0;30.5;;;;;;;;;;;;;;;;;;
 ;04:33:51;3.305;0.024;215.0;30.5;;;;;;;;;;;;;;;;;;
 ;04:33:52;3.306;0.023;215.0;30.5;;;;;;;;;;;;;;;;;;
 ;04:33:53;3.301;0.030;215.0;30.5;;;;;;;;;;;;;;;;;;
 ;04:33:54;3.306;0.022;215.0;30.5;;;;;;;;;;;;;;;;;;
 ;04:33:55;3.304;0.027;215.0;30.5;;;;;;;;;;;;;;;;;;
 ;04:33:56;3.303;0.026;215.0;30.5;;;;;;;;;;;;;;;;;;
 ;04:33:57;3.307;0.021;215.0;30.5;;;;;;;;;;;;;;;;;;
 ;04:33:58;3.301;0.030;215.0;30.5;;;;;;;;;;;;;;;;;;
 ;04:33:59;3.306;0.022;215.0;30.5;;;;;;;;;;;;;;;;;;
 ;04:34:00;3.304;0.026;215.0;30.5;;;;;;;;;;;;;;;;;;
 ;04:34:01;3.304;0.025;215.0;30.5;;;;;;;;;;;;;;;;;;
 ;04:34:02;3.307;0.021;215.0;30.5;;;;;;;;;;;;;;;;;;
 ;04:34:03;3.301;0.030;215.1;30.5;;;;;;;;;;;;;;;;;;
 ;04:34:04;3.306;0.022;215.1;30.5;;;;;;;;;;;;;;;;;;
 ;04:34:05;3.304;0.026;215.1;30.5;;;;;;;;;;;;;;;;;;
 ;04:34:06;3.304;0.025;215.1;30.5;;;;;;;;;;;;;;;;;;
 ;04:34:07;3.307;0.021;215.1;30.5;;;;;;;;;;;;;;;;;;
 ;04:34:08;3.301;0.030;215.1;30.5;;;;;;;;;;;;;;;;;;
 ;04:34:09;3.306;0.022;215.1;30.5;;;;;;;;;;;;;;;;;;
 ;04:34:10;3.304;0.026;215.1;30.5;;;;;;;;;;;;;;;;;;
 ;04:34:11;3.303;0.026;215.1;30.5;;;;;;;;;;;;;;;;;;
 ;04:34:12;3.308;0.020;215.1;30.5;;;;;;;;;;;;;;;;;;
 ;04:34:13;3.302;0.030;215.1;30.5;;;;;;;;;;;;;;;;;;
 ;04:34:14;3.306;0.022;215.1;30.5;;;;;;;;;;;;;;;;;;
 ;04:34:15;3.304;0.026;215.1;30.5;;;;;;;;;;;;;;;;;;
 ;04:34:16;3.304;0.025;215.1;30.5;;;;;;;;;;;;;;;;;;
 ;04:34:17;3.307;0.021;215.2;30.5;;;;;;;;;;;;;;;;;;
 ;04:34:18;3.302;0.029;215.2;30.5;;;;;;;;;;;;;;;;;;
 ;04:34:19;3.306;0.022;215.2;30.5;;;;;;;;;;;;;;;;;;
 ;04:34:20;3.304;0.027;215.2;30.5;;;;;;;;;;;;;;;;;;
 ;04:34:21;3.304;0.025;215.2;30.4;;;;;;;;;;;;;;;;;;
 ;04:34:22;3.307;0.022;215.2;30.4;;;;;;;;;;;;;;;;;;
 ;04:34:23;3.302;0.028;215.2;30.4;;;;;;;;;;;;;;;;;;
 ;04:34:24;3.307;0.021;215.2;30.4;;;;;;;;;;;;;;;;;;
 ;04:34:25;3.303;0.028;215.2;30.4;;;;;;;;;;;;;;;;;;
 ;04:34:26;3.304;0.025;215.2;30.4;;;;;;;;;;;;;;;;;;
 ;04:34:27;3.307;0.022;215.2;30.4;;;;;;;;;;;;;;;;;;
 ;04:34:28;3.302;0.028;215.2;30.4;;;;;;;;;;;;;;;;;;
 ;04:34:29;3.307;0.021;215.2;30.5;;;;;;;;;;;;;;;;;;
 ;04:34:30;3.303;0.027;215.2;30.4;;;;;;;;;;;;;;;;;;
 ;04:34:31;3.305;0.024;215.2;30.4;;;;;;;;;;;;;;;;;;
 ;04:34:32;3.306;0.023;215.3;30.4;;;;;;;;;;;;;;;;;;
 ;04:34:33;3.303;0.026;215.3;30.4;;;;;;;;;;;;;;;;;;
 ;04:34:34;3.307;0.020;215.3;30.4;;;;;;;;;;;;;;;;;;
 ;04:34:35;3.302;0.029;215.3;30.4;;;;;;;;;;;;;;;;;;
 ;04:34:36;3.305;0.023;215.3;30.4;;;;;;;;;;;;;;;;;;
 ;04:34:37;3.305;0.025;215.3;30.4;;;;;;;;;;;;;;;;;;
 ;04:34:38;3.303;0.026;215.3;30.4;;;;;;;;;;;;;;;;;;
 ;04:34:39;3.308;0.020;215.3;30.4;;;;;;;;;;;;;;;;;;
 ;04:34:40;3.302;0.030;215.3;30.4;;;;;;;;;;;;;;;;;;
 ;04:34:41;3.306;0.022;215.3;30.4;;;;;;;;;;;;;;;;;;
 ;04:34:42;3.304;0.026;215.3;30.4;;;;;;;;;;;;;;;;;;
 ;04:34:43;3.304;0.025;215.3;30.4;;;;;;;;;;;;;;;;;;
 ;04:34:44;3.307;0.022;215.3;30.4;;;;;;;;;;;;;;;;;;
 ;04:34:45;3.302;0.028;215.3;30.4;;;;;;;;;;;;;;;;;;
 ;04:34:46;3.307;0.021;215.4;30.4;;;;;;;;;;;;;;;;;;
 ;04:34:47;3.303;0.027;215.4;30.4;;;;;;;;;;;;;;;;;;
 ;04:34:48;3.305;0.023;215.4;30.4;;;;;;;;;;;;;;;;;;
 ;04:34:49;3.306;0.024;215.4;30.4;;;;;;;;;;;;;;;;;;
 ;04:34:50;3.303;0.026;215.4;30.4;;;;;;;;;;;;;;;;;;
 ;04:34:51;3.308;0.020;215.4;30.4;;;;;;;;;;;;;;;;;;
 ;04:34:52;3.302;0.028;215.4;30.4;;;;;;;;;;;;;;;;;;
 ;04:34:53;3.306;0.022;215.4;30.4;;;;;;;;;;;;;;;;;;
 ;04:34:54;3.304;0.027;215.4;30.4;;;;;;;;;;;;;;;;;;
 ;04:34:55;3.305;0.024;215.4;30.4;;;;;;;;;;;;;;;;;;
 ;04:34:56;3.306;0.023;215.4;30.4;;;;;;;;;;;;;;;;;;
 ;04:34:57;3.302;0.028;215.4;30.4;;;;;;;;;;;;;;;;;;
 ;04:34:58;3.307;0.020;215.4;30.4;;;;;;;;;;;;;;;;;;
 ;04:34:59;3.303;0.028;215.4;30.4;;;;;;;;;;;;;;;;;;
 ;04:35:00;3.305;0.023;215.4;30.4;;;;;;;;;;;;;;;;;;
 ;04:35:01;3.305;0.025;215.5;30.4;;;;;;;;;;;;;;;;;;
 ;04:35:02;3.304;0.025;215.5;30.4;;;;;;;;;;;;;;;;;;
 ;04:35:03;3.307;0.021;215.5;30.4;;;;;;;;;;;;;;;;;;
 ;04:35:04;3.302;0.028;215.5;30.4;;;;;;;;;;;;;;;;;;
 ;04:35:05;3.307;0.021;215.5;30.4;;;;;;;;;;;;;;;;;;
 ;04:35:06;3.303;0.028;215.5;30.4;;;;;;;;;;;;;;;;;;
 ;04:35:07;3.305;0.023;215.5;30.4;;;;;;;;;;;;;;;;;;
 ;04:35:08;3.306;0.024;215.5;30.4;;;;;;;;;;;;;;;;;;
 ;04:35:09;3.304;0.025;215.5;30.4;;;;;;;;;;;;;;;;;;
 ;04:35:10;3.307;0.021;215.5;30.4;;;;;;;;;;;;;;;;;;
 ;04:35:11;3.302;0.028;215.5;30.4;;;;;;;;;;;;;;;;;;
 ;04:35:12;3.307;0.021;215.5;30.4;;;;;;;;;;;;;;;;;;
 ;04:35:13;3.303;0.027;215.5;30.4;;;;;;;;;;;;;;;;;;
 ;04:35:14;3.305;0.023;215.5;30.4;;;;;;;;;;;;;;;;;;
 ;04:35:15;3.306;0.024;215.6;30.4;;;;;;;;;;;;;;;;;;
 ;04:35:16;3.303;0.026;215.6;30.4;;;;;;;;;;;;;;;;;;
 ;04:35:17;3.308;0.020;215.6;30.4;;;;;;;;;;;;;;;;;;
 ;04:35:18;3.302;0.028;215.6;30.4;;;;;;;;;;;;;;;;;;
 ;04:35:19;3.306;0.022;215.6;30.4;;;;;;;;;;;;;;;;;;
 ;04:35:20;3.304;0.027;215.6;30.4;;;;;;;;;;;;;;;;;;
 ;04:35:21;3.305;0.024;215.6;30.4;;;;;;;;;;;;;;;;;;
 ;04:35:22;3.306;0.023;215.6;30.4;;;;;;;;;;;;;;;;;;
 ;04:35:23;3.303;0.026;215.6;30.4;;;;;;;;;;;;;;;;;;
 ;04:35:24;3.307;0.020;215.6;30.4;;;;;;;;;;;;;;;;;;
 ;04:35:25;3.302;0.029;215.6;30.4;;;;;;;;;;;;;;;;;;
 ;04:35:26;3.306;0.022;215.6;30.4;;;;;;;;;;;;;;;;;;
 ;04:35:27;3.304;0.026;215.6;30.4;;;;;;;;;;;;;;;;;;
 ;04:35:28;3.305;0.024;215.6;30.4;;;;;;;;;;;;;;;;;;
 ;04:35:29;3.306;0.023;215.6;30.4;;;;;;;;;;;;;;;;;;
 ;04:35:30;3.304;0.025;215.7;30.4;;;;;;;;;;;;;;;;;;
 ;04:35:31;3.308;0.020;215.7;30.4;;;;;;;;;;;;;;;;;;
 ;04:35:32;3.302;0.028;215.7;30.4;;;;;;;;;;;;;;;;;;
 ;04:35:33;3.306;0.022;215.7;30.4;;;;;;;;;;;;;;;;;;
 ;04:35:34;3.304;0.027;215.7;30.4;;;;;;;;;;;;;;;;;;
 ;04:35:35;3.305;0.023;215.7;30.4;;;;;;;;;;;;;;;;;;
 ;04:35:36;3.306;0.024;215.7;30.4;;;;;;;;;;;;;;;;;;
 ;04:35:37;3.304;0.025;215.7;30.4;;;;;;;;;;;;;;;;;;
 ;04:35:38;3.307;0.021;215.7;30.4;;;;;;;;;;;;;;;;;;
 ;04:35:39;3.303;0.026;215.7;30.4;;;;;;;;;;;;;;;;;;
 ;04:35:40;3.307;0.020;215.7;30.4;;;;;;;;;;;;;;;;;;
 ;04:35:41;3.303;0.028;215.7;30.4;;;;;;;;;;;;;;;;;;
 ;04:35:42;3.306;0.022;215.7;30.4;;;;;;;;;;;;;;;;;;
 ;04:35:43;3.304;0.026;215.7;30.4;;;;;;;;;;;;;;;;;;
 ;04:35:44;3.305;0.024;215.7;30.4;;;;;;;;;;;;;;;;;;
 ;04:35:45;3.306;0.023;215.8;30.4;;;;;;;;;;;;;;;;;;
 ;04:35:46;3.304;0.025;215.8;30.4;;;;;;;;;;;;;;;;;;
 ;04:35:47;3.307;0.020;215.8;30.4;;;;;;;;;;;;;;;;;;
 ;04:35:48;3.302;0.028;215.8;30.4;;;;;;;;;;;;;;;;;;
 ;04:35:49;3.306;0.022;215.8;30.4;;;;;;;;;;;;;;;;;;
 ;04:35:50;3.304;0.027;215.8;30.4;;;;;;;;;;;;;;;;;;
 ;04:35:51;3.305;0.023;215.8;30.4;;;;;;;;;;;;;;;;;;
 ;04:35:52;3.305;0.024;215.8;30.4;;;;;;;;;;;;;;;;;;
 ;04:35:53;3.304;0.025;215.8;30.4;;;;;;;;;;;;;;;;;;
 ;04:35:54;3.307;0.021;215.8;30.4;;;;;;;;;;;;;;;;;;
 ;04:35:55;3.303;0.026;215.8;30.4;;;;;;;;;;;;;;;;;;
 ;04:35:56;3.307;0.020;215.8;30.4;;;;;;;;;;;;;;;;;;
 ;04:35:57;3.303;0.028;215.8;30.4;;;;;;;;;;;;;;;;;;
 ;04:35:58;3.306;0.022;215.8;30.4;;;;;;;;;;;;;;;;;;
 ;04:35:59;3.304;0.026;215.9;30.4;;;;;;;;;;;;;;;;;;
 ;04:36:00;3.305;0.024;215.9;30.4;;;;;;;;;;;;;;;;;;
 ;04:36:01;3.306;0.023;215.9;30.4;;;;;;;;;;;;;;;;;;
 ;04:36:02;3.304;0.025;215.9;30.4;;;;;;;;;;;;;;;;;;
 ;04:36:03;3.307;0.020;215.9;30.4;;;;;;;;;;;;;;;;;;
 ;04:36:04;3.303;0.027;215.9;30.4;;;;;;;;;;;;;;;;;;
 ;04:36:05;3.307;0.021;215.9;30.4;;;;;;;;;;;;;;;;;;
 ;04:36:06;3.303;0.027;215.9;30.4;;;;;;;;;;;;;;;;;;
 ;04:36:07;3.306;0.022;215.9;30.4;;;;;;;;;;;;;;;;;;
 ;04:36:08;3.304;0.026;215.9;30.4;;;;;;;;;;;;;;;;;;
 ;04:36:09;3.305;0.024;215.9;30.4;;;;;;;;;;;;;;;;;;
 ;04:36:10;3.306;0.023;215.9;30.4;;;;;;;;;;;;;;;;;;
 ;04:36:11;3.304;0.025;215.9;30.4;;;;;;;;;;;;;;;;;;
 ;04:36:12;3.307;0.020;215.9;30.4;;;;;;;;;;;;;;;;;;
 ;04:36:13;3.302;0.029;215.9;30.4;;;;;;;;;;;;;;;;;;
 ;04:36:14;3.301;0.029;216.0;30.4;;;;;;;;;;;;;;;;;;
 ;04:36:15;3.307;0.020;216.0;30.4;;;;;;;;;;;;;;;;;;
 ;04:36:16;3.303;0.026;216.0;30.4;;;;;;;;;;;;;;;;;;
 ;04:36:17;3.301;0.028;216.0;30.4;;;;;;;;;;;;;;;;;;
 ;04:36:18;3.307;0.020;216.0;30.4;;;;;;;;;;;;;;;;;;
 ;04:36:19;3.303;0.027;216.0;30.4;;;;;;;;;;;;;;;;;;
 ;04:36:20;3.302;0.027;216.0;30.4;;;;;;;;;;;;;;;;;;
 ;04:36:21;3.307;0.019;216.0;30.4;;;;;;;;;;;;;;;;;;
 ;04:36:22;3.302;0.028;216.0;30.4;;;;;;;;;;;;;;;;;;
 ;04:36:23;3.304;0.023;216.0;30.4;;;;;;;;;;;;;;;;;;
 ;04:36:24;3.307;0.021;216.0;30.4;;;;;;;;;;;;;;;;;;
 ;04:36:25;3.301;0.030;216.0;30.4;;;;;;;;;;;;;;;;;;
 ;04:36:26;3.305;0.022;216.0;30.4;;;;;;;;;;;;;;;;;;
 ;04:36:27;3.305;0.025;216.0;30.4;;;;;;;;;;;;;;;;;;
 ;04:36:28;3.301;0.028;216.1;30.4;;;;;;;;;;;;;;;;;;
 ;04:36:29;3.307;0.020;216.1;30.4;;;;;;;;;;;;;;;;;;
 ;04:36:30;3.303;0.026;216.1;30.4;;;;;;;;;;;;;;;;;;
 ;04:36:31;3.303;0.024;216.1;30.4;;;;;;;;;;;;;;;;;;
 ;04:36:32;3.307;0.020;216.1;30.4;;;;;;;;;;;;;;;;;;
 ;04:36:33;3.301;0.028;216.1;30.4;;;;;;;;;;;;;;;;;;
 ;04:36:34;3.306;0.021;216.1;30.4;;;;;;;;;;;;;;;;;;
 ;04:36:35;3.304;0.026;216.1;30.4;;;;;;;;;;;;;;;;;;
 ;04:36:36;3.303;0.025;216.1;30.4;;;;;;;;;;;;;;;;;;
 ;04:36:37;3.308;0.020;216.1;30.4;;;;;;;;;;;;;;;;;;
 ;04:36:38;3.302;0.029;216.1;30.4;;;;;;;;;;;;;;;;;;
 ;04:36:39;3.305;0.022;216.1;30.4;;;;;;;;;;;;;;;;;;
 ;04:36:40;3.306;0.023;216.1;30.4;;;;;;;;;;;;;;;;;;
 ;04:36:41;3.302;0.026;216.1;30.4;;;;;;;;;;;;;;;;;;
 ;04:36:42;3.307;0.020;216.1;30.4;;;;;;;;;;;;;;;;;;
 ;04:36:43;3.303;0.028;216.2;30.4;;;;;;;;;;;;;;;;;;
 ;04:36:44;3.305;0.023;216.2;30.4;;;;;;;;;;;;;;;;;;
 ;04:36:45;3.306;0.023;216.2;30.4;;;;;;;;;;;;;;;;;;
 ;04:36:46;3.302;0.028;216.2;30.4;;;;;;;;;;;;;;;;;;
 ;04:36:47;3.307;0.020;216.2;30.4;;;;;;;;;;;;;;;;;;
 ;04:36:48;3.303;0.026;216.2;30.4;;;;;;;;;;;;;;;;;;
 ;04:36:49;3.304;0.023;216.2;30.4;;;;;;;;;;;;;;;;;;
 ;04:36:50;3.307;0.021;216.2;30.4;;;;;;;;;;;;;;;;;;
 ;04:36:51;3.302;0.027;216.2;30.4;;;;;;;;;;;;;;;;;;
 ;04:36:52;3.307;0.020;216.2;30.4;;;;;;;;;;;;;;;;;;
 ;04:36:53;3.303;0.027;216.2;30.4;;;;;;;;;;;;;;;;;;
 ;04:36:54;3.303;0.024;216.2;30.4;;;;;;;;;;;;;;;;;;
 ;04:36:55;3.307;0.021;216.2;30.4;;;;;;;;;;;;;;;;;;
 ;04:36:56;3.302;0.027;216.2;30.4;;;;;;;;;;;;;;;;;;
 ;04:36:57;3.306;0.020;216.2;30.4;;;;;;;;;;;;;;;;;;
 ;04:36:58;3.304;0.026;216.3;30.4;;;;;;;;;;;;;;;;;;
 ;04:36:59;3.303;0.024;216.3;30.4;;;;;;;;;;;;;;;;;;
 ;04:37:00;3.307;0.021;216.3;30.4;;;;;;;;;;;;;;;;;;
 ;04:37:01;3.302;0.027;216.3;30.4;;;;;;;;;;;;;;;;;;
 ;04:37:02;3.306;0.020;216.3;30.4;;;;;;;;;;;;;;;;;;
 ;04:37:03;3.304;0.026;216.3;30.4;;;;;;;;;;;;;;;;;;
 ;04:37:04;3.303;0.024;216.3;30.4;;;;;;;;;;;;;;;;;;
 ;04:37:05;3.307;0.021;216.3;30.4;;;;;;;;;;;;;;;;;;
 ;04:37:06;3.302;0.027;216.3;30.4;;;;;;;;;;;;;;;;;;
 ;04:37:07;3.306;0.020;216.3;30.4;;;;;;;;;;;;;;;;;;
 ;04:37:08;3.304;0.027;216.3;30.4;;;;;;;;;;;;;;;;;;
 ;04:37:09;3.304;0.023;216.3;30.4;;;;;;;;;;;;;;;;;;
 ;04:37:10;3.307;0.022;216.3;30.4;;;;;;;;;;;;;;;;;;
 ;04:37:11;3.302;0.027;216.3;30.4;;;;;;;;;;;;;;;;;;
 ;04:37:12;3.307;0.020;216.3;30.4;;;;;;;;;;;;;;;;;;
 ;04:37:13;3.303;0.027;216.4;30.4;;;;;;;;;;;;;;;;;;
 ;04:37:14;3.305;0.022;216.4;30.4;;;;;;;;;;;;;;;;;;
 ;04:37:15;3.306;0.023;216.4;30.4;;;;;;;;;;;;;;;;;;
 ;04:37:16;3.302;0.026;216.4;30.4;;;;;;;;;;;;;;;;;;
 ;04:37:17;3.307;0.019;216.4;30.4;;;;;;;;;;;;;;;;;;
 ;04:37:18;3.303;0.028;216.4;30.4;;;;;;;;;;;;;;;;;;
 ;04:37:19;3.305;0.022;216.4;30.4;;;;;;;;;;;;;;;;;;
 ;04:37:20;3.306;0.024;216.4;30.4;;;;;;;;;;;;;;;;;;
 ;04:37:21;3.303;0.025;216.4;30.4;;;;;;;;;;;;;;;;;;
 ;04:37:22;3.307;0.019;216.4;30.4;;;;;;;;;;;;;;;;;;
 ;04:37:23;3.302;0.028;216.4;30.4;;;;;;;;;;;;;;;;;;
 ;04:37:24;3.305;0.021;216.4;30.4;;;;;;;;;;;;;;;;;;
 ;04:37:25;3.305;0.025;216.4;30.4;;;;;;;;;;;;;;;;;;
 ;04:37:26;3.303;0.024;216.4;30.4;;;;;;;;;;;;;;;;;;
 ;04:37:27;3.308;0.020;216.4;30.4;;;;;;;;;;;;;;;;;;
 ;04:37:28;3.302;0.028;216.5;30.4;;;;;;;;;;;;;;;;;;
 ;04:37:29;3.306;0.021;216.5;30.4;;;;;;;;;;;;;;;;;;
 ;04:37:30;3.304;0.026;216.5;30.4;;;;;;;;;;;;;;;;;;
 ;04:37:31;3.304;0.024;216.5;30.4;;;;;;;;;;;;;;;;;;
 ;04:37:32;3.307;0.021;216.5;30.4;;;;;;;;;;;;;;;;;;
 ;04:37:33;3.302;0.026;216.5;30.4;;;;;;;;;;;;;;;;;;
 ;04:37:34;3.307;0.020;216.5;30.4;;;;;;;;;;;;;;;;;;
 ;04:37:35;3.303;0.027;216.5;30.4;;;;;;;;;;;;;;;;;;
 ;04:37:36;3.304;0.023;216.5;30.4;;;;;;;;;;;;;;;;;;
 ;04:37:37;3.306;0.023;216.5;30.4;;;;;;;;;;;;;;;;;;
 ;04:37:38;3.303;0.025;216.5;30.4;;;;;;;;;;;;;;;;;;
 ;04:37:39;3.307;0.019;216.5;30.4;;;;;;;;;;;;;;;;;;
 ;04:37:40;3.302;0.029;216.5;30.4;;;;;;;;;;;;;;;;;;
 ;04:37:41;3.305;0.021;216.5;30.4;;;;;;;;;;;;;;;;;;
 ;04:37:42;3.305;0.025;216.5;30.4;;;;;;;;;;;;;;;;;;
 ;04:37:43;3.303;0.024;216.6;30.4;;;;;;;;;;;;;;;;;;
 ;04:37:44;3.308;0.020;216.6;30.4;;;;;;;;;;;;;;;;;;
 ;04:37:45;3.302;0.027;216.6;30.4;;;;;;;;;;;;;;;;;;
 ;04:37:46;3.306;0.020;216.6;30.4;;;;;;;;;;;;;;;;;;
 ;04:37:47;3.304;0.026;216.6;30.4;;;;;;;;;;;;;;;;;;
 ;04:37:48;3.305;0.022;216.6;30.4;;;;;;;;;;;;;;;;;;
 ;04:37:49;3.306;0.023;216.6;30.4;;;;;;;;;;;;;;;;;;
 ;04:37:50;3.303;0.025;216.6;30.4;;;;;;;;;;;;;;;;;;
 ;04:37:51;3.307;0.019;216.6;30.4;;;;;;;;;;;;;;;;;;
 ;04:37:52;3.302;0.027;216.6;30.4;;;;;;;;;;;;;;;;;;
 ;04:37:53;3.306;0.021;216.6;30.4;;;;;;;;;;;;;;;;;;
 ;04:37:54;3.304;0.026;216.6;30.4;;;;;;;;;;;;;;;;;;
 ;04:37:55;3.304;0.023;216.6;30.4;;;;;;;;;;;;;;;;;;
 ;04:37:56;3.307;0.022;216.6;30.4;;;;;;;;;;;;;;;;;;
 ;04:37:57;3.303;0.025;216.6;30.4;;;;;;;;;;;;;;;;;;
 ;04:37:58;3.307;0.019;216.7;30.4;;;;;;;;;;;;;;;;;;
 ;04:37:59;3.302;0.028;216.7;30.4;;;;;;;;;;;;;;;;;;
 ;04:38:00;3.305;0.021;216.7;30.4;;;;;;;;;;;;;;;;;;
 ;04:38:01;3.304;0.025;216.7;30.4;;;;;;;;;;;;;;;;;;
 ;04:38:02;3.304;0.024;216.7;30.4;;;;;;;;;;;;;;;;;;
 ;04:38:03;3.307;0.021;216.7;30.4;;;;;;;;;;;;;;;;;;
 ;04:38:04;3.302;0.026;216.7;30.4;;;;;;;;;;;;;;;;;;
 ;04:38:05;3.307;0.020;216.7;30.4;;;;;;;;;;;;;;;;;;
 ;04:38:06;3.303;0.027;216.7;30.4;;;;;;;;;;;;;;;;;;
 ;04:38:07;3.305;0.022;216.7;30.4;;;;;;;;;;;;;;;;;;
 ;04:38:08;3.306;0.024;216.7;30.4;;;;;;;;;;;;;;;;;;
 ;04:38:09;3.304;0.024;216.7;30.4;;;;;;;;;;;;;;;;;;
 ;04:38:10;3.308;0.020;216.7;30.4;;;;;;;;;;;;;;;;;;
 ;04:38:11;3.303;0.026;216.7;30.4;;;;;;;;;;;;;;;;;;
 ;04:38:12;3.307;0.020;216.7;30.4;;;;;;;;;;;;;;;;;;
 ;04:38:13;3.303;0.027;216.8;30.4;;;;;;;;;;;;;;;;;;
 ;04:38:14;3.305;0.022;216.8;30.4;;;;;;;;;;;;;;;;;;
 ;04:38:15;3.305;0.024;216.8;30.3;;;;;;;;;;;;;;;;;;
 ;04:38:16;3.303;0.024;216.8;30.3;;;;;;;;;;;;;;;;;;
 ;04:38:17;3.307;0.020;216.8;30.3;;;;;;;;;;;;;;;;;;
 ;04:38:18;3.302;0.027;216.8;30.3;;;;;;;;;;;;;;;;;;
 ;04:38:19;3.307;0.020;216.8;30.3;;;;;;;;;;;;;;;;;;
 ;04:38:20;3.304;0.026;216.8;30.3;;;;;;;;;;;;;;;;;;
 ;04:38:21;3.305;0.022;216.8;30.3;;;;;;;;;;;;;;;;;;
 ;04:38:22;3.306;0.023;216.8;30.3;;;;;;;;;;;;;;;;;;
 ;04:38:23;3.303;0.025;216.8;30.3;;;;;;;;;;;;;;;;;;
 ;04:38:24;3.307;0.019;216.8;30.3;;;;;;;;;;;;;;;;;;
 ;04:38:25;3.303;0.026;216.8;30.3;;;;;;;;;;;;;;;;;;
 ;04:38:26;3.306;0.020;216.8;30.3;;;;;;;;;;;;;;;;;;
 ;04:38:27;3.303;0.026;216.8;30.3;;;;;;;;;;;;;;;;;;
 ;04:38:28;3.305;0.022;216.9;30.3;;;;;;;;;;;;;;;;;;
 ;04:38:29;3.305;0.023;216.9;30.3;;;;;;;;;;;;;;;;;;
 ;04:38:30;3.304;0.024;216.9;30.3;;;;;;;;;;;;;;;;;;
 ;04:38:31;3.307;0.020;216.9;30.3;;;;;;;;;;;;;;;;;;
 ;04:38:32;3.303;0.026;216.9;30.3;;;;;;;;;;;;;;;;;;
 ;04:38:33;3.307;0.020;216.9;30.3;;;;;;;;;;;;;;;;;;
 ;04:38:34;3.303;0.027;216.9;30.3;;;;;;;;;;;;;;;;;;
 ;04:38:35;3.306;0.021;216.9;30.3;;;;;;;;;;;;;;;;;;
 ;04:38:36;3.304;0.025;216.9;30.3;;;;;;;;;;;;;;;;;;
 ;04:38:37;3.305;0.023;216.9;30.3;;;;;;;;;;;;;;;;;;
 ;04:38:38;3.306;0.022;216.9;30.3;;;;;;;;;;;;;;;;;;
 ;04:38:39;3.304;0.024;216.9;30.3;;;;;;;;;;;;;;;;;;
 ;04:38:40;3.308;0.019;216.9;30.3;;;;;;;;;;;;;;;;;;
 ;04:38:41;3.302;0.027;216.9;30.3;;;;;;;;;;;;;;;;;;
 ;04:38:42;3.306;0.021;216.9;30.3;;;;;;;;;;;;;;;;;;
 ;04:38:43;3.304;0.026;217.0;30.3;;;;;;;;;;;;;;;;;;
 ;04:38:44;3.305;0.022;217.0;30.3;;;;;;;;;;;;;;;;;;
 ;04:38:45;3.305;0.023;217.0;30.3;;;;;;;;;;;;;;;;;;
 ;04:38:46;3.304;0.024;217.0;30.3;;;;;;;;;;;;;;;;;;
 ;04:38:47;3.307;0.020;217.0;30.3;;;;;;;;;;;;;;;;;;
 ;04:38:48;3.303;0.026;217.0;30.3;;;;;;;;;;;;;;;;;;
 ;04:38:49;3.307;0.020;217.0;30.3;;;;;;;;;;;;;;;;;;
 ;04:38:50;3.302;0.027;217.0;30.3;;;;;;;;;;;;;;;;;;
 ;04:38:51;3.306;0.021;217.0;30.3;;;;;;;;;;;;;;;;;;
 ;04:38:52;3.304;0.025;217.0;30.3;;;;;;;;;;;;;;;;;;
 ;04:38:53;3.305;0.023;217.0;30.3;;;;;;;;;;;;;;;;;;
 ;04:38:54;3.306;0.022;217.0;30.3;;;;;;;;;;;;;;;;;;
 ;04:38:55;3.304;0.024;217.0;30.3;;;;;;;;;;;;;;;;;;
 ;04:38:56;3.307;0.019;217.0;30.3;;;;;;;;;;;;;;;;;;
 ;04:38:57;3.303;0.026;217.0;30.3;;;;;;;;;;;;;;;;;;
 ;04:38:58;3.307;0.020;217.0;30.3;;;;;;;;;;;;;;;;;;
 ;04:38:59;3.303;0.026;217.1;30.3;;;;;;;;;;;;;;;;;;
 ;04:39:00;3.305;0.022;217.1;30.3;;;;;;;;;;;;;;;;;;
 ;04:39:01;3.305;0.024;217.1;30.3;;;;;;;;;;;;;;;;;;
 ;04:39:02;3.304;0.023;217.1;30.3;;;;;;;;;;;;;;;;;;
 ;04:39:03;3.306;0.021;217.1;30.3;;;;;;;;;;;;;;;;;;
 ;04:39:04;3.303;0.025;217.1;30.3;;;;;;;;;;;;;;;;;;
 ;04:39:05;3.307;0.019;217.1;30.3;;;;;;;;;;;;;;;;;;
 ;04:39:06;3.303;0.027;217.1;30.3;;;;;;;;;;;;;;;;;;
 ;04:39:07;3.306;0.021;217.1;30.3;;;;;;;;;;;;;;;;;;
 ;04:39:08;3.304;0.026;217.1;30.3;;;;;;;;;;;;;;;;;;
 ;04:39:09;3.305;0.022;217.1;30.3;;;;;;;;;;;;;;;;;;
 ;04:39:10;3.305;0.023;217.1;30.3;;;;;;;;;;;;;;;;;;
 ;04:39:11;3.305;0.023;217.1;30.3;;;;;;;;;;;;;;;;;;
 ;04:39:12;3.307;0.021;217.1;30.3;;;;;;;;;;;;;;;;;;
 ;04:39:13;3.303;0.025;217.1;30.3;;;;;;;;;;;;;;;;;;
 ;04:39:14;3.307;0.019;217.2;30.3;;;;;;;;;;;;;;;;;;
 ;04:39:15;3.302;0.027;217.2;30.3;;;;;;;;;;;;;;;;;;
 ;04:39:16;3.301;0.027;217.2;30.3;;;;;;;;;;;;;;;;;;
 ;04:39:17;3.307;0.019;217.2;30.3;;;;;;;;;;;;;;;;;;
 ;04:39:18;3.303;0.025;217.2;30.3;;;;;;;;;;;;;;;;;;
 ;04:39:19;3.301;0.027;217.2;30.3;;;;;;;;;;;;;;;;;;
 ;04:39:20;3.307;0.019;217.2;30.3;;;;;;;;;;;;;;;;;;
 ;04:39:21;3.303;0.025;217.2;30.3;;;;;;;;;;;;;;;;;;
 ;04:39:22;3.302;0.025;217.2;30.3;;;;;;;;;;;;;;;;;;
 ;04:39:23;3.307;0.018;217.2;30.3;;;;;;;;;;;;;;;;;;
 ;04:39:24;3.302;0.027;217.2;30.3;;;;;;;;;;;;;;;;;;
 ;04:39:25;3.303;0.023;217.2;30.3;;;;;;;;;;;;;;;;;;
 ;04:39:26;3.307;0.019;217.2;30.3;;;;;;;;;;;;;;;;;;
 ;04:39:27;3.301;0.028;217.2;30.3;;;;;;;;;;;;;;;;;;
 ;04:39:28;3.305;0.021;217.2;30.3;;;;;;;;;;;;;;;;;;
 ;04:39:29;3.306;0.022;217.3;30.3;;;;;;;;;;;;;;;;;;
 ;04:39:30;3.301;0.028;217.3;30.3;;;;;;;;;;;;;;;;;;
 ;04:39:31;3.306;0.019;217.3;30.3;;;;;;;;;;;;;;;;;;
 ;04:39:32;3.304;0.024;217.3;30.3;;;;;;;;;;;;;;;;;;
 ;04:39:33;3.304;0.023;217.3;30.3;;;;;;;;;;;;;;;;;;
 ;04:39:34;3.307;0.019;217.3;30.3;;;;;;;;;;;;;;;;;;
 ;04:39:35;3.301;0.028;217.3;30.3;;;;;;;;;;;;;;;;;;
 ;04:39:36;3.305;0.020;217.3;30.3;;;;;;;;;;;;;;;;;;
 ;04:39:37;3.305;0.023;217.3;30.3;;;;;;;;;;;;;;;;;;
 ;04:39:38;3.303;0.025;217.3;30.3;;;;;;;;;;;;;;;;;;
 ;04:39:39;3.307;0.018;217.3;30.3;;;;;;;;;;;;;;;;;;
 ;04:39:40;3.302;0.027;217.3;30.3;;;;;;;;;;;;;;;;;;
 ;04:39:41;3.305;0.021;217.3;30.3;;;;;;;;;;;;;;;;;;
 ;04:39:42;3.306;0.022;217.3;30.3;;;;;;;;;;;;;;;;;;
 ;04:39:43;3.301;0.027;217.3;30.3;;;;;;;;;;;;;;;;;;
 ;04:39:44;3.307;0.019;217.3;30.3;;;;;;;;;;;;;;;;;;
 ;04:39:45;3.303;0.025;217.4;30.3;;;;;;;;;;;;;;;;;;
 ;04:39:46;3.303;0.023;217.4;30.3;;;;;;;;;;;;;;;;;;
 ;04:39:47;3.307;0.019;217.4;30.3;;;;;;;;;;;;;;;;;;
 ;04:39:48;3.301;0.028;217.4;30.3;;;;;;;;;;;;;;;;;;
 ;04:39:49;3.306;0.020;217.4;30.3;;;;;;;;;;;;;;;;;;
 ;04:39:50;3.304;0.024;217.4;30.3;;;;;;;;;;;;;;;;;;
 ;04:39:51;3.304;0.023;217.4;30.3;;;;;;;;;;;;;;;;;;
 ;04:39:52;3.307;0.019;217.4;30.3;;;;;;;;;;;;;;;;;;
 ;04:39:53;3.301;0.028;217.4;30.3;;;;;;;;;;;;;;;;;;
 ;04:39:54;3.306;0.020;217.4;30.3;;;;;;;;;;;;;;;;;;
 ;04:39:55;3.304;0.024;217.4;30.3;;;;;;;;;;;;;;;;;;
 ;04:39:56;3.303;0.024;217.4;30.3;;;;;;;;;;;;;;;;;;
 ;04:39:57;3.308;0.018;217.4;30.3;;;;;;;;;;;;;;;;;;
 ;04:39:58;3.302;0.027;217.4;30.3;;;;;;;;;;;;;;;;;;
 ;04:39:59;3.306;0.020;217.4;30.3;;;;;;;;;;;;;;;;;;
 ;04:40:00;3.304;0.024;217.5;30.3;;;;;;;;;;;;;;;;;;
 ;04:40:01;3.304;0.023;217.5;30.3;;;;;;;;;;;;;;;;;;
 ;04:40:02;3.307;0.019;217.5;30.3;;;;;;;;;;;;;;;;;;
 ;04:40:03;3.301;0.028;217.5;30.3;;;;;;;;;;;;;;;;;;
 ;04:40:04;3.305;0.020;217.5;30.3;;;;;;;;;;;;;;;;;;
 ;04:40:05;3.305;0.023;217.5;30.3;;;;;;;;;;;;;;;;;;
 ;04:40:06;3.303;0.024;217.5;30.3;;;;;;;;;;;;;;;;;;
 ;04:40:07;3.308;0.018;217.5;30.3;;;;;;;;;;;;;;;;;;
 ;04:40:08;3.302;0.027;217.5;30.3;;;;;;;;;;;;;;;;;;
 ;04:40:09;3.305;0.020;217.5;30.3;;;;;;;;;;;;;;;;;;
 ;04:40:10;3.305;0.023;217.5;30.3;;;;;;;;;;;;;;;;;;
 ;04:40:11;3.303;0.024;217.5;30.3;;;;;;;;;;;;;;;;;;
 ;04:40:12;3.308;0.018;217.5;30.3;;;;;;;;;;;;;;;;;;
 ;04:40:13;3.302;0.027;217.5;30.3;;;;;;;;;;;;;;;;;;
 ;04:40:14;3.306;0.020;217.5;30.3;;;;;;;;;;;;;;;;;;
 ;04:40:15;3.304;0.024;217.5;30.3;;;;;;;;;;;;;;;;;;
 ;04:40:16;3.304;0.023;217.6;30.3;;;;;;;;;;;;;;;;;;
 ;04:40:17;3.307;0.019;217.6;30.3;;;;;;;;;;;;;;;;;;
 ;04:40:18;3.302;0.027;217.6;30.3;;;;;;;;;;;;;;;;;;
 ;04:40:19;3.306;0.019;217.6;30.3;;;;;;;;;;;;;;;;;;
 ;04:40:20;3.304;0.025;217.6;30.3;;;;;;;;;;;;;;;;;;
 ;04:40:21;3.304;0.022;217.6;30.3;;;;;;;;;;;;;;;;;;
 ;04:40:22;3.307;0.020;217.6;30.3;;;;;;;;;;;;;;;;;;
 ;04:40:23;3.302;0.026;217.6;30.3;;;;;;;;;;;;;;;;;;
 ;04:40:24;3.307;0.019;217.6;30.3;;;;;;;;;;;;;;;;;;
 ;04:40:25;3.303;0.025;217.6;30.3;;;;;;;;;;;;;;;;;;
 ;04:40:26;3.305;0.022;217.6;30.3;;;;;;;;;;;;;;;;;;
 ;04:40:27;3.306;0.021;217.6;30.3;;;;;;;;;;;;;;;;;;
 ;04:40:28;3.302;0.025;217.6;30.3;;;;;;;;;;;;;;;;;;
 ;04:40:29;3.307;0.019;217.6;30.3;;;;;;;;;;;;;;;;;;
 ;04:40:30;3.303;0.026;217.6;30.3;;;;;;;;;;;;;;;;;;
 ;04:40:31;3.305;0.021;217.6;30.3;;;;;;;;;;;;;;;;;;
 ;04:40:32;3.306;0.022;217.7;30.3;;;;;;;;;;;;;;;;;;
 ;04:40:33;3.303;0.025;217.7;30.3;;;;;;;;;;;;;;;;;;
 ;04:40:34;3.307;0.018;217.7;30.3;;;;;;;;;;;;;;;;;;
 ;04:40:35;3.302;0.027;217.7;30.3;;;;;;;;;;;;;;;;;;
 ;04:40:36;3.305;0.020;217.7;30.3;;;;;;;;;;;;;;;;;;
 ;04:40:37;3.305;0.023;217.7;30.3;;;;;;;;;;;;;;;;;;
 ;04:40:38;3.303;0.024;217.7;30.3;;;;;;;;;;;;;;;;;;
 ;04:40:39;3.308;0.018;217.7;30.3;;;;;;;;;;;;;;;;;;
 ;04:40:40;3.302;0.026;217.7;30.3;;;;;;;;;;;;;;;;;;
 ;04:40:41;3.306;0.019;217.7;30.3;;;;;;;;;;;;;;;;;;
 ;04:40:42;3.304;0.024;217.7;30.3;;;;;;;;;;;;;;;;;;
 ;04:40:43;3.304;0.022;217.7;30.3;;;;;;;;;;;;;;;;;;
 ;04:40:44;3.307;0.020;217.7;30.3;;;;;;;;;;;;;;;;;;
 ;04:40:45;3.303;0.025;217.7;30.3;;;;;;;;;;;;;;;;;;
 ;04:40:46;3.307;0.019;217.7;30.3;;;;;;;;;;;;;;;;;;
 ;04:40:47;3.303;0.026;217.8;30.3;;;;;;;;;;;;;;;;;;
 ;04:40:48;3.305;0.021;217.8;30.3;;;;;;;;;;;;;;;;;;
 ;04:40:49;3.306;0.022;217.8;30.3;;;;;;;;;;;;;;;;;;
 ;04:40:50;3.303;0.024;217.8;30.3;;;;;;;;;;;;;;;;;;
 ;04:40:51;3.308;0.018;217.8;30.3;;;;;;;;;;;;;;;;;;
 ;04:40:52;3.302;0.026;217.8;30.3;;;;;;;;;;;;;;;;;;
 ;04:40:53;3.306;0.019;217.8;30.3;;;;;;;;;;;;;;;;;;
 ;04:40:54;3.304;0.024;217.8;30.3;;;;;;;;;;;;;;;;;;
 ;04:40:55;3.305;0.022;217.8;30.3;;;;;;;;;;;;;;;;;;
 ;04:40:56;3.306;0.021;217.8;30.3;;;;;;;;;;;;;;;;;;
 ;04:40:57;3.303;0.024;217.8;30.3;;;;;;;;;;;;;;;;;;
 ;04:40:58;3.307;0.018;217.8;30.3;;;;;;;;;;;;;;;;;;
 ;04:40:59;3.302;0.027;217.8;30.3;;;;;;;;;;;;;;;;;;
 ;04:41:00;3.305;0.020;217.8;30.3;;;;;;;;;;;;;;;;;;
 ;04:41:01;3.305;0.023;217.8;30.3;;;;;;;;;;;;;;;;;;
 ;04:41:02;3.304;0.023;217.8;30.3;;;;;;;;;;;;;;;;;;
 ;04:41:03;3.307;0.019;217.9;30.3;;;;;;;;;;;;;;;;;;
 ;04:41:04;3.302;0.025;217.9;30.3;;;;;;;;;;;;;;;;;;
 ;04:41:05;3.307;0.019;217.9;30.3;;;;;;;;;;;;;;;;;;
 ;04:41:06;3.303;0.025;217.9;30.3;;;;;;;;;;;;;;;;;;
 ;04:41:07;3.305;0.021;217.9;30.3;;;;;;;;;;;;;;;;;;
 ;04:41:08;3.306;0.022;217.9;30.3;;;;;;;;;;;;;;;;;;
 ;04:41:09;3.303;0.024;217.9;30.3;;;;;;;;;;;;;;;;;;
 ;04:41:10;3.308;0.018;217.9;30.3;;;;;;;;;;;;;;;;;;
 ;04:41:11;3.302;0.026;217.9;30.3;;;;;;;;;;;;;;;;;;
 ;04:41:12;3.306;0.019;217.9;30.3;;;;;;;;;;;;;;;;;;
 ;04:41:13;3.304;0.024;217.9;30.3;;;;;;;;;;;;;;;;;;
 ;04:41:14;3.305;0.022;217.9;30.3;;;;;;;;;;;;;;;;;;
 ;04:41:15;3.306;0.021;217.9;30.3;;;;;;;;;;;;;;;;;;
 ;04:41:16;3.303;0.024;217.9;30.3;;;;;;;;;;;;;;;;;;
 ;04:41:17;3.307;0.018;217.9;30.3;;;;;;;;;;;;;;;;;;
 ;04:41:18;3.302;0.027;217.9;30.3;;;;;;;;;;;;;;;;;;
 ;04:41:19;3.306;0.020;218.0;30.3;;;;;;;;;;;;;;;;;;
 ;04:41:20;3.304;0.024;218.0;30.3;;;;;;;;;;;;;;;;;;
 ;04:41:21;3.304;0.022;218.0;30.3;;;;;;;;;;;;;;;;;;
 ;04:41:22;3.307;0.020;218.0;30.3;;;;;;;;;;;;;;;;;;
 ;04:41:23;3.303;0.025;218.0;30.3;;;;;;;;;;;;;;;;;;
 ;04:41:24;3.307;0.019;218.0;30.3;;;;;;;;;;;;;;;;;;
 ;04:41:25;3.303;0.026;218.0;30.3;;;;;;;;;;;;;;;;;;
 ;04:41:26;3.305;0.020;218.0;30.3;;;;;;;;;;;;;;;;;;
 ;04:41:27;3.305;0.023;218.0;30.3;;;;;;;;;;;;;;;;;;
 ;04:41:28;3.304;0.023;218.0;30.3;;;;;;;;;;;;;;;;;;
 ;04:41:29;3.307;0.019;218.0;30.3;;;;;;;;;;;;;;;;;;
 ;04:41:30;3.303;0.024;218.0;30.3;;;;;;;;;;;;;;;;;;
 ;04:41:31;3.307;0.019;218.0;30.3;;;;;;;;;;;;;;;;;;
 ;04:41:32;3.303;0.026;218.0;30.3;;;;;;;;;;;;;;;;;;
 ;04:41:33;3.305;0.020;218.0;30.2;;;;;;;;;;;;;;;;;;
 ;04:41:34;3.305;0.023;218.0;30.2;;;;;;;;;;;;;;;;;;
 ;04:41:35;3.304;0.023;218.1;30.3;;;;;;;;;;;;;;;;;;
 ;04:41:36;3.307;0.019;218.1;30.3;;;;;;;;;;;;;;;;;;
 ;04:41:37;3.303;0.024;218.1;30.3;;;;;;;;;;;;;;;;;;
 ;04:41:38;3.307;0.019;218.1;30.3;;;;;;;;;;;;;;;;;;
 ;04:41:39;3.303;0.026;218.1;30.2;;;;;;;;;;;;;;;;;;
 ;04:41:40;3.305;0.020;218.1;30.2;;;;;;;;;;;;;;;;;;
 ;04:41:41;3.305;0.023;218.1;30.2;;;;;;;;;;;;;;;;;;
 ;04:41:42;3.304;0.022;218.1;30.2;;;;;;;;;;;;;;;;;;
 ;04:41:43;3.307;0.020;218.1;30.2;;;;;;;;;;;;;;;;;;
 ;04:41:44;3.303;0.025;218.1;30.2;;;;;;;;;;;;;;;;;;
 ;04:41:45;3.307;0.019;218.1;30.2;;;;;;;;;;;;;;;;;;
 ;04:41:46;3.303;0.026;218.1;30.2;;;;;;;;;;;;;;;;;;
 ;04:41:47;3.305;0.020;218.1;30.2;;;;;;;;;;;;;;;;;;
 ;04:41:48;3.305;0.023;218.1;30.2;;;;;;;;;;;;;;;;;;
 ;04:41:49;3.304;0.022;218.1;30.2;;;;;;;;;;;;;;;;;;
 ;04:41:50;3.307;0.020;218.1;30.2;;;;;;;;;;;;;;;;;;
 ;04:41:51;3.303;0.024;218.2;30.2;;;;;;;;;;;;;;;;;;
 ;04:41:52;3.307;0.018;218.2;30.2;;;;;;;;;;;;;;;;;;
 ;04:41:53;3.303;0.025;218.2;30.2;;;;;;;;;;;;;;;;;;
 ;04:41:54;3.306;0.019;218.2;30.2;;;;;;;;;;;;;;;;;;
 ;04:41:55;3.304;0.025;218.2;30.2;;;;;;;;;;;;;;;;;;
 ;04:41:56;3.305;0.021;218.2;30.2;;;;;;;;;;;;;;;;;;
 ;04:41:57;3.306;0.022;218.2;30.2;;;;;;;;;;;;;;;;;;
 ;04:41:58;3.304;0.023;218.2;30.2;;;;;;;;;;;;;;;;;;
 ;04:41:59;3.307;0.019;218.2;30.2;;;;;;;;;;;;;;;;;;
 ;04:42:00;3.303;0.024;218.2;30.2;;;;;;;;;;;;;;;;;;
 ;04:42:01;3.307;0.019;218.2;30.2;;;;;;;;;;;;;;;;;;
 ;04:42:02;3.303;0.026;218.2;30.2;;;;;;;;;;;;;;;;;;
 ;04:42:03;3.306;0.020;218.2;30.2;;;;;;;;;;;;;;;;;;
 ;04:42:04;3.304;0.024;218.2;30.2;;;;;;;;;;;;;;;;;;
 ;04:42:05;3.305;0.022;218.2;30.2;;;;;;;;;;;;;;;;;;
 ;04:42:06;3.306;0.021;218.2;30.2;;;;;;;;;;;;;;;;;;
 ;04:42:07;3.304;0.023;218.2;30.2;;;;;;;;;;;;;;;;;;
 ;04:42:08;3.308;0.018;218.3;30.2;;;;;;;;;;;;;;;;;;
 ;04:42:09;3.303;0.025;218.3;30.2;;;;;;;;;;;;;;;;;;
 ;04:42:10;3.307;0.019;218.3;30.2;;;;;;;;;;;;;;;;;;
 ;04:42:11;3.303;0.025;218.3;30.2;;;;;;;;;;;;;;;;;;
 ;04:42:12;3.306;0.020;218.3;30.2;;;;;;;;;;;;;;;;;;
 ;04:42:13;3.305;0.023;218.3;30.2;;;;;;;;;;;;;;;;;;
 ;04:42:14;3.304;0.022;218.3;30.2;;;;;;;;;;;;;;;;;;
 ;04:42:15;3.307;0.020;218.3;30.2;;;;;;;;;;;;;;;;;;
 ;04:42:16;3.303;0.024;218.3;30.2;;;;;;;;;;;;;;;;;;
 ;04:42:17;3.307;0.018;218.3;30.2;;;;;;;;;;;;;;;;;;
 ;04:42:18;3.303;0.025;218.3;30.2;;;;;;;;;;;;;;;;;;
 ;04:42:19;3.306;0.019;218.3;30.2;;;;;;;;;;;;;;;;;;
 ;04:42:20;3.304;0.024;218.3;30.2;;;;;;;;;;;;;;;;;;
 ;04:42:21;3.305;0.022;218.3;30.2;;;;;;;;;;;;;;;;;;
 ;04:42:22;3.306;0.021;218.3;30.2;;;;;;;;;;;;;;;;;;
 ;04:42:23;3.304;0.022;218.3;30.2;;;;;;;;;;;;;;;;;;
 ;04:42:24;3.307;0.019;218.4;30.2;;;;;;;;;;;;;;;;;;
 ;04:42:25;3.303;0.024;218.4;30.2;;;;;;;;;;;;;;;;;;
 ;04:42:26;3.307;0.019;218.4;30.2;;;;;;;;;;;;;;;;;;
 ;04:42:27;3.303;0.026;218.4;30.2;;;;;;;;;;;;;;;;;;
 ;04:42:28;3.306;0.020;218.4;30.2;;;;;;;;;;;;;;;;;;
 ;04:42:29;3.304;0.024;218.4;30.2;;;;;;;;;;;;;;;;;;
 ;04:42:30;3.305;0.022;218.4;30.2;;;;;;;;;;;;;;;;;;
 ;04:42:31;3.306;0.021;218.4;30.2;;;;;;;;;;;;;;;;;;
 ;04:42:32;3.304;0.023;218.4;30.2;;;;;;;;;;;;;;;;;;
 ;04:42:33;3.307;0.018;218.4;30.2;;;;;;;;;;;;;;;;;;
 ;04:42:34;3.303;0.025;218.4;30.2;;;;;;;;;;;;;;;;;;
 ;04:42:35;3.307;0.019;218.4;30.2;;;;;;;;;;;;;;;;;;
 ;04:42:36;3.303;0.025;218.4;30.2;;;;;;;;;;;;;;;;;;
 ;04:42:37;3.305;0.020;218.4;30.2;;;;;;;;;;;;;;;;;;
 ;04:42:38;3.305;0.023;218.4;30.2;;;;;;;;;;;;;;;;;;
 ;04:42:39;3.300;0.029;218.4;30.2;;;;;;;;;;;;;;;;;;
 ;04:42:40;3.304;0.022;218.5;30.2;;;;;;;;;;;;;;;;;;
 ;04:42:41;3.307;0.019;218.5;30.2;;;;;;;;;;;;;;;;;;
 ;04:42:42;3.301;0.028;218.5;30.2;;;;;;;;;;;;;;;;;;
 ;04:42:43;3.305;0.021;218.5;30.2;;;;;;;;;;;;;;;;;;
 ;04:42:44;3.306;0.020;218.5;30.2;;;;;;;;;;;;;;;;;;
 ;04:42:45;3.301;0.028;218.5;30.2;;;;;;;;;;;;;;;;;;
 ;04:42:46;3.306;0.020;218.5;30.2;;;;;;;;;;;;;;;;;;
 ;04:42:47;3.305;0.023;218.5;30.2;;;;;;;;;;;;;;;;;;
 ;04:42:48;3.301;0.026;218.5;30.2;;;;;;;;;;;;;;;;;;
 ;04:42:49;3.307;0.018;218.5;30.2;;;;;;;;;;;;;;;;;;
 ;04:42:50;3.303;0.024;218.5;30.2;;;;;;;;;;;;;;;;;;
 ;04:42:51;3.303;0.023;218.5;30.2;;;;;;;;;;;;;;;;;;
 ;04:42:52;3.308;0.017;218.5;30.2;;;;;;;;;;;;;;;;;;
 ;04:42:53;3.302;0.027;218.5;30.2;;;;;;;;;;;;;;;;;;
 ;04:42:54;3.304;0.021;218.5;30.2;;;;;;;;;;;;;;;;;;
 ;04:42:55;3.306;0.021;218.6;30.2;;;;;;;;;;;;;;;;;;
 ;04:42:56;3.301;0.028;218.6;30.2;;;;;;;;;;;;;;;;;;
 ;04:42:57;3.306;0.019;218.6;30.2;;;;;;;;;;;;;;;;;;
 ;04:42:58;3.304;0.023;218.6;30.2;;;;;;;;;;;;;;;;;;
 ;04:42:59;3.302;0.024;218.6;30.2;;;;;;;;;;;;;;;;;;
 ;04:43:00;3.307;0.017;218.6;30.2;;;;;;;;;;;;;;;;;;
 ;04:43:01;3.302;0.027;218.6;30.2;;;;;;;;;;;;;;;;;;
 ;04:43:02;3.305;0.021;218.6;30.2;;;;;;;;;;;;;;;;;;
 ;04:43:03;3.306;0.022;218.6;30.2;;;;;;;;;;;;;;;;;;
 ;04:43:04;3.301;0.026;218.6;30.2;;;;;;;;;;;;;;;;;;
 ;04:43:05;3.307;0.018;218.6;30.2;;;;;;;;;;;;;;;;;;
 ;04:43:06;3.303;0.024;218.6;30.2;;;;;;;;;;;;;;;;;;
 ;04:43:07;3.303;0.022;218.6;30.2;;;;;;;;;;;;;;;;;;
 ;04:43:08;3.307;0.018;218.6;30.2;;;;;;;;;;;;;;;;;;
 ;04:43:09;3.301;0.026;218.6;30.2;;;;;;;;;;;;;;;;;;
 ;04:43:10;3.306;0.019;218.6;30.2;;;;;;;;;;;;;;;;;;
 ;04:43:11;3.304;0.024;218.7;30.2;;;;;;;;;;;;;;;;;;
 ;04:43:12;3.303;0.024;218.7;30.2;;;;;;;;;;;;;;;;;;
 ;04:43:13;3.308;0.018;218.7;30.2;;;;;;;;;;;;;;;;;;
 ;04:43:14;3.302;0.027;218.7;30.2;;;;;;;;;;;;;;;;;;
 ;04:43:15;3.305;0.019;218.7;30.2;;;;;;;;;;;;;;;;;;
 ;04:43:16;3.305;0.022;218.7;30.2;;;;;;;;;;;;;;;;;;
 ;04:43:17;3.303;0.024;218.7;30.2;;;;;;;;;;;;;;;;;;
 ;04:43:18;3.307;0.017;218.7;30.2;;;;;;;;;;;;;;;;;;
 ;04:43:19;3.302;0.027;218.7;30.2;;;;;;;;;;;;;;;;;;
 ;04:43:20;3.305;0.021;218.7;30.2;;;;;;;;;;;;;;;;;;
 ;04:43:21;3.306;0.022;218.7;30.2;;;;;;;;;;;;;;;;;;
 ;04:43:22;3.302;0.024;218.7;30.2;;;;;;;;;;;;;;;;;;
 ;04:43:23;3.307;0.017;218.7;30.2;;;;;;;;;;;;;;;;;;
 ;04:43:24;3.303;0.026;218.7;30.2;;;;;;;;;;;;;;;;;;
 ;04:43:25;3.305;0.021;218.7;30.2;;;;;;;;;;;;;;;;;;
 ;04:43:26;3.306;0.021;218.7;30.2;;;;;;;;;;;;;;;;;;
 ;04:43:27;3.302;0.024;218.8;30.2;;;;;;;;;;;;;;;;;;
 ;04:43:28;3.307;0.017;218.8;30.2;;;;;;;;;;;;;;;;;;
 ;04:43:29;3.303;0.026;218.8;30.2;;;;;;;;;;;;;;;;;;
 ;04:43:30;3.305;0.020;218.8;30.2;;;;;;;;;;;;;;;;;;
 ;04:43:31;3.306;0.022;218.8;30.2;;;;;;;;;;;;;;;;;;
 ;04:43:32;3.302;0.024;218.8;30.2;;;;;;;;;;;;;;;;;;
 ;04:43:33;3.307;0.017;218.8;30.2;;;;;;;;;;;;;;;;;;
 ;04:43:34;3.303;0.026;218.8;30.2;;;;;;;;;;;;;;;;;;
 ;04:43:35;3.304;0.021;218.8;30.2;;;;;;;;;;;;;;;;;;
 ;04:43:36;3.306;0.021;218.8;30.2;;;;;;;;;;;;;;;;;;
 ;04:43:37;3.302;0.024;218.8;30.2;;;;;;;;;;;;;;;;;;
 ;04:43:38;3.307;0.017;218.8;30.2;;;;;;;;;;;;;;;;;;
 ;04:43:39;3.303;0.026;218.8;30.2;;;;;;;;;;;;;;;;;;
 ;04:43:40;3.305;0.020;218.8;30.2;;;;;;;;;;;;;;;;;;
 ;04:43:41;3.306;0.022;218.8;30.2;;;;;;;;;;;;;;;;;;
 ;04:43:42;3.303;0.023;218.8;30.2;;;;;;;;;;;;;;;;;;
 ;04:43:43;3.307;0.017;218.8;30.2;;;;;;;;;;;;;;;;;;
 ;04:43:44;3.302;0.027;218.9;30.2;;;;;;;;;;;;;;;;;;
 ;04:43:45;3.306;0.019;218.9;30.2;;;;;;;;;;;;;;;;;;
 ;04:43:46;3.305;0.023;218.9;30.2;;;;;;;;;;;;;;;;;;
 ;04:43:47;3.303;0.023;218.9;30.2;;;;;;;;;;;;;;;;;;
 ;04:43:48;3.308;0.018;218.9;30.2;;;;;;;;;;;;;;;;;;
 ;04:43:49;3.302;0.026;218.9;30.2;;;;;;;;;;;;;;;;;;
 ;04:43:50;3.306;0.019;218.9;30.2;;;;;;;;;;;;;;;;;;
 ;04:43:51;3.304;0.024;218.9;30.2;;;;;;;;;;;;;;;;;;
 ;04:43:52;3.304;0.022;218.9;30.2;;;;;;;;;;;;;;;;;;
 ;04:43:53;3.307;0.019;218.9;30.2;;;;;;;;;;;;;;;;;;
 ;04:43:54;3.301;0.026;218.9;30.2;;;;;;;;;;;;;;;;;;
 ;04:43:55;3.306;0.019;218.9;30.2;;;;;;;;;;;;;;;;;;
 ;04:43:56;3.304;0.024;218.9;30.2;;;;;;;;;;;;;;;;;;
 ;04:43:57;3.304;0.021;218.9;30.2;;;;;;;;;;;;;;;;;;
 ;04:43:58;3.307;0.020;218.9;30.2;;;;;;;;;;;;;;;;;;
 ;04:43:59;3.302;0.025;218.9;30.2;;;;;;;;;;;;;;;;;;
 ;04:44:00;3.307;0.018;219.0;30.2;;;;;;;;;;;;;;;;;;
 ;04:44:01;3.303;0.025;219.0;30.2;;;;;;;;;;;;;;;;;;
 ;04:44:02;3.305;0.021;219.0;30.2;;;;;;;;;;;;;;;;;;
 ;04:44:03;3.306;0.021;219.0;30.2;;;;;;;;;;;;;;;;;;
 ;04:44:04;3.302;0.024;219.0;30.2;;;;;;;;;;;;;;;;;;
 ;04:44:05;3.307;0.017;219.0;30.2;;;;;;;;;;;;;;;;;;
 ;04:44:06;3.303;0.026;219.0;30.2;;;;;;;;;;;;;;;;;;
 ;04:44:07;3.305;0.020;219.0;30.2;;;;;;;;;;;;;;;;;;
 ;04:44:08;3.306;0.022;219.0;30.2;;;;;;;;;;;;;;;;;;
 ;04:44:09;3.303;0.023;219.0;30.2;;;;;;;;;;;;;;;;;;
 ;04:44:10;3.307;0.017;219.0;30.2;;;;;;;;;;;;;;;;;;
 ;04:44:11;3.302;0.027;219.0;30.2;;;;;;;;;;;;;;;;;;
 ;04:44:12;3.305;0.019;219.0;30.2;;;;;;;;;;;;;;;;;;
 ;04:44:13;3.305;0.023;219.0;30.2;;;;;;;;;;;;;;;;;;
 ;04:44:14;3.303;0.023;219.0;30.2;;;;;;;;;;;;;;;;;;
 ;04:44:15;3.308;0.018;219.0;30.2;;;;;;;;;;;;;;;;;;
 ;04:44:16;3.302;0.026;219.1;30.2;;;;;;;;;;;;;;;;;;
 ;04:44:17;3.306;0.019;219.1;30.2;;;;;;;;;;;;;;;;;;
 ;04:44:18;3.304;0.024;219.1;30.2;;;;;;;;;;;;;;;;;;
 ;04:44:19;3.304;0.021;219.1;30.2;;;;;;;;;;;;;;;;;;
 ;04:44:20;3.307;0.020;219.1;30.2;;;;;;;;;;;;;;;;;;
 ;04:44:21;3.302;0.025;219.1;30.2;;;;;;;;;;;;;;;;;;
 ;04:44:22;3.307;0.018;219.1;30.2;;;;;;;;;;;;;;;;;;
 ;04:44:23;3.303;0.025;219.1;30.2;;;;;;;;;;;;;;;;;;
 ;04:44:24;3.305;0.020;219.1;30.2;;;;;;;;;;;;;;;;;;
 ;04:44:25;3.305;0.022;219.1;30.2;;;;;;;;;;;;;;;;;;
 ;04:44:26;3.303;0.023;219.1;30.2;;;;;;;;;;;;;;;;;;
 ;04:44:27;3.308;0.017;219.1;30.2;;;;;;;;;;;;;;;;;;
 ;04:44:28;3.302;0.027;219.1;30.2;;;;;;;;;;;;;;;;;;
 ;04:44:29;3.306;0.019;219.1;30.2;;;;;;;;;;;;;;;;;;
 ;04:44:30;3.305;0.023;219.1;30.2;;;;;;;;;;;;;;;;;;
 ;04:44:31;3.304;0.023;219.1;30.2;;;;;;;;;;;;;;;;;;
 ;04:44:32;3.308;0.018;219.2;30.2;;;;;;;;;;;;;;;;;;
 ;04:44:33;3.302;0.025;219.2;30.2;;;;;;;;;;;;;;;;;;
 ;04:44:34;3.306;0.018;219.2;30.2;;;;;;;;;;;;;;;;;;
 ;04:44:35;3.303;0.024;219.2;30.2;;;;;;;;;;;;;;;;;;
 ;04:44:36;3.305;0.020;219.2;30.2;;;;;;;;;;;;;;;;;;
 ;04:44:37;3.306;0.021;219.2;30.2;;;;;;;;;;;;;;;;;;
 ;04:44:38;3.303;0.023;219.2;30.2;;;;;;;;;;;;;;;;;;
 ;04:44:39;3.308;0.017;219.2;30.2;;;;;;;;;;;;;;;;;;
 ;04:44:40;3.302;0.025;219.2;30.2;;;;;;;;;;;;;;;;;;
 ;04:44:41;3.306;0.019;219.2;30.2;;;;;;;;;;;;;;;;;;
 ;04:44:42;3.304;0.024;219.2;30.2;;;;;;;;;;;;;;;;;;
 ;04:44:43;3.305;0.021;219.2;30.2;;;;;;;;;;;;;;;;;;
 ;04:44:44;3.307;0.020;219.2;30.2;;;;;;;;;;;;;;;;;;
 ;04:44:45;3.303;0.024;219.2;30.2;;;;;;;;;;;;;;;;;;
 ;04:44:46;3.307;0.017;219.2;30.2;;;;;;;;;;;;;;;;;;
 ;04:44:47;3.302;0.026;219.2;30.2;;;;;;;;;;;;;;;;;;
 ;04:44:48;3.305;0.019;219.2;30.2;;;;;;;;;;;;;;;;;;
 ;04:44:49;3.304;0.023;219.3;30.2;;;;;;;;;;;;;;;;;;
 ;04:44:50;3.304;0.022;219.3;30.2;;;;;;;;;;;;;;;;;;
 ;04:44:51;3.307;0.019;219.3;30.2;;;;;;;;;;;;;;;;;;
 ;04:44:52;3.302;0.024;219.3;30.2;;;;;;;;;;;;;;;;;;
 ;04:44:53;3.307;0.018;219.3;30.2;;;;;;;;;;;;;;;;;;
 ;04:44:54;3.303;0.025;219.3;30.2;;;;;;;;;;;;;;;;;;
 ;04:44:55;3.305;0.020;219.3;30.2;;;;;;;;;;;;;;;;;;
 ;04:44:56;3.306;0.022;219.3;30.2;;;;;;;;;;;;;;;;;;
 ;04:44:57;3.304;0.022;219.3;30.2;;;;;;;;;;;;;;;;;;
 ;04:44:58;3.307;0.018;219.3;30.2;;;;;;;;;;;;;;;;;;
 ;04:44:59;3.302;0.025;219.3;30.2;;;;;;;;;;;;;;;;;;
 ;04:45:00;3.307;0.018;219.3;30.2;;;;;;;;;;;;;;;;;;
 ;04:45:01;3.303;0.025;219.3;30.2;;;;;;;;;;;;;;;;;;
 ;04:45:02;3.305;0.020;219.3;30.2;;;;;;;;;;;;;;;;;;
 ;04:45:03;3.306;0.021;219.3;30.2;;;;;;;;;;;;;;;;;;
 ;04:45:04;3.303;0.023;219.3;30.2;;;;;;;;;;;;;;;;;;
 ;04:45:05;3.308;0.017;219.4;30.2;;;;;;;;;;;;;;;;;;
 ;04:45:06;3.302;0.025;219.4;30.2;;;;;;;;;;;;;;;;;;
 ;04:45:07;3.306;0.019;219.4;30.2;;;;;;;;;;;;;;;;;;
 ;04:45:08;3.304;0.024;219.4;30.2;;;;;;;;;;;;;;;;;;
 ;04:45:09;3.304;0.022;219.4;30.2;;;;;;;;;;;;;;;;;;
 ;04:45:10;3.307;0.019;219.4;30.2;;;;;;;;;;;;;;;;;;
 ;04:45:11;3.303;0.023;219.4;30.2;;;;;;;;;;;;;;;;;;
 ;04:45:12;3.307;0.017;219.4;30.2;;;;;;;;;;;;;;;;;;
 ;04:45:13;3.302;0.026;219.4;30.2;;;;;;;;;;;;;;;;;;
 ;04:45:14;3.306;0.019;219.4;30.2;;;;;;;;;;;;;;;;;;
 ;04:45:15;3.304;0.023;219.4;30.2;;;;;;;;;;;;;;;;;;
 ;04:45:16;3.304;0.022;219.4;30.2;;;;;;;;;;;;;;;;;;
 ;04:45:17;3.307;0.019;219.4;30.2;;;;;;;;;;;;;;;;;;
 ;04:45:18;3.303;0.024;219.4;30.2;;;;;;;;;;;;;;;;;;
 ;04:45:19;3.307;0.018;219.4;30.2;;;;;;;;;;;;;;;;;;
 ;04:45:20;3.303;0.025;219.4;30.2;;;;;;;;;;;;;;;;;;
 ;04:45:21;3.306;0.019;219.4;30.2;;;;;;;;;;;;;;;;;;
 ;04:45:22;3.304;0.023;219.5;30.2;;;;;;;;;;;;;;;;;;
 ;04:45:23;3.304;0.022;219.5;30.2;;;;;;;;;;;;;;;;;;
 ;04:45:24;3.307;0.019;219.5;30.2;;;;;;;;;;;;;;;;;;
 ;04:45:25;3.303;0.024;219.5;30.2;;;;;;;;;;;;;;;;;;
 ;04:45:26;3.307;0.018;219.5;30.2;;;;;;;;;;;;;;;;;;
 ;04:45:27;3.303;0.025;219.5;30.2;;;;;;;;;;;;;;;;;;
 ;04:45:28;3.305;0.020;219.5;30.2;;;;;;;;;;;;;;;;;;
 ;04:45:29;3.305;0.022;219.5;30.2;;;;;;;;;;;;;;;;;;
 ;04:45:30;3.304;0.021;219.5;30.2;;;;;;;;;;;;;;;;;;
 ;04:45:31;3.307;0.019;219.5;30.2;;;;;;;;;;;;;;;;;;
 ;04:45:32;3.303;0.024;219.5;30.2;;;;;;;;;;;;;;;;;;
 ;04:45:33;3.307;0.018;219.5;30.2;;;;;;;;;;;;;;;;;;
 ;04:45:34;3.302;0.025;219.5;30.2;;;;;;;;;;;;;;;;;;
 ;04:45:35;3.306;0.019;219.5;30.2;;;;;;;;;;;;;;;;;;
 ;04:45:36;3.304;0.023;219.5;30.2;;;;;;;;;;;;;;;;;;
 ;04:45:37;3.305;0.021;219.5;30.2;;;;;;;;;;;;;;;;;;
 ;04:45:38;3.306;0.020;219.5;30.2;;;;;;;;;;;;;;;;;;
 ;04:45:39;3.303;0.024;219.6;30.2;;;;;;;;;;;;;;;;;;
 ;04:45:40;3.307;0.017;219.6;30.2;;;;;;;;;;;;;;;;;;
 ;04:45:41;3.302;0.026;219.6;30.2;;;;;;;;;;;;;;;;;;
 ;04:45:42;3.306;0.019;219.6;30.2;;;;;;;;;;;;;;;;;;
 ;04:45:43;3.304;0.023;219.6;30.2;;;;;;;;;;;;;;;;;;
 ;04:45:44;3.305;0.021;219.6;30.2;;;;;;;;;;;;;;;;;;
 ;04:45:45;3.306;0.020;219.6;30.2;;;;;;;;;;;;;;;;;;
 ;04:45:46;3.304;0.023;219.6;30.2;;;;;;;;;;;;;;;;;;
 ;04:45:47;3.308;0.017;219.6;30.2;;;;;;;;;;;;;;;;;;
 ;04:45:48;3.303;0.024;219.6;30.2;;;;;;;;;;;;;;;;;;
 ;04:45:49;3.307;0.018;219.6;30.2;;;;;;;;;;;;;;;;;;
 ;04:45:50;3.303;0.024;219.6;30.2;;;;;;;;;;;;;;;;;;
 ;04:45:51;3.306;0.020;219.6;30.2;;;;;;;;;;;;;;;;;;
 ;04:45:52;3.305;0.022;219.6;30.2;;;;;;;;;;;;;;;;;;
 ;04:45:53;3.304;0.021;219.6;30.2;;;;;;;;;;;;;;;;;;
 ;04:45:54;3.307;0.019;219.6;30.2;;;;;;;;;;;;;;;;;;
 ;04:45:55;3.303;0.024;219.7;30.2;;;;;;;;;;;;;;;;;;
 ;04:45:56;3.307;0.018;219.7;30.2;;;;;;;;;;;;;;;;;;
 ;04:45:57;3.302;0.025;219.7;30.2;;;;;;;;;;;;;;;;;;
 ;04:45:58;3.306;0.019;219.7;30.2;;;;;;;;;;;;;;;;;;
 ;04:45:59;3.304;0.023;219.7;30.2;;;;;;;;;;;;;;;;;;
 ;04:46:00;3.304;0.022;219.7;30.2;;;;;;;;;;;;;;;;;;
 ;04:46:01;3.307;0.019;219.7;30.2;;;;;;;;;;;;;;;;;;
 ;04:46:02;3.303;0.023;219.7;30.2;;;;;;;;;;;;;;;;;;
 ;04:46:03;3.307;0.017;219.7;30.2;;;;;;;;;;;;;;;;;;
 ;04:46:04;3.303;0.025;219.7;30.2;;;;;;;;;;;;;;;;;;
 ;04:46:05;3.306;0.019;219.7;30.2;;;;;;;;;;;;;;;;;;
 ;04:46:06;3.304;0.024;219.7;30.2;;;;;;;;;;;;;;;;;;
 ;04:46:07;3.305;0.020;219.7;30.2;;;;;;;;;;;;;;;;;;
 ;04:46:08;3.305;0.021;219.7;30.2;;;;;;;;;;;;;;;;;;
 ;04:46:09;3.304;0.022;219.7;30.2;;;;;;;;;;;;;;;;;;
 ;04:46:10;3.307;0.018;219.7;30.2;;;;;;;;;;;;;;;;;;
 ;04:46:11;3.303;0.024;219.7;30.2;;;;;;;;;;;;;;;;;;
 ;04:46:12;3.307;0.018;219.8;30.2;;;;;;;;;;;;;;;;;;
 ;04:46:13;3.302;0.025;219.8;30.2;;;;;;;;;;;;;;;;;;
 ;04:46:14;3.306;0.019;219.8;30.2;;;;;;;;;;;;;;;;;;
 ;04:46:15;3.304;0.023;219.8;30.2;;;;;;;;;;;;;;;;;;
 ;04:46:16;3.304;0.022;219.8;30.2;;;;;;;;;;;;;;;;;;
 ;04:46:17;3.306;0.019;219.8;30.2;;;;;;;;;;;;;;;;;;
 ;04:46:18;3.304;0.022;219.8;30.2;;;;;;;;;;;;;;;;;;
 ;04:46:19;3.307;0.017;219.8;30.2;;;;;;;;;;;;;;;;;;
 ;04:46:20;3.303;0.024;219.8;30.2;;;;;;;;;;;;;;;;;;
 ;04:46:21;3.307;0.018;219.8;30.2;;;;;;;;;;;;;;;;;;
 ;04:46:22;3.303;0.024;219.8;30.2;;;;;;;;;;;;;;;;;;
 ;04:46:23;3.305;0.020;219.8;30.2;;;;;;;;;;;;;;;;;;
 ;04:46:24;3.305;0.022;219.8;30.2;;;;;;;;;;;;;;;;;;
 ;04:46:25;3.304;0.021;219.8;30.2;;;;;;;;;;;;;;;;;;
 ;04:46:26;3.306;0.019;219.8;30.2;;;;;;;;;;;;;;;;;;
 ;04:46:27;3.303;0.023;219.8;30.2;;;;;;;;;;;;;;;;;;

