#1;Time;Voltage(V);Curent(A);Capacity(mAh);Batt.Temp(C);#2;Time;Voltage(V);Curent(A);Capacity(mAh);Batt.Temp(C);#3;Time;Voltage(V);Curent(A);Capacity(mAh);Batt.Temp(C);#4;Time;Voltage(V);Curent(A);Capacity(mAh);Batt.Temp(C)
 ;00:00:00;3.307;0.000;0.0;29.7;;;;;;;;;;;;;;;;;;
 ;00:00:01;3.295;0.000;0.0;29.7;;;;;;;;;;;;;;;;;;
 ;00:00:02;3.275;0.010;0.0;29.7;;;;;;;;;;;;;;;;;;
 ;00:00:03;3.317;0.070;0.0;29.7;;;;;;;;;;;;;;;;;;
 ;00:00:04;3.375;0.191;0.0;29.7;;;;;;;;;;;;;;;;;;
 ;00:00:05;3.454;0.368;0.1;29.7;;;;;;;;;;;;;;;;;;
 ;00:00:06;3.555;0.593;0.3;29.7;;;;;;;;;;;;;;;;;;
 ;00:00:07;3.683;0.856;0.6;29.7;;;;;;;;;;;;;;;;;;
 ;00:00:08;3.787;1.048;0.9;29.7;;;;;;;;;;;;;;;;;;
 ;00:00:09;3.843;1.122;1.2;29.7;;;;;;;;;;;;;;;;;;
 ;00:00:10;3.901;1.186;1.5;29.7;;;;;;;;;;;;;;;;;;
 ;00:00:11;3.963;1.246;1.9;29.7;;;;;;;;;;;;;;;;;;
 ;00:00:12;4.038;1.308;2.2;29.7;;;;;;;;;;;;;;;;;;
 ;00:00:13;4.107;1.363;2.6;29.7;;;;;;;;;;;;;;;;;;
 ;00:00:14;4.165;1.417;3.0;29.7;;;;;;;;;;;;;;;;;;
 ;00:00:15;4.191;1.448;3.4;29.7;;;;;;;;;;;;;;;;;;
 ;00:00:16;4.199;1.456;3.8;29.7;;;;;;;;;;;;;;;;;;
 ;00:00:17;4.200;1.447;4.2;29.7;;;;;;;;;;;;;;;;;;
 ;00:00:18;4.199;1.438;4.6;29.7;;;;;;;;;;;;;;;;;;
 ;00:00:19;4.199;1.432;5.0;29.7;;;;;;;;;;;;;;;;;;
 ;00:00:20;4.200;1.425;5.4;29.7;;;;;;;;;;;;;;;;;;
 ;00:00:21;4.199;1.419;5.8;29.7;;;;;;;;;;;;;;;;;;
 ;00:00:22;4.200;1.413;6.2;29.7;;;;;;;;;;;;;;;;;;
 ;00:00:23;4.199;1.408;6.6;29.7;;;;;;;;;;;;;;;;;;
 ;00:00:24;4.199;1.403;7.0;29.7;;;;;;;;;;;;;;;;;;
 ;00:00:25;4.199;1.398;7.4;29.7;;;;;;;;;;;;;;;;;;
 ;00:00:26;4.199;1.393;7.8;29.7;;;;;;;;;;;;;;;;;;
 ;00:00:27;4.199;1.389;8.1;29.7;;;;;;;;;;;;;;;;;;
 ;00:00:28;4.200;1.385;8.5;29.8;;;;;;;;;;;;;;;;;;
 ;00:00:29;4.199;1.381;8.9;29.8;;;;;;;;;;;;;;;;;;
 ;00:00:30;4.199;1.378;9.3;29.8;;;;;;;;;;;;;;;;;;
 ;00:00:31;4.200;1.374;9.7;29.8;;;;;;;;;;;;;;;;;;
 ;00:00:32;4.199;1.371;10.1;29.8;;;;;;;;;;;;;;;;;;
 ;00:00:33;4.199;1.369;10.4;29.8;;;;;;;;;;;;;;;;;;
 ;00:00:34;4.199;1.366;10.8;29.8;;;;;;;;;;;;;;;;;;
 ;00:00:35;4.199;1.363;11.2;29.8;;;;;;;;;;;;;;;;;;
 ;00:00:36;4.199;1.361;11.6;29.8;;;;;;;;;;;;;;;;;;
 ;00:00:37;4.199;1.359;12.0;29.8;;;;;;;;;;;;;;;;;;
 ;00:00:38;4.199;1.357;12.3;29.8;;;;;;;;;;;;;;;;;;
 ;00:00:39;4.199;1.354;12.7;29.8;;;;;;;;;;;;;;;;;;
 ;00:00:40;4.199;1.352;13.1;29.8;;;;;;;;;;;;;;;;;;
 ;00:00:41;4.199;1.350;13.5;29.8;;;;;;;;;;;;;;;;;;
 ;00:00:42;4.199;1.348;13.8;29.9;;;;;;;;;;;;;;;;;;
 ;00:00:43;4.199;1.346;14.2;29.9;;;;;;;;;;;;;;;;;;
 ;00:00:44;4.199;1.344;14.6;29.9;;;;;;;;;;;;;;;;;;
 ;00:00:45;4.199;1.343;15.0;29.9;;;;;;;;;;;;;;;;;;
 ;00:00:46;4.199;1.341;15.3;29.9;;;;;;;;;;;;;;;;;;
 ;00:00:47;4.200;1.340;15.7;29.9;;;;;;;;;;;;;;;;;;
 ;00:00:48;4.199;1.337;16.1;29.9;;;;;;;;;;;;;;;;;;
 ;00:00:49;4.199;1.336;16.4;29.9;;;;;;;;;;;;;;;;;;
 ;00:00:50;4.199;1.334;16.8;29.9;;;;;;;;;;;;;;;;;;
 ;00:00:51;4.199;1.333;17.2;29.9;;;;;;;;;;;;;;;;;;
 ;00:00:52;4.199;1.331;17.5;29.9;;;;;;;;;;;;;;;;;;
 ;00:00:53;4.199;1.329;17.9;29.9;;;;;;;;;;;;;;;;;;
 ;00:00:54;4.199;1.327;18.3;30.0;;;;;;;;;;;;;;;;;;
 ;00:00:55;4.199;1.325;18.7;30.0;;;;;;;;;;;;;;;;;;
 ;00:00:56;4.199;1.324;19.0;30.0;;;;;;;;;;;;;;;;;;
 ;00:00:57;4.200;1.324;19.4;30.0;;;;;;;;;;;;;;;;;;
 ;00:00:58;4.199;1.322;19.8;30.0;;;;;;;;;;;;;;;;;;
 ;00:00:59;4.199;1.321;20.1;30.0;;;;;;;;;;;;;;;;;;
 ;00:01:00;4.200;1.320;20.5;30.0;;;;;;;;;;;;;;;;;;
 ;00:01:01;4.199;1.319;20.9;30.0;;;;;;;;;;;;;;;;;;
 ;00:01:02;4.199;1.317;21.2;30.0;;;;;;;;;;;;;;;;;;
 ;00:01:03;4.199;1.317;21.6;30.0;;;;;;;;;;;;;;;;;;
 ;00:01:04;4.200;1.316;22.0;30.0;;;;;;;;;;;;;;;;;;
 ;00:01:05;4.199;1.314;22.3;30.1;;;;;;;;;;;;;;;;;;
 ;00:01:06;4.198;1.313;22.7;30.1;;;;;;;;;;;;;;;;;;
 ;00:01:07;4.199;1.313;23.1;30.1;;;;;;;;;;;;;;;;;;
 ;00:01:08;4.200;1.313;23.4;30.1;;;;;;;;;;;;;;;;;;
 ;00:01:09;4.199;1.311;23.8;30.1;;;;;;;;;;;;;;;;;;
 ;00:01:10;4.199;1.309;24.1;30.1;;;;;;;;;;;;;;;;;;
 ;00:01:11;4.199;1.308;24.5;30.1;;;;;;;;;;;;;;;;;;
 ;00:01:12;4.200;1.308;24.9;30.1;;;;;;;;;;;;;;;;;;
 ;00:01:13;4.199;1.307;25.2;30.2;;;;;;;;;;;;;;;;;;
 ;00:01:14;4.199;1.305;25.6;30.2;;;;;;;;;;;;;;;;;;
 ;00:01:15;4.199;1.305;26.0;30.2;;;;;;;;;;;;;;;;;;
 ;00:01:16;4.199;1.304;26.3;30.2;;;;;;;;;;;;;;;;;;
 ;00:01:17;4.200;1.304;26.7;30.2;;;;;;;;;;;;;;;;;;
 ;00:01:18;4.199;1.301;27.0;30.2;;;;;;;;;;;;;;;;;;
 ;00:01:19;4.199;1.300;27.4;30.2;;;;;;;;;;;;;;;;;;
 ;00:01:20;4.200;1.301;27.8;30.2;;;;;;;;;;;;;;;;;;
 ;00:01:21;4.199;1.300;28.1;30.2;;;;;;;;;;;;;;;;;;
 ;00:01:22;4.199;1.299;28.5;30.2;;;;;;;;;;;;;;;;;;
 ;00:01:23;4.199;1.298;28.8;30.3;;;;;;;;;;;;;;;;;;
 ;00:01:24;4.199;1.297;29.2;30.3;;;;;;;;;;;;;;;;;;
 ;00:01:25;4.199;1.297;29.6;30.3;;;;;;;;;;;;;;;;;;
 ;00:01:26;4.200;1.296;29.9;30.3;;;;;;;;;;;;;;;;;;
 ;00:01:27;4.199;1.295;30.3;30.3;;;;;;;;;;;;;;;;;;
 ;00:01:28;4.199;1.293;30.6;30.3;;;;;;;;;;;;;;;;;;
 ;00:01:29;4.199;1.293;31.0;30.3;;;;;;;;;;;;;;;;;;
 ;00:01:30;4.200;1.293;31.4;30.3;;;;;;;;;;;;;;;;;;
 ;00:01:31;4.200;1.292;31.7;30.4;;;;;;;;;;;;;;;;;;
 ;00:01:32;4.199;1.290;32.1;30.4;;;;;;;;;;;;;;;;;;
 ;00:01:33;4.199;1.290;32.4;30.4;;;;;;;;;;;;;;;;;;
 ;00:01:34;4.199;1.289;32.8;30.4;;;;;;;;;;;;;;;;;;
 ;00:01:35;4.200;1.289;33.2;30.4;;;;;;;;;;;;;;;;;;
 ;00:01:36;4.199;1.287;33.5;30.4;;;;;;;;;;;;;;;;;;
 ;00:01:37;4.199;1.287;33.9;30.4;;;;;;;;;;;;;;;;;;
 ;00:01:38;4.200;1.286;34.2;30.5;;;;;;;;;;;;;;;;;;
 ;00:01:39;4.199;1.285;34.6;30.5;;;;;;;;;;;;;;;;;;
 ;00:01:40;4.199;1.284;34.9;30.5;;;;;;;;;;;;;;;;;;
 ;00:01:41;4.199;1.283;35.3;30.5;;;;;;;;;;;;;;;;;;
 ;00:01:42;4.199;1.283;35.7;30.5;;;;;;;;;;;;;;;;;;
 ;00:01:43;4.199;1.282;36.0;30.5;;;;;;;;;;;;;;;;;;
 ;00:01:44;4.199;1.281;36.4;30.5;;;;;;;;;;;;;;;;;;
 ;00:01:45;4.199;1.280;36.7;30.5;;;;;;;;;;;;;;;;;;
 ;00:01:46;4.199;1.280;37.1;30.5;;;;;;;;;;;;;;;;;;
 ;00:01:47;4.200;1.279;37.4;30.6;;;;;;;;;;;;;;;;;;
 ;00:01:48;4.199;1.278;37.8;30.6;;;;;;;;;;;;;;;;;;
 ;00:01:49;4.199;1.277;38.1;30.6;;;;;;;;;;;;;;;;;;
 ;00:01:50;4.199;1.277;38.5;30.6;;;;;;;;;;;;;;;;;;
 ;00:01:51;4.199;1.277;38.9;30.6;;;;;;;;;;;;;;;;;;
 ;00:01:52;4.199;1.277;39.2;30.6;;;;;;;;;;;;;;;;;;
 ;00:01:53;4.200;1.277;39.6;30.7;;;;;;;;;;;;;;;;;;
 ;00:01:54;4.199;1.276;39.9;30.7;;;;;;;;;;;;;;;;;;
 ;00:01:55;4.199;1.275;40.3;30.7;;;;;;;;;;;;;;;;;;
 ;00:01:56;4.199;1.275;40.6;30.7;;;;;;;;;;;;;;;;;;
 ;00:01:57;4.199;1.275;41.0;30.7;;;;;;;;;;;;;;;;;;
 ;00:01:58;4.200;1.274;41.3;30.7;;;;;;;;;;;;;;;;;;
 ;00:01:59;4.199;1.273;41.7;30.7;;;;;;;;;;;;;;;;;;
 ;00:02:00;4.199;1.272;42.0;30.7;;;;;;;;;;;;;;;;;;
 ;00:02:01;4.199;1.272;42.4;30.7;;;;;;;;;;;;;;;;;;
 ;00:02:02;4.199;1.272;42.8;30.8;;;;;;;;;;;;;;;;;;
 ;00:02:03;4.199;1.271;43.1;30.8;;;;;;;;;;;;;;;;;;
 ;00:02:04;4.199;1.270;43.5;30.8;;;;;;;;;;;;;;;;;;
 ;00:02:05;4.199;1.269;43.8;30.8;;;;;;;;;;;;;;;;;;
 ;00:02:06;4.199;1.269;44.2;30.8;;;;;;;;;;;;;;;;;;
 ;00:02:07;4.199;1.268;44.5;30.8;;;;;;;;;;;;;;;;;;
 ;00:02:08;4.199;1.268;44.9;30.8;;;;;;;;;;;;;;;;;;
 ;00:02:09;4.199;1.267;45.2;30.9;;;;;;;;;;;;;;;;;;
 ;00:02:10;4.199;1.266;45.6;30.9;;;;;;;;;;;;;;;;;;
 ;00:02:11;4.199;1.266;45.9;30.9;;;;;;;;;;;;;;;;;;
 ;00:02:12;4.199;1.266;46.3;30.9;;;;;;;;;;;;;;;;;;
 ;00:02:13;4.199;1.266;46.6;30.9;;;;;;;;;;;;;;;;;;
 ;00:02:14;4.199;1.265;47.0;30.9;;;;;;;;;;;;;;;;;;
 ;00:02:15;4.199;1.264;47.3;30.9;;;;;;;;;;;;;;;;;;
 ;00:02:16;4.199;1.263;47.7;31.0;;;;;;;;;;;;;;;;;;
 ;00:02:17;4.199;1.263;48.0;31.0;;;;;;;;;;;;;;;;;;
 ;00:02:18;4.199;1.262;48.4;31.0;;;;;;;;;;;;;;;;;;
 ;00:02:19;4.199;1.261;48.7;31.0;;;;;;;;;;;;;;;;;;
 ;00:02:20;4.199;1.261;49.1;31.0;;;;;;;;;;;;;;;;;;
 ;00:02:21;4.199;1.261;49.4;31.0;;;;;;;;;;;;;;;;;;
 ;00:02:22;4.199;1.261;49.8;31.1;;;;;;;;;;;;;;;;;;
 ;00:02:23;4.199;1.261;50.1;31.1;;;;;;;;;;;;;;;;;;
 ;00:02:24;4.199;1.261;50.5;31.1;;;;;;;;;;;;;;;;;;
 ;00:02:25;4.200;1.261;50.8;31.1;;;;;;;;;;;;;;;;;;
 ;00:02:26;4.200;1.261;51.2;31.1;;;;;;;;;;;;;;;;;;
 ;00:02:27;4.199;1.259;51.5;31.1;;;;;;;;;;;;;;;;;;
 ;00:02:28;4.199;1.258;51.9;31.1;;;;;;;;;;;;;;;;;;
 ;00:02:29;4.199;1.259;52.2;31.2;;;;;;;;;;;;;;;;;;
 ;00:02:30;4.199;1.258;52.6;31.2;;;;;;;;;;;;;;;;;;
 ;00:02:31;4.199;1.258;52.9;31.2;;;;;;;;;;;;;;;;;;
 ;00:02:32;4.199;1.257;53.3;31.2;;;;;;;;;;;;;;;;;;
 ;00:02:33;4.199;1.256;53.6;31.2;;;;;;;;;;;;;;;;;;
 ;00:02:34;4.199;1.256;54.0;31.2;;;;;;;;;;;;;;;;;;
 ;00:02:35;4.200;1.256;54.3;31.3;;;;;;;;;;;;;;;;;;
 ;00:02:36;4.199;1.255;54.7;31.3;;;;;;;;;;;;;;;;;;
 ;00:02:37;4.199;1.254;55.0;31.3;;;;;;;;;;;;;;;;;;
 ;00:02:38;4.199;1.254;55.4;31.3;;;;;;;;;;;;;;;;;;
 ;00:02:39;4.199;1.253;55.7;31.3;;;;;;;;;;;;;;;;;;
 ;00:02:40;4.199;1.253;56.1;31.3;;;;;;;;;;;;;;;;;;
 ;00:02:41;4.199;1.252;56.4;31.4;;;;;;;;;;;;;;;;;;
 ;00:02:42;4.199;1.251;56.8;31.4;;;;;;;;;;;;;;;;;;
 ;00:02:43;4.199;1.251;57.1;31.4;;;;;;;;;;;;;;;;;;
 ;00:02:44;4.199;1.251;57.5;31.4;;;;;;;;;;;;;;;;;;
 ;00:02:45;4.199;1.251;57.8;31.4;;;;;;;;;;;;;;;;;;
 ;00:02:46;4.199;1.251;58.2;31.4;;;;;;;;;;;;;;;;;;
 ;00:02:47;4.200;1.249;58.5;31.4;;;;;;;;;;;;;;;;;;
 ;00:02:48;4.200;1.249;58.9;31.5;;;;;;;;;;;;;;;;;;
 ;00:02:49;4.200;1.249;59.2;31.5;;;;;;;;;;;;;;;;;;
 ;00:02:50;4.200;1.249;59.5;31.5;;;;;;;;;;;;;;;;;;
 ;00:02:51;4.200;1.248;59.9;31.5;;;;;;;;;;;;;;;;;;
 ;00:02:52;4.199;1.247;60.2;31.5;;;;;;;;;;;;;;;;;;
 ;00:02:53;4.199;1.246;60.6;31.5;;;;;;;;;;;;;;;;;;
 ;00:02:54;4.200;1.246;60.9;31.5;;;;;;;;;;;;;;;;;;
 ;00:02:55;4.200;1.246;61.3;31.6;;;;;;;;;;;;;;;;;;
 ;00:02:56;4.200;1.246;61.6;31.6;;;;;;;;;;;;;;;;;;
 ;00:02:57;4.199;1.245;62.0;31.6;;;;;;;;;;;;;;;;;;
 ;00:02:58;4.199;1.244;62.3;31.6;;;;;;;;;;;;;;;;;;
 ;00:02:59;4.199;1.244;62.7;31.6;;;;;;;;;;;;;;;;;;
 ;00:03:00;4.200;1.244;63.0;31.6;;;;;;;;;;;;;;;;;;
 ;00:03:01;4.200;1.243;63.4;31.6;;;;;;;;;;;;;;;;;;
 ;00:03:02;4.200;1.243;63.7;31.7;;;;;;;;;;;;;;;;;;
 ;00:03:03;4.199;1.242;64.0;31.7;;;;;;;;;;;;;;;;;;
 ;00:03:04;4.199;1.241;64.4;31.7;;;;;;;;;;;;;;;;;;
 ;00:03:05;4.200;1.241;64.7;31.7;;;;;;;;;;;;;;;;;;
 ;00:03:06;4.200;1.240;65.1;31.7;;;;;;;;;;;;;;;;;;
 ;00:03:07;4.200;1.240;65.4;31.7;;;;;;;;;;;;;;;;;;
 ;00:03:08;4.200;1.240;65.8;31.8;;;;;;;;;;;;;;;;;;
 ;00:03:09;4.200;1.240;66.1;31.8;;;;;;;;;;;;;;;;;;
 ;00:03:10;4.200;1.240;66.5;31.8;;;;;;;;;;;;;;;;;;
 ;00:03:11;4.199;1.239;66.8;31.8;;;;;;;;;;;;;;;;;;
 ;00:03:12;4.200;1.239;67.1;31.8;;;;;;;;;;;;;;;;;;
 ;00:03:13;4.200;1.238;67.5;31.8;;;;;;;;;;;;;;;;;;
 ;00:03:14;4.200;1.238;67.8;31.8;;;;;;;;;;;;;;;;;;
 ;00:03:15;4.200;1.237;68.2;31.9;;;;;;;;;;;;;;;;;;
 ;00:03:16;4.200;1.237;68.5;31.9;;;;;;;;;;;;;;;;;;
 ;00:03:17;4.200;1.237;68.9;31.9;;;;;;;;;;;;;;;;;;
 ;00:03:18;4.199;1.236;69.2;31.9;;;;;;;;;;;;;;;;;;
 ;00:03:19;4.199;1.235;69.6;31.9;;;;;;;;;;;;;;;;;;
 ;00:03:20;4.200;1.235;69.9;31.9;;;;;;;;;;;;;;;;;;
 ;00:03:21;4.200;1.235;70.2;31.9;;;;;;;;;;;;;;;;;;
 ;00:03:22;4.200;1.235;70.6;32.0;;;;;;;;;;;;;;;;;;
 ;00:03:23;4.200;1.235;70.9;32.0;;;;;;;;;;;;;;;;;;
 ;00:03:24;4.199;1.233;71.3;32.0;;;;;;;;;;;;;;;;;;
 ;00:03:25;4.199;1.232;71.6;32.0;;;;;;;;;;;;;;;;;;
 ;00:03:26;4.200;1.232;72.0;32.0;;;;;;;;;;;;;;;;;;
 ;00:03:27;4.200;1.232;72.3;32.0;;;;;;;;;;;;;;;;;;
 ;00:03:28;4.200;1.232;72.6;32.0;;;;;;;;;;;;;;;;;;
 ;00:03:29;4.200;1.232;73.0;32.0;;;;;;;;;;;;;;;;;;
 ;00:03:30;4.200;1.232;73.3;32.0;;;;;;;;;;;;;;;;;;
 ;00:03:31;4.199;1.231;73.7;32.1;;;;;;;;;;;;;;;;;;
 ;00:03:32;4.199;1.230;74.0;32.1;;;;;;;;;;;;;;;;;;
 ;00:03:33;4.199;1.230;74.3;32.1;;;;;;;;;;;;;;;;;;
 ;00:03:34;4.200;1.230;74.7;32.1;;;;;;;;;;;;;;;;;;
 ;00:03:35;4.199;1.229;75.0;32.1;;;;;;;;;;;;;;;;;;
 ;00:03:36;4.200;1.229;75.4;32.1;;;;;;;;;;;;;;;;;;
 ;00:03:37;4.200;1.229;75.7;32.2;;;;;;;;;;;;;;;;;;
 ;00:03:38;4.200;1.229;76.1;32.2;;;;;;;;;;;;;;;;;;
 ;00:03:39;4.199;1.228;76.4;32.2;;;;;;;;;;;;;;;;;;
 ;00:03:40;4.199;1.227;76.7;32.2;;;;;;;;;;;;;;;;;;
 ;00:03:41;4.199;1.226;77.1;32.2;;;;;;;;;;;;;;;;;;
 ;00:03:42;4.200;1.226;77.4;32.2;;;;;;;;;;;;;;;;;;
 ;00:03:43;4.200;1.226;77.8;32.2;;;;;;;;;;;;;;;;;;
 ;00:03:44;4.200;1.226;78.1;32.2;;;;;;;;;;;;;;;;;;
 ;00:03:45;4.200;1.226;78.4;32.2;;;;;;;;;;;;;;;;;;
 ;00:03:46;4.200;1.226;78.8;32.2;;;;;;;;;;;;;;;;;;
 ;00:03:47;4.199;1.225;79.1;32.3;;;;;;;;;;;;;;;;;;
 ;00:03:48;4.199;1.224;79.5;32.3;;;;;;;;;;;;;;;;;;
 ;00:03:49;4.199;1.224;79.8;32.3;;;;;;;;;;;;;;;;;;
 ;00:03:50;4.199;1.224;80.1;32.3;;;;;;;;;;;;;;;;;;
 ;00:03:51;4.200;1.223;80.5;32.3;;;;;;;;;;;;;;;;;;
 ;00:03:52;4.200;1.223;80.8;32.3;;;;;;;;;;;;;;;;;;
 ;00:03:53;4.200;1.223;81.2;32.3;;;;;;;;;;;;;;;;;;
 ;00:03:54;4.200;1.223;81.5;32.4;;;;;;;;;;;;;;;;;;
 ;00:03:55;4.200;1.222;81.8;32.4;;;;;;;;;;;;;;;;;;
 ;00:03:56;4.199;1.221;82.2;32.4;;;;;;;;;;;;;;;;;;
 ;00:03:57;4.199;1.220;82.5;32.4;;;;;;;;;;;;;;;;;;
 ;00:03:58;4.199;1.220;82.9;32.4;;;;;;;;;;;;;;;;;;
 ;00:03:59;4.200;1.220;83.2;32.4;;;;;;;;;;;;;;;;;;
 ;00:04:00;4.200;1.220;83.5;32.4;;;;;;;;;;;;;;;;;;
 ;00:04:01;4.200;1.220;83.9;32.5;;;;;;;;;;;;;;;;;;
 ;00:04:02;4.200;1.220;84.2;32.5;;;;;;;;;;;;;;;;;;
 ;00:04:03;4.200;1.219;84.6;32.5;;;;;;;;;;;;;;;;;;
 ;00:04:04;4.200;1.219;84.9;32.5;;;;;;;;;;;;;;;;;;
 ;00:04:05;4.200;1.219;85.3;32.5;;;;;;;;;;;;;;;;;;
 ;00:04:06;4.199;1.217;85.6;32.5;;;;;;;;;;;;;;;;;;
 ;00:04:07;4.199;1.217;85.9;32.5;;;;;;;;;;;;;;;;;;
 ;00:04:08;4.199;1.217;86.2;32.5;;;;;;;;;;;;;;;;;;
 ;00:04:09;4.199;1.217;86.6;32.5;;;;;;;;;;;;;;;;;;
 ;00:04:10;4.200;1.216;86.9;32.6;;;;;;;;;;;;;;;;;;
 ;00:04:11;4.200;1.216;87.3;32.6;;;;;;;;;;;;;;;;;;
 ;00:04:12;4.200;1.216;87.6;32.6;;;;;;;;;;;;;;;;;;
 ;00:04:13;4.200;1.216;87.9;32.6;;;;;;;;;;;;;;;;;;
 ;00:04:14;4.200;1.215;88.3;32.6;;;;;;;;;;;;;;;;;;
 ;00:04:15;4.200;1.215;88.6;32.6;;;;;;;;;;;;;;;;;;
 ;00:04:16;4.200;1.215;88.9;32.6;;;;;;;;;;;;;;;;;;
 ;00:04:17;4.199;1.214;89.3;32.6;;;;;;;;;;;;;;;;;;
 ;00:04:18;4.199;1.213;89.6;32.7;;;;;;;;;;;;;;;;;;
 ;00:04:19;4.200;1.213;90.0;32.7;;;;;;;;;;;;;;;;;;
 ;00:04:20;4.200;1.213;90.3;32.7;;;;;;;;;;;;;;;;;;
 ;00:04:21;4.200;1.213;90.7;32.7;;;;;;;;;;;;;;;;;;
 ;00:04:22;4.200;1.213;91.0;32.7;;;;;;;;;;;;;;;;;;
 ;00:04:23;4.200;1.213;91.3;32.7;;;;;;;;;;;;;;;;;;
 ;00:04:24;4.200;1.213;91.6;32.7;;;;;;;;;;;;;;;;;;
 ;00:04:25;4.200;1.212;92.0;32.7;;;;;;;;;;;;;;;;;;
 ;00:04:26;4.199;1.210;92.3;32.7;;;;;;;;;;;;;;;;;;
 ;00:04:27;4.199;1.210;92.7;32.7;;;;;;;;;;;;;;;;;;
 ;00:04:28;4.199;1.210;93.0;32.8;;;;;;;;;;;;;;;;;;
 ;00:04:29;4.200;1.210;93.3;32.8;;;;;;;;;;;;;;;;;;
 ;00:04:30;4.200;1.209;93.7;32.8;;;;;;;;;;;;;;;;;;
 ;00:04:31;4.200;1.209;94.0;32.8;;;;;;;;;;;;;;;;;;
 ;00:04:32;4.200;1.209;94.3;32.8;;;;;;;;;;;;;;;;;;
 ;00:04:33;4.200;1.209;94.7;32.8;;;;;;;;;;;;;;;;;;
 ;00:04:34;4.200;1.208;95.0;32.8;;;;;;;;;;;;;;;;;;
 ;00:04:35;4.200;1.208;95.3;32.8;;;;;;;;;;;;;;;;;;
 ;00:04:36;4.199;1.207;95.7;32.9;;;;;;;;;;;;;;;;;;
 ;00:04:37;4.199;1.206;96.0;32.9;;;;;;;;;;;;;;;;;;
 ;00:04:38;4.199;1.206;96.3;32.9;;;;;;;;;;;;;;;;;;
 ;00:04:39;4.200;1.206;96.7;32.9;;;;;;;;;;;;;;;;;;
 ;00:04:40;4.200;1.205;97.0;32.9;;;;;;;;;;;;;;;;;;
 ;00:04:41;4.200;1.205;97.4;32.9;;;;;;;;;;;;;;;;;;
 ;00:04:42;4.200;1.205;97.7;32.9;;;;;;;;;;;;;;;;;;
 ;00:04:43;4.200;1.204;98.0;32.9;;;;;;;;;;;;;;;;;;
 ;00:04:44;4.200;1.204;98.4;33.0;;;;;;;;;;;;;;;;;;
 ;00:04:45;4.199;1.203;98.7;33.0;;;;;;;;;;;;;;;;;;
 ;00:04:46;4.199;1.202;99.0;33.0;;;;;;;;;;;;;;;;;;
 ;00:04:47;4.199;1.202;99.4;33.0;;;;;;;;;;;;;;;;;;
 ;00:04:48;4.199;1.202;99.7;33.0;;;;;;;;;;;;;;;;;;
 ;00:04:49;4.200;1.202;100.0;33.0;;;;;;;;;;;;;;;;;;
 ;00:04:50;4.200;1.201;100.4;33.0;;;;;;;;;;;;;;;;;;
 ;00:04:51;4.200;1.201;100.7;33.0;;;;;;;;;;;;;;;;;;
 ;00:04:52;4.200;1.201;101.0;33.0;;;;;;;;;;;;;;;;;;
 ;00:04:53;4.200;1.201;101.4;33.0;;;;;;;;;;;;;;;;;;
 ;00:04:54;4.200;1.200;101.7;33.1;;;;;;;;;;;;;;;;;;
 ;00:04:55;4.199;1.199;102.1;33.1;;;;;;;;;;;;;;;;;;
 ;00:04:56;4.199;1.198;102.4;33.1;;;;;;;;;;;;;;;;;;
 ;00:04:57;4.199;1.198;102.7;33.1;;;;;;;;;;;;;;;;;;
 ;00:04:58;4.200;1.198;103.0;33.1;;;;;;;;;;;;;;;;;;
 ;00:04:59;4.200;1.198;103.4;33.1;;;;;;;;;;;;;;;;;;
 ;00:05:00;4.200;1.197;103.7;33.1;;;;;;;;;;;;;;;;;;
 ;00:05:01;4.200;1.197;104.1;33.1;;;;;;;;;;;;;;;;;;
 ;00:05:02;4.200;1.197;104.4;33.1;;;;;;;;;;;;;;;;;;
 ;00:05:03;4.200;1.197;104.7;33.2;;;;;;;;;;;;;;;;;;
 ;00:05:04;4.200;1.196;105.0;33.2;;;;;;;;;;;;;;;;;;
 ;00:05:05;4.199;1.195;105.4;33.2;;;;;;;;;;;;;;;;;;
 ;00:05:06;4.199;1.194;105.7;33.2;;;;;;;;;;;;;;;;;;
 ;00:05:07;4.199;1.194;106.0;33.2;;;;;;;;;;;;;;;;;;
 ;00:05:08;4.200;1.194;106.4;33.2;;;;;;;;;;;;;;;;;;
 ;00:05:09;4.200;1.193;106.7;33.2;;;;;;;;;;;;;;;;;;
 ;00:05:10;4.200;1.193;107.0;33.2;;;;;;;;;;;;;;;;;;
 ;00:05:11;4.200;1.193;107.4;33.2;;;;;;;;;;;;;;;;;;
 ;00:05:12;4.200;1.193;107.7;33.2;;;;;;;;;;;;;;;;;;
 ;00:05:13;4.200;1.193;108.0;33.2;;;;;;;;;;;;;;;;;;
 ;00:05:14;4.199;1.191;108.4;33.3;;;;;;;;;;;;;;;;;;
 ;00:05:15;4.199;1.190;108.7;33.3;;;;;;;;;;;;;;;;;;
 ;00:05:16;4.199;1.190;109.0;33.3;;;;;;;;;;;;;;;;;;
 ;00:05:17;4.200;1.189;109.4;33.3;;;;;;;;;;;;;;;;;;
 ;00:05:18;4.200;1.189;109.7;33.3;;;;;;;;;;;;;;;;;;
 ;00:05:19;4.200;1.189;110.0;33.3;;;;;;;;;;;;;;;;;;
 ;00:05:20;4.200;1.189;110.3;33.3;;;;;;;;;;;;;;;;;;
 ;00:05:21;4.200;1.189;110.6;33.3;;;;;;;;;;;;;;;;;;
 ;00:05:22;4.200;1.189;111.0;33.4;;;;;;;;;;;;;;;;;;
 ;00:05:23;4.199;1.188;111.3;33.4;;;;;;;;;;;;;;;;;;
 ;00:05:24;4.199;1.187;111.7;33.4;;;;;;;;;;;;;;;;;;
 ;00:05:25;4.199;1.186;112.0;33.4;;;;;;;;;;;;;;;;;;
 ;00:05:26;4.200;1.185;112.3;33.4;;;;;;;;;;;;;;;;;;
 ;00:05:27;4.200;1.185;112.6;33.4;;;;;;;;;;;;;;;;;;
 ;00:05:28;4.200;1.185;113.0;33.4;;;;;;;;;;;;;;;;;;
 ;00:05:29;4.200;1.185;113.3;33.4;;;;;;;;;;;;;;;;;;
 ;00:05:30;4.200;1.185;113.6;33.4;;;;;;;;;;;;;;;;;;
 ;00:05:31;4.200;1.184;113.9;33.4;;;;;;;;;;;;;;;;;;
 ;00:05:32;4.199;1.183;114.3;33.5;;;;;;;;;;;;;;;;;;
 ;00:05:33;4.199;1.182;114.6;33.5;;;;;;;;;;;;;;;;;;
 ;00:05:34;4.200;1.182;114.9;33.5;;;;;;;;;;;;;;;;;;
 ;00:05:35;4.200;1.182;115.3;33.5;;;;;;;;;;;;;;;;;;
 ;00:05:36;4.200;1.182;115.6;33.5;;;;;;;;;;;;;;;;;;
 ;00:05:37;4.200;1.182;115.9;33.5;;;;;;;;;;;;;;;;;;
 ;00:05:38;4.200;1.182;116.3;33.5;;;;;;;;;;;;;;;;;;
 ;00:05:39;4.199;1.181;116.6;33.5;;;;;;;;;;;;;;;;;;
 ;00:05:40;4.199;1.180;116.9;33.5;;;;;;;;;;;;;;;;;;
 ;00:05:41;4.199;1.179;117.3;33.5;;;;;;;;;;;;;;;;;;
 ;00:05:42;4.199;1.179;117.6;33.5;;;;;;;;;;;;;;;;;;
 ;00:05:43;4.200;1.178;117.9;33.6;;;;;;;;;;;;;;;;;;
 ;00:05:44;4.200;1.178;118.2;33.6;;;;;;;;;;;;;;;;;;
 ;00:05:45;4.200;1.178;118.6;33.6;;;;;;;;;;;;;;;;;;
 ;00:05:46;4.200;1.178;118.9;33.6;;;;;;;;;;;;;;;;;;
 ;00:05:47;4.199;1.177;119.2;33.6;;;;;;;;;;;;;;;;;;
 ;00:05:48;4.199;1.176;119.5;33.6;;;;;;;;;;;;;;;;;;
 ;00:05:49;4.199;1.176;119.9;33.6;;;;;;;;;;;;;;;;;;
 ;00:05:50;4.199;1.175;120.2;33.6;;;;;;;;;;;;;;;;;;
 ;00:05:51;4.200;1.175;120.5;33.6;;;;;;;;;;;;;;;;;;
 ;00:05:52;4.200;1.175;120.9;33.6;;;;;;;;;;;;;;;;;;
 ;00:05:53;4.200;1.174;121.1;33.7;;;;;;;;;;;;;;;;;;
 ;00:05:54;4.200;1.174;121.5;33.7;;;;;;;;;;;;;;;;;;
 ;00:05:55;4.199;1.173;121.8;33.7;;;;;;;;;;;;;;;;;;
 ;00:05:56;4.199;1.172;122.2;33.7;;;;;;;;;;;;;;;;;;
 ;00:05:57;4.200;1.172;122.5;33.7;;;;;;;;;;;;;;;;;;
 ;00:05:58;4.200;1.172;122.8;33.7;;;;;;;;;;;;;;;;;;
 ;00:05:59;4.200;1.171;123.1;33.7;;;;;;;;;;;;;;;;;;
 ;00:06:00;4.200;1.171;123.5;33.7;;;;;;;;;;;;;;;;;;
 ;00:06:01;4.200;1.171;123.8;33.7;;;;;;;;;;;;;;;;;;
 ;00:06:02;4.199;1.170;124.1;33.7;;;;;;;;;;;;;;;;;;
 ;00:06:03;4.199;1.169;124.4;33.7;;;;;;;;;;;;;;;;;;
 ;00:06:04;4.199;1.168;124.8;33.7;;;;;;;;;;;;;;;;;;
 ;00:06:05;4.200;1.168;125.1;33.8;;;;;;;;;;;;;;;;;;
 ;00:06:06;4.200;1.168;125.4;33.8;;;;;;;;;;;;;;;;;;
 ;00:06:07;4.200;1.168;125.7;33.8;;;;;;;;;;;;;;;;;;
 ;00:06:08;4.199;1.167;126.1;33.8;;;;;;;;;;;;;;;;;;
 ;00:06:09;4.199;1.166;126.4;33.8;;;;;;;;;;;;;;;;;;
 ;00:06:10;4.199;1.166;126.7;33.8;;;;;;;;;;;;;;;;;;
 ;00:06:11;4.199;1.166;127.0;33.8;;;;;;;;;;;;;;;;;;
 ;00:06:12;4.200;1.166;127.4;33.8;;;;;;;;;;;;;;;;;;
 ;00:06:13;4.200;1.165;127.6;33.8;;;;;;;;;;;;;;;;;;
 ;00:06:14;4.200;1.165;128.0;33.8;;;;;;;;;;;;;;;;;;
 ;00:06:15;4.199;1.164;128.3;33.9;;;;;;;;;;;;;;;;;;
 ;00:06:16;4.199;1.163;128.6;33.9;;;;;;;;;;;;;;;;;;
 ;00:06:17;4.200;1.162;129.0;33.9;;;;;;;;;;;;;;;;;;
 ;00:06:18;4.200;1.162;129.3;33.9;;;;;;;;;;;;;;;;;;
 ;00:06:19;4.200;1.162;129.6;33.9;;;;;;;;;;;;;;;;;;
 ;00:06:20;4.200;1.162;129.9;33.9;;;;;;;;;;;;;;;;;;
 ;00:06:21;4.199;1.161;130.3;33.9;;;;;;;;;;;;;;;;;;
 ;00:06:22;4.199;1.160;130.6;33.9;;;;;;;;;;;;;;;;;;
 ;00:06:23;4.200;1.160;130.9;33.9;;;;;;;;;;;;;;;;;;
 ;00:06:24;4.200;1.160;131.2;33.9;;;;;;;;;;;;;;;;;;
 ;00:06:25;4.200;1.160;131.5;33.9;;;;;;;;;;;;;;;;;;
 ;00:06:26;4.200;1.160;131.9;34.0;;;;;;;;;;;;;;;;;;
 ;00:06:27;4.199;1.158;132.2;34.0;;;;;;;;;;;;;;;;;;
 ;00:06:28;4.200;1.157;132.5;34.0;;;;;;;;;;;;;;;;;;
 ;00:06:29;4.200;1.157;132.8;34.0;;;;;;;;;;;;;;;;;;
 ;00:06:30;4.200;1.156;133.2;34.0;;;;;;;;;;;;;;;;;;
 ;00:06:31;4.200;1.157;133.5;34.0;;;;;;;;;;;;;;;;;;
 ;00:06:32;4.200;1.156;133.8;34.0;;;;;;;;;;;;;;;;;;
 ;00:06:33;4.199;1.155;134.1;34.0;;;;;;;;;;;;;;;;;;
 ;00:06:34;4.200;1.154;134.4;34.0;;;;;;;;;;;;;;;;;;
 ;00:06:35;4.200;1.154;134.8;34.0;;;;;;;;;;;;;;;;;;
 ;00:06:36;4.200;1.154;135.1;34.1;;;;;;;;;;;;;;;;;;
 ;00:06:37;4.200;1.153;135.4;34.1;;;;;;;;;;;;;;;;;;
 ;00:06:38;4.199;1.153;135.7;34.1;;;;;;;;;;;;;;;;;;
 ;00:06:39;4.199;1.151;136.0;34.1;;;;;;;;;;;;;;;;;;
 ;00:06:40;4.200;1.151;136.4;34.1;;;;;;;;;;;;;;;;;;
 ;00:06:41;4.200;1.151;136.7;34.1;;;;;;;;;;;;;;;;;;
 ;00:06:42;4.200;1.151;137.0;34.1;;;;;;;;;;;;;;;;;;
 ;00:06:43;4.200;1.150;137.3;34.1;;;;;;;;;;;;;;;;;;
 ;00:06:44;4.200;1.149;137.6;34.1;;;;;;;;;;;;;;;;;;
 ;00:06:45;4.200;1.149;137.9;34.1;;;;;;;;;;;;;;;;;;
 ;00:06:46;4.200;1.148;138.3;34.1;;;;;;;;;;;;;;;;;;
 ;00:06:47;4.200;1.148;138.6;34.2;;;;;;;;;;;;;;;;;;
 ;00:06:48;4.199;1.147;138.9;34.2;;;;;;;;;;;;;;;;;;
 ;00:06:49;4.200;1.146;139.2;34.2;;;;;;;;;;;;;;;;;;
 ;00:06:50;4.200;1.146;139.6;34.2;;;;;;;;;;;;;;;;;;
 ;00:06:51;4.200;1.146;139.9;34.2;;;;;;;;;;;;;;;;;;
 ;00:06:52;4.200;1.146;140.2;34.2;;;;;;;;;;;;;;;;;;
 ;00:06:53;4.200;1.144;140.5;34.2;;;;;;;;;;;;;;;;;;
 ;00:06:54;4.200;1.143;140.8;34.2;;;;;;;;;;;;;;;;;;
 ;00:06:55;4.200;1.143;141.1;34.2;;;;;;;;;;;;;;;;;;
 ;00:06:56;4.200;1.143;141.5;34.2;;;;;;;;;;;;;;;;;;
 ;00:06:57;4.200;1.143;141.8;34.2;;;;;;;;;;;;;;;;;;
 ;00:06:58;4.200;1.142;142.1;34.3;;;;;;;;;;;;;;;;;;
 ;00:06:59;4.200;1.141;142.4;34.3;;;;;;;;;;;;;;;;;;
 ;00:07:00;4.200;1.141;142.7;34.3;;;;;;;;;;;;;;;;;;
 ;00:07:01;4.200;1.141;143.0;34.3;;;;;;;;;;;;;;;;;;
 ;00:07:02;4.200;1.140;143.4;34.3;;;;;;;;;;;;;;;;;;
 ;00:07:03;4.200;1.139;143.7;34.3;;;;;;;;;;;;;;;;;;
 ;00:07:04;4.200;1.138;144.0;34.3;;;;;;;;;;;;;;;;;;
 ;00:07:05;4.200;1.138;144.3;34.3;;;;;;;;;;;;;;;;;;
 ;00:07:06;4.200;1.138;144.6;34.3;;;;;;;;;;;;;;;;;;
 ;00:07:07;4.200;1.137;144.9;34.3;;;;;;;;;;;;;;;;;;
 ;00:07:08;4.200;1.136;145.3;34.3;;;;;;;;;;;;;;;;;;
 ;00:07:09;4.200;1.136;145.6;34.3;;;;;;;;;;;;;;;;;;
 ;00:07:10;4.200;1.136;145.9;34.4;;;;;;;;;;;;;;;;;;
 ;00:07:11;4.200;1.136;146.2;34.4;;;;;;;;;;;;;;;;;;
 ;00:07:12;4.199;1.135;146.5;34.4;;;;;;;;;;;;;;;;;;
 ;00:07:13;4.200;1.134;146.8;34.4;;;;;;;;;;;;;;;;;;
 ;00:07:14;4.200;1.134;147.2;34.4;;;;;;;;;;;;;;;;;;
 ;00:07:15;4.200;1.134;147.5;34.4;;;;;;;;;;;;;;;;;;
 ;00:07:16;4.200;1.134;147.8;34.4;;;;;;;;;;;;;;;;;;
 ;00:07:17;4.200;1.132;148.1;34.4;;;;;;;;;;;;;;;;;;
 ;00:07:18;4.200;1.131;148.4;34.4;;;;;;;;;;;;;;;;;;
 ;00:07:19;4.200;1.131;148.7;34.4;;;;;;;;;;;;;;;;;;
 ;00:07:20;4.200;1.131;149.0;34.4;;;;;;;;;;;;;;;;;;
 ;00:07:21;4.200;1.131;149.4;34.5;;;;;;;;;;;;;;;;;;
 ;00:07:22;4.200;1.130;149.7;34.5;;;;;;;;;;;;;;;;;;
 ;00:07:23;4.200;1.129;150.0;34.5;;;;;;;;;;;;;;;;;;
 ;00:07:24;4.200;1.129;150.3;34.5;;;;;;;;;;;;;;;;;;
 ;00:07:25;4.200;1.128;150.6;34.5;;;;;;;;;;;;;;;;;;
 ;00:07:26;4.200;1.128;150.9;34.5;;;;;;;;;;;;;;;;;;
 ;00:07:27;4.199;1.127;151.2;34.5;;;;;;;;;;;;;;;;;;
 ;00:07:28;4.200;1.125;151.5;34.5;;;;;;;;;;;;;;;;;;
 ;00:07:29;4.200;1.125;151.9;34.5;;;;;;;;;;;;;;;;;;
 ;00:07:30;4.200;1.125;152.2;34.5;;;;;;;;;;;;;;;;;;
 ;00:07:31;4.200;1.125;152.5;34.5;;;;;;;;;;;;;;;;;;
 ;00:07:32;4.199;1.123;152.8;34.5;;;;;;;;;;;;;;;;;;
 ;00:07:33;4.200;1.122;153.1;34.5;;;;;;;;;;;;;;;;;;
 ;00:07:34;4.200;1.122;153.4;34.6;;;;;;;;;;;;;;;;;;
 ;00:07:35;4.200;1.122;153.7;34.6;;;;;;;;;;;;;;;;;;
 ;00:07:36;4.200;1.121;154.0;34.6;;;;;;;;;;;;;;;;;;
 ;00:07:37;4.199;1.120;154.4;34.6;;;;;;;;;;;;;;;;;;
 ;00:07:38;4.200;1.120;154.7;34.6;;;;;;;;;;;;;;;;;;
 ;00:07:39;4.200;1.120;155.0;34.6;;;;;;;;;;;;;;;;;;
 ;00:07:40;4.200;1.120;155.3;34.6;;;;;;;;;;;;;;;;;;
 ;00:07:41;4.200;1.119;155.6;34.6;;;;;;;;;;;;;;;;;;
 ;00:07:42;4.199;1.117;155.9;34.6;;;;;;;;;;;;;;;;;;
 ;00:07:43;4.199;1.116;156.2;34.6;;;;;;;;;;;;;;;;;;
 ;00:07:44;4.200;1.116;156.5;34.6;;;;;;;;;;;;;;;;;;
 ;00:07:45;4.200;1.116;156.8;34.6;;;;;;;;;;;;;;;;;;
 ;00:07:46;4.200;1.116;157.2;34.7;;;;;;;;;;;;;;;;;;
 ;00:07:47;4.199;1.115;157.5;34.7;;;;;;;;;;;;;;;;;;
 ;00:07:48;4.199;1.114;157.8;34.7;;;;;;;;;;;;;;;;;;
 ;00:07:49;4.200;1.114;158.1;34.7;;;;;;;;;;;;;;;;;;
 ;00:07:50;4.200;1.114;158.4;34.7;;;;;;;;;;;;;;;;;;
 ;00:07:51;4.200;1.114;158.7;34.7;;;;;;;;;;;;;;;;;;
 ;00:07:52;4.199;1.113;159.0;34.7;;;;;;;;;;;;;;;;;;
 ;00:07:53;4.199;1.111;159.3;34.7;;;;;;;;;;;;;;;;;;
 ;00:07:54;4.200;1.110;159.6;34.7;;;;;;;;;;;;;;;;;;
 ;00:07:55;4.200;1.110;159.9;34.7;;;;;;;;;;;;;;;;;;
 ;00:07:56;4.200;1.110;160.2;34.7;;;;;;;;;;;;;;;;;;
 ;00:07:57;4.200;1.110;160.6;34.7;;;;;;;;;;;;;;;;;;
 ;00:07:58;4.199;1.109;160.9;34.8;;;;;;;;;;;;;;;;;;
 ;00:07:59;4.199;1.108;161.2;34.8;;;;;;;;;;;;;;;;;;
 ;00:08:00;4.200;1.108;161.5;34.8;;;;;;;;;;;;;;;;;;
 ;00:08:01;4.200;1.108;161.8;34.8;;;;;;;;;;;;;;;;;;
 ;00:08:02;4.200;1.107;162.1;34.8;;;;;;;;;;;;;;;;;;
 ;00:08:03;4.199;1.107;162.4;34.8;;;;;;;;;;;;;;;;;;
 ;00:08:04;4.199;1.105;162.7;34.8;;;;;;;;;;;;;;;;;;
 ;00:08:05;4.200;1.104;163.0;34.8;;;;;;;;;;;;;;;;;;
 ;00:08:06;4.200;1.104;163.3;34.8;;;;;;;;;;;;;;;;;;
 ;00:08:07;4.200;1.104;163.6;34.8;;;;;;;;;;;;;;;;;;
 ;00:08:08;4.200;1.103;163.9;34.8;;;;;;;;;;;;;;;;;;
 ;00:08:09;4.199;1.103;164.2;34.8;;;;;;;;;;;;;;;;;;
 ;00:08:10;4.199;1.101;164.5;34.8;;;;;;;;;;;;;;;;;;
 ;00:08:11;4.200;1.100;164.8;34.8;;;;;;;;;;;;;;;;;;
 ;00:08:12;4.200;1.100;165.2;34.9;;;;;;;;;;;;;;;;;;
 ;00:08:13;4.200;1.100;165.5;34.9;;;;;;;;;;;;;;;;;;
 ;00:08:14;4.200;1.100;165.8;34.9;;;;;;;;;;;;;;;;;;
 ;00:08:15;4.199;1.099;166.1;34.9;;;;;;;;;;;;;;;;;;
 ;00:08:16;4.199;1.098;166.4;34.9;;;;;;;;;;;;;;;;;;
 ;00:08:17;4.200;1.097;166.7;34.9;;;;;;;;;;;;;;;;;;
 ;00:08:18;4.200;1.096;167.0;34.9;;;;;;;;;;;;;;;;;;
 ;00:08:19;4.200;1.096;167.3;34.9;;;;;;;;;;;;;;;;;;
 ;00:08:20;4.200;1.096;167.6;34.9;;;;;;;;;;;;;;;;;;
 ;00:08:21;4.199;1.095;167.9;34.9;;;;;;;;;;;;;;;;;;
 ;00:08:22;4.199;1.094;168.2;34.9;;;;;;;;;;;;;;;;;;
 ;00:08:23;4.200;1.093;168.5;34.9;;;;;;;;;;;;;;;;;;
 ;00:08:24;4.200;1.093;168.8;34.9;;;;;;;;;;;;;;;;;;
 ;00:08:25;4.200;1.093;169.1;34.9;;;;;;;;;;;;;;;;;;
 ;00:08:26;4.200;1.093;169.4;35.0;;;;;;;;;;;;;;;;;;
 ;00:08:27;4.199;1.091;169.7;35.0;;;;;;;;;;;;;;;;;;
 ;00:08:28;4.199;1.090;170.0;35.0;;;;;;;;;;;;;;;;;;
 ;00:08:29;4.200;1.089;170.3;35.0;;;;;;;;;;;;;;;;;;
 ;00:08:30;4.200;1.089;170.6;35.0;;;;;;;;;;;;;;;;;;
 ;00:08:31;4.200;1.089;170.9;35.0;;;;;;;;;;;;;;;;;;
 ;00:08:32;4.200;1.089;171.2;35.0;;;;;;;;;;;;;;;;;;
 ;00:08:33;4.199;1.088;171.5;35.0;;;;;;;;;;;;;;;;;;
 ;00:08:34;4.199;1.087;171.8;35.0;;;;;;;;;;;;;;;;;;
 ;00:08:35;4.200;1.086;172.1;35.0;;;;;;;;;;;;;;;;;;
 ;00:08:36;4.200;1.086;172.4;35.0;;;;;;;;;;;;;;;;;;
 ;00:08:37;4.200;1.085;172.7;35.0;;;;;;;;;;;;;;;;;;
 ;00:08:38;4.200;1.085;173.0;35.0;;;;;;;;;;;;;;;;;;
 ;00:08:39;4.199;1.084;173.3;35.0;;;;;;;;;;;;;;;;;;
 ;00:08:40;4.199;1.083;173.6;35.0;;;;;;;;;;;;;;;;;;
 ;00:08:41;4.200;1.082;173.9;35.0;;;;;;;;;;;;;;;;;;
 ;00:08:42;4.200;1.082;174.2;35.0;;;;;;;;;;;;;;;;;;
 ;00:08:43;4.200;1.082;174.5;35.0;;;;;;;;;;;;;;;;;;
 ;00:08:44;4.200;1.082;174.8;35.1;;;;;;;;;;;;;;;;;;
 ;00:08:45;4.199;1.080;175.1;35.1;;;;;;;;;;;;;;;;;;
 ;00:08:46;4.199;1.079;175.4;35.1;;;;;;;;;;;;;;;;;;
 ;00:08:47;4.200;1.078;175.7;35.1;;;;;;;;;;;;;;;;;;
 ;00:08:48;4.200;1.078;176.0;35.1;;;;;;;;;;;;;;;;;;
 ;00:08:49;4.200;1.078;176.3;35.1;;;;;;;;;;;;;;;;;;
 ;00:08:50;4.200;1.077;176.6;35.1;;;;;;;;;;;;;;;;;;
 ;00:08:51;4.199;1.075;176.9;35.1;;;;;;;;;;;;;;;;;;
 ;00:08:52;4.199;1.074;177.2;35.1;;;;;;;;;;;;;;;;;;
 ;00:08:53;4.200;1.074;177.5;35.1;;;;;;;;;;;;;;;;;;
 ;00:08:54;4.200;1.074;177.8;35.1;;;;;;;;;;;;;;;;;;
 ;00:08:55;4.200;1.074;178.1;35.1;;;;;;;;;;;;;;;;;;
 ;00:08:56;4.199;1.073;178.4;35.1;;;;;;;;;;;;;;;;;;
 ;00:08:57;4.199;1.072;178.7;35.1;;;;;;;;;;;;;;;;;;
 ;00:08:58;4.200;1.072;179.0;35.1;;;;;;;;;;;;;;;;;;
 ;00:08:59;4.200;1.072;179.3;35.1;;;;;;;;;;;;;;;;;;
 ;00:09:00;4.200;1.071;179.6;35.2;;;;;;;;;;;;;;;;;;
 ;00:09:01;4.199;1.071;179.9;35.2;;;;;;;;;;;;;;;;;;
 ;00:09:02;4.199;1.068;180.2;35.2;;;;;;;;;;;;;;;;;;
 ;00:09:03;4.200;1.068;180.5;35.2;;;;;;;;;;;;;;;;;;
 ;00:09:04;4.200;1.068;180.8;35.2;;;;;;;;;;;;;;;;;;
 ;00:09:05;4.200;1.068;181.1;35.2;;;;;;;;;;;;;;;;;;
 ;00:09:06;4.199;1.067;181.4;35.2;;;;;;;;;;;;;;;;;;
 ;00:09:07;4.199;1.066;181.7;35.2;;;;;;;;;;;;;;;;;;
 ;00:09:08;4.200;1.065;182.0;35.2;;;;;;;;;;;;;;;;;;
 ;00:09:09;4.200;1.065;182.3;35.2;;;;;;;;;;;;;;;;;;
 ;00:09:10;4.200;1.064;182.6;35.2;;;;;;;;;;;;;;;;;;
 ;00:09:11;4.199;1.063;182.9;35.2;;;;;;;;;;;;;;;;;;
 ;00:09:12;4.199;1.062;183.2;35.2;;;;;;;;;;;;;;;;;;
 ;00:09:13;4.200;1.062;183.5;35.2;;;;;;;;;;;;;;;;;;
 ;00:09:14;4.200;1.062;183.8;35.2;;;;;;;;;;;;;;;;;;
 ;00:09:15;4.200;1.062;184.1;35.2;;;;;;;;;;;;;;;;;;
 ;00:09:16;4.199;1.060;184.4;35.2;;;;;;;;;;;;;;;;;;
 ;00:09:17;4.200;1.058;184.7;35.2;;;;;;;;;;;;;;;;;;
 ;00:09:18;4.200;1.058;185.0;35.2;;;;;;;;;;;;;;;;;;
 ;00:09:19;4.200;1.058;185.2;35.2;;;;;;;;;;;;;;;;;;
 ;00:09:20;4.200;1.057;185.5;35.3;;;;;;;;;;;;;;;;;;
 ;00:09:21;4.200;1.056;185.8;35.3;;;;;;;;;;;;;;;;;;
 ;00:09:22;4.200;1.056;186.1;35.3;;;;;;;;;;;;;;;;;;
 ;00:09:23;4.200;1.056;186.4;35.3;;;;;;;;;;;;;;;;;;
 ;00:09:24;4.200;1.055;186.7;35.3;;;;;;;;;;;;;;;;;;
 ;00:09:25;4.200;1.053;187.0;35.3;;;;;;;;;;;;;;;;;;
 ;00:09:26;4.200;1.053;187.3;35.3;;;;;;;;;;;;;;;;;;
 ;00:09:27;4.200;1.053;187.6;35.3;;;;;;;;;;;;;;;;;;
 ;00:09:28;4.200;1.053;187.9;35.3;;;;;;;;;;;;;;;;;;
 ;00:09:29;4.200;1.051;188.2;35.3;;;;;;;;;;;;;;;;;;
 ;00:09:30;4.200;1.050;188.5;35.3;;;;;;;;;;;;;;;;;;
 ;00:09:31;4.200;1.050;188.8;35.3;;;;;;;;;;;;;;;;;;
 ;00:09:32;4.200;1.050;189.0;35.3;;;;;;;;;;;;;;;;;;
 ;00:09:33;4.200;1.048;189.3;35.3;;;;;;;;;;;;;;;;;;
 ;00:09:34;4.200;1.047;189.6;35.3;;;;;;;;;;;;;;;;;;
 ;00:09:35;4.200;1.047;189.9;35.3;;;;;;;;;;;;;;;;;;
 ;00:09:36;4.200;1.047;190.2;35.3;;;;;;;;;;;;;;;;;;
 ;00:09:37;4.200;1.045;190.5;35.3;;;;;;;;;;;;;;;;;;
 ;00:09:38;4.200;1.045;190.8;35.4;;;;;;;;;;;;;;;;;;
 ;00:09:39;4.200;1.045;191.1;35.4;;;;;;;;;;;;;;;;;;
 ;00:09:40;4.200;1.044;191.4;35.4;;;;;;;;;;;;;;;;;;
 ;00:09:41;4.200;1.042;191.7;35.4;;;;;;;;;;;;;;;;;;
 ;00:09:42;4.200;1.042;192.0;35.4;;;;;;;;;;;;;;;;;;
 ;00:09:43;4.200;1.042;192.2;35.4;;;;;;;;;;;;;;;;;;
 ;00:09:44;4.200;1.041;192.5;35.4;;;;;;;;;;;;;;;;;;
 ;00:09:45;4.200;1.040;192.8;35.4;;;;;;;;;;;;;;;;;;
 ;00:09:46;4.200;1.040;193.1;35.4;;;;;;;;;;;;;;;;;;
 ;00:09:47;4.200;1.039;193.4;35.4;;;;;;;;;;;;;;;;;;
 ;00:09:48;4.200;1.037;193.7;35.4;;;;;;;;;;;;;;;;;;
 ;00:09:49;4.200;1.037;194.0;35.4;;;;;;;;;;;;;;;;;;
 ;00:09:50;4.200;1.037;194.3;35.4;;;;;;;;;;;;;;;;;;
 ;00:09:51;4.200;1.036;194.5;35.4;;;;;;;;;;;;;;;;;;
 ;00:09:52;4.200;1.035;194.8;35.4;;;;;;;;;;;;;;;;;;
 ;00:09:53;4.200;1.035;195.1;35.4;;;;;;;;;;;;;;;;;;
 ;00:09:54;4.200;1.034;195.4;35.4;;;;;;;;;;;;;;;;;;
 ;00:09:55;4.200;1.032;195.7;35.4;;;;;;;;;;;;;;;;;;
 ;00:09:56;4.200;1.032;196.0;35.4;;;;;;;;;;;;;;;;;;
 ;00:09:57;4.200;1.032;196.3;35.4;;;;;;;;;;;;;;;;;;
 ;00:09:58;4.200;1.031;196.6;35.5;;;;;;;;;;;;;;;;;;
 ;00:09:59;4.200;1.030;196.8;35.5;;;;;;;;;;;;;;;;;;
 ;00:10:00;4.200;1.030;197.1;35.5;;;;;;;;;;;;;;;;;;
 ;00:10:01;4.200;1.029;197.4;35.5;;;;;;;;;;;;;;;;;;
 ;00:10:02;4.200;1.027;197.7;35.5;;;;;;;;;;;;;;;;;;
 ;00:10:03;4.200;1.027;198.0;35.5;;;;;;;;;;;;;;;;;;
 ;00:10:04;4.200;1.027;198.3;35.5;;;;;;;;;;;;;;;;;;
 ;00:10:05;4.200;1.026;198.6;35.5;;;;;;;;;;;;;;;;;;
 ;00:10:06;4.200;1.025;198.8;35.5;;;;;;;;;;;;;;;;;;
 ;00:10:07;4.200;1.025;199.1;35.5;;;;;;;;;;;;;;;;;;
 ;00:10:08;4.200;1.024;199.4;35.5;;;;;;;;;;;;;;;;;;
 ;00:10:09;4.200;1.022;199.7;35.5;;;;;;;;;;;;;;;;;;
 ;00:10:10;4.200;1.022;200.0;35.5;;;;;;;;;;;;;;;;;;
 ;00:10:11;4.200;1.022;200.3;35.5;;;;;;;;;;;;;;;;;;
 ;00:10:12;4.200;1.021;200.5;35.5;;;;;;;;;;;;;;;;;;
 ;00:10:13;4.200;1.020;200.8;35.5;;;;;;;;;;;;;;;;;;
 ;00:10:14;4.200;1.020;201.1;35.5;;;;;;;;;;;;;;;;;;
 ;00:10:15;4.200;1.019;201.4;35.5;;;;;;;;;;;;;;;;;;
 ;00:10:16;4.200;1.017;201.7;35.5;;;;;;;;;;;;;;;;;;
 ;00:10:17;4.200;1.016;202.0;35.5;;;;;;;;;;;;;;;;;;
 ;00:10:18;4.200;1.016;202.2;35.5;;;;;;;;;;;;;;;;;;
 ;00:10:19;4.200;1.016;202.5;35.5;;;;;;;;;;;;;;;;;;
 ;00:10:20;4.200;1.014;202.8;35.5;;;;;;;;;;;;;;;;;;
 ;00:10:21;4.200;1.014;203.1;35.5;;;;;;;;;;;;;;;;;;
 ;00:10:22;4.200;1.014;203.4;35.5;;;;;;;;;;;;;;;;;;
 ;00:10:23;4.200;1.012;203.7;35.5;;;;;;;;;;;;;;;;;;
 ;00:10:24;4.200;1.011;203.9;35.6;;;;;;;;;;;;;;;;;;
 ;00:10:25;4.200;1.011;204.2;35.6;;;;;;;;;;;;;;;;;;
 ;00:10:26;4.200;1.011;204.5;35.6;;;;;;;;;;;;;;;;;;
 ;00:10:27;4.200;1.003;204.8;35.6;;;;;;;;;;;;;;;;;;
 ;00:10:28;4.200;0.995;205.0;35.6;;;;;;;;;;;;;;;;;;
 ;00:10:29;4.200;0.996;205.3;35.6;;;;;;;;;;;;;;;;;;
 ;00:10:30;4.200;0.995;205.6;35.6;;;;;;;;;;;;;;;;;;
 ;00:10:31;4.200;0.994;205.9;35.6;;;;;;;;;;;;;;;;;;
 ;00:10:32;4.200;0.992;206.2;35.6;;;;;;;;;;;;;;;;;;
 ;00:10:33;4.200;0.992;206.4;35.6;;;;;;;;;;;;;;;;;;
 ;00:10:34;4.200;0.992;206.7;35.6;;;;;;;;;;;;;;;;;;
 ;00:10:35;4.200;0.991;207.0;35.6;;;;;;;;;;;;;;;;;;
 ;00:10:36;4.200;0.990;207.3;35.6;;;;;;;;;;;;;;;;;;
 ;00:10:37;4.200;0.989;207.5;35.6;;;;;;;;;;;;;;;;;;
 ;00:10:38;4.200;0.989;207.8;35.6;;;;;;;;;;;;;;;;;;
 ;00:10:39;4.200;0.988;208.1;35.6;;;;;;;;;;;;;;;;;;
 ;00:10:40;4.200;0.986;208.4;35.6;;;;;;;;;;;;;;;;;;
 ;00:10:41;4.200;0.986;208.6;35.6;;;;;;;;;;;;;;;;;;
 ;00:10:42;4.200;0.986;208.9;35.6;;;;;;;;;;;;;;;;;;
 ;00:10:43;4.200;0.986;209.2;35.6;;;;;;;;;;;;;;;;;;
 ;00:10:44;4.200;0.984;209.4;35.6;;;;;;;;;;;;;;;;;;
 ;00:10:45;4.200;0.983;209.7;35.6;;;;;;;;;;;;;;;;;;
 ;00:10:46;4.200;0.983;210.0;35.6;;;;;;;;;;;;;;;;;;
 ;00:10:47;4.200;0.983;210.3;35.6;;;;;;;;;;;;;;;;;;
 ;00:10:48;4.200;0.981;210.5;35.7;;;;;;;;;;;;;;;;;;
 ;00:10:49;4.200;0.980;210.8;35.7;;;;;;;;;;;;;;;;;;
 ;00:10:50;4.200;0.979;211.1;35.7;;;;;;;;;;;;;;;;;;
 ;00:10:51;4.200;0.979;211.4;35.7;;;;;;;;;;;;;;;;;;
 ;00:10:52;4.200;0.979;211.6;35.7;;;;;;;;;;;;;;;;;;
 ;00:10:53;4.200;0.976;211.9;35.7;;;;;;;;;;;;;;;;;;
 ;00:10:54;4.200;0.976;212.2;35.7;;;;;;;;;;;;;;;;;;
 ;00:10:55;4.200;0.976;212.4;35.7;;;;;;;;;;;;;;;;;;
 ;00:10:56;4.200;0.976;212.7;35.7;;;;;;;;;;;;;;;;;;
 ;00:10:57;4.200;0.974;213.0;35.7;;;;;;;;;;;;;;;;;;
 ;00:10:58;4.200;0.973;213.3;35.7;;;;;;;;;;;;;;;;;;
 ;00:10:59;4.200;0.973;213.5;35.7;;;;;;;;;;;;;;;;;;
 ;00:11:00;4.200;0.973;213.8;35.7;;;;;;;;;;;;;;;;;;
 ;00:11:01;4.200;0.972;214.1;35.7;;;;;;;;;;;;;;;;;;
 ;00:11:02;4.200;0.970;214.3;35.7;;;;;;;;;;;;;;;;;;
 ;00:11:03;4.200;0.969;214.6;35.7;;;;;;;;;;;;;;;;;;
 ;00:11:04;4.200;0.969;214.9;35.7;;;;;;;;;;;;;;;;;;
 ;00:11:05;4.200;0.969;215.1;35.7;;;;;;;;;;;;;;;;;;
 ;00:11:06;4.200;0.967;215.4;35.7;;;;;;;;;;;;;;;;;;
 ;00:11:07;4.200;0.966;215.7;35.7;;;;;;;;;;;;;;;;;;
 ;00:11:08;4.200;0.965;215.9;35.7;;;;;;;;;;;;;;;;;;
 ;00:11:09;4.200;0.965;216.2;35.7;;;;;;;;;;;;;;;;;;
 ;00:11:10;4.200;0.964;216.5;35.7;;;;;;;;;;;;;;;;;;
 ;00:11:11;4.200;0.963;216.8;35.7;;;;;;;;;;;;;;;;;;
 ;00:11:12;4.200;0.963;217.0;35.7;;;;;;;;;;;;;;;;;;
 ;00:11:13;4.200;0.963;217.3;35.7;;;;;;;;;;;;;;;;;;
 ;00:11:14;4.200;0.963;217.6;35.7;;;;;;;;;;;;;;;;;;
 ;00:11:15;4.200;0.960;217.8;35.7;;;;;;;;;;;;;;;;;;
 ;00:11:16;4.200;0.959;218.1;35.7;;;;;;;;;;;;;;;;;;
 ;00:11:17;4.200;0.959;218.4;35.7;;;;;;;;;;;;;;;;;;
 ;00:11:18;4.200;0.959;218.6;35.7;;;;;;;;;;;;;;;;;;
 ;00:11:19;4.200;0.957;218.9;35.7;;;;;;;;;;;;;;;;;;
 ;00:11:20;4.200;0.957;219.2;35.7;;;;;;;;;;;;;;;;;;
 ;00:11:21;4.200;0.957;219.4;35.7;;;;;;;;;;;;;;;;;;
 ;00:11:22;4.200;0.956;219.7;35.7;;;;;;;;;;;;;;;;;;
 ;00:11:23;4.200;0.953;219.9;35.8;;;;;;;;;;;;;;;;;;
 ;00:11:24;4.200;0.953;220.2;35.8;;;;;;;;;;;;;;;;;;
 ;00:11:25;4.200;0.953;220.5;35.8;;;;;;;;;;;;;;;;;;
 ;00:11:26;4.200;0.952;220.7;35.8;;;;;;;;;;;;;;;;;;
 ;00:11:27;4.200;0.950;221.0;35.8;;;;;;;;;;;;;;;;;;
 ;00:11:28;4.200;0.950;221.3;35.8;;;;;;;;;;;;;;;;;;
 ;00:11:29;4.200;0.949;221.5;35.8;;;;;;;;;;;;;;;;;;
 ;00:11:30;4.200;0.949;221.8;35.8;;;;;;;;;;;;;;;;;;
 ;00:11:31;4.200;0.947;222.1;35.8;;;;;;;;;;;;;;;;;;
 ;00:11:32;4.200;0.947;222.3;35.8;;;;;;;;;;;;;;;;;;
 ;00:11:33;4.200;0.947;222.6;35.8;;;;;;;;;;;;;;;;;;
 ;00:11:34;4.200;0.945;222.8;35.8;;;;;;;;;;;;;;;;;;
 ;00:11:35;4.200;0.944;223.1;35.8;;;;;;;;;;;;;;;;;;
 ;00:11:36;4.200;0.944;223.4;35.8;;;;;;;;;;;;;;;;;;
 ;00:11:37;4.200;0.943;223.6;35.8;;;;;;;;;;;;;;;;;;
 ;00:11:38;4.200;0.942;223.9;35.8;;;;;;;;;;;;;;;;;;
 ;00:11:39;4.200;0.942;224.2;35.8;;;;;;;;;;;;;;;;;;
 ;00:11:40;4.200;0.942;224.4;35.8;;;;;;;;;;;;;;;;;;
 ;00:11:41;4.200;0.940;224.7;35.8;;;;;;;;;;;;;;;;;;
 ;00:11:42;4.200;0.939;224.9;35.8;;;;;;;;;;;;;;;;;;
 ;00:11:43;4.200;0.939;225.2;35.8;;;;;;;;;;;;;;;;;;
 ;00:11:44;4.200;0.938;225.5;35.8;;;;;;;;;;;;;;;;;;
 ;00:11:45;4.200;0.936;225.7;35.8;;;;;;;;;;;;;;;;;;
 ;00:11:46;4.200;0.936;226.0;35.8;;;;;;;;;;;;;;;;;;
 ;00:11:47;4.200;0.935;226.2;35.8;;;;;;;;;;;;;;;;;;
 ;00:11:48;4.200;0.933;226.5;35.8;;;;;;;;;;;;;;;;;;
 ;00:11:49;4.200;0.933;226.8;35.8;;;;;;;;;;;;;;;;;;
 ;00:11:50;4.200;0.933;227.0;35.8;;;;;;;;;;;;;;;;;;
 ;00:11:51;4.200;0.932;227.3;35.8;;;;;;;;;;;;;;;;;;
 ;00:11:52;4.200;0.931;227.5;35.8;;;;;;;;;;;;;;;;;;
 ;00:11:53;4.200;0.931;227.8;35.8;;;;;;;;;;;;;;;;;;
 ;00:11:54;4.200;0.929;228.1;35.8;;;;;;;;;;;;;;;;;;
 ;00:11:55;4.200;0.928;228.3;35.8;;;;;;;;;;;;;;;;;;
 ;00:11:56;4.200;0.928;228.6;35.8;;;;;;;;;;;;;;;;;;
 ;00:11:57;4.200;0.927;228.8;35.9;;;;;;;;;;;;;;;;;;
 ;00:11:58;4.200;0.926;229.1;35.9;;;;;;;;;;;;;;;;;;
 ;00:11:59;4.200;0.926;229.3;35.9;;;;;;;;;;;;;;;;;;
 ;00:12:00;4.200;0.924;229.6;35.9;;;;;;;;;;;;;;;;;;
 ;00:12:01;4.200;0.923;229.9;35.9;;;;;;;;;;;;;;;;;;
 ;00:12:02;4.200;0.923;230.1;35.9;;;;;;;;;;;;;;;;;;
 ;00:12:03;4.200;0.922;230.4;35.9;;;;;;;;;;;;;;;;;;
 ;00:12:04;4.200;0.921;230.6;35.9;;;;;;;;;;;;;;;;;;
 ;00:12:05;4.200;0.921;230.9;35.9;;;;;;;;;;;;;;;;;;
 ;00:12:06;4.200;0.920;231.1;35.9;;;;;;;;;;;;;;;;;;
 ;00:12:07;4.200;0.919;231.4;35.9;;;;;;;;;;;;;;;;;;
 ;00:12:08;4.200;0.919;231.6;35.9;;;;;;;;;;;;;;;;;;
 ;00:12:09;4.200;0.917;231.9;35.9;;;;;;;;;;;;;;;;;;
 ;00:12:10;4.200;0.916;232.2;35.9;;;;;;;;;;;;;;;;;;
 ;00:12:11;4.200;0.916;232.4;35.9;;;;;;;;;;;;;;;;;;
 ;00:12:12;4.200;0.915;232.7;35.9;;;;;;;;;;;;;;;;;;
 ;00:12:13;4.200;0.914;232.9;35.9;;;;;;;;;;;;;;;;;;
 ;00:12:14;4.200;0.914;233.2;35.9;;;;;;;;;;;;;;;;;;
 ;00:12:15;4.200;0.912;233.4;35.9;;;;;;;;;;;;;;;;;;
 ;00:12:16;4.200;0.911;233.7;35.9;;;;;;;;;;;;;;;;;;
 ;00:12:17;4.200;0.911;233.9;35.9;;;;;;;;;;;;;;;;;;
 ;00:12:18;4.200;0.910;234.2;35.9;;;;;;;;;;;;;;;;;;
 ;00:12:19;4.200;0.909;234.4;35.9;;;;;;;;;;;;;;;;;;
 ;00:12:20;4.200;0.909;234.7;35.9;;;;;;;;;;;;;;;;;;
 ;00:12:21;4.200;0.908;234.9;35.9;;;;;;;;;;;;;;;;;;
 ;00:12:22;4.200;0.906;235.2;35.9;;;;;;;;;;;;;;;;;;
 ;00:12:23;4.200;0.906;235.4;35.9;;;;;;;;;;;;;;;;;;
 ;00:12:24;4.200;0.905;235.7;35.9;;;;;;;;;;;;;;;;;;
 ;00:12:25;4.200;0.903;235.9;35.9;;;;;;;;;;;;;;;;;;
 ;00:12:26;4.200;0.903;236.2;35.9;;;;;;;;;;;;;;;;;;
 ;00:12:27;4.200;0.902;236.5;35.9;;;;;;;;;;;;;;;;;;
 ;00:12:28;4.200;0.901;236.7;35.9;;;;;;;;;;;;;;;;;;
 ;00:12:29;4.200;0.901;237.0;35.9;;;;;;;;;;;;;;;;;;
 ;00:12:30;4.200;0.900;237.2;35.9;;;;;;;;;;;;;;;;;;
 ;00:12:31;4.200;0.898;237.5;35.9;;;;;;;;;;;;;;;;;;
 ;00:12:32;4.200;0.898;237.7;35.9;;;;;;;;;;;;;;;;;;
 ;00:12:33;4.200;0.898;237.9;35.9;;;;;;;;;;;;;;;;;;
 ;00:12:34;4.200;0.896;238.2;35.9;;;;;;;;;;;;;;;;;;
 ;00:12:35;4.200;0.895;238.4;35.9;;;;;;;;;;;;;;;;;;
 ;00:12:36;4.200;0.895;238.7;35.9;;;;;;;;;;;;;;;;;;
 ;00:12:37;4.200;0.894;238.9;35.9;;;;;;;;;;;;;;;;;;
 ;00:12:38;4.200;0.892;239.2;35.9;;;;;;;;;;;;;;;;;;
 ;00:12:39;4.200;0.892;239.4;35.9;;;;;;;;;;;;;;;;;;
 ;00:12:40;4.200;0.892;239.7;35.9;;;;;;;;;;;;;;;;;;
 ;00:12:41;4.200;0.890;239.9;35.9;;;;;;;;;;;;;;;;;;
 ;00:12:42;4.200;0.890;240.2;35.9;;;;;;;;;;;;;;;;;;
 ;00:12:43;4.200;0.890;240.4;35.9;;;;;;;;;;;;;;;;;;
 ;00:12:44;4.200;0.889;240.7;35.9;;;;;;;;;;;;;;;;;;
 ;00:12:45;4.200;0.886;240.9;36.0;;;;;;;;;;;;;;;;;;
 ;00:12:46;4.200;0.886;241.2;36.0;;;;;;;;;;;;;;;;;;
 ;00:12:47;4.200;0.886;241.4;36.0;;;;;;;;;;;;;;;;;;
 ;00:12:48;4.200;0.885;241.7;36.0;;;;;;;;;;;;;;;;;;
 ;00:12:49;4.200;0.884;241.9;36.0;;;;;;;;;;;;;;;;;;
 ;00:12:50;4.200;0.884;242.2;36.0;;;;;;;;;;;;;;;;;;
 ;00:12:51;4.200;0.883;242.4;36.0;;;;;;;;;;;;;;;;;;
 ;00:12:52;4.200;0.881;242.6;36.0;;;;;;;;;;;;;;;;;;
 ;00:12:53;4.200;0.880;242.9;36.0;;;;;;;;;;;;;;;;;;
 ;00:12:54;4.200;0.880;243.1;36.0;;;;;;;;;;;;;;;;;;
 ;00:12:55;4.200;0.879;243.4;36.0;;;;;;;;;;;;;;;;;;
 ;00:12:56;4.200;0.877;243.6;36.0;;;;;;;;;;;;;;;;;;
 ;00:12:57;4.200;0.877;243.9;36.0;;;;;;;;;;;;;;;;;;
 ;00:12:58;4.200;0.877;244.1;36.0;;;;;;;;;;;;;;;;;;
 ;00:12:59;4.200;0.876;244.4;36.0;;;;;;;;;;;;;;;;;;
 ;00:13:00;4.200;0.874;244.6;36.0;;;;;;;;;;;;;;;;;;
 ;00:13:01;4.200;0.874;244.8;36.0;;;;;;;;;;;;;;;;;;
 ;00:13:02;4.200;0.874;245.1;36.0;;;;;;;;;;;;;;;;;;
 ;00:13:03;4.200;0.872;245.3;36.0;;;;;;;;;;;;;;;;;;
 ;00:13:04;4.200;0.871;245.6;36.0;;;;;;;;;;;;;;;;;;
 ;00:13:05;4.200;0.871;245.8;36.0;;;;;;;;;;;;;;;;;;
 ;00:13:06;4.200;0.870;246.0;36.0;;;;;;;;;;;;;;;;;;
 ;00:13:07;4.200;0.869;246.3;36.0;;;;;;;;;;;;;;;;;;
 ;00:13:08;4.200;0.868;246.5;36.0;;;;;;;;;;;;;;;;;;
 ;00:13:09;4.200;0.868;246.8;36.0;;;;;;;;;;;;;;;;;;
 ;00:13:10;4.200;0.867;247.0;36.0;;;;;;;;;;;;;;;;;;
 ;00:13:11;4.200;0.865;247.3;36.0;;;;;;;;;;;;;;;;;;
 ;00:13:12;4.200;0.865;247.5;36.0;;;;;;;;;;;;;;;;;;
 ;00:13:13;4.200;0.865;247.7;36.0;;;;;;;;;;;;;;;;;;
 ;00:13:14;4.200;0.864;248.0;36.0;;;;;;;;;;;;;;;;;;
 ;00:13:15;4.200;0.862;248.2;36.0;;;;;;;;;;;;;;;;;;
 ;00:13:16;4.200;0.861;248.5;36.0;;;;;;;;;;;;;;;;;;
 ;00:13:17;4.200;0.861;248.7;36.0;;;;;;;;;;;;;;;;;;
 ;00:13:18;4.200;0.859;248.9;36.0;;;;;;;;;;;;;;;;;;
 ;00:13:19;4.200;0.859;249.2;36.0;;;;;;;;;;;;;;;;;;
 ;00:13:20;4.200;0.859;249.4;36.0;;;;;;;;;;;;;;;;;;
 ;00:13:21;4.200;0.858;249.6;36.0;;;;;;;;;;;;;;;;;;
 ;00:13:22;4.200;0.856;249.9;36.0;;;;;;;;;;;;;;;;;;
 ;00:13:23;4.200;0.855;250.1;36.0;;;;;;;;;;;;;;;;;;
 ;00:13:24;4.200;0.855;250.4;36.0;;;;;;;;;;;;;;;;;;
 ;00:13:25;4.200;0.854;250.6;36.0;;;;;;;;;;;;;;;;;;
 ;00:13:26;4.200;0.853;250.8;36.0;;;;;;;;;;;;;;;;;;
 ;00:13:27;4.200;0.853;251.1;36.0;;;;;;;;;;;;;;;;;;
 ;00:13:28;4.200;0.851;251.3;36.0;;;;;;;;;;;;;;;;;;
 ;00:13:29;4.200;0.850;251.5;36.0;;;;;;;;;;;;;;;;;;
 ;00:13:30;4.200;0.850;251.8;36.0;;;;;;;;;;;;;;;;;;
 ;00:13:31;4.200;0.849;252.0;36.0;;;;;;;;;;;;;;;;;;
 ;00:13:32;4.200;0.848;252.2;36.0;;;;;;;;;;;;;;;;;;
 ;00:13:33;4.200;0.848;252.5;36.0;;;;;;;;;;;;;;;;;;
 ;00:13:34;4.200;0.847;252.7;36.0;;;;;;;;;;;;;;;;;;
 ;00:13:35;4.200;0.845;253.0;36.0;;;;;;;;;;;;;;;;;;
 ;00:13:36;4.200;0.845;253.2;36.0;;;;;;;;;;;;;;;;;;
 ;00:13:37;4.200;0.845;253.4;36.0;;;;;;;;;;;;;;;;;;
 ;00:13:38;4.200;0.843;253.7;36.0;;;;;;;;;;;;;;;;;;
 ;00:13:39;4.200;0.843;253.9;36.0;;;;;;;;;;;;;;;;;;
 ;00:13:40;4.200;0.843;254.1;36.0;;;;;;;;;;;;;;;;;;
 ;00:13:41;4.200;0.841;254.4;36.0;;;;;;;;;;;;;;;;;;
 ;00:13:42;4.200;0.840;254.6;36.0;;;;;;;;;;;;;;;;;;
 ;00:13:43;4.200;0.839;254.8;36.0;;;;;;;;;;;;;;;;;;
 ;00:13:44;4.200;0.838;255.1;36.0;;;;;;;;;;;;;;;;;;
 ;00:13:45;4.200;0.838;255.3;36.0;;;;;;;;;;;;;;;;;;
 ;00:13:46;4.200;0.838;255.5;36.0;;;;;;;;;;;;;;;;;;
 ;00:13:47;4.200;0.836;255.8;36.0;;;;;;;;;;;;;;;;;;
 ;00:13:48;4.200;0.835;256.0;36.0;;;;;;;;;;;;;;;;;;
 ;00:13:49;4.200;0.834;256.2;36.0;;;;;;;;;;;;;;;;;;
 ;00:13:50;4.200;0.833;256.5;36.0;;;;;;;;;;;;;;;;;;
 ;00:13:51;4.200;0.833;256.7;36.0;;;;;;;;;;;;;;;;;;
 ;00:13:52;4.200;0.833;256.9;36.0;;;;;;;;;;;;;;;;;;
 ;00:13:53;4.200;0.830;257.1;36.0;;;;;;;;;;;;;;;;;;
 ;00:13:54;4.200;0.830;257.4;36.0;;;;;;;;;;;;;;;;;;
 ;00:13:55;4.200;0.829;257.6;36.0;;;;;;;;;;;;;;;;;;
 ;00:13:56;4.200;0.828;257.8;36.0;;;;;;;;;;;;;;;;;;
 ;00:13:57;4.200;0.828;258.1;36.0;;;;;;;;;;;;;;;;;;
 ;00:13:58;4.200;0.827;258.3;36.0;;;;;;;;;;;;;;;;;;
 ;00:13:59;4.200;0.826;258.5;36.0;;;;;;;;;;;;;;;;;;
 ;00:14:00;4.200;0.826;258.8;36.0;;;;;;;;;;;;;;;;;;
 ;00:14:01;4.200;0.825;259.0;36.0;;;;;;;;;;;;;;;;;;
 ;00:14:02;4.200;0.823;259.2;36.0;;;;;;;;;;;;;;;;;;
 ;00:14:03;4.200;0.823;259.4;36.0;;;;;;;;;;;;;;;;;;
 ;00:14:04;4.200;0.822;259.7;36.0;;;;;;;;;;;;;;;;;;
 ;00:14:05;4.200;0.821;259.9;36.0;;;;;;;;;;;;;;;;;;
 ;00:14:06;4.200;0.821;260.1;36.0;;;;;;;;;;;;;;;;;;
 ;00:14:07;4.200;0.819;260.4;36.0;;;;;;;;;;;;;;;;;;
 ;00:14:08;4.200;0.818;260.6;36.0;;;;;;;;;;;;;;;;;;
 ;00:14:09;4.200;0.818;260.8;36.0;;;;;;;;;;;;;;;;;;
 ;00:14:10;4.200;0.816;261.0;36.0;;;;;;;;;;;;;;;;;;
 ;00:14:11;4.200;0.816;261.3;36.0;;;;;;;;;;;;;;;;;;
 ;00:14:12;4.200;0.815;261.5;36.0;;;;;;;;;;;;;;;;;;
 ;00:14:13;4.200;0.814;261.7;36.0;;;;;;;;;;;;;;;;;;
 ;00:14:14;4.200;0.813;261.9;36.0;;;;;;;;;;;;;;;;;;
 ;00:14:15;4.200;0.812;262.2;36.0;;;;;;;;;;;;;;;;;;
 ;00:14:16;4.200;0.811;262.4;36.0;;;;;;;;;;;;;;;;;;
 ;00:14:17;4.200;0.811;262.6;36.0;;;;;;;;;;;;;;;;;;
 ;00:14:18;4.200;0.810;262.8;36.0;;;;;;;;;;;;;;;;;;
 ;00:14:19;4.200;0.809;263.1;36.0;;;;;;;;;;;;;;;;;;
 ;00:14:20;4.200;0.808;263.3;36.0;;;;;;;;;;;;;;;;;;
 ;00:14:21;4.200;0.807;263.5;36.0;;;;;;;;;;;;;;;;;;
 ;00:14:22;4.200;0.806;263.7;36.0;;;;;;;;;;;;;;;;;;
 ;00:14:23;4.200;0.806;264.0;36.0;;;;;;;;;;;;;;;;;;
 ;00:14:24;4.200;0.805;264.2;36.0;;;;;;;;;;;;;;;;;;
 ;00:14:25;4.200;0.803;264.4;36.0;;;;;;;;;;;;;;;;;;
 ;00:14:26;4.200;0.803;264.6;36.0;;;;;;;;;;;;;;;;;;
 ;00:14:27;4.200;0.803;264.9;36.0;;;;;;;;;;;;;;;;;;
 ;00:14:28;4.200;0.801;265.1;36.0;;;;;;;;;;;;;;;;;;
 ;00:14:29;4.200;0.801;265.3;36.0;;;;;;;;;;;;;;;;;;
 ;00:14:30;4.200;0.801;265.5;36.0;;;;;;;;;;;;;;;;;;
 ;00:14:31;4.200;0.799;265.7;36.0;;;;;;;;;;;;;;;;;;
 ;00:14:32;4.200;0.798;266.0;36.0;;;;;;;;;;;;;;;;;;
 ;00:14:33;4.200;0.798;266.2;36.0;;;;;;;;;;;;;;;;;;
 ;00:14:34;4.200;0.797;266.4;36.0;;;;;;;;;;;;;;;;;;
 ;00:14:35;4.200;0.796;266.6;36.0;;;;;;;;;;;;;;;;;;
 ;00:14:36;4.200;0.796;266.9;36.0;;;;;;;;;;;;;;;;;;
 ;00:14:37;4.200;0.795;267.1;36.0;;;;;;;;;;;;;;;;;;
 ;00:14:38;4.200;0.793;267.3;36.0;;;;;;;;;;;;;;;;;;
 ;00:14:39;4.200;0.792;267.5;36.0;;;;;;;;;;;;;;;;;;
 ;00:14:40;4.200;0.792;267.7;36.0;;;;;;;;;;;;;;;;;;
 ;00:14:41;4.200;0.791;268.0;36.0;;;;;;;;;;;;;;;;;;
 ;00:14:42;4.200;0.790;268.2;36.0;;;;;;;;;;;;;;;;;;
 ;00:14:43;4.200;0.790;268.4;36.0;;;;;;;;;;;;;;;;;;
 ;00:14:44;4.200;0.789;268.6;36.0;;;;;;;;;;;;;;;;;;
 ;00:14:45;4.200;0.787;268.8;36.0;;;;;;;;;;;;;;;;;;
 ;00:14:46;4.200;0.787;269.1;36.0;;;;;;;;;;;;;;;;;;
 ;00:14:47;4.200;0.787;269.3;36.0;;;;;;;;;;;;;;;;;;
 ;00:14:48;4.200;0.785;269.5;36.0;;;;;;;;;;;;;;;;;;
 ;00:14:49;4.200;0.784;269.7;36.0;;;;;;;;;;;;;;;;;;
 ;00:14:50;4.200;0.784;269.9;36.0;;;;;;;;;;;;;;;;;;
 ;00:14:51;4.200;0.782;270.1;36.0;;;;;;;;;;;;;;;;;;
 ;00:14:52;4.200;0.781;270.4;36.0;;;;;;;;;;;;;;;;;;
 ;00:14:53;4.200;0.781;270.6;36.0;;;;;;;;;;;;;;;;;;
 ;00:14:54;4.200;0.781;270.8;36.0;;;;;;;;;;;;;;;;;;
 ;00:14:55;4.200;0.779;271.0;36.0;;;;;;;;;;;;;;;;;;
 ;00:14:56;4.200;0.779;271.2;36.0;;;;;;;;;;;;;;;;;;
 ;00:14:57;4.200;0.779;271.4;36.0;;;;;;;;;;;;;;;;;;
 ;00:14:58;4.200;0.777;271.7;36.0;;;;;;;;;;;;;;;;;;
 ;00:14:59;4.200;0.775;271.9;36.0;;;;;;;;;;;;;;;;;;
 ;00:15:00;4.200;0.775;272.1;36.0;;;;;;;;;;;;;;;;;;
 ;00:15:01;4.200;0.775;272.3;36.0;;;;;;;;;;;;;;;;;;
 ;00:15:02;4.200;0.773;272.5;36.0;;;;;;;;;;;;;;;;;;
 ;00:15:03;4.200;0.772;272.7;36.0;;;;;;;;;;;;;;;;;;
 ;00:15:04;4.200;0.772;272.9;36.0;;;;;;;;;;;;;;;;;;
 ;00:15:05;4.200;0.771;273.2;36.0;;;;;;;;;;;;;;;;;;
 ;00:15:06;4.200;0.770;273.4;36.0;;;;;;;;;;;;;;;;;;
 ;00:15:07;4.200;0.770;273.6;36.0;;;;;;;;;;;;;;;;;;
 ;00:15:08;4.200;0.769;273.8;36.0;;;;;;;;;;;;;;;;;;
 ;00:15:09;4.200;0.767;274.0;36.0;;;;;;;;;;;;;;;;;;
 ;00:15:10;4.200;0.767;274.2;36.0;;;;;;;;;;;;;;;;;;
 ;00:15:11;4.200;0.767;274.4;36.0;;;;;;;;;;;;;;;;;;
 ;00:15:12;4.200;0.765;274.7;36.0;;;;;;;;;;;;;;;;;;
 ;00:15:13;4.200;0.764;274.9;36.0;;;;;;;;;;;;;;;;;;
 ;00:15:14;4.200;0.764;275.1;36.0;;;;;;;;;;;;;;;;;;
 ;00:15:15;4.200;0.763;275.3;36.0;;;;;;;;;;;;;;;;;;
 ;00:15:16;4.200;0.761;275.5;36.0;;;;;;;;;;;;;;;;;;
 ;00:15:17;4.200;0.761;275.7;36.0;;;;;;;;;;;;;;;;;;
 ;00:15:18;4.200;0.761;275.9;36.0;;;;;;;;;;;;;;;;;;
 ;00:15:19;4.200;0.759;276.1;36.0;;;;;;;;;;;;;;;;;;
 ;00:15:20;4.200;0.759;276.3;36.0;;;;;;;;;;;;;;;;;;
 ;00:15:21;4.200;0.759;276.6;36.0;;;;;;;;;;;;;;;;;;
 ;00:15:22;4.200;0.756;276.8;36.0;;;;;;;;;;;;;;;;;;
 ;00:15:23;4.200;0.756;277.0;36.0;;;;;;;;;;;;;;;;;;
 ;00:15:24;4.200;0.756;277.2;36.0;;;;;;;;;;;;;;;;;;
 ;00:15:25;4.200;0.754;277.4;36.0;;;;;;;;;;;;;;;;;;
 ;00:15:26;4.200;0.754;277.6;36.0;;;;;;;;;;;;;;;;;;
 ;00:15:27;4.200;0.754;277.8;36.0;;;;;;;;;;;;;;;;;;
 ;00:15:28;4.200;0.752;278.0;36.0;;;;;;;;;;;;;;;;;;
 ;00:15:29;4.200;0.751;278.2;36.0;;;;;;;;;;;;;;;;;;
 ;00:15:30;4.200;0.751;278.4;36.0;;;;;;;;;;;;;;;;;;
 ;00:15:31;4.200;0.748;278.7;36.0;;;;;;;;;;;;;;;;;;
 ;00:15:32;4.200;0.746;278.9;36.0;;;;;;;;;;;;;;;;;;
 ;00:15:33;4.200;0.745;279.1;36.0;;;;;;;;;;;;;;;;;;
 ;00:15:34;4.200;0.745;279.3;36.0;;;;;;;;;;;;;;;;;;
 ;00:15:35;4.200;0.744;279.5;36.0;;;;;;;;;;;;;;;;;;
 ;00:15:36;4.200;0.743;279.7;36.0;;;;;;;;;;;;;;;;;;
 ;00:15:37;4.200;0.743;279.9;36.0;;;;;;;;;;;;;;;;;;
 ;00:15:38;4.200;0.743;280.1;36.0;;;;;;;;;;;;;;;;;;
 ;00:15:39;4.200;0.741;280.3;36.0;;;;;;;;;;;;;;;;;;
 ;00:15:40;4.200;0.740;280.5;36.0;;;;;;;;;;;;;;;;;;
 ;00:15:41;4.200;0.739;280.7;36.0;;;;;;;;;;;;;;;;;;
 ;00:15:42;4.200;0.738;280.9;36.0;;;;;;;;;;;;;;;;;;
 ;00:15:43;4.200;0.738;281.1;36.0;;;;;;;;;;;;;;;;;;
 ;00:15:44;4.200;0.737;281.3;36.0;;;;;;;;;;;;;;;;;;
 ;00:15:45;4.200;0.735;281.5;36.0;;;;;;;;;;;;;;;;;;
 ;00:15:46;4.200;0.735;281.7;36.0;;;;;;;;;;;;;;;;;;
 ;00:15:47;4.200;0.734;281.9;36.0;;;;;;;;;;;;;;;;;;
 ;00:15:48;4.200;0.733;282.1;36.0;;;;;;;;;;;;;;;;;;
 ;00:15:49;4.200;0.733;282.3;36.0;;;;;;;;;;;;;;;;;;
 ;00:15:50;4.200;0.733;282.6;36.0;;;;;;;;;;;;;;;;;;
 ;00:15:51;4.200;0.732;282.8;36.0;;;;;;;;;;;;;;;;;;
 ;00:15:52;4.200;0.731;283.0;36.0;;;;;;;;;;;;;;;;;;
 ;00:15:53;4.200;0.731;283.2;36.0;;;;;;;;;;;;;;;;;;
 ;00:15:54;4.200;0.729;283.4;36.0;;;;;;;;;;;;;;;;;;
 ;00:15:55;4.200;0.729;283.6;36.0;;;;;;;;;;;;;;;;;;
 ;00:15:56;4.200;0.728;283.8;36.0;;;;;;;;;;;;;;;;;;
 ;00:15:57;4.200;0.727;284.0;36.0;;;;;;;;;;;;;;;;;;
 ;00:15:58;4.200;0.727;284.2;36.0;;;;;;;;;;;;;;;;;;
 ;00:15:59;4.200;0.726;284.4;36.0;;;;;;;;;;;;;;;;;;
 ;00:16:00;4.200;0.724;284.6;36.0;;;;;;;;;;;;;;;;;;
 ;00:16:01;4.200;0.724;284.8;36.0;;;;;;;;;;;;;;;;;;
 ;00:16:02;4.200;0.723;285.0;36.0;;;;;;;;;;;;;;;;;;
 ;00:16:03;4.200;0.722;285.2;36.0;;;;;;;;;;;;;;;;;;
 ;00:16:04;4.200;0.722;285.4;36.0;;;;;;;;;;;;;;;;;;
 ;00:16:05;4.200;0.721;285.6;36.0;;;;;;;;;;;;;;;;;;
 ;00:16:06;4.200;0.719;285.8;36.0;;;;;;;;;;;;;;;;;;
 ;00:16:07;4.200;0.719;286.0;36.0;;;;;;;;;;;;;;;;;;
 ;00:16:08;4.200;0.718;286.2;36.0;;;;;;;;;;;;;;;;;;
 ;00:16:09;4.200;0.717;286.4;36.0;;;;;;;;;;;;;;;;;;
 ;00:16:10;4.200;0.717;286.6;36.0;;;;;;;;;;;;;;;;;;
 ;00:16:11;4.200;0.716;286.8;36.0;;;;;;;;;;;;;;;;;;
 ;00:16:12;4.200;0.714;287.0;36.0;;;;;;;;;;;;;;;;;;
 ;00:16:13;4.200;0.714;287.2;36.0;;;;;;;;;;;;;;;;;;
 ;00:16:14;4.200;0.713;287.4;36.0;;;;;;;;;;;;;;;;;;
 ;00:16:15;4.200;0.712;287.6;36.0;;;;;;;;;;;;;;;;;;
 ;00:16:16;4.200;0.712;287.8;36.0;;;;;;;;;;;;;;;;;;
 ;00:16:17;4.200;0.711;288.0;36.0;;;;;;;;;;;;;;;;;;
 ;00:16:18;4.200;0.710;288.2;36.0;;;;;;;;;;;;;;;;;;
 ;00:16:19;4.200;0.709;288.4;36.0;;;;;;;;;;;;;;;;;;
 ;00:16:20;4.200;0.708;288.6;36.0;;;;;;;;;;;;;;;;;;
 ;00:16:21;4.200;0.707;288.8;36.0;;;;;;;;;;;;;;;;;;
 ;00:16:22;4.200;0.707;288.9;36.0;;;;;;;;;;;;;;;;;;
 ;00:16:23;4.200;0.707;289.1;36.0;;;;;;;;;;;;;;;;;;
 ;00:16:24;4.200;0.706;289.3;36.0;;;;;;;;;;;;;;;;;;
 ;00:16:25;4.200;0.704;289.5;36.0;;;;;;;;;;;;;;;;;;
 ;00:16:26;4.200;0.704;289.7;36.0;;;;;;;;;;;;;;;;;;
 ;00:16:27;4.200;0.703;289.9;36.0;;;;;;;;;;;;;;;;;;
 ;00:16:28;4.200;0.702;290.1;36.0;;;;;;;;;;;;;;;;;;
 ;00:16:29;4.200;0.702;290.3;36.0;;;;;;;;;;;;;;;;;;
 ;00:16:30;4.200;0.701;290.5;36.0;;;;;;;;;;;;;;;;;;
 ;00:16:31;4.200;0.700;290.7;36.0;;;;;;;;;;;;;;;;;;
 ;00:16:32;4.200;0.699;290.9;36.0;;;;;;;;;;;;;;;;;;
 ;00:16:33;4.200;0.699;291.1;36.0;;;;;;;;;;;;;;;;;;
 ;00:16:34;4.200;0.698;291.3;36.0;;;;;;;;;;;;;;;;;;
 ;00:16:35;4.200;0.697;291.5;36.0;;;;;;;;;;;;;;;;;;
 ;00:16:36;4.200;0.697;291.7;36.0;;;;;;;;;;;;;;;;;;
 ;00:16:37;4.200;0.696;291.9;36.0;;;;;;;;;;;;;;;;;;
 ;00:16:38;4.200;0.695;292.1;36.0;;;;;;;;;;;;;;;;;;
 ;00:16:39;4.200;0.693;292.3;36.0;;;;;;;;;;;;;;;;;;
 ;00:16:40;4.200;0.693;292.4;36.0;;;;;;;;;;;;;;;;;;
 ;00:16:41;4.200;0.692;292.6;36.0;;;;;;;;;;;;;;;;;;
 ;00:16:42;4.200;0.692;292.8;36.0;;;;;;;;;;;;;;;;;;
 ;00:16:43;4.200;0.691;293.0;36.0;;;;;;;;;;;;;;;;;;
 ;00:16:44;4.200;0.690;293.2;35.9;;;;;;;;;;;;;;;;;;
 ;00:16:45;4.200;0.689;293.4;35.9;;;;;;;;;;;;;;;;;;
 ;00:16:46;4.200;0.688;293.6;35.9;;;;;;;;;;;;;;;;;;
 ;00:16:47;4.200;0.688;293.8;35.9;;;;;;;;;;;;;;;;;;
 ;00:16:48;4.200;0.687;294.0;35.9;;;;;;;;;;;;;;;;;;
 ;00:16:49;4.200;0.686;294.2;35.9;;;;;;;;;;;;;;;;;;
 ;00:16:50;4.200;0.686;294.4;35.9;;;;;;;;;;;;;;;;;;
 ;00:16:51;4.200;0.685;294.6;35.9;;;;;;;;;;;;;;;;;;
 ;00:16:52;4.200;0.683;294.7;35.9;;;;;;;;;;;;;;;;;;
 ;00:16:53;4.200;0.683;294.9;35.9;;;;;;;;;;;;;;;;;;
 ;00:16:54;4.200;0.682;295.1;35.9;;;;;;;;;;;;;;;;;;
 ;00:16:55;4.200;0.682;295.3;35.9;;;;;;;;;;;;;;;;;;
 ;00:16:56;4.200;0.681;295.5;35.9;;;;;;;;;;;;;;;;;;
 ;00:16:57;4.200;0.680;295.7;35.9;;;;;;;;;;;;;;;;;;
 ;00:16:58;4.200;0.679;295.9;35.9;;;;;;;;;;;;;;;;;;
 ;00:16:59;4.200;0.678;296.1;35.9;;;;;;;;;;;;;;;;;;
 ;00:17:00;4.200;0.678;296.3;35.9;;;;;;;;;;;;;;;;;;
 ;00:17:01;4.200;0.677;296.4;35.9;;;;;;;;;;;;;;;;;;
 ;00:17:02;4.200;0.676;296.6;35.9;;;;;;;;;;;;;;;;;;
 ;00:17:03;4.200;0.676;296.8;35.9;;;;;;;;;;;;;;;;;;
 ;00:17:04;4.200;0.675;297.0;35.9;;;;;;;;;;;;;;;;;;
 ;00:17:05;4.200;0.673;297.2;35.9;;;;;;;;;;;;;;;;;;
 ;00:17:06;4.200;0.673;297.4;35.9;;;;;;;;;;;;;;;;;;
 ;00:17:07;4.200;0.672;297.6;35.9;;;;;;;;;;;;;;;;;;
 ;00:17:08;4.200;0.671;297.8;35.9;;;;;;;;;;;;;;;;;;
 ;00:17:09;4.200;0.671;297.9;35.9;;;;;;;;;;;;;;;;;;
 ;00:17:10;4.200;0.670;298.1;35.9;;;;;;;;;;;;;;;;;;
 ;00:17:11;4.200;0.669;298.3;35.9;;;;;;;;;;;;;;;;;;
 ;00:17:12;4.200;0.668;298.5;35.9;;;;;;;;;;;;;;;;;;
 ;00:17:13;4.200;0.667;298.7;35.9;;;;;;;;;;;;;;;;;;
 ;00:17:14;4.200;0.667;298.9;35.9;;;;;;;;;;;;;;;;;;
 ;00:17:15;4.200;0.666;299.1;35.9;;;;;;;;;;;;;;;;;;
 ;00:17:16;4.200;0.665;299.2;35.9;;;;;;;;;;;;;;;;;;
 ;00:17:17;4.200;0.665;299.4;35.9;;;;;;;;;;;;;;;;;;
 ;00:17:18;4.200;0.664;299.6;35.9;;;;;;;;;;;;;;;;;;
 ;00:17:19;4.200;0.664;299.8;35.9;;;;;;;;;;;;;;;;;;
 ;00:17:20;4.200;0.663;300.0;35.9;;;;;;;;;;;;;;;;;;
 ;00:17:21;4.200;0.662;300.2;35.9;;;;;;;;;;;;;;;;;;
 ;00:17:22;4.200;0.661;300.3;35.9;;;;;;;;;;;;;;;;;;
 ;00:17:23;4.200;0.660;300.5;35.9;;;;;;;;;;;;;;;;;;
 ;00:17:24;4.200;0.660;300.7;35.9;;;;;;;;;;;;;;;;;;
 ;00:17:25;4.200;0.660;300.9;35.9;;;;;;;;;;;;;;;;;;
 ;00:17:26;4.200;0.658;301.1;35.9;;;;;;;;;;;;;;;;;;
 ;00:17:27;4.200;0.657;301.3;35.9;;;;;;;;;;;;;;;;;;
 ;00:17:28;4.200;0.657;301.4;35.9;;;;;;;;;;;;;;;;;;
 ;00:17:29;4.200;0.656;301.6;35.9;;;;;;;;;;;;;;;;;;
 ;00:17:30;4.200;0.655;301.8;35.9;;;;;;;;;;;;;;;;;;
 ;00:17:31;4.200;0.654;302.0;35.9;;;;;;;;;;;;;;;;;;
 ;00:17:32;4.200;0.653;302.2;35.9;;;;;;;;;;;;;;;;;;
 ;00:17:33;4.200;0.653;302.4;35.9;;;;;;;;;;;;;;;;;;
 ;00:17:34;4.200;0.652;302.5;35.9;;;;;;;;;;;;;;;;;;
 ;00:17:35;4.200;0.651;302.7;35.8;;;;;;;;;;;;;;;;;;
 ;00:17:36;4.200;0.651;302.9;35.8;;;;;;;;;;;;;;;;;;
 ;00:17:37;4.200;0.650;303.1;35.8;;;;;;;;;;;;;;;;;;
 ;00:17:38;4.200;0.649;303.3;35.8;;;;;;;;;;;;;;;;;;
 ;00:17:39;4.200;0.649;303.4;35.8;;;;;;;;;;;;;;;;;;
 ;00:17:40;4.200;0.648;303.6;35.8;;;;;;;;;;;;;;;;;;
 ;00:17:41;4.200;0.646;303.8;35.8;;;;;;;;;;;;;;;;;;
 ;00:17:42;4.200;0.646;304.0;35.8;;;;;;;;;;;;;;;;;;
 ;00:17:43;4.200;0.645;304.2;35.8;;;;;;;;;;;;;;;;;;
 ;00:17:44;4.200;0.644;304.3;35.8;;;;;;;;;;;;;;;;;;
 ;00:17:45;4.200;0.644;304.5;35.8;;;;;;;;;;;;;;;;;;
 ;00:17:46;4.200;0.644;304.7;35.8;;;;;;;;;;;;;;;;;;
 ;00:17:47;4.200;0.643;304.9;35.8;;;;;;;;;;;;;;;;;;
 ;00:17:48;4.200;0.643;305.0;35.8;;;;;;;;;;;;;;;;;;
 ;00:17:49;4.200;0.642;305.2;35.8;;;;;;;;;;;;;;;;;;
 ;00:17:50;4.200;0.640;305.4;35.8;;;;;;;;;;;;;;;;;;
 ;00:17:51;4.200;0.640;305.6;35.8;;;;;;;;;;;;;;;;;;
 ;00:17:52;4.200;0.639;305.8;35.8;;;;;;;;;;;;;;;;;;
 ;00:17:53;4.200;0.638;305.9;35.8;;;;;;;;;;;;;;;;;;
 ;00:17:54;4.200;0.638;306.1;35.8;;;;;;;;;;;;;;;;;;
 ;00:17:55;4.200;0.637;306.3;35.8;;;;;;;;;;;;;;;;;;
 ;00:17:56;4.200;0.635;306.5;35.8;;;;;;;;;;;;;;;;;;
 ;00:17:57;4.200;0.635;306.6;35.8;;;;;;;;;;;;;;;;;;
 ;00:17:58;4.200;0.634;306.8;35.8;;;;;;;;;;;;;;;;;;
 ;00:17:59;4.200;0.633;307.0;35.8;;;;;;;;;;;;;;;;;;
 ;00:18:00;4.200;0.633;307.2;35.8;;;;;;;;;;;;;;;;;;
 ;00:18:01;4.200;0.632;307.3;35.8;;;;;;;;;;;;;;;;;;
 ;00:18:02;4.200;0.631;307.5;35.8;;;;;;;;;;;;;;;;;;
 ;00:18:03;4.200;0.631;307.7;35.8;;;;;;;;;;;;;;;;;;
 ;00:18:04;4.200;0.630;307.9;35.8;;;;;;;;;;;;;;;;;;
 ;00:18:05;4.200;0.629;308.0;35.8;;;;;;;;;;;;;;;;;;
 ;00:18:06;4.200;0.628;308.2;35.8;;;;;;;;;;;;;;;;;;
 ;00:18:07;4.200;0.628;308.4;35.8;;;;;;;;;;;;;;;;;;
 ;00:18:08;4.200;0.627;308.6;35.8;;;;;;;;;;;;;;;;;;
 ;00:18:09;4.200;0.626;308.7;35.8;;;;;;;;;;;;;;;;;;
 ;00:18:10;4.200;0.626;308.9;35.8;;;;;;;;;;;;;;;;;;
 ;00:18:11;4.200;0.625;309.1;35.8;;;;;;;;;;;;;;;;;;
 ;00:18:12;4.200;0.624;309.3;35.8;;;;;;;;;;;;;;;;;;
 ;00:18:13;4.200;0.624;309.4;35.8;;;;;;;;;;;;;;;;;;
 ;00:18:14;4.200;0.623;309.6;35.8;;;;;;;;;;;;;;;;;;
 ;00:18:15;4.200;0.621;309.8;35.8;;;;;;;;;;;;;;;;;;
 ;00:18:16;4.200;0.621;310.0;35.8;;;;;;;;;;;;;;;;;;
 ;00:18:17;4.200;0.621;310.1;35.8;;;;;;;;;;;;;;;;;;
 ;00:18:18;4.200;0.620;310.3;35.7;;;;;;;;;;;;;;;;;;
 ;00:18:19;4.200;0.619;310.5;35.7;;;;;;;;;;;;;;;;;;
 ;00:18:20;4.200;0.619;310.6;35.7;;;;;;;;;;;;;;;;;;
 ;00:18:21;4.200;0.618;310.8;35.7;;;;;;;;;;;;;;;;;;
 ;00:18:22;4.200;0.617;311.0;35.7;;;;;;;;;;;;;;;;;;
 ;00:18:23;4.200;0.617;311.2;35.7;;;;;;;;;;;;;;;;;;
 ;00:18:24;4.200;0.616;311.3;35.7;;;;;;;;;;;;;;;;;;
 ;00:18:25;4.200;0.615;311.5;35.7;;;;;;;;;;;;;;;;;;
 ;00:18:26;4.200;0.614;311.7;35.7;;;;;;;;;;;;;;;;;;
 ;00:18:27;4.200;0.614;311.8;35.7;;;;;;;;;;;;;;;;;;
 ;00:18:28;4.200;0.613;312.0;35.7;;;;;;;;;;;;;;;;;;
 ;00:18:29;4.200;0.612;312.2;35.7;;;;;;;;;;;;;;;;;;
 ;00:18:30;4.200;0.612;312.4;35.7;;;;;;;;;;;;;;;;;;
 ;00:18:31;4.200;0.611;312.5;35.7;;;;;;;;;;;;;;;;;;
 ;00:18:32;4.200;0.610;312.7;35.7;;;;;;;;;;;;;;;;;;
 ;00:18:33;4.200;0.609;312.9;35.7;;;;;;;;;;;;;;;;;;
 ;00:18:34;4.200;0.609;313.0;35.7;;;;;;;;;;;;;;;;;;
 ;00:18:35;4.200;0.608;313.2;35.7;;;;;;;;;;;;;;;;;;
 ;00:18:36;4.200;0.607;313.4;35.7;;;;;;;;;;;;;;;;;;
 ;00:18:37;4.200;0.607;313.5;35.7;;;;;;;;;;;;;;;;;;
 ;00:18:38;4.200;0.606;313.7;35.7;;;;;;;;;;;;;;;;;;
 ;00:18:39;4.200;0.604;313.9;35.7;;;;;;;;;;;;;;;;;;
 ;00:18:40;4.200;0.604;314.0;35.7;;;;;;;;;;;;;;;;;;
 ;00:18:41;4.200;0.604;314.2;35.7;;;;;;;;;;;;;;;;;;
 ;00:18:42;4.200;0.603;314.4;35.7;;;;;;;;;;;;;;;;;;
 ;00:18:43;4.200;0.602;314.5;35.7;;;;;;;;;;;;;;;;;;
 ;00:18:44;4.200;0.602;314.7;35.7;;;;;;;;;;;;;;;;;;
 ;00:18:45;4.200;0.601;314.9;35.7;;;;;;;;;;;;;;;;;;
 ;00:18:46;4.200;0.599;315.0;35.7;;;;;;;;;;;;;;;;;;
 ;00:18:47;4.200;0.599;315.2;35.7;;;;;;;;;;;;;;;;;;
 ;00:18:48;4.200;0.598;315.4;35.7;;;;;;;;;;;;;;;;;;
 ;00:18:49;4.200;0.597;315.5;35.7;;;;;;;;;;;;;;;;;;
 ;00:18:50;4.200;0.597;315.7;35.7;;;;;;;;;;;;;;;;;;
 ;00:18:51;4.200;0.597;315.9;35.7;;;;;;;;;;;;;;;;;;
 ;00:18:52;4.200;0.596;316.0;35.7;;;;;;;;;;;;;;;;;;
 ;00:18:53;4.200;0.595;316.2;35.7;;;;;;;;;;;;;;;;;;
 ;00:18:54;4.200;0.594;316.4;35.7;;;;;;;;;;;;;;;;;;
 ;00:18:55;4.200;0.594;316.5;35.7;;;;;;;;;;;;;;;;;;
 ;00:18:56;4.200;0.593;316.7;35.7;;;;;;;;;;;;;;;;;;
 ;00:18:57;4.200;0.593;316.9;35.7;;;;;;;;;;;;;;;;;;
 ;00:18:58;4.200;0.592;317.0;35.7;;;;;;;;;;;;;;;;;;
 ;00:18:59;4.200;0.591;317.2;35.7;;;;;;;;;;;;;;;;;;
 ;00:19:00;4.200;0.591;317.4;35.7;;;;;;;;;;;;;;;;;;
 ;00:19:01;4.200;0.590;317.5;35.7;;;;;;;;;;;;;;;;;;
 ;00:19:02;4.200;0.589;317.7;35.7;;;;;;;;;;;;;;;;;;
 ;00:19:03;4.200;0.588;317.9;35.7;;;;;;;;;;;;;;;;;;
 ;00:19:04;4.200;0.588;318.0;35.6;;;;;;;;;;;;;;;;;;
 ;00:19:05;4.200;0.587;318.2;35.6;;;;;;;;;;;;;;;;;;
 ;00:19:06;4.200;0.586;318.3;35.6;;;;;;;;;;;;;;;;;;
 ;00:19:07;4.200;0.586;318.5;35.6;;;;;;;;;;;;;;;;;;
 ;00:19:08;4.200;0.585;318.7;35.6;;;;;;;;;;;;;;;;;;
 ;00:19:09;4.200;0.583;318.8;35.6;;;;;;;;;;;;;;;;;;
 ;00:19:10;4.200;0.583;319.0;35.6;;;;;;;;;;;;;;;;;;
 ;00:19:11;4.200;0.583;319.2;35.6;;;;;;;;;;;;;;;;;;
 ;00:19:12;4.200;0.582;319.3;35.6;;;;;;;;;;;;;;;;;;
 ;00:19:13;4.200;0.582;319.5;35.6;;;;;;;;;;;;;;;;;;
 ;00:19:14;4.200;0.581;319.6;35.6;;;;;;;;;;;;;;;;;;
 ;00:19:15;4.200;0.579;319.8;35.6;;;;;;;;;;;;;;;;;;
 ;00:19:16;4.200;0.579;320.0;35.6;;;;;;;;;;;;;;;;;;
 ;00:19:17;4.200;0.578;320.1;35.6;;;;;;;;;;;;;;;;;;
 ;00:19:18;4.200;0.577;320.3;35.6;;;;;;;;;;;;;;;;;;
 ;00:19:19;4.200;0.577;320.4;35.6;;;;;;;;;;;;;;;;;;
 ;00:19:20;4.200;0.576;320.6;35.6;;;;;;;;;;;;;;;;;;
 ;00:19:21;4.200;0.576;320.8;35.6;;;;;;;;;;;;;;;;;;
 ;00:19:22;4.200;0.576;320.9;35.6;;;;;;;;;;;;;;;;;;
 ;00:19:23;4.200;0.575;321.1;35.6;;;;;;;;;;;;;;;;;;
 ;00:19:24;4.200;0.573;321.2;35.6;;;;;;;;;;;;;;;;;;
 ;00:19:25;4.200;0.573;321.4;35.6;;;;;;;;;;;;;;;;;;
 ;00:19:26;4.200;0.572;321.6;35.6;;;;;;;;;;;;;;;;;;
 ;00:19:27;4.200;0.572;321.7;35.6;;;;;;;;;;;;;;;;;;
 ;00:19:28;4.200;0.571;321.9;35.6;;;;;;;;;;;;;;;;;;
 ;00:19:29;4.200;0.571;322.0;35.6;;;;;;;;;;;;;;;;;;
 ;00:19:30;4.200;0.570;322.2;35.6;;;;;;;;;;;;;;;;;;
 ;00:19:31;4.200;0.570;322.4;35.6;;;;;;;;;;;;;;;;;;
 ;00:19:32;4.200;0.569;322.5;35.6;;;;;;;;;;;;;;;;;;
 ;00:19:33;4.200;0.567;322.7;35.6;;;;;;;;;;;;;;;;;;
 ;00:19:34;4.200;0.567;322.8;35.6;;;;;;;;;;;;;;;;;;
 ;00:19:35;4.200;0.566;323.0;35.6;;;;;;;;;;;;;;;;;;
 ;00:19:36;4.200;0.566;323.1;35.6;;;;;;;;;;;;;;;;;;
 ;00:19:37;4.200;0.565;323.3;35.6;;;;;;;;;;;;;;;;;;
 ;00:19:38;4.200;0.565;323.5;35.6;;;;;;;;;;;;;;;;;;
 ;00:19:39;4.200;0.564;323.6;35.5;;;;;;;;;;;;;;;;;;
 ;00:19:40;4.200;0.563;323.8;35.5;;;;;;;;;;;;;;;;;;
 ;00:19:41;4.200;0.563;323.9;35.5;;;;;;;;;;;;;;;;;;
 ;00:19:42;4.200;0.562;324.1;35.5;;;;;;;;;;;;;;;;;;
 ;00:19:43;4.200;0.561;324.2;35.5;;;;;;;;;;;;;;;;;;
 ;00:19:44;4.200;0.561;324.4;35.5;;;;;;;;;;;;;;;;;;
 ;00:19:45;4.200;0.560;324.5;35.5;;;;;;;;;;;;;;;;;;
 ;00:19:46;4.200;0.558;324.7;35.5;;;;;;;;;;;;;;;;;;
 ;00:19:47;4.200;0.558;324.9;35.5;;;;;;;;;;;;;;;;;;
 ;00:19:48;4.200;0.557;325.0;35.5;;;;;;;;;;;;;;;;;;
 ;00:19:49;4.200;0.557;325.2;35.5;;;;;;;;;;;;;;;;;;
 ;00:19:50;4.200;0.556;325.3;35.5;;;;;;;;;;;;;;;;;;
 ;00:19:51;4.200;0.556;325.5;35.5;;;;;;;;;;;;;;;;;;
 ;00:19:52;4.200;0.555;325.6;35.5;;;;;;;;;;;;;;;;;;
 ;00:19:53;4.200;0.555;325.8;35.5;;;;;;;;;;;;;;;;;;
 ;00:19:54;4.200;0.555;325.9;35.5;;;;;;;;;;;;;;;;;;
 ;00:19:55;4.200;0.553;326.1;35.5;;;;;;;;;;;;;;;;;;
 ;00:19:56;4.200;0.552;326.2;35.5;;;;;;;;;;;;;;;;;;
 ;00:19:57;4.200;0.552;326.4;35.5;;;;;;;;;;;;;;;;;;
 ;00:19:58;4.200;0.551;326.6;35.5;;;;;;;;;;;;;;;;;;
 ;00:19:59;4.200;0.550;326.7;35.5;;;;;;;;;;;;;;;;;;
 ;00:20:00;4.200;0.550;326.9;35.5;;;;;;;;;;;;;;;;;;
 ;00:20:01;4.200;0.550;327.0;35.5;;;;;;;;;;;;;;;;;;
 ;00:20:02;4.200;0.549;327.2;35.5;;;;;;;;;;;;;;;;;;
 ;00:20:03;4.200;0.549;327.3;35.5;;;;;;;;;;;;;;;;;;
 ;00:20:04;4.200;0.548;327.5;35.5;;;;;;;;;;;;;;;;;;
 ;00:20:05;4.200;0.547;327.6;35.5;;;;;;;;;;;;;;;;;;
 ;00:20:06;4.200;0.546;327.8;35.5;;;;;;;;;;;;;;;;;;
 ;00:20:07;4.200;0.546;327.9;35.5;;;;;;;;;;;;;;;;;;
 ;00:20:08;4.200;0.545;328.1;35.5;;;;;;;;;;;;;;;;;;
 ;00:20:09;4.200;0.544;328.2;35.5;;;;;;;;;;;;;;;;;;
 ;00:20:10;4.200;0.544;328.4;35.5;;;;;;;;;;;;;;;;;;
 ;00:20:11;4.200;0.543;328.5;35.5;;;;;;;;;;;;;;;;;;
 ;00:20:12;4.200;0.542;328.7;35.5;;;;;;;;;;;;;;;;;;
 ;00:20:13;4.200;0.541;328.8;35.5;;;;;;;;;;;;;;;;;;
 ;00:20:14;4.200;0.541;329.0;35.4;;;;;;;;;;;;;;;;;;
 ;00:20:15;4.200;0.540;329.1;35.4;;;;;;;;;;;;;;;;;;
 ;00:20:16;4.200;0.539;329.3;35.4;;;;;;;;;;;;;;;;;;
 ;00:20:17;4.200;0.539;329.4;35.4;;;;;;;;;;;;;;;;;;
 ;00:20:18;4.200;0.538;329.6;35.4;;;;;;;;;;;;;;;;;;
 ;00:20:19;4.200;0.537;329.7;35.4;;;;;;;;;;;;;;;;;;
 ;00:20:20;4.200;0.536;329.9;35.4;;;;;;;;;;;;;;;;;;
 ;00:20:21;4.200;0.536;330.0;35.4;;;;;;;;;;;;;;;;;;
 ;00:20:22;4.200;0.535;330.2;35.4;;;;;;;;;;;;;;;;;;
 ;00:20:23;4.200;0.535;330.3;35.4;;;;;;;;;;;;;;;;;;
 ;00:20:24;4.200;0.535;330.5;35.4;;;;;;;;;;;;;;;;;;
 ;00:20:25;4.200;0.534;330.6;35.4;;;;;;;;;;;;;;;;;;
 ;00:20:26;4.200;0.533;330.8;35.4;;;;;;;;;;;;;;;;;;
 ;00:20:27;4.200;0.532;330.9;35.4;;;;;;;;;;;;;;;;;;
 ;00:20:28;4.200;0.532;331.1;35.4;;;;;;;;;;;;;;;;;;
 ;00:20:29;4.200;0.531;331.2;35.4;;;;;;;;;;;;;;;;;;
 ;00:20:30;4.200;0.530;331.4;35.4;;;;;;;;;;;;;;;;;;
 ;00:20:31;4.200;0.530;331.5;35.4;;;;;;;;;;;;;;;;;;
 ;00:20:32;4.200;0.529;331.7;35.4;;;;;;;;;;;;;;;;;;
 ;00:20:33;4.200;0.528;331.8;35.4;;;;;;;;;;;;;;;;;;
 ;00:20:34;4.200;0.528;331.9;35.4;;;;;;;;;;;;;;;;;;
 ;00:20:35;4.200;0.528;332.1;35.4;;;;;;;;;;;;;;;;;;
 ;00:20:36;4.200;0.527;332.2;35.4;;;;;;;;;;;;;;;;;;
 ;00:20:37;4.200;0.525;332.4;35.4;;;;;;;;;;;;;;;;;;
 ;00:20:38;4.200;0.525;332.5;35.4;;;;;;;;;;;;;;;;;;
 ;00:20:39;4.200;0.525;332.7;35.4;;;;;;;;;;;;;;;;;;
 ;00:20:40;4.200;0.524;332.8;35.4;;;;;;;;;;;;;;;;;;
 ;00:20:41;4.200;0.524;333.0;35.3;;;;;;;;;;;;;;;;;;
 ;00:20:42;4.200;0.524;333.1;35.3;;;;;;;;;;;;;;;;;;
 ;00:20:43;4.200;0.522;333.3;35.3;;;;;;;;;;;;;;;;;;
 ;00:20:44;4.200;0.521;333.4;35.3;;;;;;;;;;;;;;;;;;
 ;00:20:45;4.200;0.521;333.5;35.3;;;;;;;;;;;;;;;;;;
 ;00:20:46;4.200;0.520;333.7;35.3;;;;;;;;;;;;;;;;;;
 ;00:20:47;4.200;0.519;333.8;35.3;;;;;;;;;;;;;;;;;;
 ;00:20:48;4.200;0.519;334.0;35.3;;;;;;;;;;;;;;;;;;
 ;00:20:49;4.200;0.518;334.1;35.3;;;;;;;;;;;;;;;;;;
 ;00:20:50;4.200;0.518;334.3;35.3;;;;;;;;;;;;;;;;;;
 ;00:20:51;4.200;0.517;334.4;35.3;;;;;;;;;;;;;;;;;;
 ;00:20:52;4.200;0.517;334.6;35.3;;;;;;;;;;;;;;;;;;
 ;00:20:53;4.200;0.516;334.7;35.3;;;;;;;;;;;;;;;;;;
 ;00:20:54;4.200;0.515;334.8;35.3;;;;;;;;;;;;;;;;;;
 ;00:20:55;4.200;0.515;335.0;35.3;;;;;;;;;;;;;;;;;;
 ;00:20:56;4.200;0.514;335.1;35.3;;;;;;;;;;;;;;;;;;
 ;00:20:57;4.200;0.513;335.3;35.3;;;;;;;;;;;;;;;;;;
 ;00:20:58;4.200;0.513;335.4;35.3;;;;;;;;;;;;;;;;;;
 ;00:20:59;4.200;0.513;335.6;35.3;;;;;;;;;;;;;;;;;;
 ;00:21:00;4.200;0.511;335.7;35.3;;;;;;;;;;;;;;;;;;
 ;00:21:01;4.200;0.510;335.9;35.3;;;;;;;;;;;;;;;;;;
 ;00:21:02;4.200;0.510;336.0;35.3;;;;;;;;;;;;;;;;;;
 ;00:21:03;4.200;0.509;336.1;35.3;;;;;;;;;;;;;;;;;;
 ;00:21:04;4.200;0.509;336.3;35.3;;;;;;;;;;;;;;;;;;
 ;00:21:05;4.200;0.509;336.4;35.3;;;;;;;;;;;;;;;;;;
 ;00:21:06;4.200;0.508;336.5;35.3;;;;;;;;;;;;;;;;;;
 ;00:21:07;4.200;0.506;336.7;35.3;;;;;;;;;;;;;;;;;;
 ;00:21:08;4.200;0.506;336.8;35.3;;;;;;;;;;;;;;;;;;
 ;00:21:09;4.200;0.506;337.0;35.2;;;;;;;;;;;;;;;;;;
 ;00:21:10;4.200;0.505;337.1;35.2;;;;;;;;;;;;;;;;;;
 ;00:21:11;4.200;0.505;337.3;35.2;;;;;;;;;;;;;;;;;;
 ;00:21:12;4.200;0.505;337.4;35.2;;;;;;;;;;;;;;;;;;
 ;00:21:13;4.200;0.503;337.5;35.2;;;;;;;;;;;;;;;;;;
 ;00:21:14;4.200;0.503;337.7;35.2;;;;;;;;;;;;;;;;;;
 ;00:21:15;4.200;0.503;337.8;35.2;;;;;;;;;;;;;;;;;;
 ;00:21:16;4.200;0.502;337.9;35.2;;;;;;;;;;;;;;;;;;
 ;00:21:17;4.200;0.502;338.1;35.2;;;;;;;;;;;;;;;;;;
 ;00:21:18;4.200;0.502;338.2;35.2;;;;;;;;;;;;;;;;;;
 ;00:21:19;4.200;0.500;338.4;35.2;;;;;;;;;;;;;;;;;;
 ;00:21:20;4.200;0.497;338.5;35.2;;;;;;;;;;;;;;;;;;
 ;00:21:21;4.200;0.497;338.7;35.2;;;;;;;;;;;;;;;;;;
 ;00:21:22;4.200;0.497;338.8;35.2;;;;;;;;;;;;;;;;;;
 ;00:21:23;4.200;0.496;338.9;35.2;;;;;;;;;;;;;;;;;;
 ;00:21:24;4.200;0.495;339.1;35.2;;;;;;;;;;;;;;;;;;
 ;00:21:25;4.200;0.495;339.2;35.2;;;;;;;;;;;;;;;;;;
 ;00:21:26;4.200;0.494;339.3;35.2;;;;;;;;;;;;;;;;;;
 ;00:21:27;4.200;0.493;339.5;35.2;;;;;;;;;;;;;;;;;;
 ;00:21:28;4.200;0.493;339.6;35.2;;;;;;;;;;;;;;;;;;
 ;00:21:29;4.200;0.493;339.8;35.2;;;;;;;;;;;;;;;;;;
 ;00:21:30;4.200;0.492;339.9;35.2;;;;;;;;;;;;;;;;;;
 ;00:21:31;4.200;0.492;340.0;35.2;;;;;;;;;;;;;;;;;;
 ;00:21:32;4.200;0.492;340.2;35.2;;;;;;;;;;;;;;;;;;
 ;00:21:33;4.200;0.490;340.3;35.2;;;;;;;;;;;;;;;;;;
 ;00:21:34;4.200;0.489;340.4;35.2;;;;;;;;;;;;;;;;;;
 ;00:21:35;4.200;0.489;340.6;35.2;;;;;;;;;;;;;;;;;;
 ;00:21:36;4.200;0.488;340.7;35.2;;;;;;;;;;;;;;;;;;
 ;00:21:37;4.200;0.488;340.8;35.2;;;;;;;;;;;;;;;;;;
 ;00:21:38;4.200;0.488;341.0;35.2;;;;;;;;;;;;;;;;;;
 ;00:21:39;4.200;0.488;341.1;35.2;;;;;;;;;;;;;;;;;;
 ;00:21:40;4.200;0.485;341.2;35.2;;;;;;;;;;;;;;;;;;
 ;00:21:41;4.200;0.485;341.4;35.1;;;;;;;;;;;;;;;;;;
 ;00:21:42;4.200;0.485;341.5;35.1;;;;;;;;;;;;;;;;;;
 ;00:21:43;4.200;0.484;341.7;35.1;;;;;;;;;;;;;;;;;;
 ;00:21:44;4.200;0.483;341.8;35.1;;;;;;;;;;;;;;;;;;
 ;00:21:45;4.200;0.483;341.9;35.1;;;;;;;;;;;;;;;;;;
 ;00:21:46;4.200;0.483;342.0;35.1;;;;;;;;;;;;;;;;;;
 ;00:21:47;4.200;0.482;342.2;35.1;;;;;;;;;;;;;;;;;;
 ;00:21:48;4.200;0.482;342.3;35.1;;;;;;;;;;;;;;;;;;
 ;00:21:49;4.200;0.482;342.5;35.1;;;;;;;;;;;;;;;;;;
 ;00:21:50;4.200;0.480;342.6;35.1;;;;;;;;;;;;;;;;;;
 ;00:21:51;4.200;0.479;342.7;35.1;;;;;;;;;;;;;;;;;;
 ;00:21:52;4.200;0.479;342.8;35.1;;;;;;;;;;;;;;;;;;
 ;00:21:53;4.200;0.478;343.0;35.1;;;;;;;;;;;;;;;;;;
 ;00:21:54;4.200;0.478;343.1;35.1;;;;;;;;;;;;;;;;;;
 ;00:21:55;4.200;0.477;343.3;35.1;;;;;;;;;;;;;;;;;;
 ;00:21:56;4.200;0.477;343.4;35.1;;;;;;;;;;;;;;;;;;
 ;00:21:57;4.200;0.476;343.5;35.1;;;;;;;;;;;;;;;;;;
 ;00:21:58;4.200;0.476;343.6;35.1;;;;;;;;;;;;;;;;;;
 ;00:21:59;4.200;0.476;343.8;35.1;;;;;;;;;;;;;;;;;;
 ;00:22:00;4.200;0.475;343.9;35.1;;;;;;;;;;;;;;;;;;
 ;00:22:01;4.200;0.473;344.1;35.1;;;;;;;;;;;;;;;;;;
 ;00:22:02;4.200;0.473;344.2;35.1;;;;;;;;;;;;;;;;;;
 ;00:22:03;4.200;0.473;344.3;35.1;;;;;;;;;;;;;;;;;;
 ;00:22:04;4.200;0.472;344.4;35.1;;;;;;;;;;;;;;;;;;
 ;00:22:05;4.200;0.471;344.6;35.1;;;;;;;;;;;;;;;;;;
 ;00:22:06;4.200;0.471;344.7;35.0;;;;;;;;;;;;;;;;;;
 ;00:22:07;4.200;0.471;344.8;35.0;;;;;;;;;;;;;;;;;;
 ;00:22:08;4.200;0.470;345.0;35.0;;;;;;;;;;;;;;;;;;
 ;00:22:09;4.200;0.469;345.1;35.0;;;;;;;;;;;;;;;;;;
 ;00:22:10;4.200;0.469;345.2;35.0;;;;;;;;;;;;;;;;;;
 ;00:22:11;4.200;0.468;345.4;35.0;;;;;;;;;;;;;;;;;;
 ;00:22:12;4.200;0.467;345.5;35.0;;;;;;;;;;;;;;;;;;
 ;00:22:13;4.200;0.467;345.6;35.0;;;;;;;;;;;;;;;;;;
 ;00:22:14;4.200;0.467;345.7;35.0;;;;;;;;;;;;;;;;;;
 ;00:22:15;4.200;0.466;345.9;35.0;;;;;;;;;;;;;;;;;;
 ;00:22:16;4.200;0.465;346.0;35.0;;;;;;;;;;;;;;;;;;
 ;00:22:17;4.200;0.465;346.1;35.0;;;;;;;;;;;;;;;;;;
 ;00:22:18;4.200;0.465;346.3;35.0;;;;;;;;;;;;;;;;;;
 ;00:22:19;4.200;0.464;346.4;35.0;;;;;;;;;;;;;;;;;;
 ;00:22:20;4.200;0.463;346.5;35.0;;;;;;;;;;;;;;;;;;
 ;00:22:21;4.200;0.463;346.7;35.0;;;;;;;;;;;;;;;;;;
 ;00:22:22;4.200;0.462;346.8;35.0;;;;;;;;;;;;;;;;;;
 ;00:22:23;4.200;0.461;346.9;35.0;;;;;;;;;;;;;;;;;;
 ;00:22:24;4.200;0.461;347.0;35.0;;;;;;;;;;;;;;;;;;
 ;00:22:25;4.200;0.461;347.2;35.0;;;;;;;;;;;;;;;;;;
 ;00:22:26;4.200;0.460;347.3;35.0;;;;;;;;;;;;;;;;;;
 ;00:22:27;4.200;0.459;347.4;35.0;;;;;;;;;;;;;;;;;;
 ;00:22:28;4.200;0.459;347.5;35.0;;;;;;;;;;;;;;;;;;
 ;00:22:29;4.200;0.459;347.7;35.0;;;;;;;;;;;;;;;;;;
 ;00:22:30;4.200;0.458;347.8;35.0;;;;;;;;;;;;;;;;;;
 ;00:22:31;4.200;0.457;347.9;35.0;;;;;;;;;;;;;;;;;;
 ;00:22:32;4.200;0.457;348.1;35.0;;;;;;;;;;;;;;;;;;
 ;00:22:33;4.200;0.456;348.2;35.0;;;;;;;;;;;;;;;;;;
 ;00:22:34;4.200;0.455;348.3;35.0;;;;;;;;;;;;;;;;;;
 ;00:22:35;4.200;0.455;348.4;35.0;;;;;;;;;;;;;;;;;;
 ;00:22:36;4.200;0.455;348.6;34.9;;;;;;;;;;;;;;;;;;
 ;00:22:37;4.200;0.453;348.7;34.9;;;;;;;;;;;;;;;;;;
 ;00:22:38;4.200;0.453;348.8;34.9;;;;;;;;;;;;;;;;;;
 ;00:22:39;4.200;0.453;348.9;34.9;;;;;;;;;;;;;;;;;;
 ;00:22:40;4.200;0.452;349.1;34.9;;;;;;;;;;;;;;;;;;
 ;00:22:41;4.200;0.451;349.2;34.9;;;;;;;;;;;;;;;;;;
 ;00:22:42;4.200;0.451;349.3;34.9;;;;;;;;;;;;;;;;;;
 ;00:22:43;4.200;0.451;349.4;34.9;;;;;;;;;;;;;;;;;;
 ;00:22:44;4.200;0.450;349.6;34.9;;;;;;;;;;;;;;;;;;
 ;00:22:45;4.200;0.448;349.7;34.9;;;;;;;;;;;;;;;;;;
 ;00:22:46;4.200;0.448;349.8;34.9;;;;;;;;;;;;;;;;;;
 ;00:22:47;4.200;0.448;349.9;34.9;;;;;;;;;;;;;;;;;;
 ;00:22:48;4.200;0.447;350.1;34.9;;;;;;;;;;;;;;;;;;
 ;00:22:49;4.200;0.447;350.2;34.9;;;;;;;;;;;;;;;;;;
 ;00:22:50;4.200;0.447;350.3;34.9;;;;;;;;;;;;;;;;;;
 ;00:22:51;4.200;0.446;350.4;34.9;;;;;;;;;;;;;;;;;;
 ;00:22:52;4.200;0.445;350.6;34.9;;;;;;;;;;;;;;;;;;
 ;00:22:53;4.200;0.445;350.7;34.9;;;;;;;;;;;;;;;;;;
 ;00:22:54;4.200;0.445;350.8;34.9;;;;;;;;;;;;;;;;;;
 ;00:22:55;4.200;0.444;350.9;34.9;;;;;;;;;;;;;;;;;;
 ;00:22:56;4.200;0.443;351.1;34.9;;;;;;;;;;;;;;;;;;
 ;00:22:57;4.200;0.443;351.2;34.9;;;;;;;;;;;;;;;;;;
 ;00:22:58;4.200;0.443;351.3;34.9;;;;;;;;;;;;;;;;;;
 ;00:22:59;4.200;0.441;351.4;34.9;;;;;;;;;;;;;;;;;;
 ;00:23:00;4.200;0.441;351.5;34.9;;;;;;;;;;;;;;;;;;
 ;00:23:01;4.200;0.441;351.7;34.8;;;;;;;;;;;;;;;;;;
 ;00:23:02;4.200;0.440;351.8;34.8;;;;;;;;;;;;;;;;;;
 ;00:23:03;4.200;0.440;351.9;34.8;;;;;;;;;;;;;;;;;;
 ;00:23:04;4.200;0.440;352.0;34.8;;;;;;;;;;;;;;;;;;
 ;00:23:05;4.200;0.439;352.2;34.8;;;;;;;;;;;;;;;;;;
 ;00:23:06;4.200;0.437;352.3;34.8;;;;;;;;;;;;;;;;;;
 ;00:23:07;4.200;0.437;352.4;34.8;;;;;;;;;;;;;;;;;;
 ;00:23:08;4.200;0.437;352.5;34.8;;;;;;;;;;;;;;;;;;
 ;00:23:09;4.200;0.436;352.6;34.8;;;;;;;;;;;;;;;;;;
 ;00:23:10;4.200;0.436;352.8;34.8;;;;;;;;;;;;;;;;;;
 ;00:23:11;4.200;0.436;352.9;34.8;;;;;;;;;;;;;;;;;;
 ;00:23:12;4.200;0.435;353.0;34.8;;;;;;;;;;;;;;;;;;
 ;00:23:13;4.200;0.434;353.1;34.8;;;;;;;;;;;;;;;;;;
 ;00:23:14;4.200;0.434;353.2;34.8;;;;;;;;;;;;;;;;;;
 ;00:23:15;4.200;0.434;353.4;34.8;;;;;;;;;;;;;;;;;;
 ;00:23:16;4.200;0.432;353.5;34.8;;;;;;;;;;;;;;;;;;
 ;00:23:17;4.200;0.432;353.6;34.8;;;;;;;;;;;;;;;;;;
 ;00:23:18;4.200;0.432;353.7;34.8;;;;;;;;;;;;;;;;;;
 ;00:23:19;4.200;0.431;353.8;34.8;;;;;;;;;;;;;;;;;;
 ;00:23:20;4.200;0.430;354.0;34.8;;;;;;;;;;;;;;;;;;
 ;00:23:21;4.200;0.430;354.1;34.8;;;;;;;;;;;;;;;;;;
 ;00:23:22;4.200;0.429;354.2;34.8;;;;;;;;;;;;;;;;;;
 ;00:23:23;4.200;0.429;354.3;34.8;;;;;;;;;;;;;;;;;;
 ;00:23:24;4.200;0.429;354.4;34.8;;;;;;;;;;;;;;;;;;
 ;00:23:25;4.200;0.429;354.6;34.7;;;;;;;;;;;;;;;;;;
 ;00:23:26;4.200;0.428;354.7;34.7;;;;;;;;;;;;;;;;;;
 ;00:23:27;4.200;0.426;354.8;34.7;;;;;;;;;;;;;;;;;;
 ;00:23:28;4.200;0.426;354.9;34.7;;;;;;;;;;;;;;;;;;
 ;00:23:29;4.200;0.426;355.0;34.7;;;;;;;;;;;;;;;;;;
 ;00:23:30;4.200;0.425;355.2;34.7;;;;;;;;;;;;;;;;;;
 ;00:23:31;4.200;0.425;355.3;34.7;;;;;;;;;;;;;;;;;;
 ;00:23:32;4.200;0.425;355.4;34.7;;;;;;;;;;;;;;;;;;
 ;00:23:33;4.200;0.424;355.5;34.7;;;;;;;;;;;;;;;;;;
 ;00:23:34;4.200;0.423;355.6;34.7;;;;;;;;;;;;;;;;;;
 ;00:23:35;4.200;0.423;355.7;34.7;;;;;;;;;;;;;;;;;;
 ;00:23:36;4.200;0.423;355.9;34.7;;;;;;;;;;;;;;;;;;
 ;00:23:37;4.200;0.421;356.0;34.7;;;;;;;;;;;;;;;;;;
 ;00:23:38;4.200;0.421;356.1;34.7;;;;;;;;;;;;;;;;;;
 ;00:23:39;4.200;0.421;356.2;34.7;;;;;;;;;;;;;;;;;;
 ;00:23:40;4.200;0.420;356.3;34.7;;;;;;;;;;;;;;;;;;
 ;00:23:41;4.200;0.419;356.4;34.7;;;;;;;;;;;;;;;;;;
 ;00:23:42;4.200;0.419;356.6;34.7;;;;;;;;;;;;;;;;;;
 ;00:23:43;4.200;0.419;356.7;34.7;;;;;;;;;;;;;;;;;;
 ;00:23:44;4.200;0.418;356.8;34.7;;;;;;;;;;;;;;;;;;
 ;00:23:45;4.200;0.417;356.9;34.7;;;;;;;;;;;;;;;;;;
 ;00:23:46;4.200;0.417;357.0;34.7;;;;;;;;;;;;;;;;;;
 ;00:23:47;4.200;0.416;357.1;34.7;;;;;;;;;;;;;;;;;;
 ;00:23:48;4.200;0.416;357.3;34.7;;;;;;;;;;;;;;;;;;
 ;00:23:49;4.200;0.415;357.4;34.6;;;;;;;;;;;;;;;;;;
 ;00:23:50;4.200;0.415;357.5;34.6;;;;;;;;;;;;;;;;;;
 ;00:23:51;4.200;0.415;357.6;34.6;;;;;;;;;;;;;;;;;;
 ;00:23:52;4.200;0.414;357.7;34.6;;;;;;;;;;;;;;;;;;
 ;00:23:53;4.200;0.414;357.8;34.6;;;;;;;;;;;;;;;;;;
 ;00:23:54;4.200;0.414;357.9;34.6;;;;;;;;;;;;;;;;;;
 ;00:23:55;4.200;0.413;358.1;34.6;;;;;;;;;;;;;;;;;;
 ;00:23:56;4.200;0.412;358.2;34.6;;;;;;;;;;;;;;;;;;
 ;00:23:57;4.200;0.412;358.3;34.6;;;;;;;;;;;;;;;;;;
 ;00:23:58;4.200;0.411;358.4;34.6;;;;;;;;;;;;;;;;;;
 ;00:23:59;4.200;0.410;358.5;34.6;;;;;;;;;;;;;;;;;;
 ;00:24:00;4.200;0.410;358.6;34.6;;;;;;;;;;;;;;;;;;
 ;00:24:01;4.200;0.410;358.7;34.6;;;;;;;;;;;;;;;;;;
 ;00:24:02;4.200;0.409;358.9;34.6;;;;;;;;;;;;;;;;;;
 ;00:24:03;4.200;0.408;359.0;34.6;;;;;;;;;;;;;;;;;;
 ;00:24:04;4.200;0.408;359.1;34.6;;;;;;;;;;;;;;;;;;
 ;00:24:05;4.200;0.408;359.2;34.6;;;;;;;;;;;;;;;;;;
 ;00:24:06;4.200;0.407;359.3;34.6;;;;;;;;;;;;;;;;;;
 ;00:24:07;4.200;0.406;359.4;34.6;;;;;;;;;;;;;;;;;;
 ;00:24:08;4.200;0.406;359.5;34.6;;;;;;;;;;;;;;;;;;
 ;00:24:09;4.200;0.406;359.7;34.6;;;;;;;;;;;;;;;;;;
 ;00:24:10;4.200;0.405;359.8;34.6;;;;;;;;;;;;;;;;;;
 ;00:24:11;4.200;0.404;359.9;34.6;;;;;;;;;;;;;;;;;;
 ;00:24:12;4.200;0.404;360.0;34.6;;;;;;;;;;;;;;;;;;
 ;00:24:13;4.200;0.404;360.1;34.6;;;;;;;;;;;;;;;;;;
 ;00:24:14;4.200;0.403;360.2;34.5;;;;;;;;;;;;;;;;;;
 ;00:24:15;4.200;0.403;360.3;34.5;;;;;;;;;;;;;;;;;;
 ;00:24:16;4.200;0.403;360.4;34.5;;;;;;;;;;;;;;;;;;
 ;00:24:17;4.200;0.403;360.6;34.5;;;;;;;;;;;;;;;;;;
 ;00:24:18;4.200;0.400;360.7;34.5;;;;;;;;;;;;;;;;;;
 ;00:24:19;4.200;0.400;360.8;34.5;;;;;;;;;;;;;;;;;;
 ;00:24:20;4.200;0.400;360.9;34.5;;;;;;;;;;;;;;;;;;
 ;00:24:21;4.200;0.400;361.0;34.5;;;;;;;;;;;;;;;;;;
 ;00:24:22;4.200;0.399;361.1;34.5;;;;;;;;;;;;;;;;;;
 ;00:24:23;4.200;0.399;361.2;34.5;;;;;;;;;;;;;;;;;;
 ;00:24:24;4.200;0.399;361.3;34.5;;;;;;;;;;;;;;;;;;
 ;00:24:25;4.200;0.399;361.4;34.5;;;;;;;;;;;;;;;;;;
 ;00:24:26;4.200;0.397;361.5;34.5;;;;;;;;;;;;;;;;;;
 ;00:24:27;4.200;0.396;361.7;34.5;;;;;;;;;;;;;;;;;;
 ;00:24:28;4.200;0.396;361.8;34.5;;;;;;;;;;;;;;;;;;
 ;00:24:29;4.200;0.396;361.9;34.5;;;;;;;;;;;;;;;;;;
 ;00:24:30;4.200;0.395;362.0;34.5;;;;;;;;;;;;;;;;;;
 ;00:24:31;4.200;0.395;362.1;34.5;;;;;;;;;;;;;;;;;;
 ;00:24:32;4.200;0.395;362.2;34.5;;;;;;;;;;;;;;;;;;
 ;00:24:33;4.200;0.395;362.3;34.5;;;;;;;;;;;;;;;;;;
 ;00:24:34;4.200;0.393;362.4;34.5;;;;;;;;;;;;;;;;;;
 ;00:24:35;4.200;0.393;362.5;34.5;;;;;;;;;;;;;;;;;;
 ;00:24:36;4.200;0.393;362.6;34.5;;;;;;;;;;;;;;;;;;
 ;00:24:37;4.200;0.392;362.8;34.5;;;;;;;;;;;;;;;;;;
 ;00:24:38;4.200;0.391;362.9;34.5;;;;;;;;;;;;;;;;;;
 ;00:24:39;4.200;0.391;363.0;34.5;;;;;;;;;;;;;;;;;;
 ;00:24:40;4.200;0.391;363.1;34.4;;;;;;;;;;;;;;;;;;
 ;00:24:41;4.200;0.390;363.2;34.4;;;;;;;;;;;;;;;;;;
 ;00:24:42;4.200;0.389;363.3;34.4;;;;;;;;;;;;;;;;;;
 ;00:24:43;4.200;0.389;363.4;34.4;;;;;;;;;;;;;;;;;;
 ;00:24:44;4.200;0.389;363.5;34.4;;;;;;;;;;;;;;;;;;
 ;00:24:45;4.200;0.388;363.6;34.4;;;;;;;;;;;;;;;;;;
 ;00:24:46;4.200;0.388;363.7;34.4;;;;;;;;;;;;;;;;;;
 ;00:24:47;4.200;0.388;363.8;34.4;;;;;;;;;;;;;;;;;;
 ;00:24:48;4.200;0.388;363.9;34.4;;;;;;;;;;;;;;;;;;
 ;00:24:49;4.200;0.387;364.1;34.4;;;;;;;;;;;;;;;;;;
 ;00:24:50;4.200;0.385;364.2;34.4;;;;;;;;;;;;;;;;;;
 ;00:24:51;4.200;0.385;364.3;34.4;;;;;;;;;;;;;;;;;;
 ;00:24:52;4.200;0.385;364.4;34.4;;;;;;;;;;;;;;;;;;
 ;00:24:53;4.200;0.384;364.5;34.4;;;;;;;;;;;;;;;;;;
 ;00:24:54;4.200;0.384;364.6;34.4;;;;;;;;;;;;;;;;;;
 ;00:24:55;4.200;0.384;364.7;34.4;;;;;;;;;;;;;;;;;;
 ;00:24:56;4.200;0.384;364.8;34.4;;;;;;;;;;;;;;;;;;
 ;00:24:57;4.200;0.382;364.9;34.4;;;;;;;;;;;;;;;;;;
 ;00:24:58;4.200;0.382;365.0;34.4;;;;;;;;;;;;;;;;;;
 ;00:24:59;4.200;0.382;365.1;34.4;;;;;;;;;;;;;;;;;;
 ;00:25:00;4.200;0.382;365.2;34.4;;;;;;;;;;;;;;;;;;
 ;00:25:01;4.200;0.380;365.3;34.4;;;;;;;;;;;;;;;;;;
 ;00:25:02;4.200;0.380;365.4;34.4;;;;;;;;;;;;;;;;;;
 ;00:25:03;4.200;0.380;365.5;34.4;;;;;;;;;;;;;;;;;;
 ;00:25:04;4.200;0.379;365.6;34.4;;;;;;;;;;;;;;;;;;
 ;00:25:05;4.200;0.378;365.8;34.3;;;;;;;;;;;;;;;;;;
 ;00:25:06;4.200;0.378;365.9;34.3;;;;;;;;;;;;;;;;;;
 ;00:25:07;4.200;0.378;366.0;34.3;;;;;;;;;;;;;;;;;;
 ;00:25:08;4.200;0.378;366.1;34.3;;;;;;;;;;;;;;;;;;
 ;00:25:09;4.200;0.377;366.2;34.3;;;;;;;;;;;;;;;;;;
 ;00:25:10;4.200;0.377;366.3;34.3;;;;;;;;;;;;;;;;;;
 ;00:25:11;4.200;0.377;366.4;34.3;;;;;;;;;;;;;;;;;;
 ;00:25:12;4.200;0.376;366.5;34.3;;;;;;;;;;;;;;;;;;
 ;00:25:13;4.200;0.375;366.6;34.3;;;;;;;;;;;;;;;;;;
 ;00:25:14;4.200;0.375;366.7;34.3;;;;;;;;;;;;;;;;;;
 ;00:25:15;4.200;0.375;366.8;34.3;;;;;;;;;;;;;;;;;;
 ;00:25:16;4.200;0.374;366.9;34.3;;;;;;;;;;;;;;;;;;
 ;00:25:17;4.200;0.373;367.0;34.3;;;;;;;;;;;;;;;;;;
 ;00:25:18;4.200;0.373;367.1;34.3;;;;;;;;;;;;;;;;;;
 ;00:25:19;4.200;0.373;367.2;34.3;;;;;;;;;;;;;;;;;;
 ;00:25:20;4.200;0.372;367.3;34.3;;;;;;;;;;;;;;;;;;
 ;00:25:21;4.200;0.372;367.4;34.3;;;;;;;;;;;;;;;;;;
 ;00:25:22;4.200;0.372;367.5;34.3;;;;;;;;;;;;;;;;;;
 ;00:25:23;4.200;0.371;367.6;34.3;;;;;;;;;;;;;;;;;;
 ;00:25:24;4.200;0.370;367.7;34.3;;;;;;;;;;;;;;;;;;
 ;00:25:25;4.200;0.369;367.8;34.3;;;;;;;;;;;;;;;;;;
 ;00:25:26;4.200;0.369;367.9;34.3;;;;;;;;;;;;;;;;;;
 ;00:25:27;4.200;0.369;368.0;34.3;;;;;;;;;;;;;;;;;;
 ;00:25:28;4.200;0.368;368.1;34.3;;;;;;;;;;;;;;;;;;
 ;00:25:29;4.200;0.368;368.2;34.3;;;;;;;;;;;;;;;;;;
 ;00:25:30;4.200;0.368;368.3;34.3;;;;;;;;;;;;;;;;;;
 ;00:25:31;4.200;0.367;368.4;34.2;;;;;;;;;;;;;;;;;;
 ;00:25:32;4.200;0.367;368.5;34.2;;;;;;;;;;;;;;;;;;
 ;00:25:33;4.200;0.367;368.6;34.2;;;;;;;;;;;;;;;;;;
 ;00:25:34;4.200;0.367;368.8;34.2;;;;;;;;;;;;;;;;;;
 ;00:25:35;4.200;0.366;368.9;34.2;;;;;;;;;;;;;;;;;;
 ;00:25:36;4.200;0.365;369.0;34.2;;;;;;;;;;;;;;;;;;
 ;00:25:37;4.200;0.365;369.1;34.2;;;;;;;;;;;;;;;;;;
 ;00:25:38;4.200;0.365;369.2;34.2;;;;;;;;;;;;;;;;;;
 ;00:25:39;4.200;0.363;369.3;34.2;;;;;;;;;;;;;;;;;;
 ;00:25:40;4.200;0.363;369.4;34.2;;;;;;;;;;;;;;;;;;
 ;00:25:41;4.200;0.363;369.5;34.2;;;;;;;;;;;;;;;;;;
 ;00:25:42;4.200;0.363;369.6;34.2;;;;;;;;;;;;;;;;;;
 ;00:25:43;4.200;0.362;369.7;34.2;;;;;;;;;;;;;;;;;;
 ;00:25:44;4.200;0.362;369.8;34.2;;;;;;;;;;;;;;;;;;
 ;00:25:45;4.200;0.362;369.9;34.2;;;;;;;;;;;;;;;;;;
 ;00:25:46;4.200;0.362;370.0;34.2;;;;;;;;;;;;;;;;;;
 ;00:25:47;4.200;0.360;370.1;34.2;;;;;;;;;;;;;;;;;;
 ;00:25:48;4.200;0.359;370.2;34.2;;;;;;;;;;;;;;;;;;
 ;00:25:49;4.200;0.359;370.3;34.2;;;;;;;;;;;;;;;;;;
 ;00:25:50;4.200;0.359;370.4;34.2;;;;;;;;;;;;;;;;;;
 ;00:25:51;4.200;0.358;370.5;34.2;;;;;;;;;;;;;;;;;;
 ;00:25:52;4.200;0.358;370.6;34.2;;;;;;;;;;;;;;;;;;
 ;00:25:53;4.200;0.358;370.7;34.2;;;;;;;;;;;;;;;;;;
 ;00:25:54;4.200;0.358;370.8;34.2;;;;;;;;;;;;;;;;;;
 ;00:25:55;4.200;0.357;370.9;34.2;;;;;;;;;;;;;;;;;;
 ;00:25:56;4.200;0.357;371.0;34.2;;;;;;;;;;;;;;;;;;
 ;00:25:57;4.200;0.357;371.1;34.2;;;;;;;;;;;;;;;;;;
 ;00:25:58;4.200;0.356;371.2;34.1;;;;;;;;;;;;;;;;;;
 ;00:25:59;4.200;0.354;371.3;34.1;;;;;;;;;;;;;;;;;;
 ;00:26:00;4.200;0.354;371.4;34.1;;;;;;;;;;;;;;;;;;
 ;00:26:01;4.200;0.354;371.5;34.1;;;;;;;;;;;;;;;;;;
 ;00:26:02;4.200;0.353;371.6;34.1;;;;;;;;;;;;;;;;;;
 ;00:26:03;4.200;0.353;371.6;34.1;;;;;;;;;;;;;;;;;;
 ;00:26:04;4.200;0.353;371.7;34.1;;;;;;;;;;;;;;;;;;
 ;00:26:05;4.200;0.353;371.8;34.1;;;;;;;;;;;;;;;;;;
 ;00:26:06;4.200;0.353;371.9;34.1;;;;;;;;;;;;;;;;;;
 ;00:26:07;4.200;0.351;372.0;34.1;;;;;;;;;;;;;;;;;;
 ;00:26:08;4.200;0.351;372.1;34.1;;;;;;;;;;;;;;;;;;
 ;00:26:09;4.200;0.351;372.2;34.1;;;;;;;;;;;;;;;;;;
 ;00:26:10;4.200;0.351;372.3;34.1;;;;;;;;;;;;;;;;;;
 ;00:26:11;4.200;0.349;372.4;34.1;;;;;;;;;;;;;;;;;;
 ;00:26:12;4.200;0.349;372.5;34.1;;;;;;;;;;;;;;;;;;
 ;00:26:13;4.200;0.349;372.6;34.1;;;;;;;;;;;;;;;;;;
 ;00:26:14;4.200;0.349;372.7;34.1;;;;;;;;;;;;;;;;;;
 ;00:26:15;4.200;0.348;372.8;34.1;;;;;;;;;;;;;;;;;;
 ;00:26:16;4.200;0.348;372.9;34.1;;;;;;;;;;;;;;;;;;
 ;00:26:17;4.200;0.348;373.0;34.1;;;;;;;;;;;;;;;;;;
 ;00:26:18;4.200;0.348;373.1;34.1;;;;;;;;;;;;;;;;;;
 ;00:26:19;4.200;0.346;373.2;34.1;;;;;;;;;;;;;;;;;;
 ;00:26:20;4.200;0.346;373.3;34.1;;;;;;;;;;;;;;;;;;
 ;00:26:21;4.200;0.346;373.4;34.1;;;;;;;;;;;;;;;;;;
 ;00:26:22;4.200;0.346;373.5;34.1;;;;;;;;;;;;;;;;;;
 ;00:26:23;4.200;0.345;373.6;34.1;;;;;;;;;;;;;;;;;;
 ;00:26:24;4.200;0.345;373.7;34.1;;;;;;;;;;;;;;;;;;
 ;00:26:25;4.200;0.345;373.8;34.0;;;;;;;;;;;;;;;;;;
 ;00:26:26;4.200;0.345;373.9;34.0;;;;;;;;;;;;;;;;;;
 ;00:26:27;4.200;0.344;374.0;34.0;;;;;;;;;;;;;;;;;;
 ;00:26:28;4.200;0.342;374.1;34.0;;;;;;;;;;;;;;;;;;
 ;00:26:29;4.200;0.342;374.2;34.0;;;;;;;;;;;;;;;;;;
 ;00:26:30;4.200;0.342;374.3;34.0;;;;;;;;;;;;;;;;;;
 ;00:26:31;4.200;0.342;374.4;34.0;;;;;;;;;;;;;;;;;;
 ;00:26:32;4.200;0.341;374.4;34.0;;;;;;;;;;;;;;;;;;
 ;00:26:33;4.200;0.341;374.5;34.0;;;;;;;;;;;;;;;;;;
 ;00:26:34;4.200;0.341;374.6;34.0;;;;;;;;;;;;;;;;;;
 ;00:26:35;4.200;0.341;374.7;34.0;;;;;;;;;;;;;;;;;;
 ;00:26:36;4.200;0.340;374.8;34.0;;;;;;;;;;;;;;;;;;
 ;00:26:37;4.200;0.340;374.9;34.0;;;;;;;;;;;;;;;;;;
 ;00:26:38;4.200;0.339;375.0;34.0;;;;;;;;;;;;;;;;;;
 ;00:26:39;4.200;0.339;375.1;34.0;;;;;;;;;;;;;;;;;;
 ;00:26:40;4.200;0.338;375.2;34.0;;;;;;;;;;;;;;;;;;
 ;00:26:41;4.200;0.337;375.3;34.0;;;;;;;;;;;;;;;;;;
 ;00:26:42;4.200;0.337;375.4;34.0;;;;;;;;;;;;;;;;;;
 ;00:26:43;4.200;0.337;375.5;34.0;;;;;;;;;;;;;;;;;;
 ;00:26:44;4.200;0.337;375.6;34.0;;;;;;;;;;;;;;;;;;
 ;00:26:45;4.200;0.336;375.7;34.0;;;;;;;;;;;;;;;;;;
 ;00:26:46;4.200;0.336;375.8;34.0;;;;;;;;;;;;;;;;;;
 ;00:26:47;4.200;0.336;375.9;34.0;;;;;;;;;;;;;;;;;;
 ;00:26:48;4.200;0.336;375.9;34.0;;;;;;;;;;;;;;;;;;
 ;00:26:49;4.200;0.335;376.0;34.0;;;;;;;;;;;;;;;;;;
 ;00:26:50;4.200;0.333;376.1;33.9;;;;;;;;;;;;;;;;;;
 ;00:26:51;4.200;0.334;376.2;33.9;;;;;;;;;;;;;;;;;;
 ;00:26:52;4.200;0.333;376.3;33.9;;;;;;;;;;;;;;;;;;
 ;00:26:53;4.200;0.333;376.4;33.9;;;;;;;;;;;;;;;;;;
 ;00:26:54;4.200;0.332;376.5;33.9;;;;;;;;;;;;;;;;;;
 ;00:26:55;4.200;0.332;376.6;33.9;;;;;;;;;;;;;;;;;;
 ;00:26:56;4.200;0.332;376.7;33.9;;;;;;;;;;;;;;;;;;
 ;00:26:57;4.200;0.331;376.8;33.9;;;;;;;;;;;;;;;;;;
 ;00:26:58;4.200;0.331;376.9;33.9;;;;;;;;;;;;;;;;;;
 ;00:26:59;4.200;0.331;377.0;33.9;;;;;;;;;;;;;;;;;;
 ;00:27:00;4.200;0.331;377.1;33.9;;;;;;;;;;;;;;;;;;
 ;00:27:01;4.200;0.331;377.2;33.9;;;;;;;;;;;;;;;;;;
 ;00:27:02;4.200;0.329;377.2;33.9;;;;;;;;;;;;;;;;;;
 ;00:27:03;4.200;0.328;377.3;33.9;;;;;;;;;;;;;;;;;;
 ;00:27:04;4.200;0.328;377.4;33.9;;;;;;;;;;;;;;;;;;
 ;00:27:05;4.200;0.328;377.5;33.9;;;;;;;;;;;;;;;;;;
 ;00:27:06;4.200;0.327;377.6;33.9;;;;;;;;;;;;;;;;;;
 ;00:27:07;4.200;0.327;377.7;33.9;;;;;;;;;;;;;;;;;;
 ;00:27:08;4.200;0.327;377.8;33.9;;;;;;;;;;;;;;;;;;
 ;00:27:09;4.200;0.327;377.9;33.9;;;;;;;;;;;;;;;;;;
 ;00:27:10;4.200;0.326;378.0;33.9;;;;;;;;;;;;;;;;;;
 ;00:27:11;4.200;0.326;378.1;33.9;;;;;;;;;;;;;;;;;;
 ;00:27:12;4.200;0.326;378.2;33.9;;;;;;;;;;;;;;;;;;
 ;00:27:13;4.200;0.326;378.2;33.9;;;;;;;;;;;;;;;;;;
 ;00:27:14;4.200;0.326;378.3;33.9;;;;;;;;;;;;;;;;;;
 ;00:27:15;4.200;0.324;378.4;33.9;;;;;;;;;;;;;;;;;;
 ;00:27:16;4.200;0.323;378.5;33.9;;;;;;;;;;;;;;;;;;
 ;00:27:17;4.200;0.323;378.6;33.9;;;;;;;;;;;;;;;;;;
 ;00:27:18;4.200;0.323;378.7;33.9;;;;;;;;;;;;;;;;;;
 ;00:27:19;4.200;0.322;378.8;33.8;;;;;;;;;;;;;;;;;;
 ;00:27:20;4.200;0.322;378.9;33.8;;;;;;;;;;;;;;;;;;
 ;00:27:21;4.200;0.322;379.0;33.8;;;;;;;;;;;;;;;;;;
 ;00:27:22;4.200;0.322;379.0;33.8;;;;;;;;;;;;;;;;;;
 ;00:27:23;4.200;0.321;379.1;33.8;;;;;;;;;;;;;;;;;;
 ;00:27:24;4.200;0.321;379.2;33.8;;;;;;;;;;;;;;;;;;
 ;00:27:25;4.200;0.321;379.3;33.8;;;;;;;;;;;;;;;;;;
 ;00:27:26;4.200;0.321;379.4;33.8;;;;;;;;;;;;;;;;;;
 ;00:27:27;4.200;0.320;379.5;33.8;;;;;;;;;;;;;;;;;;
 ;00:27:28;4.200;0.319;379.6;33.8;;;;;;;;;;;;;;;;;;
 ;00:27:29;4.200;0.319;379.7;33.8;;;;;;;;;;;;;;;;;;
 ;00:27:30;4.200;0.319;379.8;33.8;;;;;;;;;;;;;;;;;;
 ;00:27:31;4.200;0.318;379.8;33.8;;;;;;;;;;;;;;;;;;
 ;00:27:32;4.200;0.317;379.9;33.8;;;;;;;;;;;;;;;;;;
 ;00:27:33;4.200;0.317;380.0;33.8;;;;;;;;;;;;;;;;;;
 ;00:27:34;4.200;0.317;380.1;33.8;;;;;;;;;;;;;;;;;;
 ;00:27:35;4.200;0.317;380.2;33.8;;;;;;;;;;;;;;;;;;
 ;00:27:36;4.200;0.316;380.3;33.8;;;;;;;;;;;;;;;;;;
 ;00:27:37;4.200;0.316;380.4;33.8;;;;;;;;;;;;;;;;;;
 ;00:27:38;4.200;0.316;380.5;33.8;;;;;;;;;;;;;;;;;;
 ;00:27:39;4.200;0.316;380.6;33.8;;;;;;;;;;;;;;;;;;
 ;00:27:40;4.200;0.315;380.6;33.8;;;;;;;;;;;;;;;;;;
 ;00:27:41;4.200;0.315;380.7;33.8;;;;;;;;;;;;;;;;;;
 ;00:27:42;4.200;0.315;380.8;33.8;;;;;;;;;;;;;;;;;;
 ;00:27:43;4.200;0.315;380.9;33.8;;;;;;;;;;;;;;;;;;
 ;00:27:44;4.200;0.314;381.0;33.7;;;;;;;;;;;;;;;;;;
 ;00:27:45;4.200;0.312;381.1;33.7;;;;;;;;;;;;;;;;;;
 ;00:27:46;4.200;0.312;381.2;33.7;;;;;;;;;;;;;;;;;;
 ;00:27:47;4.200;0.312;381.2;33.7;;;;;;;;;;;;;;;;;;
 ;00:27:48;4.200;0.312;381.3;33.7;;;;;;;;;;;;;;;;;;
 ;00:27:49;4.200;0.311;381.4;33.7;;;;;;;;;;;;;;;;;;
 ;00:27:50;4.200;0.311;381.5;33.7;;;;;;;;;;;;;;;;;;
 ;00:27:51;4.200;0.311;381.6;33.7;;;;;;;;;;;;;;;;;;
 ;00:27:52;4.200;0.311;381.7;33.7;;;;;;;;;;;;;;;;;;
 ;00:27:53;4.200;0.310;381.8;33.7;;;;;;;;;;;;;;;;;;
 ;00:27:54;4.200;0.310;381.9;33.7;;;;;;;;;;;;;;;;;;
 ;00:27:55;4.200;0.310;381.9;33.7;;;;;;;;;;;;;;;;;;
 ;00:27:56;4.200;0.310;382.0;33.7;;;;;;;;;;;;;;;;;;
 ;00:27:57;4.200;0.309;382.1;33.7;;;;;;;;;;;;;;;;;;
 ;00:27:58;4.200;0.308;382.2;33.7;;;;;;;;;;;;;;;;;;
 ;00:27:59;4.200;0.308;382.3;33.7;;;;;;;;;;;;;;;;;;
 ;00:28:00;4.200;0.308;382.4;33.7;;;;;;;;;;;;;;;;;;
 ;00:28:01;4.200;0.308;382.5;33.7;;;;;;;;;;;;;;;;;;
 ;00:28:02;4.200;0.307;382.5;33.7;;;;;;;;;;;;;;;;;;
 ;00:28:03;4.200;0.306;382.6;33.7;;;;;;;;;;;;;;;;;;
 ;00:28:04;4.200;0.306;382.7;33.7;;;;;;;;;;;;;;;;;;
 ;00:28:05;4.200;0.306;382.8;33.7;;;;;;;;;;;;;;;;;;
 ;00:28:06;4.200;0.305;382.9;33.7;;;;;;;;;;;;;;;;;;
 ;00:28:07;4.200;0.305;383.0;33.7;;;;;;;;;;;;;;;;;;
 ;00:28:08;4.200;0.305;383.0;33.7;;;;;;;;;;;;;;;;;;
 ;00:28:09;4.200;0.305;383.1;33.7;;;;;;;;;;;;;;;;;;
 ;00:28:10;4.200;0.304;383.2;33.7;;;;;;;;;;;;;;;;;;
 ;00:28:11;4.200;0.304;383.3;33.7;;;;;;;;;;;;;;;;;;
 ;00:28:12;4.200;0.304;383.4;33.7;;;;;;;;;;;;;;;;;;
 ;00:28:13;4.200;0.304;383.5;33.7;;;;;;;;;;;;;;;;;;
 ;00:28:14;4.200;0.304;383.6;33.7;;;;;;;;;;;;;;;;;;
 ;00:28:15;4.200;0.302;383.6;33.7;;;;;;;;;;;;;;;;;;
 ;00:28:16;4.200;0.301;383.7;33.7;;;;;;;;;;;;;;;;;;
 ;00:28:17;4.200;0.301;383.8;33.7;;;;;;;;;;;;;;;;;;
 ;00:28:18;4.200;0.301;383.9;33.7;;;;;;;;;;;;;;;;;;
 ;00:28:19;4.200;0.300;384.0;33.6;;;;;;;;;;;;;;;;;;
 ;00:28:20;4.200;0.300;384.1;33.6;;;;;;;;;;;;;;;;;;
 ;00:28:21;4.200;0.300;384.1;33.6;;;;;;;;;;;;;;;;;;
 ;00:28:22;4.200;0.300;384.2;33.6;;;;;;;;;;;;;;;;;;
 ;00:28:23;4.200;0.299;384.3;33.6;;;;;;;;;;;;;;;;;;
 ;00:28:24;4.200;0.299;384.4;33.6;;;;;;;;;;;;;;;;;;
 ;00:28:25;4.200;0.299;384.5;33.6;;;;;;;;;;;;;;;;;;
 ;00:28:26;4.200;0.299;384.6;33.6;;;;;;;;;;;;;;;;;;
 ;00:28:27;4.200;0.299;384.6;33.6;;;;;;;;;;;;;;;;;;
 ;00:28:28;4.200;0.298;384.7;33.6;;;;;;;;;;;;;;;;;;
 ;00:28:29;4.200;0.298;384.8;33.6;;;;;;;;;;;;;;;;;;
 ;00:28:30;4.200;0.298;384.9;33.6;;;;;;;;;;;;;;;;;;
 ;00:28:31;4.200;0.298;385.0;33.6;;;;;;;;;;;;;;;;;;
 ;00:28:32;4.200;0.297;385.1;33.6;;;;;;;;;;;;;;;;;;
 ;00:28:33;4.200;0.295;385.1;33.6;;;;;;;;;;;;;;;;;;
 ;00:28:34;4.200;0.295;385.2;33.6;;;;;;;;;;;;;;;;;;
 ;00:28:35;4.200;0.295;385.3;33.6;;;;;;;;;;;;;;;;;;
 ;00:28:36;4.200;0.295;385.4;33.6;;;;;;;;;;;;;;;;;;
 ;00:28:37;4.200;0.294;385.5;33.6;;;;;;;;;;;;;;;;;;
 ;00:28:38;4.200;0.294;385.5;33.6;;;;;;;;;;;;;;;;;;
 ;00:28:39;4.200;0.294;385.6;33.6;;;;;;;;;;;;;;;;;;
 ;00:28:40;4.200;0.294;385.7;33.6;;;;;;;;;;;;;;;;;;
 ;00:28:41;4.200;0.294;385.8;33.6;;;;;;;;;;;;;;;;;;
 ;00:28:42;4.200;0.293;385.9;33.6;;;;;;;;;;;;;;;;;;
 ;00:28:43;4.200;0.293;386.0;33.6;;;;;;;;;;;;;;;;;;
 ;00:28:44;4.200;0.293;386.0;33.6;;;;;;;;;;;;;;;;;;
 ;00:28:45;4.200;0.293;386.1;33.6;;;;;;;;;;;;;;;;;;
 ;00:28:46;4.200;0.292;386.2;33.5;;;;;;;;;;;;;;;;;;
 ;00:28:47;4.200;0.291;386.3;33.5;;;;;;;;;;;;;;;;;;
 ;00:28:48;4.200;0.290;386.4;33.5;;;;;;;;;;;;;;;;;;
 ;00:28:49;4.200;0.290;386.4;33.5;;;;;;;;;;;;;;;;;;
 ;00:28:50;4.200;0.290;386.5;33.5;;;;;;;;;;;;;;;;;;
 ;00:28:51;4.200;0.289;386.6;33.5;;;;;;;;;;;;;;;;;;
 ;00:28:52;4.200;0.289;386.7;33.5;;;;;;;;;;;;;;;;;;
 ;00:28:53;4.200;0.289;386.8;33.5;;;;;;;;;;;;;;;;;;
 ;00:28:54;4.200;0.289;386.8;33.5;;;;;;;;;;;;;;;;;;
 ;00:28:55;4.200;0.289;386.9;33.5;;;;;;;;;;;;;;;;;;
 ;00:28:56;4.200;0.288;387.0;33.5;;;;;;;;;;;;;;;;;;
 ;00:28:57;4.200;0.288;387.1;33.5;;;;;;;;;;;;;;;;;;
 ;00:28:58;4.200;0.288;387.2;33.5;;;;;;;;;;;;;;;;;;
 ;00:28:59;4.200;0.288;387.2;33.5;;;;;;;;;;;;;;;;;;
 ;00:29:00;4.200;0.288;387.3;33.5;;;;;;;;;;;;;;;;;;
 ;00:29:01;4.200;0.287;387.4;33.5;;;;;;;;;;;;;;;;;;
 ;00:29:02;4.200;0.286;387.5;33.5;;;;;;;;;;;;;;;;;;
 ;00:29:03;4.200;0.286;387.6;33.5;;;;;;;;;;;;;;;;;;
 ;00:29:04;4.200;0.286;387.6;33.5;;;;;;;;;;;;;;;;;;
 ;00:29:05;4.200;0.285;387.7;33.5;;;;;;;;;;;;;;;;;;
 ;00:29:06;4.200;0.285;387.8;33.5;;;;;;;;;;;;;;;;;;
 ;00:29:07;4.200;0.284;387.9;33.5;;;;;;;;;;;;;;;;;;
 ;00:29:08;4.200;0.284;388.0;33.5;;;;;;;;;;;;;;;;;;
 ;00:29:09;4.200;0.284;388.0;33.5;;;;;;;;;;;;;;;;;;
 ;00:29:10;4.200;0.284;388.1;33.5;;;;;;;;;;;;;;;;;;
 ;00:29:11;4.200;0.283;388.2;33.5;;;;;;;;;;;;;;;;;;
 ;00:29:12;4.200;0.283;388.3;33.5;;;;;;;;;;;;;;;;;;
 ;00:29:13;4.200;0.283;388.4;33.5;;;;;;;;;;;;;;;;;;
 ;00:29:14;4.200;0.283;388.4;33.5;;;;;;;;;;;;;;;;;;
 ;00:29:15;4.200;0.282;388.5;33.5;;;;;;;;;;;;;;;;;;
 ;00:29:16;4.200;0.281;388.6;33.5;;;;;;;;;;;;;;;;;;
 ;00:29:17;4.200;0.281;388.7;33.5;;;;;;;;;;;;;;;;;;
 ;00:29:18;4.200;0.281;388.7;33.5;;;;;;;;;;;;;;;;;;
 ;00:29:19;4.200;0.281;388.8;33.5;;;;;;;;;;;;;;;;;;
 ;00:29:20;4.200;0.280;388.9;33.5;;;;;;;;;;;;;;;;;;
 ;00:29:21;4.200;0.280;389.0;33.5;;;;;;;;;;;;;;;;;;
 ;00:29:22;4.200;0.279;389.1;33.4;;;;;;;;;;;;;;;;;;
 ;00:29:23;4.200;0.279;389.1;33.4;;;;;;;;;;;;;;;;;;
 ;00:29:24;4.200;0.280;389.2;33.4;;;;;;;;;;;;;;;;;;
 ;00:29:25;4.200;0.279;389.3;33.4;;;;;;;;;;;;;;;;;;
 ;00:29:26;4.200;0.278;389.4;33.4;;;;;;;;;;;;;;;;;;
 ;00:29:27;4.200;0.278;389.4;33.4;;;;;;;;;;;;;;;;;;
 ;00:29:28;4.200;0.278;389.5;33.4;;;;;;;;;;;;;;;;;;
 ;00:29:29;4.200;0.278;389.6;33.4;;;;;;;;;;;;;;;;;;
 ;00:29:30;4.200;0.277;389.7;33.4;;;;;;;;;;;;;;;;;;
 ;00:29:31;4.200;0.276;389.7;33.4;;;;;;;;;;;;;;;;;;
 ;00:29:32;4.200;0.276;389.8;33.4;;;;;;;;;;;;;;;;;;
 ;00:29:33;4.200;0.276;389.9;33.4;;;;;;;;;;;;;;;;;;
 ;00:29:34;4.200;0.276;390.0;33.4;;;;;;;;;;;;;;;;;;
 ;00:29:35;4.200;0.275;390.1;33.4;;;;;;;;;;;;;;;;;;
 ;00:29:36;4.200;0.275;390.1;33.4;;;;;;;;;;;;;;;;;;
 ;00:29:37;4.200;0.275;390.2;33.4;;;;;;;;;;;;;;;;;;
 ;00:29:38;4.200;0.275;390.3;33.4;;;;;;;;;;;;;;;;;;
 ;00:29:39;4.200;0.274;390.4;33.4;;;;;;;;;;;;;;;;;;
 ;00:29:40;4.200;0.274;390.4;33.4;;;;;;;;;;;;;;;;;;
 ;00:29:41;4.200;0.274;390.5;33.4;;;;;;;;;;;;;;;;;;
 ;00:29:42;4.200;0.274;390.6;33.4;;;;;;;;;;;;;;;;;;
 ;00:29:43;4.200;0.274;390.7;33.4;;;;;;;;;;;;;;;;;;
 ;00:29:44;4.200;0.273;390.7;33.4;;;;;;;;;;;;;;;;;;
 ;00:29:45;4.200;0.272;390.8;33.4;;;;;;;;;;;;;;;;;;
 ;00:29:46;4.200;0.272;390.9;33.4;;;;;;;;;;;;;;;;;;
 ;00:29:47;4.200;0.272;391.0;33.4;;;;;;;;;;;;;;;;;;
 ;00:29:48;4.200;0.272;391.0;33.4;;;;;;;;;;;;;;;;;;
 ;00:29:49;4.200;0.271;391.1;33.4;;;;;;;;;;;;;;;;;;
 ;00:29:50;4.200;0.270;391.2;33.3;;;;;;;;;;;;;;;;;;
 ;00:29:51;4.200;0.270;391.3;33.3;;;;;;;;;;;;;;;;;;
 ;00:29:52;4.200;0.270;391.3;33.3;;;;;;;;;;;;;;;;;;
 ;00:29:53;4.200;0.270;391.4;33.3;;;;;;;;;;;;;;;;;;
 ;00:29:54;4.200;0.269;391.5;33.3;;;;;;;;;;;;;;;;;;
 ;00:29:55;4.200;0.269;391.6;33.3;;;;;;;;;;;;;;;;;;
 ;00:29:56;4.200;0.269;391.6;33.3;;;;;;;;;;;;;;;;;;
 ;00:29:57;4.200;0.269;391.7;33.3;;;;;;;;;;;;;;;;;;
 ;00:29:58;4.200;0.269;391.8;33.3;;;;;;;;;;;;;;;;;;
 ;00:29:59;4.200;0.268;391.9;33.3;;;;;;;;;;;;;;;;;;
 ;00:30:00;4.200;0.268;391.9;33.3;;;;;;;;;;;;;;;;;;
 ;00:30:01;4.200;0.268;392.0;33.3;;;;;;;;;;;;;;;;;;
 ;00:30:02;4.200;0.268;392.1;33.3;;;;;;;;;;;;;;;;;;
 ;00:30:03;4.200;0.268;392.2;33.3;;;;;;;;;;;;;;;;;;
 ;00:30:04;4.200;0.267;392.2;33.3;;;;;;;;;;;;;;;;;;
 ;00:30:05;4.200;0.267;392.3;33.3;;;;;;;;;;;;;;;;;;
 ;00:30:06;4.200;0.267;392.4;33.3;;;;;;;;;;;;;;;;;;
 ;00:30:07;4.200;0.267;392.5;33.3;;;;;;;;;;;;;;;;;;
 ;00:30:08;4.200;0.266;392.5;33.3;;;;;;;;;;;;;;;;;;
 ;00:30:09;4.200;0.265;392.6;33.3;;;;;;;;;;;;;;;;;;
 ;00:30:10;4.200;0.264;392.7;33.3;;;;;;;;;;;;;;;;;;
 ;00:30:11;4.200;0.264;392.8;33.3;;;;;;;;;;;;;;;;;;
 ;00:30:12;4.200;0.264;392.8;33.3;;;;;;;;;;;;;;;;;;
 ;00:30:13;4.200;0.264;392.9;33.3;;;;;;;;;;;;;;;;;;
 ;00:30:14;4.200;0.263;393.0;33.3;;;;;;;;;;;;;;;;;;
 ;00:30:15;4.200;0.263;393.0;33.3;;;;;;;;;;;;;;;;;;
 ;00:30:16;4.200;0.263;393.1;33.3;;;;;;;;;;;;;;;;;;
 ;00:30:17;4.200;0.263;393.2;33.3;;;;;;;;;;;;;;;;;;
 ;00:30:18;4.200;0.262;393.3;33.3;;;;;;;;;;;;;;;;;;
 ;00:30:19;4.200;0.262;393.3;33.3;;;;;;;;;;;;;;;;;;
 ;00:30:20;4.200;0.262;393.4;33.2;;;;;;;;;;;;;;;;;;
 ;00:30:21;4.200;0.262;393.5;33.2;;;;;;;;;;;;;;;;;;
 ;00:30:22;4.200;0.262;393.6;33.2;;;;;;;;;;;;;;;;;;
 ;00:30:23;4.200;0.261;393.6;33.2;;;;;;;;;;;;;;;;;;
 ;00:30:24;4.200;0.260;393.7;33.2;;;;;;;;;;;;;;;;;;
 ;00:30:25;4.200;0.260;393.8;33.2;;;;;;;;;;;;;;;;;;
 ;00:30:26;4.200;0.260;393.8;33.2;;;;;;;;;;;;;;;;;;
 ;00:30:27;4.200;0.260;393.9;33.2;;;;;;;;;;;;;;;;;;
 ;00:30:28;4.200;0.259;394.0;33.2;;;;;;;;;;;;;;;;;;
 ;00:30:29;4.200;0.259;394.1;33.2;;;;;;;;;;;;;;;;;;
 ;00:30:30;4.200;0.259;394.1;33.2;;;;;;;;;;;;;;;;;;
 ;00:30:31;4.200;0.259;394.2;33.2;;;;;;;;;;;;;;;;;;
 ;00:30:32;4.200;0.259;394.3;33.2;;;;;;;;;;;;;;;;;;
 ;00:30:33;4.200;0.258;394.4;33.2;;;;;;;;;;;;;;;;;;
 ;00:30:34;4.200;0.258;394.4;33.2;;;;;;;;;;;;;;;;;;
 ;00:30:35;4.200;0.258;394.5;33.2;;;;;;;;;;;;;;;;;;
 ;00:30:36;4.200;0.258;394.6;33.2;;;;;;;;;;;;;;;;;;
 ;00:30:37;4.200;0.258;394.6;33.2;;;;;;;;;;;;;;;;;;
 ;00:30:38;4.200;0.257;394.7;33.2;;;;;;;;;;;;;;;;;;
 ;00:30:39;4.200;0.256;394.8;33.2;;;;;;;;;;;;;;;;;;
 ;00:30:40;4.200;0.256;394.9;33.2;;;;;;;;;;;;;;;;;;
 ;00:30:41;4.200;0.256;394.9;33.2;;;;;;;;;;;;;;;;;;
 ;00:30:42;4.200;0.256;395.0;33.2;;;;;;;;;;;;;;;;;;
 ;00:30:43;4.200;0.255;395.1;33.2;;;;;;;;;;;;;;;;;;
 ;00:30:44;4.200;0.254;395.1;33.2;;;;;;;;;;;;;;;;;;
 ;00:30:45;4.200;0.254;395.2;33.2;;;;;;;;;;;;;;;;;;
 ;00:30:46;4.200;0.254;395.3;33.2;;;;;;;;;;;;;;;;;;
 ;00:30:47;4.200;0.254;395.4;33.2;;;;;;;;;;;;;;;;;;
 ;00:30:48;4.200;0.253;395.4;33.2;;;;;;;;;;;;;;;;;;
 ;00:30:49;4.200;0.253;395.5;33.2;;;;;;;;;;;;;;;;;;
 ;00:30:50;4.200;0.253;395.6;33.2;;;;;;;;;;;;;;;;;;
 ;00:30:51;4.200;0.253;395.6;33.2;;;;;;;;;;;;;;;;;;
 ;00:30:52;4.200;0.253;395.7;33.2;;;;;;;;;;;;;;;;;;
 ;00:30:53;4.200;0.252;395.8;33.2;;;;;;;;;;;;;;;;;;
 ;00:30:54;4.200;0.252;395.8;33.2;;;;;;;;;;;;;;;;;;
 ;00:30:55;4.200;0.252;395.9;33.2;;;;;;;;;;;;;;;;;;
 ;00:30:56;4.200;0.252;396.0;33.2;;;;;;;;;;;;;;;;;;
 ;00:30:57;4.200;0.252;396.1;33.2;;;;;;;;;;;;;;;;;;
 ;00:30:58;4.200;0.251;396.1;33.2;;;;;;;;;;;;;;;;;;
 ;00:30:59;4.200;0.251;396.2;33.2;;;;;;;;;;;;;;;;;;
 ;00:31:00;4.200;0.251;396.3;33.1;;;;;;;;;;;;;;;;;;
 ;00:31:01;4.200;0.251;396.3;33.1;;;;;;;;;;;;;;;;;;
 ;00:31:02;4.200;0.251;396.4;33.1;;;;;;;;;;;;;;;;;;
 ;00:31:03;4.200;0.249;396.5;33.1;;;;;;;;;;;;;;;;;;
 ;00:31:04;4.200;0.247;396.5;33.1;;;;;;;;;;;;;;;;;;
 ;00:31:05;4.200;0.246;396.6;33.1;;;;;;;;;;;;;;;;;;
 ;00:31:06;4.200;0.246;396.7;33.1;;;;;;;;;;;;;;;;;;
 ;00:31:07;4.200;0.245;396.7;33.1;;;;;;;;;;;;;;;;;;
 ;00:31:08;4.200;0.244;396.8;33.1;;;;;;;;;;;;;;;;;;
 ;00:31:09;4.200;0.244;396.9;33.1;;;;;;;;;;;;;;;;;;
 ;00:31:10;4.200;0.244;396.9;33.1;;;;;;;;;;;;;;;;;;
 ;00:31:11;4.200;0.244;397.0;33.1;;;;;;;;;;;;;;;;;;
 ;00:31:12;4.200;0.244;397.1;33.1;;;;;;;;;;;;;;;;;;
 ;00:31:13;4.200;0.243;397.2;33.1;;;;;;;;;;;;;;;;;;
 ;00:31:14;4.200;0.243;397.2;33.1;;;;;;;;;;;;;;;;;;
 ;00:31:15;4.200;0.243;397.3;33.1;;;;;;;;;;;;;;;;;;
 ;00:31:16;4.200;0.243;397.4;33.1;;;;;;;;;;;;;;;;;;
 ;00:31:17;4.200;0.243;397.4;33.1;;;;;;;;;;;;;;;;;;
 ;00:31:18;4.200;0.242;397.5;33.1;;;;;;;;;;;;;;;;;;
 ;00:31:19;4.200;0.242;397.6;33.1;;;;;;;;;;;;;;;;;;
 ;00:31:20;4.200;0.242;397.6;33.1;;;;;;;;;;;;;;;;;;
 ;00:31:21;4.200;0.242;397.7;33.1;;;;;;;;;;;;;;;;;;
 ;00:31:22;4.200;0.242;397.8;33.1;;;;;;;;;;;;;;;;;;
 ;00:31:23;4.200;0.242;397.8;33.1;;;;;;;;;;;;;;;;;;
 ;00:31:24;4.200;0.241;397.9;33.1;;;;;;;;;;;;;;;;;;
 ;00:31:25;4.200;0.241;398.0;33.1;;;;;;;;;;;;;;;;;;
 ;00:31:26;4.200;0.241;398.0;33.1;;;;;;;;;;;;;;;;;;
 ;00:31:27;4.200;0.241;398.1;33.1;;;;;;;;;;;;;;;;;;
 ;00:31:28;4.200;0.241;398.2;33.1;;;;;;;;;;;;;;;;;;
 ;00:31:29;4.200;0.241;398.2;33.1;;;;;;;;;;;;;;;;;;
 ;00:31:30;4.200;0.240;398.3;33.1;;;;;;;;;;;;;;;;;;
 ;00:31:31;4.200;0.239;398.4;33.1;;;;;;;;;;;;;;;;;;
 ;00:31:32;4.200;0.239;398.4;33.0;;;;;;;;;;;;;;;;;;
 ;00:31:33;4.200;0.239;398.5;33.0;;;;;;;;;;;;;;;;;;
 ;00:31:34;4.200;0.239;398.6;33.0;;;;;;;;;;;;;;;;;;
 ;00:31:35;4.200;0.239;398.6;33.0;;;;;;;;;;;;;;;;;;
 ;00:31:36;4.200;0.238;398.7;33.0;;;;;;;;;;;;;;;;;;
 ;00:31:37;4.200;0.237;398.8;33.0;;;;;;;;;;;;;;;;;;
 ;00:31:38;4.200;0.237;398.8;33.0;;;;;;;;;;;;;;;;;;
 ;00:31:39;4.200;0.237;398.9;33.0;;;;;;;;;;;;;;;;;;
 ;00:31:40;4.200;0.237;399.0;33.0;;;;;;;;;;;;;;;;;;
 ;00:31:41;4.200;0.237;399.0;33.0;;;;;;;;;;;;;;;;;;
 ;00:31:42;4.200;0.236;399.1;33.0;;;;;;;;;;;;;;;;;;
 ;00:31:43;4.200;0.236;399.2;33.0;;;;;;;;;;;;;;;;;;
 ;00:31:44;4.200;0.236;399.2;33.0;;;;;;;;;;;;;;;;;;
 ;00:31:45;4.200;0.236;399.3;33.0;;;;;;;;;;;;;;;;;;
 ;00:31:46;4.200;0.236;399.3;33.0;;;;;;;;;;;;;;;;;;
 ;00:31:47;4.200;0.235;399.4;33.0;;;;;;;;;;;;;;;;;;
 ;00:31:48;4.200;0.234;399.5;33.0;;;;;;;;;;;;;;;;;;
 ;00:31:49;4.200;0.234;399.5;33.0;;;;;;;;;;;;;;;;;;
 ;00:31:50;4.200;0.234;399.6;33.0;;;;;;;;;;;;;;;;;;
 ;00:31:51;4.200;0.234;399.7;33.0;;;;;;;;;;;;;;;;;;
 ;00:31:52;4.200;0.234;399.7;33.0;;;;;;;;;;;;;;;;;;
 ;00:31:53;4.200;0.233;399.8;33.0;;;;;;;;;;;;;;;;;;
 ;00:31:54;4.200;0.233;399.9;33.0;;;;;;;;;;;;;;;;;;
 ;00:31:55;4.200;0.233;399.9;33.0;;;;;;;;;;;;;;;;;;
 ;00:31:56;4.200;0.233;400.0;33.0;;;;;;;;;;;;;;;;;;
 ;00:31:57;4.200;0.233;400.1;33.0;;;;;;;;;;;;;;;;;;
 ;00:31:58;4.200;0.232;400.1;33.0;;;;;;;;;;;;;;;;;;
 ;00:31:59;4.200;0.232;400.2;33.0;;;;;;;;;;;;;;;;;;
 ;00:32:00;4.200;0.232;400.3;33.0;;;;;;;;;;;;;;;;;;
 ;00:32:01;4.200;0.232;400.3;33.0;;;;;;;;;;;;;;;;;;
 ;00:32:02;4.200;0.232;400.4;33.0;;;;;;;;;;;;;;;;;;
 ;00:32:03;4.200;0.232;400.4;33.0;;;;;;;;;;;;;;;;;;
 ;00:32:04;4.200;0.231;400.5;33.0;;;;;;;;;;;;;;;;;;
 ;00:32:05;4.200;0.231;400.6;33.0;;;;;;;;;;;;;;;;;;
 ;00:32:06;4.200;0.231;400.6;33.0;;;;;;;;;;;;;;;;;;
 ;00:32:07;4.200;0.231;400.7;33.0;;;;;;;;;;;;;;;;;;
 ;00:32:08;4.200;0.231;400.8;33.0;;;;;;;;;;;;;;;;;;
 ;00:32:09;4.200;0.230;400.8;33.0;;;;;;;;;;;;;;;;;;
 ;00:32:10;4.200;0.230;400.9;33.0;;;;;;;;;;;;;;;;;;
 ;00:32:11;4.200;0.230;401.0;33.0;;;;;;;;;;;;;;;;;;
 ;00:32:12;4.200;0.230;401.0;33.0;;;;;;;;;;;;;;;;;;
 ;00:32:13;4.200;0.230;401.1;32.9;;;;;;;;;;;;;;;;;;
 ;00:32:14;4.200;0.230;401.2;32.9;;;;;;;;;;;;;;;;;;
 ;00:32:15;4.200;0.228;401.2;32.9;;;;;;;;;;;;;;;;;;
 ;00:32:16;4.200;0.227;401.3;32.9;;;;;;;;;;;;;;;;;;
 ;00:32:17;4.200;0.227;401.3;32.9;;;;;;;;;;;;;;;;;;
 ;00:32:18;4.200;0.227;401.4;32.9;;;;;;;;;;;;;;;;;;
 ;00:32:19;4.200;0.227;401.5;32.9;;;;;;;;;;;;;;;;;;
 ;00:32:20;4.200;0.227;401.5;32.9;;;;;;;;;;;;;;;;;;
 ;00:32:21;4.200;0.227;401.6;32.9;;;;;;;;;;;;;;;;;;
 ;00:32:22;4.200;0.226;401.7;32.9;;;;;;;;;;;;;;;;;;
 ;00:32:23;4.200;0.226;401.7;32.9;;;;;;;;;;;;;;;;;;
 ;00:32:24;4.200;0.226;401.8;32.9;;;;;;;;;;;;;;;;;;
 ;00:32:25;4.200;0.226;401.8;32.9;;;;;;;;;;;;;;;;;;
 ;00:32:26;4.200;0.226;401.9;32.9;;;;;;;;;;;;;;;;;;
 ;00:32:27;4.200;0.225;402.0;32.9;;;;;;;;;;;;;;;;;;
 ;00:32:28;4.200;0.225;402.0;32.9;;;;;;;;;;;;;;;;;;
 ;00:32:29;4.200;0.225;402.1;32.9;;;;;;;;;;;;;;;;;;
 ;00:32:30;4.200;0.225;402.2;32.9;;;;;;;;;;;;;;;;;;
 ;00:32:31;4.200;0.225;402.2;32.9;;;;;;;;;;;;;;;;;;
 ;00:32:32;4.200;0.224;402.3;32.9;;;;;;;;;;;;;;;;;;
 ;00:32:33;4.200;0.223;402.3;32.9;;;;;;;;;;;;;;;;;;
 ;00:32:34;4.200;0.223;402.4;32.9;;;;;;;;;;;;;;;;;;
 ;00:32:35;4.200;0.223;402.5;32.9;;;;;;;;;;;;;;;;;;
 ;00:32:36;4.200;0.223;402.5;32.9;;;;;;;;;;;;;;;;;;
 ;00:32:37;4.200;0.222;402.6;32.9;;;;;;;;;;;;;;;;;;
 ;00:32:38;4.200;0.222;402.7;32.9;;;;;;;;;;;;;;;;;;
 ;00:32:39;4.200;0.222;402.7;32.9;;;;;;;;;;;;;;;;;;
 ;00:32:40;4.200;0.222;402.8;32.9;;;;;;;;;;;;;;;;;;
 ;00:32:41;4.200;0.222;402.8;32.9;;;;;;;;;;;;;;;;;;
 ;00:32:42;4.200;0.222;402.9;32.9;;;;;;;;;;;;;;;;;;
 ;00:32:43;4.200;0.221;403.0;32.9;;;;;;;;;;;;;;;;;;
 ;00:32:44;4.200;0.221;403.0;32.9;;;;;;;;;;;;;;;;;;
 ;00:32:45;4.200;0.221;403.1;32.9;;;;;;;;;;;;;;;;;;
 ;00:32:46;4.200;0.221;403.1;32.9;;;;;;;;;;;;;;;;;;
 ;00:32:47;4.200;0.221;403.2;32.9;;;;;;;;;;;;;;;;;;
 ;00:32:48;4.200;0.221;403.3;32.9;;;;;;;;;;;;;;;;;;
 ;00:32:49;4.200;0.220;403.3;32.8;;;;;;;;;;;;;;;;;;
 ;00:32:50;4.200;0.220;403.4;32.8;;;;;;;;;;;;;;;;;;
 ;00:32:51;4.200;0.220;403.5;32.8;;;;;;;;;;;;;;;;;;
 ;00:32:52;4.200;0.220;403.5;32.8;;;;;;;;;;;;;;;;;;
 ;00:32:53;4.200;0.220;403.6;32.8;;;;;;;;;;;;;;;;;;
 ;00:32:54;4.200;0.219;403.6;32.8;;;;;;;;;;;;;;;;;;
 ;00:32:55;4.200;0.218;403.7;32.8;;;;;;;;;;;;;;;;;;
 ;00:32:56;4.200;0.218;403.8;32.8;;;;;;;;;;;;;;;;;;
 ;00:32:57;4.200;0.218;403.8;32.8;;;;;;;;;;;;;;;;;;
 ;00:32:58;4.200;0.218;403.9;32.8;;;;;;;;;;;;;;;;;;
 ;00:32:59;4.200;0.218;403.9;32.8;;;;;;;;;;;;;;;;;;
 ;00:33:00;4.200;0.217;404.0;32.8;;;;;;;;;;;;;;;;;;
 ;00:33:01;4.200;0.217;404.1;32.8;;;;;;;;;;;;;;;;;;
 ;00:33:02;4.200;0.217;404.1;32.8;;;;;;;;;;;;;;;;;;
 ;00:33:03;4.200;0.217;404.2;32.8;;;;;;;;;;;;;;;;;;
 ;00:33:04;4.200;0.217;404.2;32.8;;;;;;;;;;;;;;;;;;
 ;00:33:05;4.200;0.216;404.3;32.8;;;;;;;;;;;;;;;;;;
 ;00:33:06;4.200;0.216;404.4;32.8;;;;;;;;;;;;;;;;;;
 ;00:33:07;4.200;0.216;404.4;32.8;;;;;;;;;;;;;;;;;;
 ;00:33:08;4.200;0.216;404.5;32.8;;;;;;;;;;;;;;;;;;
 ;00:33:09;4.200;0.216;404.5;32.8;;;;;;;;;;;;;;;;;;
 ;00:33:10;4.200;0.216;404.6;32.8;;;;;;;;;;;;;;;;;;
 ;00:33:11;4.200;0.216;404.7;32.8;;;;;;;;;;;;;;;;;;
 ;00:33:12;4.200;0.215;404.7;32.8;;;;;;;;;;;;;;;;;;
 ;00:33:13;4.200;0.215;404.8;32.8;;;;;;;;;;;;;;;;;;
 ;00:33:14;4.200;0.215;404.8;32.8;;;;;;;;;;;;;;;;;;
 ;00:33:15;4.200;0.215;404.9;32.8;;;;;;;;;;;;;;;;;;
 ;00:33:16;4.200;0.214;405.0;32.8;;;;;;;;;;;;;;;;;;
 ;00:33:17;4.200;0.213;405.0;32.8;;;;;;;;;;;;;;;;;;
 ;00:33:18;4.200;0.213;405.1;32.8;;;;;;;;;;;;;;;;;;
 ;00:33:19;4.200;0.213;405.1;32.8;;;;;;;;;;;;;;;;;;
 ;00:33:20;4.200;0.213;405.2;32.8;;;;;;;;;;;;;;;;;;
 ;00:33:21;4.200;0.212;405.3;32.8;;;;;;;;;;;;;;;;;;
 ;00:33:22;4.200;0.212;405.3;32.8;;;;;;;;;;;;;;;;;;
 ;00:33:23;4.200;0.212;405.4;32.8;;;;;;;;;;;;;;;;;;
 ;00:33:24;4.200;0.212;405.4;32.8;;;;;;;;;;;;;;;;;;
 ;00:33:25;4.200;0.211;405.5;32.7;;;;;;;;;;;;;;;;;;
 ;00:33:26;4.200;0.212;405.6;32.7;;;;;;;;;;;;;;;;;;
 ;00:33:27;4.200;0.211;405.6;32.7;;;;;;;;;;;;;;;;;;
 ;00:33:28;4.200;0.211;405.7;32.7;;;;;;;;;;;;;;;;;;
 ;00:33:29;4.200;0.210;405.7;32.7;;;;;;;;;;;;;;;;;;
 ;00:33:30;4.200;0.210;405.8;32.7;;;;;;;;;;;;;;;;;;
 ;00:33:31;4.200;0.210;405.8;32.7;;;;;;;;;;;;;;;;;;
 ;00:33:32;4.200;0.210;405.9;32.7;;;;;;;;;;;;;;;;;;
 ;00:33:33;4.200;0.210;406.0;32.7;;;;;;;;;;;;;;;;;;
 ;00:33:34;4.200;0.210;406.0;32.7;;;;;;;;;;;;;;;;;;
 ;00:33:35;4.200;0.209;406.1;32.7;;;;;;;;;;;;;;;;;;
 ;00:33:36;4.200;0.209;406.1;32.7;;;;;;;;;;;;;;;;;;
 ;00:33:37;4.200;0.209;406.2;32.7;;;;;;;;;;;;;;;;;;
 ;00:33:38;4.200;0.209;406.3;32.7;;;;;;;;;;;;;;;;;;
 ;00:33:39;4.200;0.209;406.3;32.7;;;;;;;;;;;;;;;;;;
 ;00:33:40;4.200;0.207;406.4;32.7;;;;;;;;;;;;;;;;;;
 ;00:33:41;4.200;0.207;406.4;32.7;;;;;;;;;;;;;;;;;;
 ;00:33:42;4.200;0.207;406.5;32.7;;;;;;;;;;;;;;;;;;
 ;00:33:43;4.200;0.207;406.5;32.7;;;;;;;;;;;;;;;;;;
 ;00:33:44;4.200;0.207;406.6;32.7;;;;;;;;;;;;;;;;;;
 ;00:33:45;4.200;0.207;406.7;32.7;;;;;;;;;;;;;;;;;;
 ;00:33:46;4.200;0.206;406.7;32.7;;;;;;;;;;;;;;;;;;
 ;00:33:47;4.200;0.206;406.8;32.7;;;;;;;;;;;;;;;;;;
 ;00:33:48;4.200;0.206;406.8;32.7;;;;;;;;;;;;;;;;;;
 ;00:33:49;4.200;0.206;406.9;32.7;;;;;;;;;;;;;;;;;;
 ;00:33:50;4.200;0.206;406.9;32.7;;;;;;;;;;;;;;;;;;
 ;00:33:51;4.200;0.206;407.0;32.7;;;;;;;;;;;;;;;;;;
 ;00:33:52;4.200;0.205;407.1;32.7;;;;;;;;;;;;;;;;;;
 ;00:33:53;4.200;0.205;407.1;32.7;;;;;;;;;;;;;;;;;;
 ;00:33:54;4.200;0.205;407.2;32.7;;;;;;;;;;;;;;;;;;
 ;00:33:55;4.200;0.205;407.2;32.7;;;;;;;;;;;;;;;;;;
 ;00:33:56;4.200;0.205;407.3;32.7;;;;;;;;;;;;;;;;;;
 ;00:33:57;4.200;0.204;407.3;32.7;;;;;;;;;;;;;;;;;;
 ;00:33:58;4.200;0.204;407.4;32.7;;;;;;;;;;;;;;;;;;
 ;00:33:59;4.200;0.204;407.5;32.7;;;;;;;;;;;;;;;;;;
 ;00:34:00;4.200;0.204;407.5;32.7;;;;;;;;;;;;;;;;;;
 ;00:34:01;4.200;0.204;407.6;32.7;;;;;;;;;;;;;;;;;;
 ;00:34:02;4.200;0.204;407.6;32.7;;;;;;;;;;;;;;;;;;
 ;00:34:03;4.200;0.203;407.7;32.7;;;;;;;;;;;;;;;;;;
 ;00:34:04;4.200;0.202;407.7;32.7;;;;;;;;;;;;;;;;;;
 ;00:34:05;4.200;0.202;407.8;32.7;;;;;;;;;;;;;;;;;;
 ;00:34:06;4.200;0.202;407.9;32.7;;;;;;;;;;;;;;;;;;
 ;00:34:07;4.200;0.202;407.9;32.7;;;;;;;;;;;;;;;;;;
 ;00:34:08;4.200;0.202;408.0;32.7;;;;;;;;;;;;;;;;;;
 ;00:34:09;4.200;0.201;408.0;32.7;;;;;;;;;;;;;;;;;;
 ;00:34:10;4.200;0.201;408.1;32.6;;;;;;;;;;;;;;;;;;
 ;00:34:11;4.200;0.201;408.1;32.6;;;;;;;;;;;;;;;;;;
 ;00:34:12;4.200;0.201;408.2;32.6;;;;;;;;;;;;;;;;;;
 ;00:34:13;4.200;0.201;408.2;32.6;;;;;;;;;;;;;;;;;;
 ;00:34:14;4.200;0.201;408.3;32.6;;;;;;;;;;;;;;;;;;
 ;00:34:15;4.200;0.200;408.4;32.6;;;;;;;;;;;;;;;;;;
 ;00:34:16;4.200;0.200;408.4;32.6;;;;;;;;;;;;;;;;;;
 ;00:34:17;4.200;0.200;408.5;32.6;;;;;;;;;;;;;;;;;;
 ;00:34:18;4.200;0.200;408.5;32.6;;;;;;;;;;;;;;;;;;
 ;00:34:19;4.200;0.200;408.6;32.6;;;;;;;;;;;;;;;;;;
 ;00:34:20;4.200;0.200;408.6;32.6;;;;;;;;;;;;;;;;;;
 ;00:34:21;4.200;0.199;408.7;32.6;;;;;;;;;;;;;;;;;;
 ;00:34:22;4.200;0.199;408.7;32.6;;;;;;;;;;;;;;;;;;
 ;00:34:23;4.200;0.199;408.8;32.6;;;;;;;;;;;;;;;;;;
 ;00:34:24;4.200;0.199;408.9;32.6;;;;;;;;;;;;;;;;;;
 ;00:34:25;4.200;0.199;408.9;32.6;;;;;;;;;;;;;;;;;;
 ;00:34:26;4.200;0.199;409.0;32.6;;;;;;;;;;;;;;;;;;
 ;00:34:27;4.200;0.198;409.0;32.6;;;;;;;;;;;;;;;;;;
 ;00:34:28;4.200;0.197;409.1;32.6;;;;;;;;;;;;;;;;;;
 ;00:34:29;4.200;0.197;409.1;32.6;;;;;;;;;;;;;;;;;;
 ;00:34:30;4.200;0.197;409.2;32.6;;;;;;;;;;;;;;;;;;
 ;00:34:31;4.200;0.197;409.2;32.6;;;;;;;;;;;;;;;;;;
 ;00:34:32;4.200;0.197;409.3;32.6;;;;;;;;;;;;;;;;;;
 ;00:34:33;4.200;0.196;409.3;32.6;;;;;;;;;;;;;;;;;;
 ;00:34:34;4.200;0.196;409.4;32.6;;;;;;;;;;;;;;;;;;
 ;00:34:35;4.200;0.196;409.5;32.6;;;;;;;;;;;;;;;;;;
 ;00:34:36;4.200;0.196;409.5;32.6;;;;;;;;;;;;;;;;;;
 ;00:34:37;4.200;0.196;409.6;32.6;;;;;;;;;;;;;;;;;;
 ;00:34:38;4.200;0.196;409.6;32.6;;;;;;;;;;;;;;;;;;
 ;00:34:39;4.200;0.195;409.7;32.6;;;;;;;;;;;;;;;;;;
 ;00:34:40;4.200;0.195;409.7;32.6;;;;;;;;;;;;;;;;;;
 ;00:34:41;4.200;0.195;409.8;32.6;;;;;;;;;;;;;;;;;;
 ;00:34:42;4.200;0.195;409.8;32.6;;;;;;;;;;;;;;;;;;
 ;00:34:43;4.200;0.195;409.9;32.6;;;;;;;;;;;;;;;;;;
 ;00:34:44;4.200;0.195;409.9;32.6;;;;;;;;;;;;;;;;;;
 ;00:34:45;4.200;0.194;410.0;32.6;;;;;;;;;;;;;;;;;;
 ;00:34:46;4.200;0.194;410.1;32.6;;;;;;;;;;;;;;;;;;
 ;00:34:47;4.200;0.194;410.1;32.6;;;;;;;;;;;;;;;;;;
 ;00:34:48;4.200;0.194;410.2;32.6;;;;;;;;;;;;;;;;;;
 ;00:34:49;4.200;0.194;410.2;32.6;;;;;;;;;;;;;;;;;;
 ;00:34:50;4.200;0.194;410.3;32.6;;;;;;;;;;;;;;;;;;
 ;00:34:51;4.200;0.194;410.3;32.5;;;;;;;;;;;;;;;;;;
 ;00:34:52;4.200;0.193;410.4;32.5;;;;;;;;;;;;;;;;;;
 ;00:34:53;4.200;0.192;410.4;32.5;;;;;;;;;;;;;;;;;;
 ;00:34:54;4.200;0.192;410.5;32.5;;;;;;;;;;;;;;;;;;
 ;00:34:55;4.200;0.192;410.5;32.5;;;;;;;;;;;;;;;;;;
 ;00:34:56;4.200;0.192;410.6;32.5;;;;;;;;;;;;;;;;;;
 ;00:34:57;4.200;0.192;410.6;32.5;;;;;;;;;;;;;;;;;;
 ;00:34:58;4.200;0.191;410.7;32.5;;;;;;;;;;;;;;;;;;
 ;00:34:59;4.200;0.191;410.7;32.5;;;;;;;;;;;;;;;;;;
 ;00:35:00;4.200;0.191;410.8;32.5;;;;;;;;;;;;;;;;;;
 ;00:35:01;4.200;0.191;410.9;32.5;;;;;;;;;;;;;;;;;;
 ;00:35:02;4.200;0.191;410.9;32.5;;;;;;;;;;;;;;;;;;
 ;00:35:03;4.200;0.191;411.0;32.5;;;;;;;;;;;;;;;;;;
 ;00:35:04;4.200;0.190;411.0;32.5;;;;;;;;;;;;;;;;;;
 ;00:35:05;4.200;0.190;411.1;32.5;;;;;;;;;;;;;;;;;;
 ;00:35:06;4.200;0.190;411.1;32.5;;;;;;;;;;;;;;;;;;
 ;00:35:07;4.200;0.190;411.2;32.5;;;;;;;;;;;;;;;;;;
 ;00:35:08;4.200;0.190;411.2;32.5;;;;;;;;;;;;;;;;;;
 ;00:35:09;4.200;0.190;411.3;32.5;;;;;;;;;;;;;;;;;;
 ;00:35:10;4.200;0.189;411.3;32.5;;;;;;;;;;;;;;;;;;
 ;00:35:11;4.200;0.189;411.4;32.5;;;;;;;;;;;;;;;;;;
 ;00:35:12;4.200;0.189;411.4;32.5;;;;;;;;;;;;;;;;;;
 ;00:35:13;4.200;0.189;411.5;32.5;;;;;;;;;;;;;;;;;;
 ;00:35:14;4.200;0.189;411.5;32.5;;;;;;;;;;;;;;;;;;
 ;00:35:15;4.200;0.189;411.6;32.5;;;;;;;;;;;;;;;;;;
 ;00:35:16;4.200;0.188;411.6;32.5;;;;;;;;;;;;;;;;;;
 ;00:35:17;4.200;0.187;411.7;32.5;;;;;;;;;;;;;;;;;;
 ;00:35:18;4.200;0.187;411.7;32.5;;;;;;;;;;;;;;;;;;
 ;00:35:19;4.200;0.187;411.8;32.5;;;;;;;;;;;;;;;;;;
 ;00:35:20;4.200;0.187;411.9;32.5;;;;;;;;;;;;;;;;;;
 ;00:35:21;4.200;0.187;411.9;32.5;;;;;;;;;;;;;;;;;;
 ;00:35:22;4.200;0.187;412.0;32.5;;;;;;;;;;;;;;;;;;
 ;00:35:23;4.200;0.186;412.0;32.5;;;;;;;;;;;;;;;;;;
 ;00:35:24;4.200;0.186;412.1;32.5;;;;;;;;;;;;;;;;;;
 ;00:35:25;4.200;0.186;412.1;32.5;;;;;;;;;;;;;;;;;;
 ;00:35:26;4.200;0.186;412.2;32.5;;;;;;;;;;;;;;;;;;
 ;00:35:27;4.200;0.186;412.2;32.5;;;;;;;;;;;;;;;;;;
 ;00:35:28;4.200;0.186;412.3;32.5;;;;;;;;;;;;;;;;;;
 ;00:35:29;4.200;0.185;412.3;32.5;;;;;;;;;;;;;;;;;;
 ;00:35:30;4.200;0.185;412.4;32.5;;;;;;;;;;;;;;;;;;
 ;00:35:31;4.200;0.185;412.4;32.5;;;;;;;;;;;;;;;;;;
 ;00:35:32;4.200;0.185;412.5;32.5;;;;;;;;;;;;;;;;;;
 ;00:35:33;4.200;0.185;412.5;32.5;;;;;;;;;;;;;;;;;;
 ;00:35:34;4.200;0.185;412.6;32.5;;;;;;;;;;;;;;;;;;
 ;00:35:35;4.200;0.184;412.6;32.5;;;;;;;;;;;;;;;;;;
 ;00:35:36;4.200;0.184;412.7;32.5;;;;;;;;;;;;;;;;;;
 ;00:35:37;4.200;0.184;412.7;32.5;;;;;;;;;;;;;;;;;;
 ;00:35:38;4.200;0.184;412.8;32.5;;;;;;;;;;;;;;;;;;
 ;00:35:39;4.200;0.184;412.8;32.4;;;;;;;;;;;;;;;;;;
 ;00:35:40;4.200;0.184;412.9;32.4;;;;;;;;;;;;;;;;;;
 ;00:35:41;4.200;0.184;412.9;32.4;;;;;;;;;;;;;;;;;;
 ;00:35:42;4.200;0.183;413.0;32.4;;;;;;;;;;;;;;;;;;
 ;00:35:43;4.200;0.183;413.0;32.4;;;;;;;;;;;;;;;;;;
 ;00:35:44;4.200;0.183;413.1;32.4;;;;;;;;;;;;;;;;;;
 ;00:35:45;4.200;0.183;413.1;32.4;;;;;;;;;;;;;;;;;;
 ;00:35:46;4.200;0.183;413.2;32.4;;;;;;;;;;;;;;;;;;
 ;00:35:47;4.200;0.183;413.2;32.4;;;;;;;;;;;;;;;;;;
 ;00:35:48;4.200;0.183;413.3;32.4;;;;;;;;;;;;;;;;;;
 ;00:35:49;4.200;0.181;413.3;32.4;;;;;;;;;;;;;;;;;;
 ;00:35:50;4.200;0.181;413.4;32.4;;;;;;;;;;;;;;;;;;
 ;00:35:51;4.200;0.181;413.4;32.4;;;;;;;;;;;;;;;;;;
 ;00:35:52;4.200;0.181;413.5;32.4;;;;;;;;;;;;;;;;;;
 ;00:35:53;4.200;0.181;413.5;32.4;;;;;;;;;;;;;;;;;;
 ;00:35:54;4.200;0.181;413.6;32.4;;;;;;;;;;;;;;;;;;
 ;00:35:55;4.200;0.180;413.6;32.4;;;;;;;;;;;;;;;;;;
 ;00:35:56;4.200;0.180;413.7;32.4;;;;;;;;;;;;;;;;;;
 ;00:35:57;4.200;0.180;413.7;32.4;;;;;;;;;;;;;;;;;;
 ;00:35:58;4.200;0.180;413.8;32.4;;;;;;;;;;;;;;;;;;
 ;00:35:59;4.200;0.180;413.8;32.4;;;;;;;;;;;;;;;;;;
 ;00:36:00;4.200;0.180;413.9;32.4;;;;;;;;;;;;;;;;;;
 ;00:36:01;4.200;0.179;413.9;32.4;;;;;;;;;;;;;;;;;;
 ;00:36:02;4.200;0.179;414.0;32.4;;;;;;;;;;;;;;;;;;
 ;00:36:03;4.200;0.179;414.0;32.4;;;;;;;;;;;;;;;;;;
 ;00:36:04;4.200;0.179;414.1;32.4;;;;;;;;;;;;;;;;;;
 ;00:36:05;4.200;0.179;414.1;32.4;;;;;;;;;;;;;;;;;;
 ;00:36:06;4.200;0.179;414.2;32.4;;;;;;;;;;;;;;;;;;
 ;00:36:07;4.200;0.179;414.2;32.4;;;;;;;;;;;;;;;;;;
 ;00:36:08;4.200;0.178;414.3;32.4;;;;;;;;;;;;;;;;;;
 ;00:36:09;4.200;0.178;414.3;32.4;;;;;;;;;;;;;;;;;;
 ;00:36:10;4.200;0.178;414.4;32.4;;;;;;;;;;;;;;;;;;
 ;00:36:11;4.200;0.178;414.4;32.4;;;;;;;;;;;;;;;;;;
 ;00:36:12;4.200;0.178;414.5;32.4;;;;;;;;;;;;;;;;;;
 ;00:36:13;4.200;0.178;414.5;32.4;;;;;;;;;;;;;;;;;;
 ;00:36:14;4.200;0.177;414.6;32.4;;;;;;;;;;;;;;;;;;
 ;00:36:15;4.200;0.176;414.6;32.4;;;;;;;;;;;;;;;;;;
 ;00:36:16;4.200;0.176;414.7;32.4;;;;;;;;;;;;;;;;;;
 ;00:36:17;4.200;0.176;414.7;32.4;;;;;;;;;;;;;;;;;;
 ;00:36:18;4.200;0.176;414.8;32.4;;;;;;;;;;;;;;;;;;
 ;00:36:19;4.200;0.176;414.8;32.4;;;;;;;;;;;;;;;;;;
 ;00:36:20;4.200;0.175;414.9;32.4;;;;;;;;;;;;;;;;;;
 ;00:36:21;4.200;0.175;414.9;32.3;;;;;;;;;;;;;;;;;;
 ;00:36:22;4.200;0.175;415.0;32.3;;;;;;;;;;;;;;;;;;
 ;00:36:23;4.200;0.175;415.0;32.3;;;;;;;;;;;;;;;;;;
 ;00:36:24;4.200;0.175;415.1;32.3;;;;;;;;;;;;;;;;;;
 ;00:36:25;4.200;0.175;415.1;32.3;;;;;;;;;;;;;;;;;;
 ;00:36:26;4.200;0.174;415.2;32.3;;;;;;;;;;;;;;;;;;
 ;00:36:27;4.200;0.174;415.2;32.3;;;;;;;;;;;;;;;;;;
 ;00:36:28;4.200;0.174;415.3;32.3;;;;;;;;;;;;;;;;;;
 ;00:36:29;4.200;0.174;415.3;32.3;;;;;;;;;;;;;;;;;;
 ;00:36:30;4.200;0.174;415.4;32.3;;;;;;;;;;;;;;;;;;
 ;00:36:31;4.200;0.174;415.4;32.3;;;;;;;;;;;;;;;;;;
 ;00:36:32;4.200;0.174;415.5;32.3;;;;;;;;;;;;;;;;;;
 ;00:36:33;4.200;0.173;415.5;32.3;;;;;;;;;;;;;;;;;;
 ;00:36:34;4.200;0.173;415.6;32.3;;;;;;;;;;;;;;;;;;
 ;00:36:35;4.200;0.173;415.6;32.3;;;;;;;;;;;;;;;;;;
 ;00:36:36;4.200;0.173;415.7;32.3;;;;;;;;;;;;;;;;;;
 ;00:36:37;4.200;0.173;415.7;32.3;;;;;;;;;;;;;;;;;;
 ;00:36:38;4.200;0.173;415.7;32.3;;;;;;;;;;;;;;;;;;
 ;00:36:39;4.200;0.172;415.8;32.3;;;;;;;;;;;;;;;;;;
 ;00:36:40;4.200;0.171;415.8;32.3;;;;;;;;;;;;;;;;;;
 ;00:36:41;4.200;0.171;415.9;32.3;;;;;;;;;;;;;;;;;;
 ;00:36:42;4.200;0.171;415.9;32.3;;;;;;;;;;;;;;;;;;
 ;00:36:43;4.200;0.171;416.0;32.3;;;;;;;;;;;;;;;;;;
 ;00:36:44;4.200;0.171;416.0;32.3;;;;;;;;;;;;;;;;;;
 ;00:36:45;4.200;0.171;416.1;32.3;;;;;;;;;;;;;;;;;;
 ;00:36:46;4.200;0.170;416.1;32.3;;;;;;;;;;;;;;;;;;
 ;00:36:47;4.200;0.170;416.2;32.3;;;;;;;;;;;;;;;;;;
 ;00:36:48;4.200;0.170;416.2;32.3;;;;;;;;;;;;;;;;;;
 ;00:36:49;4.200;0.170;416.3;32.3;;;;;;;;;;;;;;;;;;
 ;00:36:50;4.200;0.170;416.3;32.3;;;;;;;;;;;;;;;;;;
 ;00:36:51;4.200;0.170;416.4;32.3;;;;;;;;;;;;;;;;;;
 ;00:36:52;4.200;0.170;416.4;32.3;;;;;;;;;;;;;;;;;;
 ;00:36:53;4.200;0.169;416.5;32.3;;;;;;;;;;;;;;;;;;
 ;00:36:54;4.200;0.169;416.5;32.3;;;;;;;;;;;;;;;;;;
 ;00:36:55;4.200;0.169;416.6;32.3;;;;;;;;;;;;;;;;;;
 ;00:36:56;4.200;0.169;416.6;32.3;;;;;;;;;;;;;;;;;;
 ;00:36:57;4.200;0.169;416.6;32.3;;;;;;;;;;;;;;;;;;
 ;00:36:58;4.200;0.169;416.7;32.3;;;;;;;;;;;;;;;;;;
 ;00:36:59;4.200;0.169;416.7;32.3;;;;;;;;;;;;;;;;;;
 ;00:37:00;4.200;0.168;416.8;32.3;;;;;;;;;;;;;;;;;;
 ;00:37:01;4.200;0.168;416.8;32.3;;;;;;;;;;;;;;;;;;
 ;00:37:02;4.200;0.168;416.9;32.3;;;;;;;;;;;;;;;;;;
 ;00:37:03;4.200;0.168;416.9;32.2;;;;;;;;;;;;;;;;;;
 ;00:37:04;4.200;0.168;417.0;32.2;;;;;;;;;;;;;;;;;;
 ;00:37:05;4.200;0.168;417.0;32.2;;;;;;;;;;;;;;;;;;
 ;00:37:06;4.200;0.168;417.1;32.2;;;;;;;;;;;;;;;;;;
 ;00:37:07;4.200;0.166;417.1;32.2;;;;;;;;;;;;;;;;;;
 ;00:37:08;4.200;0.166;417.2;32.2;;;;;;;;;;;;;;;;;;
 ;00:37:09;4.200;0.166;417.2;32.2;;;;;;;;;;;;;;;;;;
 ;00:37:10;4.200;0.166;417.3;32.2;;;;;;;;;;;;;;;;;;
 ;00:37:11;4.200;0.166;417.3;32.2;;;;;;;;;;;;;;;;;;
 ;00:37:12;4.200;0.166;417.3;32.2;;;;;;;;;;;;;;;;;;
 ;00:37:13;4.200;0.166;417.4;32.2;;;;;;;;;;;;;;;;;;
 ;00:37:14;4.200;0.165;417.4;32.2;;;;;;;;;;;;;;;;;;
 ;00:37:15;4.200;0.165;417.5;32.2;;;;;;;;;;;;;;;;;;
 ;00:37:16;4.200;0.165;417.5;32.2;;;;;;;;;;;;;;;;;;
 ;00:37:17;4.200;0.165;417.6;32.2;;;;;;;;;;;;;;;;;;
 ;00:37:18;4.200;0.165;417.6;32.2;;;;;;;;;;;;;;;;;;
 ;00:37:19;4.200;0.165;417.7;32.2;;;;;;;;;;;;;;;;;;
 ;00:37:20;4.200;0.165;417.7;32.2;;;;;;;;;;;;;;;;;;
 ;00:37:21;4.200;0.164;417.8;32.2;;;;;;;;;;;;;;;;;;
 ;00:37:22;4.200;0.164;417.8;32.2;;;;;;;;;;;;;;;;;;
 ;00:37:23;4.200;0.164;417.8;32.2;;;;;;;;;;;;;;;;;;
 ;00:37:24;4.200;0.164;417.9;32.2;;;;;;;;;;;;;;;;;;
 ;00:37:25;4.200;0.164;417.9;32.2;;;;;;;;;;;;;;;;;;
 ;00:37:26;4.200;0.164;418.0;32.2;;;;;;;;;;;;;;;;;;
 ;00:37:27;4.200;0.164;418.0;32.2;;;;;;;;;;;;;;;;;;
 ;00:37:28;4.200;0.163;418.1;32.2;;;;;;;;;;;;;;;;;;
 ;00:37:29;4.200;0.163;418.1;32.2;;;;;;;;;;;;;;;;;;
 ;00:37:30;4.200;0.163;418.2;32.2;;;;;;;;;;;;;;;;;;
 ;00:37:31;4.200;0.163;418.2;32.2;;;;;;;;;;;;;;;;;;
 ;00:37:32;4.200;0.163;418.3;32.2;;;;;;;;;;;;;;;;;;
 ;00:37:33;4.200;0.163;418.3;32.2;;;;;;;;;;;;;;;;;;
 ;00:37:34;4.200;0.163;418.3;32.2;;;;;;;;;;;;;;;;;;
 ;00:37:35;4.200;0.163;418.4;32.2;;;;;;;;;;;;;;;;;;
 ;00:37:36;4.200;0.163;418.4;32.2;;;;;;;;;;;;;;;;;;
 ;00:37:37;4.200;0.162;418.5;32.2;;;;;;;;;;;;;;;;;;
 ;00:37:38;4.200;0.162;418.5;32.2;;;;;;;;;;;;;;;;;;
 ;00:37:39;4.200;0.162;418.6;32.2;;;;;;;;;;;;;;;;;;
 ;00:37:40;4.200;0.162;418.6;32.2;;;;;;;;;;;;;;;;;;
 ;00:37:41;4.200;0.161;418.7;32.2;;;;;;;;;;;;;;;;;;
 ;00:37:42;4.200;0.161;418.7;32.2;;;;;;;;;;;;;;;;;;
 ;00:37:43;4.200;0.161;418.8;32.2;;;;;;;;;;;;;;;;;;
 ;00:37:44;4.200;0.161;418.8;32.2;;;;;;;;;;;;;;;;;;
 ;00:37:45;4.200;0.161;418.8;32.2;;;;;;;;;;;;;;;;;;
 ;00:37:46;4.200;0.161;418.9;32.2;;;;;;;;;;;;;;;;;;
 ;00:37:47;4.200;0.161;418.9;32.2;;;;;;;;;;;;;;;;;;
 ;00:37:48;4.200;0.160;419.0;32.2;;;;;;;;;;;;;;;;;;
 ;00:37:49;4.200;0.160;419.0;32.2;;;;;;;;;;;;;;;;;;
 ;00:37:50;4.200;0.160;419.1;32.2;;;;;;;;;;;;;;;;;;
 ;00:37:51;4.200;0.160;419.1;32.2;;;;;;;;;;;;;;;;;;
 ;00:37:52;4.200;0.160;419.2;32.2;;;;;;;;;;;;;;;;;;
 ;00:37:53;4.200;0.160;419.2;32.2;;;;;;;;;;;;;;;;;;
 ;00:37:54;4.200;0.160;419.2;32.1;;;;;;;;;;;;;;;;;;
 ;00:37:55;4.200;0.159;419.3;32.2;;;;;;;;;;;;;;;;;;
 ;00:37:56;4.200;0.159;419.3;32.1;;;;;;;;;;;;;;;;;;
 ;00:37:57;4.200;0.159;419.4;32.1;;;;;;;;;;;;;;;;;;
 ;00:37:58;4.200;0.159;419.4;32.1;;;;;;;;;;;;;;;;;;
 ;00:37:59;4.200;0.159;419.5;32.1;;;;;;;;;;;;;;;;;;
 ;00:38:00;4.200;0.159;419.5;32.1;;;;;;;;;;;;;;;;;;
 ;00:38:01;4.200;0.159;419.6;32.1;;;;;;;;;;;;;;;;;;
 ;00:38:02;4.200;0.159;419.6;32.1;;;;;;;;;;;;;;;;;;
 ;00:38:03;4.200;0.158;419.6;32.1;;;;;;;;;;;;;;;;;;
 ;00:38:04;4.200;0.158;419.7;32.1;;;;;;;;;;;;;;;;;;
 ;00:38:05;4.200;0.158;419.7;32.1;;;;;;;;;;;;;;;;;;
 ;00:38:06;4.200;0.158;419.8;32.1;;;;;;;;;;;;;;;;;;
 ;00:38:07;4.200;0.158;419.8;32.1;;;;;;;;;;;;;;;;;;
 ;00:38:08;4.200;0.158;419.9;32.1;;;;;;;;;;;;;;;;;;
 ;00:38:09;4.200;0.158;419.9;32.1;;;;;;;;;;;;;;;;;;
 ;00:38:10;4.200;0.158;419.9;32.1;;;;;;;;;;;;;;;;;;
 ;00:38:11;4.200;0.157;420.0;32.1;;;;;;;;;;;;;;;;;;
 ;00:38:12;4.200;0.157;420.0;32.1;;;;;;;;;;;;;;;;;;
 ;00:38:13;4.200;0.157;420.1;32.1;;;;;;;;;;;;;;;;;;
 ;00:38:14;4.200;0.157;420.1;32.1;;;;;;;;;;;;;;;;;;
 ;00:38:15;4.200;0.157;420.2;32.1;;;;;;;;;;;;;;;;;;
 ;00:38:16;4.200;0.157;420.2;32.1;;;;;;;;;;;;;;;;;;
 ;00:38:17;4.200;0.157;420.3;32.1;;;;;;;;;;;;;;;;;;
 ;00:38:18;4.200;0.156;420.3;32.1;;;;;;;;;;;;;;;;;;
 ;00:38:19;4.200;0.155;420.3;32.1;;;;;;;;;;;;;;;;;;
 ;00:38:20;4.200;0.155;420.4;32.1;;;;;;;;;;;;;;;;;;
 ;00:38:21;4.200;0.155;420.4;32.1;;;;;;;;;;;;;;;;;;
 ;00:38:22;4.200;0.155;420.5;32.1;;;;;;;;;;;;;;;;;;
 ;00:38:23;4.200;0.155;420.5;32.1;;;;;;;;;;;;;;;;;;
 ;00:38:24;4.200;0.155;420.6;32.1;;;;;;;;;;;;;;;;;;
 ;00:38:25;4.200;0.155;420.6;32.1;;;;;;;;;;;;;;;;;;
 ;00:38:26;4.200;0.155;420.6;32.1;;;;;;;;;;;;;;;;;;
 ;00:38:27;4.200;0.154;420.7;32.1;;;;;;;;;;;;;;;;;;
 ;00:38:28;4.200;0.154;420.7;32.1;;;;;;;;;;;;;;;;;;
 ;00:38:29;4.200;0.154;420.8;32.1;;;;;;;;;;;;;;;;;;
 ;00:38:30;4.200;0.154;420.8;32.1;;;;;;;;;;;;;;;;;;
 ;00:38:31;4.200;0.154;420.9;32.1;;;;;;;;;;;;;;;;;;
 ;00:38:32;4.200;0.154;420.9;32.1;;;;;;;;;;;;;;;;;;
 ;00:38:33;4.200;0.154;420.9;32.1;;;;;;;;;;;;;;;;;;
 ;00:38:34;4.200;0.154;421.0;32.1;;;;;;;;;;;;;;;;;;
 ;00:38:35;4.200;0.153;421.0;32.1;;;;;;;;;;;;;;;;;;
 ;00:38:36;4.200;0.153;421.1;32.1;;;;;;;;;;;;;;;;;;
 ;00:38:37;4.200;0.153;421.1;32.1;;;;;;;;;;;;;;;;;;
 ;00:38:38;4.200;0.153;421.2;32.1;;;;;;;;;;;;;;;;;;
 ;00:38:39;4.200;0.153;421.2;32.1;;;;;;;;;;;;;;;;;;
 ;00:38:40;4.200;0.153;421.2;32.1;;;;;;;;;;;;;;;;;;
 ;00:38:41;4.200;0.153;421.3;32.1;;;;;;;;;;;;;;;;;;
 ;00:38:42;4.200;0.153;421.3;32.0;;;;;;;;;;;;;;;;;;
 ;00:38:43;4.200;0.152;421.4;32.0;;;;;;;;;;;;;;;;;;
 ;00:38:44;4.200;0.152;421.4;32.0;;;;;;;;;;;;;;;;;;
 ;00:38:45;4.200;0.152;421.5;32.0;;;;;;;;;;;;;;;;;;
 ;00:38:46;4.200;0.152;421.5;32.0;;;;;;;;;;;;;;;;;;
 ;00:38:47;4.200;0.152;421.5;32.0;;;;;;;;;;;;;;;;;;
 ;00:38:48;4.200;0.152;421.6;32.0;;;;;;;;;;;;;;;;;;
 ;00:38:49;4.200;0.152;421.6;32.0;;;;;;;;;;;;;;;;;;
 ;00:38:50;4.200;0.152;421.7;32.0;;;;;;;;;;;;;;;;;;
 ;00:38:51;4.200;0.152;421.7;32.0;;;;;;;;;;;;;;;;;;
 ;00:38:52;4.200;0.150;421.7;32.0;;;;;;;;;;;;;;;;;;
 ;00:38:53;4.200;0.150;421.8;32.0;;;;;;;;;;;;;;;;;;
 ;00:38:54;4.200;0.150;421.8;32.0;;;;;;;;;;;;;;;;;;
 ;00:38:55;4.200;0.150;421.9;32.0;;;;;;;;;;;;;;;;;;
 ;00:38:56;4.200;0.150;421.9;32.0;;;;;;;;;;;;;;;;;;
 ;00:38:57;4.200;0.150;422.0;32.0;;;;;;;;;;;;;;;;;;
 ;00:38:58;4.200;0.150;422.0;32.0;;;;;;;;;;;;;;;;;;
 ;00:38:59;4.200;0.150;422.0;32.0;;;;;;;;;;;;;;;;;;
 ;00:39:00;4.200;0.150;422.1;32.0;;;;;;;;;;;;;;;;;;
 ;00:39:01;4.200;0.149;422.1;32.0;;;;;;;;;;;;;;;;;;
 ;00:39:02;4.200;0.149;422.2;32.0;;;;;;;;;;;;;;;;;;
 ;00:39:03;4.200;0.149;422.2;32.0;;;;;;;;;;;;;;;;;;
 ;00:39:04;4.200;0.149;422.2;32.0;;;;;;;;;;;;;;;;;;
 ;00:39:05;4.200;0.149;422.3;32.0;;;;;;;;;;;;;;;;;;
 ;00:39:06;4.200;0.149;422.3;32.0;;;;;;;;;;;;;;;;;;
 ;00:39:07;4.200;0.149;422.4;32.0;;;;;;;;;;;;;;;;;;
 ;00:39:08;4.200;0.149;422.4;32.0;;;;;;;;;;;;;;;;;;
 ;00:39:09;4.200;0.148;422.5;32.0;;;;;;;;;;;;;;;;;;
 ;00:39:10;4.200;0.148;422.5;32.0;;;;;;;;;;;;;;;;;;
 ;00:39:11;4.200;0.148;422.5;32.0;;;;;;;;;;;;;;;;;;
 ;00:39:12;4.200;0.148;422.6;32.0;;;;;;;;;;;;;;;;;;
 ;00:39:13;4.200;0.148;422.6;32.0;;;;;;;;;;;;;;;;;;
 ;00:39:14;4.200;0.148;422.7;32.0;;;;;;;;;;;;;;;;;;
 ;00:39:15;4.200;0.148;422.7;32.0;;;;;;;;;;;;;;;;;;
 ;00:39:16;4.200;0.148;422.7;32.0;;;;;;;;;;;;;;;;;;
 ;00:39:17;4.200;0.148;422.8;32.0;;;;;;;;;;;;;;;;;;
 ;00:39:18;4.200;0.148;422.8;32.0;;;;;;;;;;;;;;;;;;
 ;00:39:19;4.200;0.148;422.9;32.0;;;;;;;;;;;;;;;;;;
 ;00:39:20;4.200;0.148;422.9;32.0;;;;;;;;;;;;;;;;;;
 ;00:39:21;4.200;0.148;422.9;32.0;;;;;;;;;;;;;;;;;;
 ;00:39:22;4.200;0.148;423.0;32.0;;;;;;;;;;;;;;;;;;
 ;00:39:23;4.200;0.148;423.0;32.0;;;;;;;;;;;;;;;;;;
 ;00:39:24;4.200;0.148;423.1;32.0;;;;;;;;;;;;;;;;;;
 ;00:39:25;4.200;0.148;423.1;32.0;;;;;;;;;;;;;;;;;;
 ;00:39:26;4.200;0.147;423.2;32.0;;;;;;;;;;;;;;;;;;
 ;00:39:27;4.200;0.147;423.2;32.0;;;;;;;;;;;;;;;;;;
 ;00:39:28;4.200;0.147;423.2;32.0;;;;;;;;;;;;;;;;;;
 ;00:39:29;4.200;0.147;423.3;32.0;;;;;;;;;;;;;;;;;;
 ;00:39:30;4.200;0.147;423.3;32.0;;;;;;;;;;;;;;;;;;
 ;00:39:31;4.200;0.147;423.4;32.0;;;;;;;;;;;;;;;;;;
 ;00:39:32;4.200;0.147;423.4;32.0;;;;;;;;;;;;;;;;;;
 ;00:39:33;4.200;0.147;423.4;32.0;;;;;;;;;;;;;;;;;;
 ;00:39:34;4.200;0.146;423.5;32.0;;;;;;;;;;;;;;;;;;
 ;00:39:35;4.200;0.145;423.5;32.0;;;;;;;;;;;;;;;;;;
 ;00:39:36;4.200;0.145;423.6;32.0;;;;;;;;;;;;;;;;;;
 ;00:39:37;4.200;0.145;423.6;32.0;;;;;;;;;;;;;;;;;;
 ;00:39:38;4.200;0.145;423.6;31.9;;;;;;;;;;;;;;;;;;
 ;00:39:39;4.200;0.145;423.7;31.9;;;;;;;;;;;;;;;;;;
 ;00:39:40;4.200;0.145;423.7;31.9;;;;;;;;;;;;;;;;;;
 ;00:39:41;4.200;0.145;423.8;31.9;;;;;;;;;;;;;;;;;;
 ;00:39:42;4.200;0.144;423.8;31.9;;;;;;;;;;;;;;;;;;
 ;00:39:43;4.200;0.144;423.8;31.9;;;;;;;;;;;;;;;;;;
 ;00:39:44;4.200;0.144;423.9;31.9;;;;;;;;;;;;;;;;;;
 ;00:39:45;4.200;0.144;423.9;31.9;;;;;;;;;;;;;;;;;;
 ;00:39:46;4.200;0.144;424.0;31.9;;;;;;;;;;;;;;;;;;
 ;00:39:47;4.200;0.144;424.0;31.9;;;;;;;;;;;;;;;;;;
 ;00:39:48;4.200;0.144;424.0;31.9;;;;;;;;;;;;;;;;;;
 ;00:39:49;4.200;0.144;424.1;31.9;;;;;;;;;;;;;;;;;;
 ;00:39:50;4.200;0.143;424.1;31.9;;;;;;;;;;;;;;;;;;
 ;00:39:51;4.200;0.143;424.2;31.9;;;;;;;;;;;;;;;;;;
 ;00:39:52;4.200;0.143;424.2;31.9;;;;;;;;;;;;;;;;;;
 ;00:39:53;4.200;0.143;424.2;31.9;;;;;;;;;;;;;;;;;;
 ;00:39:54;4.200;0.143;424.3;31.9;;;;;;;;;;;;;;;;;;
 ;00:39:55;4.200;0.143;424.3;31.9;;;;;;;;;;;;;;;;;;
 ;00:39:56;4.200;0.143;424.4;31.9;;;;;;;;;;;;;;;;;;
 ;00:39:57;4.200;0.143;424.4;31.9;;;;;;;;;;;;;;;;;;
 ;00:39:58;4.200;0.142;424.4;31.9;;;;;;;;;;;;;;;;;;
 ;00:39:59;4.200;0.142;424.5;31.9;;;;;;;;;;;;;;;;;;
 ;00:40:00;4.200;0.142;424.5;31.9;;;;;;;;;;;;;;;;;;
 ;00:40:01;4.200;0.142;424.6;31.9;;;;;;;;;;;;;;;;;;
 ;00:40:02;4.200;0.142;424.6;31.9;;;;;;;;;;;;;;;;;;
 ;00:40:03;4.200;0.142;424.6;31.9;;;;;;;;;;;;;;;;;;
 ;00:40:04;4.200;0.142;424.7;31.9;;;;;;;;;;;;;;;;;;
 ;00:40:05;4.200;0.141;424.7;31.9;;;;;;;;;;;;;;;;;;
 ;00:40:06;4.200;0.140;424.8;31.9;;;;;;;;;;;;;;;;;;
 ;00:40:07;4.200;0.140;424.8;31.9;;;;;;;;;;;;;;;;;;
 ;00:40:08;4.200;0.140;424.8;31.9;;;;;;;;;;;;;;;;;;
 ;00:40:09;4.200;0.140;424.9;31.9;;;;;;;;;;;;;;;;;;
 ;00:40:10;4.200;0.140;424.9;31.9;;;;;;;;;;;;;;;;;;
 ;00:40:11;4.200;0.140;425.0;31.9;;;;;;;;;;;;;;;;;;
 ;00:40:12;4.200;0.140;425.0;31.9;;;;;;;;;;;;;;;;;;
 ;00:40:13;4.200;0.139;425.0;31.9;;;;;;;;;;;;;;;;;;
 ;00:40:14;4.200;0.139;425.1;31.9;;;;;;;;;;;;;;;;;;
 ;00:40:15;4.200;0.139;425.1;31.9;;;;;;;;;;;;;;;;;;
 ;00:40:16;4.200;0.139;425.1;31.9;;;;;;;;;;;;;;;;;;
 ;00:40:17;4.200;0.139;425.2;31.9;;;;;;;;;;;;;;;;;;
 ;00:40:18;4.200;0.139;425.2;31.9;;;;;;;;;;;;;;;;;;
 ;00:40:19;4.200;0.139;425.3;31.9;;;;;;;;;;;;;;;;;;
 ;00:40:20;4.200;0.139;425.3;31.9;;;;;;;;;;;;;;;;;;
 ;00:40:21;4.200;0.139;425.3;31.9;;;;;;;;;;;;;;;;;;
 ;00:40:22;4.200;0.138;425.4;31.9;;;;;;;;;;;;;;;;;;
 ;00:40:23;4.200;0.138;425.4;31.9;;;;;;;;;;;;;;;;;;
 ;00:40:24;4.200;0.138;425.5;31.9;;;;;;;;;;;;;;;;;;
 ;00:40:25;4.200;0.138;425.5;31.9;;;;;;;;;;;;;;;;;;
 ;00:40:26;4.200;0.138;425.5;31.9;;;;;;;;;;;;;;;;;;
 ;00:40:27;4.200;0.138;425.6;31.9;;;;;;;;;;;;;;;;;;
 ;00:40:28;4.200;0.138;425.6;31.9;;;;;;;;;;;;;;;;;;
 ;00:40:29;4.200;0.138;425.6;31.8;;;;;;;;;;;;;;;;;;
 ;00:40:30;4.200;0.138;425.7;31.8;;;;;;;;;;;;;;;;;;
 ;00:40:31;4.200;0.138;425.7;31.8;;;;;;;;;;;;;;;;;;
 ;00:40:32;4.200;0.138;425.8;31.8;;;;;;;;;;;;;;;;;;
 ;00:40:33;4.200;0.138;425.8;31.8;;;;;;;;;;;;;;;;;;
 ;00:40:34;4.200;0.138;425.8;31.8;;;;;;;;;;;;;;;;;;
 ;00:40:35;4.200;0.138;425.9;31.8;;;;;;;;;;;;;;;;;;
 ;00:40:36;4.200;0.138;425.9;31.8;;;;;;;;;;;;;;;;;;
 ;00:40:37;4.200;0.138;426.0;31.8;;;;;;;;;;;;;;;;;;
 ;00:40:38;4.200;0.138;426.0;31.8;;;;;;;;;;;;;;;;;;
 ;00:40:39;4.200;0.137;426.0;31.8;;;;;;;;;;;;;;;;;;
 ;00:40:40;4.200;0.137;426.1;31.8;;;;;;;;;;;;;;;;;;
 ;00:40:41;4.200;0.137;426.1;31.8;;;;;;;;;;;;;;;;;;
 ;00:40:42;4.200;0.137;426.1;31.8;;;;;;;;;;;;;;;;;;
 ;00:40:43;4.200;0.137;426.2;31.8;;;;;;;;;;;;;;;;;;
 ;00:40:44;4.200;0.137;426.2;31.8;;;;;;;;;;;;;;;;;;
 ;00:40:45;4.200;0.137;426.3;31.8;;;;;;;;;;;;;;;;;;
 ;00:40:46;4.200;0.137;426.3;31.8;;;;;;;;;;;;;;;;;;
 ;00:40:47;4.200;0.137;426.3;31.8;;;;;;;;;;;;;;;;;;
 ;00:40:48;4.200;0.136;426.4;31.8;;;;;;;;;;;;;;;;;;
 ;00:40:49;4.200;0.136;426.4;31.8;;;;;;;;;;;;;;;;;;
 ;00:40:50;4.200;0.136;426.4;31.8;;;;;;;;;;;;;;;;;;
 ;00:40:51;4.200;0.136;426.5;31.8;;;;;;;;;;;;;;;;;;
 ;00:40:52;4.200;0.136;426.5;31.8;;;;;;;;;;;;;;;;;;
 ;00:40:53;4.200;0.136;426.6;31.8;;;;;;;;;;;;;;;;;;
 ;00:40:54;4.200;0.136;426.6;31.8;;;;;;;;;;;;;;;;;;
 ;00:40:55;4.200;0.136;426.6;31.8;;;;;;;;;;;;;;;;;;
 ;00:40:56;4.200;0.136;426.7;31.8;;;;;;;;;;;;;;;;;;
 ;00:40:57;4.200;0.136;426.7;31.8;;;;;;;;;;;;;;;;;;
 ;00:40:58;4.200;0.135;426.7;31.8;;;;;;;;;;;;;;;;;;
 ;00:40:59;4.200;0.134;426.8;31.8;;;;;;;;;;;;;;;;;;
 ;00:41:00;4.200;0.134;426.8;31.8;;;;;;;;;;;;;;;;;;
 ;00:41:01;4.200;0.134;426.9;31.8;;;;;;;;;;;;;;;;;;
 ;00:41:02;4.200;0.134;426.9;31.8;;;;;;;;;;;;;;;;;;
 ;00:41:03;4.200;0.134;426.9;31.8;;;;;;;;;;;;;;;;;;
 ;00:41:04;4.200;0.134;427.0;31.8;;;;;;;;;;;;;;;;;;
 ;00:41:05;4.200;0.133;427.0;31.8;;;;;;;;;;;;;;;;;;
 ;00:41:06;4.200;0.133;427.0;31.8;;;;;;;;;;;;;;;;;;
 ;00:41:07;4.200;0.133;427.1;31.8;;;;;;;;;;;;;;;;;;
 ;00:41:08;4.200;0.133;427.1;31.8;;;;;;;;;;;;;;;;;;
 ;00:41:09;4.200;0.133;427.2;31.8;;;;;;;;;;;;;;;;;;
 ;00:41:10;4.200;0.133;427.2;31.8;;;;;;;;;;;;;;;;;;
 ;00:41:11;4.200;0.133;427.2;31.8;;;;;;;;;;;;;;;;;;
 ;00:41:12;4.200;0.133;427.3;31.8;;;;;;;;;;;;;;;;;;
 ;00:41:13;4.200;0.133;427.3;31.8;;;;;;;;;;;;;;;;;;
 ;00:41:14;4.200;0.132;427.3;31.8;;;;;;;;;;;;;;;;;;
 ;00:41:15;4.200;0.132;427.4;31.8;;;;;;;;;;;;;;;;;;
 ;00:41:16;4.200;0.132;427.4;31.8;;;;;;;;;;;;;;;;;;
 ;00:41:17;4.200;0.132;427.5;31.8;;;;;;;;;;;;;;;;;;
 ;00:41:18;4.200;0.132;427.5;31.8;;;;;;;;;;;;;;;;;;
 ;00:41:19;4.200;0.132;427.5;31.8;;;;;;;;;;;;;;;;;;
 ;00:41:20;4.200;0.132;427.6;31.8;;;;;;;;;;;;;;;;;;
 ;00:41:21;4.200;0.132;427.6;31.8;;;;;;;;;;;;;;;;;;
 ;00:41:22;4.200;0.132;427.6;31.8;;;;;;;;;;;;;;;;;;
 ;00:41:23;4.200;0.132;427.7;31.8;;;;;;;;;;;;;;;;;;
 ;00:41:24;4.200;0.132;427.7;31.8;;;;;;;;;;;;;;;;;;
 ;00:41:25;4.200;0.132;427.7;31.7;;;;;;;;;;;;;;;;;;
 ;00:41:26;4.200;0.132;427.8;31.7;;;;;;;;;;;;;;;;;;
 ;00:41:27;4.200;0.132;427.8;31.7;;;;;;;;;;;;;;;;;;
 ;00:41:28;4.200;0.132;427.9;31.7;;;;;;;;;;;;;;;;;;
 ;00:41:29;4.200;0.132;427.9;31.7;;;;;;;;;;;;;;;;;;
 ;00:41:30;4.200;0.132;427.9;31.7;;;;;;;;;;;;;;;;;;
 ;00:41:31;4.200;0.132;428.0;31.7;;;;;;;;;;;;;;;;;;
 ;00:41:32;4.200;0.132;428.0;31.7;;;;;;;;;;;;;;;;;;
 ;00:41:33;4.200;0.131;428.0;31.7;;;;;;;;;;;;;;;;;;
 ;00:41:34;4.200;0.131;428.1;31.7;;;;;;;;;;;;;;;;;;
 ;00:41:35;4.200;0.131;428.1;31.7;;;;;;;;;;;;;;;;;;
 ;00:41:36;4.200;0.131;428.1;31.7;;;;;;;;;;;;;;;;;;
 ;00:41:37;4.200;0.131;428.2;31.7;;;;;;;;;;;;;;;;;;
 ;00:41:38;4.200;0.131;428.2;31.7;;;;;;;;;;;;;;;;;;
 ;00:41:39;4.200;0.131;428.3;31.7;;;;;;;;;;;;;;;;;;
 ;00:41:40;4.200;0.131;428.3;31.7;;;;;;;;;;;;;;;;;;
 ;00:41:41;4.200;0.130;428.3;31.7;;;;;;;;;;;;;;;;;;
 ;00:41:42;4.200;0.129;428.4;31.7;;;;;;;;;;;;;;;;;;
 ;00:41:43;4.200;0.129;428.4;31.7;;;;;;;;;;;;;;;;;;
 ;00:41:44;4.200;0.129;428.4;31.7;;;;;;;;;;;;;;;;;;
 ;00:41:45;4.200;0.129;428.5;31.7;;;;;;;;;;;;;;;;;;
 ;00:41:46;4.200;0.129;428.5;31.7;;;;;;;;;;;;;;;;;;
 ;00:41:47;4.200;0.129;428.5;31.7;;;;;;;;;;;;;;;;;;
 ;00:41:48;4.200;0.129;428.6;31.7;;;;;;;;;;;;;;;;;;
 ;00:41:49;4.200;0.129;428.6;31.7;;;;;;;;;;;;;;;;;;
 ;00:41:50;4.200;0.128;428.7;31.7;;;;;;;;;;;;;;;;;;
 ;00:41:51;4.200;0.128;428.7;31.7;;;;;;;;;;;;;;;;;;
 ;00:41:52;4.200;0.128;428.7;31.7;;;;;;;;;;;;;;;;;;
 ;00:41:53;4.200;0.128;428.8;31.7;;;;;;;;;;;;;;;;;;
 ;00:41:54;4.200;0.128;428.8;31.7;;;;;;;;;;;;;;;;;;
 ;00:41:55;4.200;0.128;428.8;31.7;;;;;;;;;;;;;;;;;;
 ;00:41:56;4.200;0.128;428.9;31.7;;;;;;;;;;;;;;;;;;
 ;00:41:57;4.200;0.128;428.9;31.7;;;;;;;;;;;;;;;;;;
 ;00:41:58;4.200;0.128;428.9;31.7;;;;;;;;;;;;;;;;;;
 ;00:41:59;4.200;0.127;429.0;31.7;;;;;;;;;;;;;;;;;;
 ;00:42:00;4.200;0.127;429.0;31.7;;;;;;;;;;;;;;;;;;
 ;00:42:01;4.200;0.127;429.0;31.7;;;;;;;;;;;;;;;;;;
 ;00:42:02;4.200;0.127;429.1;31.7;;;;;;;;;;;;;;;;;;
 ;00:42:03;4.200;0.127;429.1;31.7;;;;;;;;;;;;;;;;;;
 ;00:42:04;4.200;0.127;429.1;31.7;;;;;;;;;;;;;;;;;;
 ;00:42:05;4.200;0.127;429.2;31.7;;;;;;;;;;;;;;;;;;
 ;00:42:06;4.200;0.127;429.2;31.7;;;;;;;;;;;;;;;;;;
 ;00:42:07;4.200;0.127;429.3;31.7;;;;;;;;;;;;;;;;;;
 ;00:42:08;4.200;0.127;429.3;31.7;;;;;;;;;;;;;;;;;;
 ;00:42:09;4.200;0.127;429.3;31.7;;;;;;;;;;;;;;;;;;
 ;00:42:10;4.200;0.127;429.4;31.7;;;;;;;;;;;;;;;;;;
 ;00:42:11;4.200;0.127;429.4;31.7;;;;;;;;;;;;;;;;;;
 ;00:42:12;4.200;0.127;429.4;31.7;;;;;;;;;;;;;;;;;;
 ;00:42:13;4.200;0.127;429.5;31.7;;;;;;;;;;;;;;;;;;
 ;00:42:14;4.200;0.127;429.5;31.7;;;;;;;;;;;;;;;;;;
 ;00:42:15;4.200;0.127;429.5;31.7;;;;;;;;;;;;;;;;;;
 ;00:42:16;4.200;0.127;429.6;31.7;;;;;;;;;;;;;;;;;;
 ;00:42:17;4.200;0.126;429.6;31.7;;;;;;;;;;;;;;;;;;
 ;00:42:18;4.200;0.126;429.6;31.7;;;;;;;;;;;;;;;;;;
 ;00:42:19;4.200;0.126;429.7;31.7;;;;;;;;;;;;;;;;;;
 ;00:42:20;4.200;0.126;429.7;31.6;;;;;;;;;;;;;;;;;;
 ;00:42:21;4.200;0.126;429.7;31.6;;;;;;;;;;;;;;;;;;
 ;00:42:22;4.200;0.126;429.8;31.6;;;;;;;;;;;;;;;;;;
 ;00:42:23;4.200;0.126;429.8;31.6;;;;;;;;;;;;;;;;;;
 ;00:42:24;4.200;0.126;429.9;31.6;;;;;;;;;;;;;;;;;;
 ;00:42:25;4.200;0.126;429.9;31.6;;;;;;;;;;;;;;;;;;
 ;00:42:26;4.200;0.125;429.9;31.6;;;;;;;;;;;;;;;;;;
 ;00:42:27;4.200;0.124;430.0;31.6;;;;;;;;;;;;;;;;;;
 ;00:42:28;4.200;0.124;430.0;31.6;;;;;;;;;;;;;;;;;;
 ;00:42:29;4.200;0.124;430.0;31.6;;;;;;;;;;;;;;;;;;
 ;00:42:30;4.200;0.124;430.1;31.6;;;;;;;;;;;;;;;;;;
 ;00:42:31;4.200;0.124;430.1;31.6;;;;;;;;;;;;;;;;;;
 ;00:42:32;4.200;0.124;430.1;31.6;;;;;;;;;;;;;;;;;;
 ;00:42:33;4.200;0.124;430.2;31.6;;;;;;;;;;;;;;;;;;
 ;00:42:34;4.200;0.124;430.2;31.6;;;;;;;;;;;;;;;;;;
 ;00:42:35;4.200;0.123;430.2;31.6;;;;;;;;;;;;;;;;;;
 ;00:42:36;4.200;0.123;430.3;31.6;;;;;;;;;;;;;;;;;;
 ;00:42:37;4.200;0.123;430.3;31.6;;;;;;;;;;;;;;;;;;
 ;00:42:38;4.200;0.123;430.3;31.6;;;;;;;;;;;;;;;;;;
 ;00:42:39;4.200;0.123;430.4;31.6;;;;;;;;;;;;;;;;;;
 ;00:42:40;4.200;0.123;430.4;31.6;;;;;;;;;;;;;;;;;;
 ;00:42:41;4.200;0.123;430.4;31.6;;;;;;;;;;;;;;;;;;
 ;00:42:42;4.200;0.122;430.5;31.6;;;;;;;;;;;;;;;;;;
 ;00:42:43;4.200;0.122;430.5;31.6;;;;;;;;;;;;;;;;;;
 ;00:42:44;4.200;0.122;430.5;31.6;;;;;;;;;;;;;;;;;;
 ;00:42:45;4.200;0.122;430.6;31.6;;;;;;;;;;;;;;;;;;
 ;00:42:46;4.200;0.122;430.6;31.6;;;;;;;;;;;;;;;;;;
 ;00:42:47;4.200;0.122;430.6;31.6;;;;;;;;;;;;;;;;;;
 ;00:42:48;4.200;0.122;430.7;31.6;;;;;;;;;;;;;;;;;;
 ;00:42:49;4.200;0.122;430.7;31.6;;;;;;;;;;;;;;;;;;
 ;00:42:50;4.200;0.122;430.7;31.6;;;;;;;;;;;;;;;;;;
 ;00:42:51;4.200;0.121;430.8;31.6;;;;;;;;;;;;;;;;;;
 ;00:42:52;4.200;0.121;430.8;31.6;;;;;;;;;;;;;;;;;;
 ;00:42:53;4.200;0.121;430.8;31.6;;;;;;;;;;;;;;;;;;
 ;00:42:54;4.200;0.121;430.9;31.6;;;;;;;;;;;;;;;;;;
 ;00:42:55;4.200;0.121;430.9;31.6;;;;;;;;;;;;;;;;;;
 ;00:42:56;4.200;0.121;430.9;31.6;;;;;;;;;;;;;;;;;;
 ;00:42:57;4.200;0.121;431.0;31.6;;;;;;;;;;;;;;;;;;
 ;00:42:58;4.200;0.121;431.0;31.6;;;;;;;;;;;;;;;;;;
 ;00:42:59;4.200;0.121;431.0;31.6;;;;;;;;;;;;;;;;;;
 ;00:43:00;4.200;0.121;431.1;31.6;;;;;;;;;;;;;;;;;;
 ;00:43:01;4.200;0.121;431.1;31.6;;;;;;;;;;;;;;;;;;
 ;00:43:02;4.200;0.121;431.1;31.6;;;;;;;;;;;;;;;;;;
 ;00:43:03;4.200;0.121;431.2;31.6;;;;;;;;;;;;;;;;;;
 ;00:43:04;4.200;0.121;431.2;31.6;;;;;;;;;;;;;;;;;;
 ;00:43:05;4.200;0.121;431.2;31.6;;;;;;;;;;;;;;;;;;
 ;00:43:06;4.200;0.121;431.3;31.6;;;;;;;;;;;;;;;;;;
 ;00:43:07;4.200;0.121;431.3;31.6;;;;;;;;;;;;;;;;;;
 ;00:43:08;4.200;0.121;431.3;31.6;;;;;;;;;;;;;;;;;;
 ;00:43:09;4.200;0.121;431.4;31.6;;;;;;;;;;;;;;;;;;
 ;00:43:10;4.200;0.121;431.4;31.6;;;;;;;;;;;;;;;;;;
 ;00:43:11;4.200;0.121;431.4;31.6;;;;;;;;;;;;;;;;;;
 ;00:43:12;4.200;0.120;431.5;31.6;;;;;;;;;;;;;;;;;;
 ;00:43:13;4.200;0.119;431.5;31.6;;;;;;;;;;;;;;;;;;
 ;00:43:14;4.200;0.119;431.5;31.6;;;;;;;;;;;;;;;;;;
 ;00:43:15;4.200;0.119;431.6;31.6;;;;;;;;;;;;;;;;;;
 ;00:43:16;4.200;0.119;431.6;31.6;;;;;;;;;;;;;;;;;;
 ;00:43:17;4.200;0.119;431.6;31.6;;;;;;;;;;;;;;;;;;
 ;00:43:18;4.200;0.119;431.7;31.6;;;;;;;;;;;;;;;;;;
 ;00:43:19;4.200;0.119;431.7;31.6;;;;;;;;;;;;;;;;;;
 ;00:43:20;4.200;0.119;431.7;31.6;;;;;;;;;;;;;;;;;;
 ;00:43:21;4.200;0.118;431.8;31.6;;;;;;;;;;;;;;;;;;
 ;00:43:22;4.200;0.118;431.8;31.6;;;;;;;;;;;;;;;;;;
 ;00:43:23;4.200;0.118;431.8;31.5;;;;;;;;;;;;;;;;;;
 ;00:43:24;4.200;0.118;431.9;31.5;;;;;;;;;;;;;;;;;;
 ;00:43:25;4.200;0.118;431.9;31.5;;;;;;;;;;;;;;;;;;
 ;00:43:26;4.200;0.118;431.9;31.5;;;;;;;;;;;;;;;;;;
 ;00:43:27;4.200;0.118;432.0;31.5;;;;;;;;;;;;;;;;;;
 ;00:43:28;4.200;0.118;432.0;31.5;;;;;;;;;;;;;;;;;;
 ;00:43:29;4.200;0.118;432.0;31.5;;;;;;;;;;;;;;;;;;
 ;00:43:30;4.200;0.118;432.1;31.5;;;;;;;;;;;;;;;;;;
 ;00:43:31;4.200;0.117;432.1;31.5;;;;;;;;;;;;;;;;;;
 ;00:43:32;4.200;0.117;432.1;31.5;;;;;;;;;;;;;;;;;;
 ;00:43:33;4.200;0.117;432.2;31.5;;;;;;;;;;;;;;;;;;
 ;00:43:34;4.200;0.117;432.2;31.5;;;;;;;;;;;;;;;;;;
 ;00:43:35;4.200;0.117;432.2;31.5;;;;;;;;;;;;;;;;;;
 ;00:43:36;4.200;0.117;432.3;31.5;;;;;;;;;;;;;;;;;;
 ;00:43:37;4.200;0.117;432.3;31.5;;;;;;;;;;;;;;;;;;
 ;00:43:38;4.200;0.117;432.3;31.5;;;;;;;;;;;;;;;;;;
 ;00:43:39;4.200;0.117;432.4;31.5;;;;;;;;;;;;;;;;;;
 ;00:43:40;4.200;0.116;432.4;31.5;;;;;;;;;;;;;;;;;;
 ;00:43:41;4.200;0.116;432.4;31.5;;;;;;;;;;;;;;;;;;
 ;00:43:42;4.200;0.116;432.5;31.5;;;;;;;;;;;;;;;;;;
 ;00:43:43;4.200;0.116;432.5;31.5;;;;;;;;;;;;;;;;;;
 ;00:43:44;4.200;0.116;432.5;31.5;;;;;;;;;;;;;;;;;;
 ;00:43:45;4.200;0.116;432.6;31.5;;;;;;;;;;;;;;;;;;
 ;00:43:46;4.200;0.116;432.6;31.5;;;;;;;;;;;;;;;;;;
 ;00:43:47;4.200;0.116;432.6;31.5;;;;;;;;;;;;;;;;;;
 ;00:43:48;4.200;0.116;432.7;31.5;;;;;;;;;;;;;;;;;;
 ;00:43:49;4.200;0.116;432.7;31.5;;;;;;;;;;;;;;;;;;
 ;00:43:50;4.200;0.116;432.7;31.5;;;;;;;;;;;;;;;;;;
 ;00:43:51;4.200;0.116;432.8;31.5;;;;;;;;;;;;;;;;;;
 ;00:43:52;4.200;0.116;432.8;31.5;;;;;;;;;;;;;;;;;;
 ;00:43:53;4.200;0.115;432.8;31.5;;;;;;;;;;;;;;;;;;
 ;00:43:54;4.200;0.115;432.8;31.5;;;;;;;;;;;;;;;;;;
 ;00:43:55;4.200;0.115;432.9;31.5;;;;;;;;;;;;;;;;;;
 ;00:43:56;4.200;0.116;432.9;31.5;;;;;;;;;;;;;;;;;;
 ;00:43:57;4.200;0.115;432.9;31.5;;;;;;;;;;;;;;;;;;
 ;00:43:58;4.200;0.115;433.0;31.5;;;;;;;;;;;;;;;;;;
 ;00:43:59;4.200;0.115;433.0;31.5;;;;;;;;;;;;;;;;;;
 ;00:44:00;4.200;0.115;433.0;31.5;;;;;;;;;;;;;;;;;;
 ;00:44:01;4.200;0.115;433.1;31.5;;;;;;;;;;;;;;;;;;
 ;00:44:02;4.200;0.115;433.1;31.5;;;;;;;;;;;;;;;;;;
 ;00:44:03;4.200;0.115;433.1;31.5;;;;;;;;;;;;;;;;;;
 ;00:44:04;4.200;0.115;433.2;31.5;;;;;;;;;;;;;;;;;;
 ;00:44:05;4.200;0.115;433.2;31.5;;;;;;;;;;;;;;;;;;
 ;00:44:06;4.200;0.115;433.2;31.5;;;;;;;;;;;;;;;;;;
 ;00:44:07;4.200;0.115;433.3;31.5;;;;;;;;;;;;;;;;;;
 ;00:44:08;4.200;0.115;433.3;31.5;;;;;;;;;;;;;;;;;;
 ;00:44:09;4.200;0.113;433.3;31.5;;;;;;;;;;;;;;;;;;
 ;00:44:10;4.200;0.113;433.4;31.5;;;;;;;;;;;;;;;;;;
 ;00:44:11;4.200;0.113;433.4;31.5;;;;;;;;;;;;;;;;;;
 ;00:44:12;4.200;0.113;433.4;31.5;;;;;;;;;;;;;;;;;;
 ;00:44:13;4.200;0.113;433.5;31.5;;;;;;;;;;;;;;;;;;
 ;00:44:14;4.200;0.113;433.5;31.5;;;;;;;;;;;;;;;;;;
 ;00:44:15;4.200;0.113;433.5;31.5;;;;;;;;;;;;;;;;;;
 ;00:44:16;4.200;0.113;433.5;31.5;;;;;;;;;;;;;;;;;;
 ;00:44:17;4.200;0.113;433.6;31.5;;;;;;;;;;;;;;;;;;
 ;00:44:18;4.200;0.113;433.6;31.5;;;;;;;;;;;;;;;;;;
 ;00:44:19;4.200;0.112;433.6;31.5;;;;;;;;;;;;;;;;;;
 ;00:44:20;4.200;0.112;433.7;31.5;;;;;;;;;;;;;;;;;;
 ;00:44:21;4.200;0.112;433.7;31.5;;;;;;;;;;;;;;;;;;
 ;00:44:22;4.200;0.112;433.7;31.5;;;;;;;;;;;;;;;;;;
 ;00:44:23;4.200;0.112;433.8;31.5;;;;;;;;;;;;;;;;;;
 ;00:44:24;4.200;0.112;433.8;31.5;;;;;;;;;;;;;;;;;;
 ;00:44:25;4.200;0.112;433.8;31.5;;;;;;;;;;;;;;;;;;
 ;00:44:26;4.200;0.112;433.9;31.5;;;;;;;;;;;;;;;;;;
 ;00:44:27;4.200;0.111;433.9;31.5;;;;;;;;;;;;;;;;;;
 ;00:44:28;4.200;0.111;433.9;31.5;;;;;;;;;;;;;;;;;;
 ;00:44:29;4.200;0.111;434.0;31.4;;;;;;;;;;;;;;;;;;
 ;00:44:30;4.200;0.111;434.0;31.4;;;;;;;;;;;;;;;;;;
 ;00:44:31;4.200;0.111;434.0;31.4;;;;;;;;;;;;;;;;;;
 ;00:44:32;4.200;0.111;434.0;31.4;;;;;;;;;;;;;;;;;;
 ;00:44:33;4.200;0.111;434.1;31.4;;;;;;;;;;;;;;;;;;
 ;00:44:34;4.200;0.111;434.1;31.4;;;;;;;;;;;;;;;;;;
 ;00:44:35;4.200;0.111;434.1;31.4;;;;;;;;;;;;;;;;;;
 ;00:44:36;4.200;0.111;434.2;31.4;;;;;;;;;;;;;;;;;;
 ;00:44:37;4.200;0.111;434.2;31.4;;;;;;;;;;;;;;;;;;
 ;00:44:38;4.200;0.111;434.2;31.4;;;;;;;;;;;;;;;;;;
 ;00:44:39;4.200;0.111;434.3;31.4;;;;;;;;;;;;;;;;;;
 ;00:44:40;4.200;0.111;434.3;31.4;;;;;;;;;;;;;;;;;;
 ;00:44:41;4.200;0.111;434.3;31.4;;;;;;;;;;;;;;;;;;
 ;00:44:42;4.200;0.111;434.4;31.4;;;;;;;;;;;;;;;;;;
 ;00:44:43;4.200;0.111;434.4;31.4;;;;;;;;;;;;;;;;;;
 ;00:44:44;4.200;0.111;434.4;31.4;;;;;;;;;;;;;;;;;;
 ;00:44:45;4.200;0.110;434.4;31.4;;;;;;;;;;;;;;;;;;
 ;00:44:46;4.200;0.110;434.5;31.4;;;;;;;;;;;;;;;;;;
 ;00:44:47;4.200;0.110;434.5;31.4;;;;;;;;;;;;;;;;;;
 ;00:44:48;4.200;0.110;434.5;31.4;;;;;;;;;;;;;;;;;;
 ;00:44:49;4.200;0.110;434.6;31.4;;;;;;;;;;;;;;;;;;
 ;00:44:50;4.200;0.110;434.6;31.4;;;;;;;;;;;;;;;;;;
 ;00:44:51;4.200;0.110;434.6;31.4;;;;;;;;;;;;;;;;;;
 ;00:44:52;4.200;0.110;434.7;31.4;;;;;;;;;;;;;;;;;;
 ;00:44:53;4.200;0.110;434.7;31.4;;;;;;;;;;;;;;;;;;
 ;00:44:54;4.200;0.110;434.7;31.4;;;;;;;;;;;;;;;;;;
 ;00:44:55;4.200;0.108;434.8;31.4;;;;;;;;;;;;;;;;;;
 ;00:44:56;4.200;0.108;434.8;31.4;;;;;;;;;;;;;;;;;;
 ;00:44:57;4.200;0.108;434.8;31.4;;;;;;;;;;;;;;;;;;
 ;00:44:58;4.200;0.108;434.8;31.4;;;;;;;;;;;;;;;;;;
 ;00:44:59;4.200;0.108;434.9;31.4;;;;;;;;;;;;;;;;;;
 ;00:45:00;4.200;0.108;434.9;31.4;;;;;;;;;;;;;;;;;;
 ;00:45:01;4.200;0.108;434.9;31.4;;;;;;;;;;;;;;;;;;
 ;00:45:02;4.200;0.108;435.0;31.4;;;;;;;;;;;;;;;;;;
 ;00:45:03;4.200;0.108;435.0;31.4;;;;;;;;;;;;;;;;;;
 ;00:45:04;4.200;0.107;435.0;31.4;;;;;;;;;;;;;;;;;;
 ;00:45:05;4.200;0.107;435.0;31.4;;;;;;;;;;;;;;;;;;
 ;00:45:06;4.200;0.107;435.1;31.4;;;;;;;;;;;;;;;;;;
 ;00:45:07;4.200;0.107;435.1;31.4;;;;;;;;;;;;;;;;;;
 ;00:45:08;4.200;0.107;435.1;31.4;;;;;;;;;;;;;;;;;;
 ;00:45:09;4.200;0.107;435.2;31.4;;;;;;;;;;;;;;;;;;
 ;00:45:10;4.200;0.107;435.2;31.4;;;;;;;;;;;;;;;;;;
 ;00:45:11;4.200;0.107;435.2;31.4;;;;;;;;;;;;;;;;;;
 ;00:45:12;4.200;0.107;435.3;31.4;;;;;;;;;;;;;;;;;;
 ;00:45:13;4.200;0.107;435.3;31.4;;;;;;;;;;;;;;;;;;
 ;00:45:14;4.200;0.107;435.3;31.4;;;;;;;;;;;;;;;;;;
 ;00:45:15;4.200;0.107;435.3;31.4;;;;;;;;;;;;;;;;;;
 ;00:45:16;4.200;0.107;435.4;31.4;;;;;;;;;;;;;;;;;;
 ;00:45:17;4.200;0.107;435.4;31.4;;;;;;;;;;;;;;;;;;
 ;00:45:18;4.200;0.107;435.4;31.4;;;;;;;;;;;;;;;;;;
 ;00:45:19;4.200;0.107;435.5;31.4;;;;;;;;;;;;;;;;;;
 ;00:45:20;4.200;0.107;435.5;31.4;;;;;;;;;;;;;;;;;;
 ;00:45:21;4.200;0.106;435.5;31.4;;;;;;;;;;;;;;;;;;
 ;00:45:22;4.200;0.106;435.6;31.4;;;;;;;;;;;;;;;;;;
 ;00:45:23;4.200;0.106;435.6;31.4;;;;;;;;;;;;;;;;;;
 ;00:45:24;4.200;0.106;435.6;31.4;;;;;;;;;;;;;;;;;;
 ;00:45:25;4.200;0.106;435.6;31.4;;;;;;;;;;;;;;;;;;
 ;00:45:26;4.200;0.106;435.7;31.4;;;;;;;;;;;;;;;;;;
 ;00:45:27;4.200;0.106;435.7;31.4;;;;;;;;;;;;;;;;;;
 ;00:45:28;4.200;0.106;435.7;31.4;;;;;;;;;;;;;;;;;;
 ;00:45:29;4.200;0.105;435.8;31.4;;;;;;;;;;;;;;;;;;
 ;00:45:30;4.200;0.105;435.8;31.4;;;;;;;;;;;;;;;;;;
 ;00:45:31;4.200;0.105;435.8;31.4;;;;;;;;;;;;;;;;;;
 ;00:45:32;4.200;0.105;435.8;31.4;;;;;;;;;;;;;;;;;;
 ;00:45:33;4.200;0.105;435.9;31.4;;;;;;;;;;;;;;;;;;
 ;00:45:34;4.200;0.105;435.9;31.4;;;;;;;;;;;;;;;;;;
 ;00:45:35;4.200;0.105;435.9;31.4;;;;;;;;;;;;;;;;;;
 ;00:45:36;4.200;0.105;436.0;31.3;;;;;;;;;;;;;;;;;;
 ;00:45:37;4.200;0.105;436.0;31.3;;;;;;;;;;;;;;;;;;
 ;00:45:38;4.200;0.105;436.0;31.3;;;;;;;;;;;;;;;;;;
 ;00:45:39;4.200;0.105;436.1;31.3;;;;;;;;;;;;;;;;;;
 ;00:45:40;4.200;0.103;436.1;31.3;;;;;;;;;;;;;;;;;;
 ;00:45:41;4.200;0.103;436.1;31.3;;;;;;;;;;;;;;;;;;
 ;00:45:42;4.200;0.103;436.1;31.3;;;;;;;;;;;;;;;;;;
 ;00:45:43;4.200;0.103;436.2;31.3;;;;;;;;;;;;;;;;;;
 ;00:45:44;4.200;0.103;436.2;31.3;;;;;;;;;;;;;;;;;;
 ;00:45:45;4.200;0.103;436.2;31.3;;;;;;;;;;;;;;;;;;
 ;00:45:46;4.200;0.103;436.3;31.3;;;;;;;;;;;;;;;;;;
 ;00:45:47;4.200;0.103;436.3;31.3;;;;;;;;;;;;;;;;;;
 ;00:45:48;4.200;0.103;436.3;31.3;;;;;;;;;;;;;;;;;;
 ;00:45:49;4.200;0.103;436.3;31.3;;;;;;;;;;;;;;;;;;
 ;00:45:50;4.200;0.102;436.4;31.3;;;;;;;;;;;;;;;;;;
 ;00:45:51;4.200;0.102;436.4;31.3;;;;;;;;;;;;;;;;;;
 ;00:45:52;4.200;0.102;436.4;31.3;;;;;;;;;;;;;;;;;;
 ;00:45:53;4.200;0.102;436.5;31.3;;;;;;;;;;;;;;;;;;
 ;00:45:54;4.200;0.102;436.5;31.3;;;;;;;;;;;;;;;;;;
 ;00:45:55;4.200;0.103;436.5;31.3;;;;;;;;;;;;;;;;;;
 ;00:45:56;4.200;0.103;436.5;31.3;;;;;;;;;;;;;;;;;;
 ;00:45:57;4.200;0.103;436.6;31.3;;;;;;;;;;;;;;;;;;
 ;00:45:58;4.200;0.103;436.6;31.3;;;;;;;;;;;;;;;;;;
 ;00:45:59;4.200;0.102;436.6;31.3;;;;;;;;;;;;;;;;;;
 ;00:46:00;4.200;0.102;436.7;31.3;;;;;;;;;;;;;;;;;;
 ;00:46:01;4.200;0.102;436.7;31.3;;;;;;;;;;;;;;;;;;
 ;00:46:02;4.200;0.102;436.7;31.3;;;;;;;;;;;;;;;;;;
 ;00:46:03;4.200;0.102;436.7;31.3;;;;;;;;;;;;;;;;;;
 ;00:46:04;4.200;0.102;436.8;31.3;;;;;;;;;;;;;;;;;;
 ;00:46:05;4.200;0.102;436.8;31.3;;;;;;;;;;;;;;;;;;
 ;00:46:06;4.200;0.102;436.8;31.3;;;;;;;;;;;;;;;;;;
 ;00:46:07;4.200;0.101;436.9;31.3;;;;;;;;;;;;;;;;;;
 ;00:46:08;4.200;0.101;436.9;31.3;;;;;;;;;;;;;;;;;;
 ;00:46:09;4.200;0.101;436.9;31.3;;;;;;;;;;;;;;;;;;
 ;00:46:10;4.200;0.101;436.9;31.3;;;;;;;;;;;;;;;;;;
 ;00:46:11;4.200;0.101;437.0;31.3;;;;;;;;;;;;;;;;;;
 ;00:46:12;4.200;0.101;437.0;31.3;;;;;;;;;;;;;;;;;;
 ;00:46:13;4.200;0.101;437.0;31.3;;;;;;;;;;;;;;;;;;
 ;00:46:14;4.200;0.101;437.0;31.3;;;;;;;;;;;;;;;;;;
 ;00:46:15;4.200;0.101;437.1;31.3;;;;;;;;;;;;;;;;;;
 ;00:46:16;4.200;0.100;437.1;31.3;;;;;;;;;;;;;;;;;;
 ;00:46:17;4.200;0.100;437.1;31.3;;;;;;;;;;;;;;;;;;
 ;00:46:18;4.200;0.100;437.2;31.3;;;;;;;;;;;;;;;;;;
 ;00:46:19;4.200;0.100;437.2;31.3;;;;;;;;;;;;;;;;;;
 ;00:46:20;4.200;0.100;437.2;31.3;;;;;;;;;;;;;;;;;;
 ;00:46:21;4.200;0.100;437.2;31.3;;;;;;;;;;;;;;;;;;
 ;00:46:22;4.200;0.100;437.3;31.3;;;;;;;;;;;;;;;;;;
 ;00:46:23;4.200;0.100;437.3;31.3;;;;;;;;;;;;;;;;;;
 ;00:46:24;4.200;0.100;437.3;31.3;;;;;;;;;;;;;;;;;;
 ;00:46:25;4.200;0.100;437.4;31.3;;;;;;;;;;;;;;;;;;
 ;00:46:26;4.200;0.100;437.4;31.3;;;;;;;;;;;;;;;;;;
 ;00:46:27;4.200;0.100;437.4;31.3;;;;;;;;;;;;;;;;;;
 ;00:46:28;4.200;0.100;437.4;31.3;;;;;;;;;;;;;;;;;;
 ;00:46:29;4.200;0.100;437.5;31.3;;;;;;;;;;;;;;;;;;
 ;00:46:30;4.200;0.100;437.5;31.3;;;;;;;;;;;;;;;;;;
 ;00:46:31;4.200;0.100;437.5;31.3;;;;;;;;;;;;;;;;;;
 ;00:46:32;4.200;0.100;437.5;31.3;;;;;;;;;;;;;;;;;;
 ;00:46:33;4.200;0.100;437.6;31.3;;;;;;;;;;;;;;;;;;
 ;00:46:34;4.200;0.099;437.6;31.3;;;;;;;;;;;;;;;;;;
 ;00:46:35;4.200;0.098;437.6;31.3;;;;;;;;;;;;;;;;;;
 ;00:46:36;4.200;0.098;437.7;31.3;;;;;;;;;;;;;;;;;;
 ;00:46:37;4.200;0.098;437.7;31.3;;;;;;;;;;;;;;;;;;
 ;00:46:38;4.200;0.098;437.7;31.3;;;;;;;;;;;;;;;;;;
 ;00:46:39;4.200;0.098;437.7;31.3;;;;;;;;;;;;;;;;;;
 ;00:46:40;4.200;0.098;437.8;31.3;;;;;;;;;;;;;;;;;;
 ;00:46:41;4.200;0.098;437.8;31.3;;;;;;;;;;;;;;;;;;
 ;00:46:42;4.200;0.098;437.8;31.3;;;;;;;;;;;;;;;;;;
 ;00:46:43;4.200;0.097;437.8;31.3;;;;;;;;;;;;;;;;;;
 ;00:46:44;4.200;0.097;437.9;31.3;;;;;;;;;;;;;;;;;;
 ;00:46:45;4.200;0.097;437.9;31.2;;;;;;;;;;;;;;;;;;
 ;00:46:46;4.200;0.097;437.9;31.3;;;;;;;;;;;;;;;;;;
 ;00:46:47;4.200;0.097;438.0;31.2;;;;;;;;;;;;;;;;;;
 ;00:46:48;4.200;0.097;438.0;31.2;;;;;;;;;;;;;;;;;;
 ;00:46:49;4.200;0.097;438.0;31.2;;;;;;;;;;;;;;;;;;
 ;00:46:50;4.200;0.097;438.0;31.2;;;;;;;;;;;;;;;;;;
 ;00:46:51;4.200;0.097;438.1;31.2;;;;;;;;;;;;;;;;;;
 ;00:46:52;4.200;0.097;438.1;31.2;;;;;;;;;;;;;;;;;;
 ;00:46:53;4.200;0.097;438.1;31.2;;;;;;;;;;;;;;;;;;
 ;00:46:54;4.200;0.097;438.1;31.2;;;;;;;;;;;;;;;;;;
 ;00:46:55;4.200;0.096;438.2;31.2;;;;;;;;;;;;;;;;;;
 ;00:46:56;4.200;0.096;438.2;31.2;;;;;;;;;;;;;;;;;;
 ;00:46:57;4.200;0.097;438.2;31.2;;;;;;;;;;;;;;;;;;
 ;00:46:58;4.200;0.097;438.3;31.2;;;;;;;;;;;;;;;;;;
 ;00:46:59;4.200;0.097;438.3;31.2;;;;;;;;;;;;;;;;;;
 ;00:47:00;4.200;0.097;438.3;31.2;;;;;;;;;;;;;;;;;;
 ;00:47:01;4.200;0.096;438.3;31.2;;;;;;;;;;;;;;;;;;
 ;00:47:02;4.200;0.096;438.4;31.2;;;;;;;;;;;;;;;;;;
 ;00:47:03;4.200;0.096;438.4;31.2;;;;;;;;;;;;;;;;;;
 ;00:47:04;4.200;0.096;438.4;31.2;;;;;;;;;;;;;;;;;;
 ;00:47:05;4.200;0.096;438.4;31.2;;;;;;;;;;;;;;;;;;
 ;00:47:06;4.200;0.096;438.5;31.2;;;;;;;;;;;;;;;;;;
 ;00:47:07;4.200;0.096;438.5;31.2;;;;;;;;;;;;;;;;;;
 ;00:47:08;4.200;0.096;438.5;31.2;;;;;;;;;;;;;;;;;;
 ;00:47:09;4.200;0.096;438.5;31.2;;;;;;;;;;;;;;;;;;
 ;00:47:10;4.200;0.096;438.6;31.2;;;;;;;;;;;;;;;;;;
 ;00:47:11;4.200;0.096;438.6;31.2;;;;;;;;;;;;;;;;;;
 ;00:47:12;4.200;0.095;438.6;31.2;;;;;;;;;;;;;;;;;;
 ;00:47:13;4.200;0.095;438.7;31.2;;;;;;;;;;;;;;;;;;
 ;00:47:14;4.200;0.095;438.7;31.2;;;;;;;;;;;;;;;;;;
 ;00:47:15;4.200;0.095;438.7;31.2;;;;;;;;;;;;;;;;;;
 ;00:47:16;4.200;0.095;438.7;31.2;;;;;;;;;;;;;;;;;;
 ;00:47:17;4.200;0.095;438.8;31.2;;;;;;;;;;;;;;;;;;
 ;00:47:18;4.200;0.095;438.8;31.2;;;;;;;;;;;;;;;;;;
 ;00:47:19;4.200;0.095;438.8;31.2;;;;;;;;;;;;;;;;;;
 ;00:47:20;4.200;0.095;438.8;31.2;;;;;;;;;;;;;;;;;;
 ;00:47:21;4.200;0.095;438.9;31.2;;;;;;;;;;;;;;;;;;
 ;00:47:22;4.200;0.093;438.9;31.2;;;;;;;;;;;;;;;;;;
 ;00:47:23;4.200;0.093;438.9;31.2;;;;;;;;;;;;;;;;;;
 ;00:47:24;4.200;0.093;438.9;31.2;;;;;;;;;;;;;;;;;;
 ;00:47:25;4.200;0.093;439.0;31.2;;;;;;;;;;;;;;;;;;
 ;00:47:26;4.200;0.093;439.0;31.2;;;;;;;;;;;;;;;;;;
 ;00:47:27;4.200;0.093;439.0;31.2;;;;;;;;;;;;;;;;;;
 ;00:47:28;4.200;0.093;439.0;31.2;;;;;;;;;;;;;;;;;;
 ;00:47:29;4.200;0.093;439.1;31.2;;;;;;;;;;;;;;;;;;
 ;00:47:30;4.200;0.093;439.1;31.2;;;;;;;;;;;;;;;;;;
 ;00:47:31;4.200;0.093;439.1;31.2;;;;;;;;;;;;;;;;;;
 ;00:47:32;4.200;0.093;439.1;31.2;;;;;;;;;;;;;;;;;;
 ;00:47:33;4.200;0.093;439.2;31.2;;;;;;;;;;;;;;;;;;
 ;00:47:34;4.200;0.093;439.2;31.2;;;;;;;;;;;;;;;;;;
 ;00:47:35;4.200;0.093;439.2;31.2;;;;;;;;;;;;;;;;;;
 ;00:47:36;4.200;0.093;439.3;31.2;;;;;;;;;;;;;;;;;;
 ;00:47:37;4.200;0.093;439.3;31.2;;;;;;;;;;;;;;;;;;
 ;00:47:38;4.200;0.093;439.3;31.2;;;;;;;;;;;;;;;;;;
 ;00:47:39;4.200;0.092;439.3;31.2;;;;;;;;;;;;;;;;;;
 ;00:47:40;4.200;0.092;439.4;31.2;;;;;;;;;;;;;;;;;;
 ;00:47:41;4.200;0.092;439.4;31.2;;;;;;;;;;;;;;;;;;
 ;00:47:42;4.200;0.092;439.4;31.2;;;;;;;;;;;;;;;;;;
 ;00:47:43;4.200;0.092;439.4;31.2;;;;;;;;;;;;;;;;;;
 ;00:47:44;4.200;0.092;439.5;31.2;;;;;;;;;;;;;;;;;;
 ;00:47:45;4.200;0.092;439.5;31.2;;;;;;;;;;;;;;;;;;
 ;00:47:46;4.200;0.092;439.5;31.2;;;;;;;;;;;;;;;;;;
 ;00:47:47;4.200;0.092;439.5;31.2;;;;;;;;;;;;;;;;;;
 ;00:47:48;4.200;0.091;439.6;31.2;;;;;;;;;;;;;;;;;;
 ;00:47:49;4.200;0.091;439.6;31.2;;;;;;;;;;;;;;;;;;
 ;00:47:50;4.200;0.091;439.6;31.2;;;;;;;;;;;;;;;;;;
 ;00:47:51;4.200;0.091;439.6;31.2;;;;;;;;;;;;;;;;;;
 ;00:47:52;4.200;0.091;439.7;31.2;;;;;;;;;;;;;;;;;;
 ;00:47:53;4.200;0.091;439.7;31.2;;;;;;;;;;;;;;;;;;
 ;00:47:54;4.200;0.091;439.7;31.2;;;;;;;;;;;;;;;;;;
 ;00:47:55;4.200;0.091;439.7;31.2;;;;;;;;;;;;;;;;;;
 ;00:47:56;4.200;0.091;439.8;31.2;;;;;;;;;;;;;;;;;;
 ;00:47:57;4.200;0.091;439.8;31.2;;;;;;;;;;;;;;;;;;
 ;00:47:58;4.200;0.090;439.8;31.2;;;;;;;;;;;;;;;;;;
 ;00:47:59;4.200;0.090;439.8;31.1;;;;;;;;;;;;;;;;;;
 ;00:48:00;4.200;0.091;439.9;31.1;;;;;;;;;;;;;;;;;;
 ;00:48:01;4.200;0.090;439.9;31.1;;;;;;;;;;;;;;;;;;
 ;00:48:02;4.200;0.090;439.9;31.1;;;;;;;;;;;;;;;;;;
 ;00:48:03;4.200;0.090;439.9;31.1;;;;;;;;;;;;;;;;;;
 ;00:48:04;4.200;0.090;440.0;31.1;;;;;;;;;;;;;;;;;;
 ;00:48:05;4.200;0.090;440.0;31.1;;;;;;;;;;;;;;;;;;
 ;00:48:06;4.200;0.090;440.0;31.1;;;;;;;;;;;;;;;;;;
 ;00:48:07;4.200;0.090;440.0;31.1;;;;;;;;;;;;;;;;;;
 ;00:48:08;4.200;0.090;440.1;31.1;;;;;;;;;;;;;;;;;;
 ;00:48:09;4.200;0.090;440.1;31.1;;;;;;;;;;;;;;;;;;
 ;00:48:10;4.200;0.090;440.1;31.1;;;;;;;;;;;;;;;;;;
 ;00:48:11;4.200;0.090;440.1;31.1;;;;;;;;;;;;;;;;;;
 ;00:48:12;4.200;0.090;440.2;31.1;;;;;;;;;;;;;;;;;;
 ;00:48:13;4.200;0.090;440.2;31.1;;;;;;;;;;;;;;;;;;
 ;00:48:14;4.200;0.089;440.2;31.1;;;;;;;;;;;;;;;;;;
 ;00:48:15;4.200;0.089;440.2;31.1;;;;;;;;;;;;;;;;;;
 ;00:48:16;4.200;0.089;440.3;31.1;;;;;;;;;;;;;;;;;;
 ;00:48:17;4.200;0.089;440.3;31.1;;;;;;;;;;;;;;;;;;
 ;00:48:18;4.200;0.089;440.3;31.1;;;;;;;;;;;;;;;;;;
 ;00:48:19;4.200;0.089;440.3;31.1;;;;;;;;;;;;;;;;;;
 ;00:48:20;4.200;0.089;440.4;31.1;;;;;;;;;;;;;;;;;;
 ;00:48:21;4.200;0.089;440.4;31.1;;;;;;;;;;;;;;;;;;
 ;00:48:22;4.200;0.089;440.4;31.1;;;;;;;;;;;;;;;;;;
 ;00:48:23;4.200;0.088;440.4;31.1;;;;;;;;;;;;;;;;;;
 ;00:48:24;4.200;0.088;440.5;31.1;;;;;;;;;;;;;;;;;;
 ;00:48:25;4.200;0.088;440.5;31.1;;;;;;;;;;;;;;;;;;
 ;00:48:26;4.200;0.088;440.5;31.1;;;;;;;;;;;;;;;;;;
 ;00:48:27;4.200;0.087;440.5;31.1;;;;;;;;;;;;;;;;;;
 ;00:48:28;4.200;0.087;440.6;31.1;;;;;;;;;;;;;;;;;;
 ;00:48:29;4.200;0.088;440.6;31.1;;;;;;;;;;;;;;;;;;
 ;00:48:30;4.200;0.088;440.6;31.1;;;;;;;;;;;;;;;;;;
 ;00:48:31;4.200;0.088;440.6;31.1;;;;;;;;;;;;;;;;;;
 ;00:48:32;4.200;0.088;440.7;31.1;;;;;;;;;;;;;;;;;;
 ;00:48:33;4.200;0.088;440.7;31.1;;;;;;;;;;;;;;;;;;
 ;00:48:34;4.200;0.087;440.7;31.1;;;;;;;;;;;;;;;;;;
 ;00:48:35;4.200;0.087;440.7;31.1;;;;;;;;;;;;;;;;;;
 ;00:48:36;4.200;0.087;440.8;31.1;;;;;;;;;;;;;;;;;;
 ;00:48:37;4.200;0.087;440.8;31.1;;;;;;;;;;;;;;;;;;
 ;00:48:38;4.200;0.087;440.8;31.1;;;;;;;;;;;;;;;;;;
 ;00:48:39;4.200;0.087;440.8;31.1;;;;;;;;;;;;;;;;;;
 ;00:48:40;4.200;0.087;440.8;31.1;;;;;;;;;;;;;;;;;;
 ;00:48:41;4.200;0.087;440.9;31.1;;;;;;;;;;;;;;;;;;
 ;00:48:42;4.200;0.087;440.9;31.1;;;;;;;;;;;;;;;;;;
 ;00:48:43;4.200;0.087;440.9;31.1;;;;;;;;;;;;;;;;;;
 ;00:48:44;4.200;0.086;440.9;31.1;;;;;;;;;;;;;;;;;;
 ;00:48:45;4.200;0.086;441.0;31.1;;;;;;;;;;;;;;;;;;
 ;00:48:46;4.200;0.086;441.0;31.1;;;;;;;;;;;;;;;;;;
 ;00:48:47;4.200;0.086;441.0;31.1;;;;;;;;;;;;;;;;;;
 ;00:48:48;4.200;0.086;441.0;31.1;;;;;;;;;;;;;;;;;;
 ;00:48:49;4.200;0.086;441.1;31.1;;;;;;;;;;;;;;;;;;
 ;00:48:50;4.200;0.086;441.1;31.1;;;;;;;;;;;;;;;;;;
 ;00:48:51;4.200;0.086;441.1;31.1;;;;;;;;;;;;;;;;;;
 ;00:48:52;4.200;0.085;441.1;31.1;;;;;;;;;;;;;;;;;;
 ;00:48:53;4.200;0.085;441.2;31.1;;;;;;;;;;;;;;;;;;
 ;00:48:54;4.200;0.085;441.2;31.1;;;;;;;;;;;;;;;;;;
 ;00:48:55;4.200;0.085;441.2;31.1;;;;;;;;;;;;;;;;;;
 ;00:48:56;4.200;0.085;441.2;31.1;;;;;;;;;;;;;;;;;;
 ;00:48:57;4.200;0.085;441.3;31.1;;;;;;;;;;;;;;;;;;
 ;00:48:58;4.200;0.085;441.3;31.1;;;;;;;;;;;;;;;;;;
 ;00:48:59;4.200;0.085;441.3;31.1;;;;;;;;;;;;;;;;;;
 ;00:49:00;4.200;0.085;441.3;31.1;;;;;;;;;;;;;;;;;;
 ;00:49:01;4.200;0.085;441.3;31.1;;;;;;;;;;;;;;;;;;
 ;00:49:02;4.200;0.085;441.4;31.1;;;;;;;;;;;;;;;;;;
 ;00:49:03;4.200;0.085;441.4;31.1;;;;;;;;;;;;;;;;;;
 ;00:49:04;4.200;0.085;441.4;31.1;;;;;;;;;;;;;;;;;;
 ;00:49:05;4.200;0.085;441.4;31.1;;;;;;;;;;;;;;;;;;
 ;00:49:06;4.200;0.085;441.5;31.1;;;;;;;;;;;;;;;;;;
 ;00:49:07;4.200;0.085;441.5;31.1;;;;;;;;;;;;;;;;;;
 ;00:49:08;4.200;0.085;441.5;31.1;;;;;;;;;;;;;;;;;;
 ;00:49:09;4.200;0.085;441.5;31.1;;;;;;;;;;;;;;;;;;
 ;00:49:10;4.200;0.085;441.6;31.1;;;;;;;;;;;;;;;;;;
 ;00:49:11;4.200;0.085;441.6;31.1;;;;;;;;;;;;;;;;;;
 ;00:49:12;4.200;0.085;441.6;31.1;;;;;;;;;;;;;;;;;;
 ;00:49:13;4.200;0.085;441.6;31.1;;;;;;;;;;;;;;;;;;
 ;00:49:14;4.200;0.085;441.7;31.1;;;;;;;;;;;;;;;;;;
 ;00:49:15;4.200;0.084;441.7;31.1;;;;;;;;;;;;;;;;;;
 ;00:49:16;4.200;0.084;441.7;31.0;;;;;;;;;;;;;;;;;;
 ;00:49:17;4.200;0.084;441.7;31.0;;;;;;;;;;;;;;;;;;
 ;00:49:18;4.200;0.084;441.8;31.0;;;;;;;;;;;;;;;;;;
 ;00:49:19;4.200;0.084;441.8;31.0;;;;;;;;;;;;;;;;;;
 ;00:49:20;4.200;0.084;441.8;31.0;;;;;;;;;;;;;;;;;;
 ;00:49:21;4.200;0.084;441.8;31.0;;;;;;;;;;;;;;;;;;
 ;00:49:22;4.200;0.084;441.8;31.0;;;;;;;;;;;;;;;;;;
 ;00:49:23;4.200;0.083;441.9;31.0;;;;;;;;;;;;;;;;;;
 ;00:49:24;4.200;0.082;441.9;31.0;;;;;;;;;;;;;;;;;;
 ;00:49:25;4.200;0.082;441.9;31.0;;;;;;;;;;;;;;;;;;
 ;00:49:26;4.200;0.082;441.9;31.0;;;;;;;;;;;;;;;;;;
 ;00:49:27;4.200;0.082;442.0;31.0;;;;;;;;;;;;;;;;;;
 ;00:49:28;4.200;0.082;442.0;31.0;;;;;;;;;;;;;;;;;;
 ;00:49:29;4.200;0.082;442.0;31.0;;;;;;;;;;;;;;;;;;
 ;00:49:30;4.200;0.082;442.0;31.0;;;;;;;;;;;;;;;;;;
 ;00:49:31;4.200;0.082;442.0;31.0;;;;;;;;;;;;;;;;;;
 ;00:49:32;4.200;0.082;442.1;31.0;;;;;;;;;;;;;;;;;;
 ;00:49:33;4.200;0.082;442.1;31.0;;;;;;;;;;;;;;;;;;
 ;00:49:34;4.200;0.082;442.1;31.0;;;;;;;;;;;;;;;;;;
 ;00:49:35;4.200;0.082;442.1;31.0;;;;;;;;;;;;;;;;;;
 ;00:49:36;4.200;0.082;442.2;31.0;;;;;;;;;;;;;;;;;;
 ;00:49:37;4.200;0.082;442.2;31.0;;;;;;;;;;;;;;;;;;
 ;00:49:38;4.200;0.082;442.2;31.0;;;;;;;;;;;;;;;;;;
 ;00:49:39;4.200;0.082;442.2;31.0;;;;;;;;;;;;;;;;;;
 ;00:49:40;4.200;0.082;442.3;31.0;;;;;;;;;;;;;;;;;;
 ;00:49:41;4.200;0.082;442.3;31.0;;;;;;;;;;;;;;;;;;
 ;00:49:42;4.200;0.082;442.3;31.0;;;;;;;;;;;;;;;;;;
 ;00:49:43;4.200;0.082;442.3;31.0;;;;;;;;;;;;;;;;;;
 ;00:49:44;4.200;0.082;442.3;31.0;;;;;;;;;;;;;;;;;;
 ;00:49:45;4.200;0.082;442.4;31.0;;;;;;;;;;;;;;;;;;
 ;00:49:46;4.200;0.082;442.4;31.0;;;;;;;;;;;;;;;;;;
 ;00:49:47;4.200;0.082;442.4;31.0;;;;;;;;;;;;;;;;;;
 ;00:49:48;4.200;0.082;442.4;31.0;;;;;;;;;;;;;;;;;;
 ;00:49:49;4.200;0.082;442.5;31.0;;;;;;;;;;;;;;;;;;
 ;00:49:50;4.200;0.082;442.5;31.0;;;;;;;;;;;;;;;;;;
 ;00:49:51;4.200;0.081;442.5;31.0;;;;;;;;;;;;;;;;;;
 ;00:49:52;4.200;0.081;442.5;31.0;;;;;;;;;;;;;;;;;;
 ;00:49:53;4.200;0.081;442.5;31.0;;;;;;;;;;;;;;;;;;
 ;00:49:54;4.200;0.081;442.6;31.0;;;;;;;;;;;;;;;;;;
 ;00:49:55;4.200;0.081;442.6;31.0;;;;;;;;;;;;;;;;;;
 ;00:49:56;4.200;0.081;442.6;31.0;;;;;;;;;;;;;;;;;;
 ;00:49:57;4.200;0.081;442.6;31.0;;;;;;;;;;;;;;;;;;
 ;00:49:58;4.200;0.081;442.7;31.0;;;;;;;;;;;;;;;;;;
 ;00:49:59;4.200;0.081;442.7;31.0;;;;;;;;;;;;;;;;;;
 ;00:50:00;4.200;0.081;442.7;31.0;;;;;;;;;;;;;;;;;;
 ;00:50:01;4.200;0.081;442.7;31.0;;;;;;;;;;;;;;;;;;
 ;00:50:02;4.200;0.081;442.8;31.0;;;;;;;;;;;;;;;;;;
 ;00:50:03;4.200;0.081;442.8;31.0;;;;;;;;;;;;;;;;;;
 ;00:50:04;4.200;0.081;442.8;31.0;;;;;;;;;;;;;;;;;;
 ;00:50:05;4.200;0.080;442.8;31.0;;;;;;;;;;;;;;;;;;
 ;00:50:06;4.200;0.080;442.8;31.0;;;;;;;;;;;;;;;;;;
 ;00:50:07;4.200;0.080;442.9;31.0;;;;;;;;;;;;;;;;;;
 ;00:50:08;4.200;0.080;442.9;31.0;;;;;;;;;;;;;;;;;;
 ;00:50:09;4.200;0.080;442.9;31.0;;;;;;;;;;;;;;;;;;
 ;00:50:10;4.200;0.080;442.9;31.0;;;;;;;;;;;;;;;;;;
 ;00:50:11;4.200;0.080;443.0;31.0;;;;;;;;;;;;;;;;;;
 ;00:50:12;4.200;0.080;443.0;31.0;;;;;;;;;;;;;;;;;;
 ;00:50:13;4.200;0.080;443.0;31.0;;;;;;;;;;;;;;;;;;
 ;00:50:14;4.200;0.080;443.0;31.0;;;;;;;;;;;;;;;;;;
 ;00:50:15;4.200;0.080;443.0;31.0;;;;;;;;;;;;;;;;;;
 ;00:50:16;4.200;0.080;443.1;31.0;;;;;;;;;;;;;;;;;;
 ;00:50:17;4.200;0.080;443.1;31.0;;;;;;;;;;;;;;;;;;
 ;00:50:18;4.200;0.080;443.1;31.0;;;;;;;;;;;;;;;;;;
 ;00:50:19;4.200;0.080;443.1;31.0;;;;;;;;;;;;;;;;;;
 ;00:50:20;4.200;0.080;443.2;31.0;;;;;;;;;;;;;;;;;;
 ;00:50:21;4.200;0.080;443.2;31.0;;;;;;;;;;;;;;;;;;
 ;00:50:22;4.200;0.080;443.2;31.0;;;;;;;;;;;;;;;;;;
 ;00:50:23;4.200;0.080;443.2;31.0;;;;;;;;;;;;;;;;;;
 ;00:50:24;4.200;0.080;443.2;31.0;;;;;;;;;;;;;;;;;;
 ;00:50:25;4.200;0.080;443.3;31.0;;;;;;;;;;;;;;;;;;
 ;00:50:26;4.200;0.080;443.3;31.0;;;;;;;;;;;;;;;;;;
 ;00:50:27;4.200;0.080;443.3;31.0;;;;;;;;;;;;;;;;;;
 ;00:50:28;4.200;0.080;443.3;31.0;;;;;;;;;;;;;;;;;;
 ;00:50:29;4.200;0.080;443.4;31.0;;;;;;;;;;;;;;;;;;
 ;00:50:30;4.200;0.080;443.4;31.0;;;;;;;;;;;;;;;;;;
 ;00:50:31;4.200;0.079;443.4;31.0;;;;;;;;;;;;;;;;;;
 ;00:50:32;4.200;0.079;443.4;31.0;;;;;;;;;;;;;;;;;;
 ;00:50:33;4.200;0.079;443.4;31.0;;;;;;;;;;;;;;;;;;
 ;00:50:34;4.200;0.079;443.5;31.0;;;;;;;;;;;;;;;;;;
 ;00:50:35;4.200;0.079;443.5;31.0;;;;;;;;;;;;;;;;;;
 ;00:50:36;4.200;0.079;443.5;31.0;;;;;;;;;;;;;;;;;;
 ;00:50:37;4.200;0.079;443.5;31.0;;;;;;;;;;;;;;;;;;
 ;00:50:38;4.200;0.079;443.6;31.0;;;;;;;;;;;;;;;;;;
 ;00:50:39;4.200;0.079;443.6;31.0;;;;;;;;;;;;;;;;;;
 ;00:50:40;4.200;0.079;443.6;31.0;;;;;;;;;;;;;;;;;;
 ;00:50:41;4.200;0.079;443.6;31.0;;;;;;;;;;;;;;;;;;
 ;00:50:42;4.200;0.079;443.6;31.0;;;;;;;;;;;;;;;;;;
 ;00:50:43;4.200;0.079;443.7;30.9;;;;;;;;;;;;;;;;;;
 ;00:50:44;4.200;0.079;443.7;30.9;;;;;;;;;;;;;;;;;;
 ;00:50:45;4.200;0.079;443.7;30.9;;;;;;;;;;;;;;;;;;
 ;00:50:46;4.200;0.079;443.7;30.9;;;;;;;;;;;;;;;;;;
 ;00:50:47;4.200;0.078;443.7;30.9;;;;;;;;;;;;;;;;;;
 ;00:50:48;4.200;0.077;443.8;30.9;;;;;;;;;;;;;;;;;;
 ;00:50:49;4.200;0.077;443.8;30.9;;;;;;;;;;;;;;;;;;
 ;00:50:50;4.200;0.077;443.8;30.9;;;;;;;;;;;;;;;;;;
 ;00:50:51;4.200;0.077;443.8;30.9;;;;;;;;;;;;;;;;;;
 ;00:50:52;4.200;0.077;443.9;30.9;;;;;;;;;;;;;;;;;;
 ;00:50:53;4.200;0.077;443.9;30.9;;;;;;;;;;;;;;;;;;
 ;00:50:54;4.200;0.077;443.9;30.9;;;;;;;;;;;;;;;;;;
 ;00:50:55;4.200;0.077;443.9;30.9;;;;;;;;;;;;;;;;;;
 ;00:50:56;4.200;0.077;443.9;30.9;;;;;;;;;;;;;;;;;;
 ;00:50:57;4.200;0.077;444.0;30.9;;;;;;;;;;;;;;;;;;
 ;00:50:58;4.200;0.077;444.0;30.9;;;;;;;;;;;;;;;;;;
 ;00:50:59;4.200;0.077;444.0;30.9;;;;;;;;;;;;;;;;;;
 ;00:51:00;4.200;0.077;444.0;30.9;;;;;;;;;;;;;;;;;;
 ;00:51:01;4.200;0.077;444.0;30.9;;;;;;;;;;;;;;;;;;
 ;00:51:02;4.200;0.077;444.1;30.9;;;;;;;;;;;;;;;;;;
 ;00:51:03;4.200;0.077;444.1;30.9;;;;;;;;;;;;;;;;;;
 ;00:51:04;4.200;0.077;444.1;30.9;;;;;;;;;;;;;;;;;;
 ;00:51:05;4.200;0.077;444.1;30.9;;;;;;;;;;;;;;;;;;
 ;00:51:06;4.200;0.077;444.2;30.9;;;;;;;;;;;;;;;;;;
 ;00:51:07;4.200;0.077;444.2;30.9;;;;;;;;;;;;;;;;;;
 ;00:51:08;4.200;0.077;444.2;30.9;;;;;;;;;;;;;;;;;;
 ;00:51:09;4.200;0.077;444.2;30.9;;;;;;;;;;;;;;;;;;
 ;00:51:10;4.200;0.077;444.2;30.9;;;;;;;;;;;;;;;;;;
 ;00:51:11;4.200;0.077;444.3;30.9;;;;;;;;;;;;;;;;;;
 ;00:51:12;4.200;0.077;444.3;30.9;;;;;;;;;;;;;;;;;;
 ;00:51:13;4.200;0.077;444.3;30.9;;;;;;;;;;;;;;;;;;
 ;00:51:14;4.200;0.077;444.3;30.9;;;;;;;;;;;;;;;;;;
 ;00:51:15;4.200;0.077;444.3;30.9;;;;;;;;;;;;;;;;;;
 ;00:51:16;4.200;0.077;444.4;30.9;;;;;;;;;;;;;;;;;;
 ;00:51:17;4.200;0.077;444.4;30.9;;;;;;;;;;;;;;;;;;
 ;00:51:18;4.200;0.077;444.4;30.9;;;;;;;;;;;;;;;;;;
 ;00:51:19;4.200;0.077;444.4;30.9;;;;;;;;;;;;;;;;;;
 ;00:51:20;4.200;0.077;444.5;30.9;;;;;;;;;;;;;;;;;;
 ;00:51:21;4.200;0.077;444.5;30.9;;;;;;;;;;;;;;;;;;
 ;00:51:22;4.200;0.077;444.5;30.9;;;;;;;;;;;;;;;;;;
 ;00:51:23;4.200;0.077;444.5;30.9;;;;;;;;;;;;;;;;;;
 ;00:51:24;4.200;0.076;444.5;30.9;;;;;;;;;;;;;;;;;;
 ;00:51:25;4.200;0.076;444.6;30.9;;;;;;;;;;;;;;;;;;
 ;00:51:26;4.200;0.076;444.6;30.9;;;;;;;;;;;;;;;;;;
 ;00:51:27;4.200;0.076;444.6;30.9;;;;;;;;;;;;;;;;;;
 ;00:51:28;4.200;0.076;444.6;30.9;;;;;;;;;;;;;;;;;;
 ;00:51:29;4.200;0.076;444.6;30.9;;;;;;;;;;;;;;;;;;
 ;00:51:30;4.200;0.076;444.7;30.9;;;;;;;;;;;;;;;;;;
 ;00:51:31;4.200;0.076;444.7;30.9;;;;;;;;;;;;;;;;;;
 ;00:51:32;4.200;0.076;444.7;30.9;;;;;;;;;;;;;;;;;;
 ;00:51:33;4.200;0.076;444.7;30.9;;;;;;;;;;;;;;;;;;
 ;00:51:34;4.200;0.076;444.8;30.9;;;;;;;;;;;;;;;;;;
 ;00:51:35;4.200;0.076;444.8;30.9;;;;;;;;;;;;;;;;;;
 ;00:51:36;4.200;0.076;444.8;30.9;;;;;;;;;;;;;;;;;;
 ;00:51:37;4.200;0.076;444.8;30.9;;;;;;;;;;;;;;;;;;
 ;00:51:38;4.200;0.076;444.8;30.9;;;;;;;;;;;;;;;;;;
 ;00:51:39;4.200;0.075;444.9;30.9;;;;;;;;;;;;;;;;;;
 ;00:51:40;4.200;0.075;444.9;30.9;;;;;;;;;;;;;;;;;;
 ;00:51:41;4.200;0.075;444.9;30.9;;;;;;;;;;;;;;;;;;
 ;00:51:42;4.200;0.075;444.9;30.9;;;;;;;;;;;;;;;;;;
 ;00:51:43;4.200;0.075;444.9;30.9;;;;;;;;;;;;;;;;;;
 ;00:51:44;4.200;0.075;445.0;30.9;;;;;;;;;;;;;;;;;;
 ;00:51:45;4.200;0.075;445.0;30.9;;;;;;;;;;;;;;;;;;
 ;00:51:46;4.200;0.075;445.0;30.9;;;;;;;;;;;;;;;;;;
 ;00:51:47;4.200;0.075;445.0;30.9;;;;;;;;;;;;;;;;;;
 ;00:51:48;4.200;0.075;445.0;30.9;;;;;;;;;;;;;;;;;;
 ;00:51:49;4.200;0.075;445.1;30.9;;;;;;;;;;;;;;;;;;
 ;00:51:50;4.200;0.075;445.1;30.9;;;;;;;;;;;;;;;;;;
 ;00:51:51;4.200;0.075;445.1;30.9;;;;;;;;;;;;;;;;;;
 ;00:51:52;4.200;0.075;445.1;30.9;;;;;;;;;;;;;;;;;;
 ;00:51:53;4.200;0.075;445.1;30.9;;;;;;;;;;;;;;;;;;
 ;00:51:54;4.200;0.075;445.2;30.9;;;;;;;;;;;;;;;;;;
 ;00:51:55;4.200;0.075;445.2;30.9;;;;;;;;;;;;;;;;;;
 ;00:51:56;4.200;0.075;445.2;30.9;;;;;;;;;;;;;;;;;;
 ;00:51:57;4.200;0.075;445.2;30.9;;;;;;;;;;;;;;;;;;
 ;00:51:58;4.200;0.075;445.3;30.9;;;;;;;;;;;;;;;;;;
 ;00:51:59;4.200;0.075;445.3;30.9;;;;;;;;;;;;;;;;;;
 ;00:52:00;4.200;0.075;445.3;30.9;;;;;;;;;;;;;;;;;;
 ;00:52:01;4.200;0.075;445.3;30.9;;;;;;;;;;;;;;;;;;
 ;00:52:02;4.200;0.075;445.3;30.9;;;;;;;;;;;;;;;;;;
 ;00:52:03;4.200;0.075;445.4;30.9;;;;;;;;;;;;;;;;;;
 ;00:52:04;4.200;0.075;445.4;30.9;;;;;;;;;;;;;;;;;;
 ;00:52:05;4.200;0.075;445.4;30.9;;;;;;;;;;;;;;;;;;
 ;00:52:06;4.200;0.075;445.4;30.9;;;;;;;;;;;;;;;;;;
 ;00:52:07;4.200;0.075;445.4;30.9;;;;;;;;;;;;;;;;;;
 ;00:52:08;4.200;0.075;445.5;30.9;;;;;;;;;;;;;;;;;;
 ;00:52:09;4.200;0.075;445.5;30.9;;;;;;;;;;;;;;;;;;
 ;00:52:10;4.200;0.075;445.5;30.9;;;;;;;;;;;;;;;;;;
 ;00:52:11;4.200;0.075;445.5;30.9;;;;;;;;;;;;;;;;;;
 ;00:52:12;4.200;0.075;445.5;30.9;;;;;;;;;;;;;;;;;;
 ;00:52:13;4.200;0.075;445.6;30.9;;;;;;;;;;;;;;;;;;
 ;00:52:14;4.200;0.075;445.6;30.8;;;;;;;;;;;;;;;;;;
 ;00:52:15;4.200;0.075;445.6;30.8;;;;;;;;;;;;;;;;;;
 ;00:52:16;4.200;0.075;445.6;30.8;;;;;;;;;;;;;;;;;;
 ;00:52:17;4.200;0.075;445.6;30.8;;;;;;;;;;;;;;;;;;
 ;00:52:18;4.200;0.074;445.7;30.8;;;;;;;;;;;;;;;;;;
 ;00:52:19;4.200;0.074;445.7;30.8;;;;;;;;;;;;;;;;;;
 ;00:52:20;4.200;0.074;445.7;30.8;;;;;;;;;;;;;;;;;;
 ;00:52:21;4.200;0.074;445.7;30.8;;;;;;;;;;;;;;;;;;
 ;00:52:22;4.200;0.074;445.8;30.8;;;;;;;;;;;;;;;;;;
 ;00:52:23;4.200;0.074;445.8;30.8;;;;;;;;;;;;;;;;;;
 ;00:52:24;4.200;0.074;445.8;30.8;;;;;;;;;;;;;;;;;;
 ;00:52:25;4.200;0.074;445.8;30.8;;;;;;;;;;;;;;;;;;
 ;00:52:26;4.200;0.074;445.8;30.8;;;;;;;;;;;;;;;;;;
 ;00:52:27;4.200;0.074;445.9;30.8;;;;;;;;;;;;;;;;;;
 ;00:52:28;4.200;0.074;445.9;30.8;;;;;;;;;;;;;;;;;;
 ;00:52:29;4.200;0.074;445.9;30.8;;;;;;;;;;;;;;;;;;
 ;00:52:30;4.200;0.074;445.9;30.8;;;;;;;;;;;;;;;;;;
 ;00:52:31;4.200;0.073;445.9;30.8;;;;;;;;;;;;;;;;;;
 ;00:52:32;4.200;0.073;446.0;30.8;;;;;;;;;;;;;;;;;;
 ;00:52:33;4.200;0.073;446.0;30.8;;;;;;;;;;;;;;;;;;
 ;00:52:34;4.200;0.073;446.0;30.8;;;;;;;;;;;;;;;;;;
 ;00:52:35;4.200;0.073;446.0;30.8;;;;;;;;;;;;;;;;;;
 ;00:52:36;4.200;0.073;446.0;30.8;;;;;;;;;;;;;;;;;;
 ;00:52:37;4.200;0.073;446.1;30.8;;;;;;;;;;;;;;;;;;
 ;00:52:38;4.200;0.073;446.1;30.8;;;;;;;;;;;;;;;;;;
 ;00:52:39;4.200;0.073;446.1;30.8;;;;;;;;;;;;;;;;;;
 ;00:52:40;4.200;0.073;446.1;30.8;;;;;;;;;;;;;;;;;;
 ;00:52:41;4.200;0.073;446.1;30.8;;;;;;;;;;;;;;;;;;
 ;00:52:42;4.200;0.073;446.2;30.8;;;;;;;;;;;;;;;;;;
 ;00:52:43;4.200;0.073;446.2;30.8;;;;;;;;;;;;;;;;;;
 ;00:52:44;4.200;0.072;446.2;30.8;;;;;;;;;;;;;;;;;;
 ;00:52:45;4.200;0.072;446.2;30.8;;;;;;;;;;;;;;;;;;
 ;00:52:46;4.200;0.072;446.2;30.8;;;;;;;;;;;;;;;;;;
 ;00:52:47;4.200;0.072;446.3;30.8;;;;;;;;;;;;;;;;;;
 ;00:52:48;4.200;0.072;446.3;30.8;;;;;;;;;;;;;;;;;;
 ;00:52:49;4.200;0.072;446.3;30.8;;;;;;;;;;;;;;;;;;
 ;00:52:50;4.200;0.072;446.3;30.8;;;;;;;;;;;;;;;;;;
 ;00:52:51;4.200;0.072;446.3;30.8;;;;;;;;;;;;;;;;;;
 ;00:52:52;4.200;0.072;446.4;30.8;;;;;;;;;;;;;;;;;;
 ;00:52:53;4.200;0.071;446.4;30.8;;;;;;;;;;;;;;;;;;
 ;00:52:54;4.200;0.071;446.4;30.8;;;;;;;;;;;;;;;;;;
 ;00:52:55;4.200;0.071;446.4;30.8;;;;;;;;;;;;;;;;;;
 ;00:52:56;4.200;0.071;446.4;30.8;;;;;;;;;;;;;;;;;;
 ;00:52:57;4.200;0.071;446.5;30.8;;;;;;;;;;;;;;;;;;
 ;00:52:58;4.200;0.071;446.5;30.8;;;;;;;;;;;;;;;;;;
 ;00:52:59;4.200;0.071;446.5;30.8;;;;;;;;;;;;;;;;;;
 ;00:53:00;4.200;0.071;446.5;30.8;;;;;;;;;;;;;;;;;;
 ;00:53:01;4.200;0.071;446.5;30.8;;;;;;;;;;;;;;;;;;
 ;00:53:02;4.200;0.071;446.6;30.8;;;;;;;;;;;;;;;;;;
 ;00:53:03;4.200;0.071;446.6;30.8;;;;;;;;;;;;;;;;;;
 ;00:53:04;4.200;0.071;446.6;30.8;;;;;;;;;;;;;;;;;;
 ;00:53:05;4.200;0.071;446.6;30.8;;;;;;;;;;;;;;;;;;
 ;00:53:06;4.200;0.071;446.6;30.8;;;;;;;;;;;;;;;;;;
 ;00:53:07;4.200;0.071;446.7;30.8;;;;;;;;;;;;;;;;;;
 ;00:53:08;4.200;0.071;446.7;30.8;;;;;;;;;;;;;;;;;;
 ;00:53:09;4.200;0.071;446.7;30.8;;;;;;;;;;;;;;;;;;
 ;00:53:10;4.200;0.071;446.7;30.8;;;;;;;;;;;;;;;;;;
 ;00:53:11;4.200;0.071;446.7;30.8;;;;;;;;;;;;;;;;;;
 ;00:53:12;4.200;0.071;446.8;30.8;;;;;;;;;;;;;;;;;;
 ;00:53:13;4.200;0.071;446.8;30.8;;;;;;;;;;;;;;;;;;
 ;00:53:14;4.200;0.071;446.8;30.8;;;;;;;;;;;;;;;;;;
 ;00:53:15;4.200;0.071;446.8;30.8;;;;;;;;;;;;;;;;;;
 ;00:53:16;4.200;0.071;446.8;30.8;;;;;;;;;;;;;;;;;;
 ;00:53:17;4.200;0.071;446.9;30.8;;;;;;;;;;;;;;;;;;
 ;00:53:18;4.200;0.071;446.9;30.8;;;;;;;;;;;;;;;;;;
 ;00:53:19;4.200;0.071;446.9;30.8;;;;;;;;;;;;;;;;;;
 ;00:53:20;4.200;0.071;446.9;30.8;;;;;;;;;;;;;;;;;;
 ;00:53:21;4.200;0.071;446.9;30.8;;;;;;;;;;;;;;;;;;
 ;00:53:22;4.200;0.071;447.0;30.8;;;;;;;;;;;;;;;;;;
 ;00:53:23;4.200;0.071;447.0;30.8;;;;;;;;;;;;;;;;;;
 ;00:53:24;4.200;0.071;447.0;30.8;;;;;;;;;;;;;;;;;;
 ;00:53:25;4.200;0.070;447.0;30.8;;;;;;;;;;;;;;;;;;
 ;00:53:26;4.200;0.070;447.0;30.8;;;;;;;;;;;;;;;;;;
 ;00:53:27;4.200;0.070;447.0;30.8;;;;;;;;;;;;;;;;;;
 ;00:53:28;4.200;0.070;447.1;30.8;;;;;;;;;;;;;;;;;;
 ;00:53:29;4.200;0.070;447.1;30.8;;;;;;;;;;;;;;;;;;
 ;00:53:30;4.200;0.070;447.1;30.8;;;;;;;;;;;;;;;;;;
 ;00:53:31;4.200;0.070;447.1;30.8;;;;;;;;;;;;;;;;;;
 ;00:53:32;4.200;0.070;447.1;30.8;;;;;;;;;;;;;;;;;;
 ;00:53:33;4.200;0.070;447.2;30.8;;;;;;;;;;;;;;;;;;
 ;00:53:34;4.200;0.070;447.2;30.8;;;;;;;;;;;;;;;;;;
 ;00:53:35;4.200;0.070;447.2;30.8;;;;;;;;;;;;;;;;;;
 ;00:53:36;4.200;0.070;447.2;30.8;;;;;;;;;;;;;;;;;;
 ;00:53:37;4.200;0.070;447.2;30.8;;;;;;;;;;;;;;;;;;
 ;00:53:38;4.200;0.070;447.3;30.8;;;;;;;;;;;;;;;;;;
 ;00:53:39;4.200;0.070;447.3;30.8;;;;;;;;;;;;;;;;;;
 ;00:53:40;4.200;0.070;447.3;30.8;;;;;;;;;;;;;;;;;;
 ;00:53:41;4.200;0.070;447.3;30.8;;;;;;;;;;;;;;;;;;
 ;00:53:42;4.200;0.070;447.3;30.8;;;;;;;;;;;;;;;;;;
 ;00:53:43;4.200;0.070;447.4;30.8;;;;;;;;;;;;;;;;;;
 ;00:53:44;4.200;0.070;447.4;30.8;;;;;;;;;;;;;;;;;;
 ;00:53:45;4.200;0.070;447.4;30.8;;;;;;;;;;;;;;;;;;
 ;00:53:46;4.200;0.070;447.4;30.8;;;;;;;;;;;;;;;;;;
 ;00:53:47;4.200;0.070;447.4;30.8;;;;;;;;;;;;;;;;;;
 ;00:53:48;4.200;0.069;447.5;30.8;;;;;;;;;;;;;;;;;;
 ;00:53:49;4.200;0.069;447.5;30.8;;;;;;;;;;;;;;;;;;
 ;00:53:50;4.200;0.069;447.5;30.8;;;;;;;;;;;;;;;;;;
 ;00:53:51;4.200;0.069;447.5;30.8;;;;;;;;;;;;;;;;;;
 ;00:53:52;4.200;0.069;447.5;30.8;;;;;;;;;;;;;;;;;;
 ;00:53:53;4.200;0.069;447.6;30.8;;;;;;;;;;;;;;;;;;
 ;00:53:54;4.200;0.069;447.6;30.8;;;;;;;;;;;;;;;;;;
 ;00:53:55;4.200;0.069;447.6;30.8;;;;;;;;;;;;;;;;;;
 ;00:53:56;4.200;0.069;447.6;30.8;;;;;;;;;;;;;;;;;;
 ;00:53:57;4.200;0.069;447.6;30.7;;;;;;;;;;;;;;;;;;
 ;00:53:58;4.200;0.069;447.6;30.7;;;;;;;;;;;;;;;;;;
 ;00:53:59;4.200;0.069;447.7;30.7;;;;;;;;;;;;;;;;;;
 ;00:54:00;4.200;0.069;447.7;30.7;;;;;;;;;;;;;;;;;;
 ;00:54:01;4.200;0.069;447.7;30.7;;;;;;;;;;;;;;;;;;
 ;00:54:02;4.200;0.069;447.7;30.7;;;;;;;;;;;;;;;;;;
 ;00:54:03;4.200;0.069;447.7;30.7;;;;;;;;;;;;;;;;;;
 ;00:54:04;4.200;0.069;447.8;30.7;;;;;;;;;;;;;;;;;;
 ;00:54:05;4.200;0.069;447.8;30.7;;;;;;;;;;;;;;;;;;
 ;00:54:06;4.200;0.069;447.8;30.7;;;;;;;;;;;;;;;;;;
 ;00:54:07;4.200;0.068;447.8;30.7;;;;;;;;;;;;;;;;;;
 ;00:54:08;4.200;0.068;447.8;30.7;;;;;;;;;;;;;;;;;;
 ;00:54:09;4.200;0.068;447.9;30.7;;;;;;;;;;;;;;;;;;
 ;00:54:10;4.200;0.068;447.9;30.7;;;;;;;;;;;;;;;;;;
 ;00:54:11;4.200;0.068;447.9;30.7;;;;;;;;;;;;;;;;;;
 ;00:54:12;4.200;0.068;447.9;30.7;;;;;;;;;;;;;;;;;;
 ;00:54:13;4.200;0.068;447.9;30.7;;;;;;;;;;;;;;;;;;
 ;00:54:14;4.200;0.068;448.0;30.7;;;;;;;;;;;;;;;;;;
 ;00:54:15;4.200;0.068;448.0;30.7;;;;;;;;;;;;;;;;;;
 ;00:54:16;4.200;0.068;448.0;30.7;;;;;;;;;;;;;;;;;;
 ;00:54:17;4.200;0.068;448.0;30.7;;;;;;;;;;;;;;;;;;
 ;00:54:18;4.200;0.068;448.0;30.7;;;;;;;;;;;;;;;;;;
 ;00:54:19;4.200;0.068;448.0;30.7;;;;;;;;;;;;;;;;;;
 ;00:54:20;4.200;0.068;448.1;30.7;;;;;;;;;;;;;;;;;;
 ;00:54:21;4.200;0.068;448.1;30.7;;;;;;;;;;;;;;;;;;
 ;00:54:22;4.200;0.068;448.1;30.7;;;;;;;;;;;;;;;;;;
 ;00:54:23;4.200;0.068;448.1;30.7;;;;;;;;;;;;;;;;;;
 ;00:54:24;4.200;0.068;448.1;30.7;;;;;;;;;;;;;;;;;;
 ;00:54:25;4.200;0.068;448.2;30.7;;;;;;;;;;;;;;;;;;
 ;00:54:26;4.200;0.068;448.2;30.7;;;;;;;;;;;;;;;;;;
 ;00:54:27;4.200;0.068;448.2;30.7;;;;;;;;;;;;;;;;;;
 ;00:54:28;4.200;0.068;448.2;30.7;;;;;;;;;;;;;;;;;;
 ;00:54:29;4.200;0.067;448.2;30.7;;;;;;;;;;;;;;;;;;
 ;00:54:30;4.200;0.066;448.3;30.7;;;;;;;;;;;;;;;;;;
 ;00:54:31;4.200;0.066;448.3;30.7;;;;;;;;;;;;;;;;;;
 ;00:54:32;4.200;0.066;448.3;30.7;;;;;;;;;;;;;;;;;;
 ;00:54:33;4.200;0.066;448.3;30.7;;;;;;;;;;;;;;;;;;
 ;00:54:34;4.200;0.066;448.3;30.7;;;;;;;;;;;;;;;;;;
 ;00:54:35;4.200;0.066;448.3;30.7;;;;;;;;;;;;;;;;;;
 ;00:54:36;4.200;0.066;448.4;30.7;;;;;;;;;;;;;;;;;;
 ;00:54:37;4.200;0.066;448.4;30.7;;;;;;;;;;;;;;;;;;
 ;00:54:38;4.200;0.066;448.4;30.7;;;;;;;;;;;;;;;;;;
 ;00:54:39;4.200;0.066;448.4;30.7;;;;;;;;;;;;;;;;;;
 ;00:54:40;4.200;0.066;448.4;30.7;;;;;;;;;;;;;;;;;;
 ;00:54:41;4.200;0.066;448.5;30.7;;;;;;;;;;;;;;;;;;
 ;00:54:42;4.200;0.065;448.5;30.7;;;;;;;;;;;;;;;;;;
 ;00:54:43;4.200;0.065;448.5;30.7;;;;;;;;;;;;;;;;;;
 ;00:54:44;4.200;0.065;448.5;30.7;;;;;;;;;;;;;;;;;;
 ;00:54:45;4.200;0.065;448.5;30.7;;;;;;;;;;;;;;;;;;
 ;00:54:46;4.200;0.065;448.5;30.7;;;;;;;;;;;;;;;;;;
 ;00:54:47;4.200;0.065;448.6;30.7;;;;;;;;;;;;;;;;;;
 ;00:54:48;4.200;0.065;448.6;30.7;;;;;;;;;;;;;;;;;;
 ;00:54:49;4.200;0.065;448.6;30.7;;;;;;;;;;;;;;;;;;
 ;00:54:50;4.200;0.065;448.6;30.7;;;;;;;;;;;;;;;;;;
 ;00:54:51;4.200;0.065;448.6;30.7;;;;;;;;;;;;;;;;;;
 ;00:54:52;4.200;0.065;448.7;30.7;;;;;;;;;;;;;;;;;;
 ;00:54:53;4.200;0.065;448.7;30.7;;;;;;;;;;;;;;;;;;
 ;00:54:54;4.200;0.065;448.7;30.7;;;;;;;;;;;;;;;;;;
 ;00:54:55;4.200;0.065;448.7;30.7;;;;;;;;;;;;;;;;;;
 ;00:54:56;4.200;0.065;448.7;30.7;;;;;;;;;;;;;;;;;;
 ;00:54:57;4.200;0.065;448.7;30.7;;;;;;;;;;;;;;;;;;
 ;00:54:58;4.200;0.065;448.8;30.7;;;;;;;;;;;;;;;;;;
 ;00:54:59;4.200;0.065;448.8;30.7;;;;;;;;;;;;;;;;;;
 ;00:55:00;4.200;0.065;448.8;30.7;;;;;;;;;;;;;;;;;;
 ;00:55:01;4.200;0.065;448.8;30.7;;;;;;;;;;;;;;;;;;
 ;00:55:02;4.200;0.065;448.8;30.7;;;;;;;;;;;;;;;;;;
 ;00:55:03;4.200;0.065;448.9;30.7;;;;;;;;;;;;;;;;;;
 ;00:55:04;4.200;0.065;448.9;30.7;;;;;;;;;;;;;;;;;;
 ;00:55:05;4.200;0.065;448.9;30.7;;;;;;;;;;;;;;;;;;
 ;00:55:06;4.200;0.065;448.9;30.7;;;;;;;;;;;;;;;;;;
 ;00:55:07;4.200;0.065;448.9;30.7;;;;;;;;;;;;;;;;;;
 ;00:55:08;4.200;0.065;448.9;30.7;;;;;;;;;;;;;;;;;;
 ;00:55:09;4.200;0.065;449.0;30.7;;;;;;;;;;;;;;;;;;
 ;00:55:10;4.200;0.064;449.0;30.7;;;;;;;;;;;;;;;;;;
 ;00:55:11;4.200;0.064;449.0;30.7;;;;;;;;;;;;;;;;;;
 ;00:55:12;4.200;0.064;449.0;30.7;;;;;;;;;;;;;;;;;;
 ;00:55:13;4.200;0.064;449.0;30.7;;;;;;;;;;;;;;;;;;
 ;00:55:14;4.200;0.064;449.1;30.7;;;;;;;;;;;;;;;;;;
 ;00:55:15;4.200;0.064;449.1;30.7;;;;;;;;;;;;;;;;;;
 ;00:55:16;4.200;0.064;449.1;30.7;;;;;;;;;;;;;;;;;;
 ;00:55:17;4.200;0.064;449.1;30.7;;;;;;;;;;;;;;;;;;
 ;00:55:18;4.200;0.064;449.1;30.7;;;;;;;;;;;;;;;;;;
 ;00:55:19;4.200;0.064;449.1;30.7;;;;;;;;;;;;;;;;;;
 ;00:55:20;4.200;0.064;449.2;30.7;;;;;;;;;;;;;;;;;;
 ;00:55:21;4.200;0.064;449.2;30.7;;;;;;;;;;;;;;;;;;
 ;00:55:22;4.200;0.064;449.2;30.7;;;;;;;;;;;;;;;;;;
 ;00:55:23;4.200;0.064;449.2;30.7;;;;;;;;;;;;;;;;;;
 ;00:55:24;4.200;0.064;449.2;30.7;;;;;;;;;;;;;;;;;;
 ;00:55:25;4.200;0.064;449.2;30.7;;;;;;;;;;;;;;;;;;
 ;00:55:26;4.200;0.064;449.3;30.7;;;;;;;;;;;;;;;;;;
 ;00:55:27;4.200;0.064;449.3;30.7;;;;;;;;;;;;;;;;;;
 ;00:55:28;4.200;0.064;449.3;30.7;;;;;;;;;;;;;;;;;;
 ;00:55:29;4.200;0.064;449.3;30.7;;;;;;;;;;;;;;;;;;
 ;00:55:30;4.200;0.064;449.3;30.7;;;;;;;;;;;;;;;;;;
 ;00:55:31;4.200;0.063;449.4;30.7;;;;;;;;;;;;;;;;;;
 ;00:55:32;4.200;0.063;449.4;30.7;;;;;;;;;;;;;;;;;;
 ;00:55:33;4.200;0.063;449.4;30.7;;;;;;;;;;;;;;;;;;
 ;00:55:34;4.200;0.063;449.4;30.7;;;;;;;;;;;;;;;;;;
 ;00:55:35;4.200;0.063;449.4;30.7;;;;;;;;;;;;;;;;;;
 ;00:55:36;4.200;0.063;449.4;30.7;;;;;;;;;;;;;;;;;;
 ;00:55:37;4.200;0.063;449.5;30.7;;;;;;;;;;;;;;;;;;
 ;00:55:38;4.200;0.063;449.5;30.7;;;;;;;;;;;;;;;;;;
 ;00:55:39;4.200;0.063;449.5;30.7;;;;;;;;;;;;;;;;;;
 ;00:55:40;4.200;0.063;449.5;30.7;;;;;;;;;;;;;;;;;;
 ;00:55:41;4.200;0.063;449.5;30.7;;;;;;;;;;;;;;;;;;
 ;00:55:42;4.200;0.063;449.5;30.7;;;;;;;;;;;;;;;;;;
 ;00:55:43;4.200;0.063;449.6;30.7;;;;;;;;;;;;;;;;;;
 ;00:55:44;4.200;0.063;449.6;30.7;;;;;;;;;;;;;;;;;;
 ;00:55:45;4.200;0.063;449.6;30.7;;;;;;;;;;;;;;;;;;
 ;00:55:46;4.200;0.063;449.6;30.7;;;;;;;;;;;;;;;;;;
 ;00:55:47;4.200;0.063;449.6;30.7;;;;;;;;;;;;;;;;;;
 ;00:55:48;4.200;0.063;449.7;30.7;;;;;;;;;;;;;;;;;;
 ;00:55:49;4.200;0.063;449.7;30.7;;;;;;;;;;;;;;;;;;
 ;00:55:50;4.200;0.063;449.7;30.7;;;;;;;;;;;;;;;;;;
 ;00:55:51;4.200;0.063;449.7;30.7;;;;;;;;;;;;;;;;;;
 ;00:55:52;4.200;0.062;449.7;30.7;;;;;;;;;;;;;;;;;;
 ;00:55:53;4.200;0.061;449.7;30.7;;;;;;;;;;;;;;;;;;
 ;00:55:54;4.200;0.061;449.8;30.7;;;;;;;;;;;;;;;;;;
 ;00:55:55;4.200;0.061;449.8;30.7;;;;;;;;;;;;;;;;;;
 ;00:55:56;4.200;0.061;449.8;30.7;;;;;;;;;;;;;;;;;;
 ;00:55:57;4.200;0.061;449.8;30.7;;;;;;;;;;;;;;;;;;
 ;00:55:58;4.200;0.061;449.8;30.7;;;;;;;;;;;;;;;;;;
 ;00:55:59;4.200;0.061;449.8;30.7;;;;;;;;;;;;;;;;;;
 ;00:56:00;4.200;0.061;449.9;30.7;;;;;;;;;;;;;;;;;;
 ;00:56:01;4.200;0.061;449.9;30.7;;;;;;;;;;;;;;;;;;
 ;00:56:02;4.200;0.061;449.9;30.7;;;;;;;;;;;;;;;;;;
 ;00:56:03;4.200;0.061;449.9;30.7;;;;;;;;;;;;;;;;;;
 ;00:56:04;4.200;0.061;449.9;30.7;;;;;;;;;;;;;;;;;;
 ;00:56:05;4.200;0.061;449.9;30.7;;;;;;;;;;;;;;;;;;
 ;00:56:06;4.200;0.061;450.0;30.7;;;;;;;;;;;;;;;;;;
 ;00:56:07;4.200;0.061;450.0;30.7;;;;;;;;;;;;;;;;;;
 ;00:56:08;4.200;0.061;450.0;30.7;;;;;;;;;;;;;;;;;;
 ;00:56:09;4.200;0.061;450.0;30.7;;;;;;;;;;;;;;;;;;
 ;00:56:10;4.200;0.061;450.0;30.7;;;;;;;;;;;;;;;;;;
 ;00:56:11;4.200;0.061;450.0;30.7;;;;;;;;;;;;;;;;;;
 ;00:56:12;4.200;0.061;450.1;30.7;;;;;;;;;;;;;;;;;;
 ;00:56:13;4.200;0.061;450.1;30.7;;;;;;;;;;;;;;;;;;
 ;00:56:14;4.200;0.061;450.1;30.7;;;;;;;;;;;;;;;;;;
 ;00:56:15;4.200;0.061;450.1;30.7;;;;;;;;;;;;;;;;;;
 ;00:56:16;4.200;0.061;450.1;30.7;;;;;;;;;;;;;;;;;;
 ;00:56:17;4.200;0.061;450.1;30.7;;;;;;;;;;;;;;;;;;
 ;00:56:18;4.200;0.061;450.2;30.7;;;;;;;;;;;;;;;;;;
 ;00:56:19;4.200;0.061;450.2;30.7;;;;;;;;;;;;;;;;;;
 ;00:56:20;4.200;0.061;450.2;30.7;;;;;;;;;;;;;;;;;;
 ;00:56:21;4.200;0.061;450.2;30.7;;;;;;;;;;;;;;;;;;
 ;00:56:22;4.200;0.061;450.2;30.7;;;;;;;;;;;;;;;;;;
 ;00:56:23;4.200;0.061;450.3;30.7;;;;;;;;;;;;;;;;;;
 ;00:56:24;4.200;0.061;450.3;30.7;;;;;;;;;;;;;;;;;;
 ;00:56:25;4.200;0.061;450.3;30.6;;;;;;;;;;;;;;;;;;
 ;00:56:26;4.200;0.061;450.3;30.7;;;;;;;;;;;;;;;;;;
 ;00:56:27;4.200;0.061;450.3;30.7;;;;;;;;;;;;;;;;;;
 ;00:56:28;4.200;0.061;450.3;30.7;;;;;;;;;;;;;;;;;;
 ;00:56:29;4.200;0.061;450.4;30.6;;;;;;;;;;;;;;;;;;
 ;00:56:30;4.200;0.061;450.4;30.6;;;;;;;;;;;;;;;;;;
 ;00:56:31;4.200;0.061;450.4;30.6;;;;;;;;;;;;;;;;;;
 ;00:56:32;4.200;0.061;450.4;30.6;;;;;;;;;;;;;;;;;;
 ;00:56:33;4.200;0.061;450.4;30.6;;;;;;;;;;;;;;;;;;
 ;00:56:34;4.200;0.061;450.4;30.6;;;;;;;;;;;;;;;;;;
 ;00:56:35;4.200;0.061;450.5;30.6;;;;;;;;;;;;;;;;;;
 ;00:56:36;4.200;0.061;450.5;30.6;;;;;;;;;;;;;;;;;;
 ;00:56:37;4.200;0.061;450.5;30.6;;;;;;;;;;;;;;;;;;
 ;00:56:38;4.200;0.061;450.5;30.6;;;;;;;;;;;;;;;;;;
 ;00:56:39;4.200;0.061;450.5;30.6;;;;;;;;;;;;;;;;;;
 ;00:56:40;4.200;0.061;450.5;30.6;;;;;;;;;;;;;;;;;;
 ;00:56:41;4.200;0.061;450.6;30.6;;;;;;;;;;;;;;;;;;
 ;00:56:42;4.200;0.060;450.6;30.6;;;;;;;;;;;;;;;;;;
 ;00:56:43;4.200;0.060;450.6;30.6;;;;;;;;;;;;;;;;;;
 ;00:56:44;4.200;0.060;450.6;30.6;;;;;;;;;;;;;;;;;;
 ;00:56:45;4.200;0.060;450.6;30.6;;;;;;;;;;;;;;;;;;
 ;00:56:46;4.200;0.060;450.6;30.6;;;;;;;;;;;;;;;;;;
 ;00:56:47;4.200;0.060;450.7;30.6;;;;;;;;;;;;;;;;;;
 ;00:56:48;4.200;0.060;450.7;30.6;;;;;;;;;;;;;;;;;;
 ;00:56:49;4.200;0.060;450.7;30.6;;;;;;;;;;;;;;;;;;
 ;00:56:50;4.200;0.060;450.7;30.6;;;;;;;;;;;;;;;;;;
 ;00:56:51;4.200;0.060;450.7;30.6;;;;;;;;;;;;;;;;;;
 ;00:56:52;4.200;0.060;450.7;30.6;;;;;;;;;;;;;;;;;;
 ;00:56:53;4.200;0.060;450.8;30.6;;;;;;;;;;;;;;;;;;
 ;00:56:54;4.200;0.060;450.8;30.6;;;;;;;;;;;;;;;;;;
 ;00:56:55;4.200;0.060;450.8;30.6;;;;;;;;;;;;;;;;;;
 ;00:56:56;4.200;0.060;450.8;30.6;;;;;;;;;;;;;;;;;;
 ;00:56:57;4.200;0.060;450.8;30.6;;;;;;;;;;;;;;;;;;
 ;00:56:58;4.200;0.060;450.8;30.6;;;;;;;;;;;;;;;;;;
 ;00:56:59;4.200;0.060;450.9;30.6;;;;;;;;;;;;;;;;;;
 ;00:57:00;4.200;0.060;450.9;30.6;;;;;;;;;;;;;;;;;;
 ;00:57:01;4.200;0.060;450.9;30.6;;;;;;;;;;;;;;;;;;
 ;00:57:02;4.200;0.060;450.9;30.6;;;;;;;;;;;;;;;;;;
 ;00:57:03;4.200;0.060;450.9;30.6;;;;;;;;;;;;;;;;;;
 ;00:57:04;4.200;0.060;450.9;30.6;;;;;;;;;;;;;;;;;;
 ;00:57:05;4.200;0.060;451.0;30.6;;;;;;;;;;;;;;;;;;
 ;00:57:06;4.200;0.060;451.0;30.6;;;;;;;;;;;;;;;;;;
 ;00:57:07;4.200;0.060;451.0;30.6;;;;;;;;;;;;;;;;;;
 ;00:57:08;4.200;0.060;451.0;30.6;;;;;;;;;;;;;;;;;;
 ;00:57:09;4.200;0.060;451.0;30.6;;;;;;;;;;;;;;;;;;
 ;00:57:10;4.200;0.060;451.0;30.6;;;;;;;;;;;;;;;;;;
 ;00:57:11;4.200;0.060;451.1;30.6;;;;;;;;;;;;;;;;;;
 ;00:57:12;4.200;0.060;451.1;30.6;;;;;;;;;;;;;;;;;;
 ;00:57:13;4.200;0.060;451.1;30.6;;;;;;;;;;;;;;;;;;
 ;00:57:14;4.200;0.060;451.1;30.6;;;;;;;;;;;;;;;;;;
 ;00:57:15;4.200;0.060;451.1;30.6;;;;;;;;;;;;;;;;;;
 ;00:57:16;4.200;0.060;451.1;30.6;;;;;;;;;;;;;;;;;;
 ;00:57:17;4.200;0.060;451.2;30.6;;;;;;;;;;;;;;;;;;
 ;00:57:18;4.200;0.060;451.2;30.6;;;;;;;;;;;;;;;;;;
 ;00:57:19;4.200;0.060;451.2;30.6;;;;;;;;;;;;;;;;;;
 ;00:57:20;4.200;0.060;451.2;30.6;;;;;;;;;;;;;;;;;;
 ;00:57:21;4.200;0.060;451.2;30.6;;;;;;;;;;;;;;;;;;
 ;00:57:22;4.200;0.060;451.2;30.6;;;;;;;;;;;;;;;;;;
 ;00:57:23;4.200;0.060;451.3;30.6;;;;;;;;;;;;;;;;;;
 ;00:57:24;4.200;0.060;451.3;30.6;;;;;;;;;;;;;;;;;;
 ;00:57:25;4.200;0.060;451.3;30.6;;;;;;;;;;;;;;;;;;
 ;00:57:26;4.200;0.060;451.3;30.6;;;;;;;;;;;;;;;;;;
 ;00:57:27;4.200;0.060;451.3;30.6;;;;;;;;;;;;;;;;;;
 ;00:57:28;4.200;0.060;451.3;30.6;;;;;;;;;;;;;;;;;;
 ;00:57:29;4.200;0.060;451.4;30.6;;;;;;;;;;;;;;;;;;
 ;00:57:30;4.200;0.060;451.4;30.6;;;;;;;;;;;;;;;;;;
 ;00:57:31;4.200;0.060;451.4;30.6;;;;;;;;;;;;;;;;;;
 ;00:57:32;4.200;0.060;451.4;30.6;;;;;;;;;;;;;;;;;;
 ;00:57:33;4.200;0.060;451.4;30.6;;;;;;;;;;;;;;;;;;
 ;00:57:34;4.200;0.060;451.4;30.6;;;;;;;;;;;;;;;;;;
 ;00:57:35;4.200;0.060;451.5;30.6;;;;;;;;;;;;;;;;;;
 ;00:57:36;4.200;0.060;451.5;30.6;;;;;;;;;;;;;;;;;;
 ;00:57:37;4.200;0.060;451.5;30.6;;;;;;;;;;;;;;;;;;
 ;00:57:38;4.200;0.060;451.5;30.6;;;;;;;;;;;;;;;;;;
 ;00:57:39;4.200;0.060;451.5;30.6;;;;;;;;;;;;;;;;;;
 ;00:57:40;4.200;0.060;451.5;30.6;;;;;;;;;;;;;;;;;;
 ;00:57:41;4.200;0.060;451.6;30.6;;;;;;;;;;;;;;;;;;
 ;00:57:42;4.200;0.060;451.6;30.6;;;;;;;;;;;;;;;;;;
 ;00:57:43;4.200;0.060;451.6;30.6;;;;;;;;;;;;;;;;;;
 ;00:57:44;4.200;0.060;451.6;30.6;;;;;;;;;;;;;;;;;;
 ;00:57:45;4.200;0.060;451.6;30.6;;;;;;;;;;;;;;;;;;
 ;00:57:46;4.200;0.060;451.6;30.6;;;;;;;;;;;;;;;;;;
 ;00:57:47;4.200;0.060;451.7;30.6;;;;;;;;;;;;;;;;;;
 ;00:57:48;4.200;0.060;451.7;30.6;;;;;;;;;;;;;;;;;;
 ;00:57:49;4.200;0.060;451.7;30.6;;;;;;;;;;;;;;;;;;
 ;00:57:50;4.200;0.060;451.7;30.6;;;;;;;;;;;;;;;;;;
 ;00:57:51;4.200;0.060;451.7;30.6;;;;;;;;;;;;;;;;;;
 ;00:57:52;4.200;0.060;451.7;30.6;;;;;;;;;;;;;;;;;;
 ;00:57:53;4.200;0.060;451.8;30.6;;;;;;;;;;;;;;;;;;
 ;00:57:54;4.200;0.060;451.8;30.6;;;;;;;;;;;;;;;;;;
 ;00:57:55;4.200;0.060;451.8;30.6;;;;;;;;;;;;;;;;;;
 ;00:57:56;4.200;0.060;451.8;30.6;;;;;;;;;;;;;;;;;;
 ;00:57:57;4.200;0.060;451.8;30.6;;;;;;;;;;;;;;;;;;
 ;00:57:58;4.200;0.060;451.8;30.6;;;;;;;;;;;;;;;;;;
 ;00:57:59;4.200;0.060;451.9;30.6;;;;;;;;;;;;;;;;;;
 ;00:58:00;4.200;0.060;451.9;30.6;;;;;;;;;;;;;;;;;;
 ;00:58:01;4.200;0.060;451.9;30.6;;;;;;;;;;;;;;;;;;
 ;00:58:02;4.200;0.060;451.9;30.6;;;;;;;;;;;;;;;;;;
 ;00:58:03;4.200;0.060;451.9;30.6;;;;;;;;;;;;;;;;;;
 ;00:58:04;4.200;0.060;451.9;30.6;;;;;;;;;;;;;;;;;;
 ;00:58:05;4.200;0.060;452.0;30.6;;;;;;;;;;;;;;;;;;
 ;00:58:06;4.200;0.060;452.0;30.6;;;;;;;;;;;;;;;;;;
 ;00:58:07;4.200;0.060;452.0;30.6;;;;;;;;;;;;;;;;;;
 ;00:58:08;4.200;0.060;452.0;30.6;;;;;;;;;;;;;;;;;;
 ;00:58:09;4.200;0.060;452.0;30.6;;;;;;;;;;;;;;;;;;
 ;00:58:10;4.200;0.060;452.0;30.6;;;;;;;;;;;;;;;;;;
 ;00:58:11;4.200;0.060;452.1;30.6;;;;;;;;;;;;;;;;;;
 ;00:58:12;4.200;0.060;452.1;30.6;;;;;;;;;;;;;;;;;;
 ;00:58:13;4.200;0.060;452.1;30.6;;;;;;;;;;;;;;;;;;
 ;00:58:14;4.200;0.060;452.1;30.6;;;;;;;;;;;;;;;;;;
 ;00:58:15;4.200;0.060;452.1;30.6;;;;;;;;;;;;;;;;;;
 ;00:58:16;4.200;0.060;452.1;30.6;;;;;;;;;;;;;;;;;;
 ;00:58:17;4.200;0.060;452.2;30.6;;;;;;;;;;;;;;;;;;
 ;00:58:18;4.200;0.060;452.2;30.6;;;;;;;;;;;;;;;;;;
 ;00:58:19;4.200;0.060;452.2;30.6;;;;;;;;;;;;;;;;;;
 ;00:58:20;4.200;0.060;452.2;30.6;;;;;;;;;;;;;;;;;;
 ;00:58:21;4.200;0.060;452.2;30.6;;;;;;;;;;;;;;;;;;
 ;00:58:22;4.200;0.060;452.2;30.6;;;;;;;;;;;;;;;;;;
 ;00:58:23;4.200;0.060;452.3;30.6;;;;;;;;;;;;;;;;;;
 ;00:58:24;4.200;0.060;452.3;30.6;;;;;;;;;;;;;;;;;;
 ;00:58:25;4.200;0.060;452.3;30.6;;;;;;;;;;;;;;;;;;
 ;00:58:26;4.200;0.060;452.3;30.6;;;;;;;;;;;;;;;;;;
 ;00:58:27;4.200;0.060;452.3;30.6;;;;;;;;;;;;;;;;;;
 ;00:58:28;4.200;0.060;452.3;30.6;;;;;;;;;;;;;;;;;;
 ;00:58:29;4.200;0.060;452.4;30.6;;;;;;;;;;;;;;;;;;
 ;00:58:30;4.200;0.059;452.4;30.6;;;;;;;;;;;;;;;;;;
 ;00:58:31;4.200;0.059;452.4;30.6;;;;;;;;;;;;;;;;;;
 ;00:58:32;4.200;0.059;452.4;30.6;;;;;;;;;;;;;;;;;;
 ;00:58:33;4.200;0.059;452.4;30.6;;;;;;;;;;;;;;;;;;
 ;00:58:34;4.200;0.059;452.4;30.6;;;;;;;;;;;;;;;;;;
 ;00:58:35;4.200;0.059;452.5;30.6;;;;;;;;;;;;;;;;;;
 ;00:58:36;4.200;0.059;452.5;30.6;;;;;;;;;;;;;;;;;;
 ;00:58:37;4.200;0.059;452.5;30.6;;;;;;;;;;;;;;;;;;
 ;00:58:38;4.200;0.059;452.5;30.6;;;;;;;;;;;;;;;;;;
 ;00:58:39;4.200;0.059;452.5;30.6;;;;;;;;;;;;;;;;;;
 ;00:58:40;4.200;0.059;452.5;30.5;;;;;;;;;;;;;;;;;;
 ;00:58:41;4.200;0.059;452.6;30.5;;;;;;;;;;;;;;;;;;
 ;00:58:42;4.200;0.059;452.6;30.5;;;;;;;;;;;;;;;;;;
 ;00:58:43;4.200;0.059;452.6;30.5;;;;;;;;;;;;;;;;;;
 ;00:58:44;4.200;0.059;452.6;30.5;;;;;;;;;;;;;;;;;;
 ;00:58:45;4.200;0.059;452.6;30.5;;;;;;;;;;;;;;;;;;
 ;00:58:46;4.200;0.059;452.6;30.5;;;;;;;;;;;;;;;;;;
 ;00:58:47;4.200;0.059;452.7;30.5;;;;;;;;;;;;;;;;;;
 ;00:58:48;4.200;0.059;452.7;30.5;;;;;;;;;;;;;;;;;;
 ;00:58:49;4.200;0.059;452.7;30.5;;;;;;;;;;;;;;;;;;
 ;00:58:50;4.200;0.059;452.7;30.5;;;;;;;;;;;;;;;;;;
 ;00:58:51;4.200;0.059;452.7;30.5;;;;;;;;;;;;;;;;;;
 ;00:58:52;4.200;0.059;452.7;30.5;;;;;;;;;;;;;;;;;;
 ;00:58:53;4.200;0.059;452.7;30.5;;;;;;;;;;;;;;;;;;
 ;00:58:54;4.200;0.059;452.8;30.5;;;;;;;;;;;;;;;;;;
 ;00:58:55;4.200;0.059;452.8;30.5;;;;;;;;;;;;;;;;;;
 ;00:58:56;4.200;0.059;452.8;30.5;;;;;;;;;;;;;;;;;;
 ;00:58:57;4.200;0.059;452.8;30.5;;;;;;;;;;;;;;;;;;
 ;00:58:58;4.200;0.059;452.8;30.5;;;;;;;;;;;;;;;;;;
 ;00:58:59;4.200;0.059;452.8;30.5;;;;;;;;;;;;;;;;;;
 ;00:59:00;4.200;0.059;452.9;30.5;;;;;;;;;;;;;;;;;;
 ;00:59:01;4.200;0.059;452.9;30.5;;;;;;;;;;;;;;;;;;
 ;00:59:02;4.200;0.059;452.9;30.5;;;;;;;;;;;;;;;;;;
 ;00:59:03;4.200;0.059;452.9;30.5;;;;;;;;;;;;;;;;;;
 ;00:59:04;4.200;0.059;452.9;30.5;;;;;;;;;;;;;;;;;;
 ;00:59:05;4.200;0.059;452.9;30.5;;;;;;;;;;;;;;;;;;
 ;00:59:06;4.200;0.059;453.0;30.5;;;;;;;;;;;;;;;;;;
 ;00:59:07;4.200;0.059;453.0;30.5;;;;;;;;;;;;;;;;;;
 ;00:59:08;4.200;0.059;453.0;30.5;;;;;;;;;;;;;;;;;;
 ;00:59:09;4.200;0.059;453.0;30.5;;;;;;;;;;;;;;;;;;
 ;00:59:10;4.200;0.059;453.0;30.5;;;;;;;;;;;;;;;;;;
 ;00:59:11;4.200;0.059;453.0;30.5;;;;;;;;;;;;;;;;;;
 ;00:59:12;4.200;0.059;453.1;30.5;;;;;;;;;;;;;;;;;;
 ;00:59:13;4.200;0.059;453.1;30.5;;;;;;;;;;;;;;;;;;
 ;00:59:14;4.200;0.059;453.1;30.5;;;;;;;;;;;;;;;;;;
 ;00:59:15;4.200;0.059;453.1;30.5;;;;;;;;;;;;;;;;;;
 ;00:59:16;4.200;0.059;453.1;30.5;;;;;;;;;;;;;;;;;;
 ;00:59:17;4.200;0.059;453.1;30.5;;;;;;;;;;;;;;;;;;
 ;00:59:18;4.200;0.059;453.2;30.5;;;;;;;;;;;;;;;;;;
 ;00:59:19;4.200;0.059;453.2;30.5;;;;;;;;;;;;;;;;;;
 ;00:59:20;4.200;0.058;453.2;30.5;;;;;;;;;;;;;;;;;;
 ;00:59:21;4.200;0.058;453.2;30.5;;;;;;;;;;;;;;;;;;
 ;00:59:22;4.200;0.058;453.2;30.5;;;;;;;;;;;;;;;;;;
 ;00:59:23;4.200;0.058;453.2;30.5;;;;;;;;;;;;;;;;;;
 ;00:59:24;4.200;0.058;453.3;30.5;;;;;;;;;;;;;;;;;;
 ;00:59:25;4.200;0.058;453.3;30.5;;;;;;;;;;;;;;;;;;
 ;00:59:26;4.200;0.058;453.3;30.5;;;;;;;;;;;;;;;;;;
 ;00:59:27;4.200;0.058;453.3;30.5;;;;;;;;;;;;;;;;;;
 ;00:59:28;4.200;0.058;453.3;30.5;;;;;;;;;;;;;;;;;;
 ;00:59:29;4.200;0.058;453.3;30.5;;;;;;;;;;;;;;;;;;
 ;00:59:30;4.200;0.058;453.4;30.5;;;;;;;;;;;;;;;;;;
 ;00:59:31;4.200;0.058;453.4;30.5;;;;;;;;;;;;;;;;;;
 ;00:59:32;4.200;0.058;453.4;30.5;;;;;;;;;;;;;;;;;;
 ;00:59:33;4.200;0.058;453.4;30.5;;;;;;;;;;;;;;;;;;
 ;00:59:34;4.200;0.058;453.4;30.5;;;;;;;;;;;;;;;;;;
 ;00:59:35;4.200;0.058;453.4;30.5;;;;;;;;;;;;;;;;;;
 ;00:59:36;4.200;0.058;453.4;30.5;;;;;;;;;;;;;;;;;;
 ;00:59:37;4.200;0.058;453.5;30.5;;;;;;;;;;;;;;;;;;
 ;00:59:38;4.200;0.058;453.5;30.5;;;;;;;;;;;;;;;;;;
 ;00:59:39;4.200;0.058;453.5;30.5;;;;;;;;;;;;;;;;;;
 ;00:59:40;4.200;0.058;453.5;30.5;;;;;;;;;;;;;;;;;;
 ;00:59:41;4.200;0.058;453.5;30.5;;;;;;;;;;;;;;;;;;
 ;00:59:42;4.200;0.058;453.5;30.5;;;;;;;;;;;;;;;;;;
 ;00:59:43;4.200;0.058;453.6;30.5;;;;;;;;;;;;;;;;;;
 ;00:59:44;4.200;0.058;453.6;30.5;;;;;;;;;;;;;;;;;;
 ;00:59:45;4.200;0.058;453.6;30.5;;;;;;;;;;;;;;;;;;
 ;00:59:46;4.200;0.058;453.6;30.5;;;;;;;;;;;;;;;;;;
 ;00:59:47;4.200;0.058;453.6;30.5;;;;;;;;;;;;;;;;;;
 ;00:59:48;4.200;0.058;453.6;30.5;;;;;;;;;;;;;;;;;;
 ;00:59:49;4.200;0.058;453.7;30.5;;;;;;;;;;;;;;;;;;
 ;00:59:50;4.200;0.058;453.7;30.5;;;;;;;;;;;;;;;;;;
 ;00:59:51;4.200;0.058;453.7;30.5;;;;;;;;;;;;;;;;;;
 ;00:59:52;4.200;0.058;453.7;30.5;;;;;;;;;;;;;;;;;;
 ;00:59:53;4.200;0.058;453.7;30.5;;;;;;;;;;;;;;;;;;
 ;00:59:54;4.200;0.058;453.7;30.5;;;;;;;;;;;;;;;;;;
 ;00:59:55;4.200;0.057;453.8;30.5;;;;;;;;;;;;;;;;;;
 ;00:59:56;4.200;0.057;453.8;30.5;;;;;;;;;;;;;;;;;;
 ;00:59:57;4.200;0.057;453.8;30.5;;;;;;;;;;;;;;;;;;
 ;00:59:58;4.200;0.057;453.8;30.5;;;;;;;;;;;;;;;;;;
 ;00:59:59;4.200;0.057;453.8;30.5;;;;;;;;;;;;;;;;;;
 ;01:00:00;4.200;0.057;453.8;30.5;;;;;;;;;;;;;;;;;;
 ;01:00:01;4.200;0.057;453.9;30.5;;;;;;;;;;;;;;;;;;
 ;01:00:02;4.200;0.057;453.9;30.5;;;;;;;;;;;;;;;;;;
 ;01:00:03;4.200;0.057;453.9;30.5;;;;;;;;;;;;;;;;;;
 ;01:00:04;4.200;0.057;453.9;30.5;;;;;;;;;;;;;;;;;;
 ;01:00:05;4.200;0.058;453.9;30.5;;;;;;;;;;;;;;;;;;
 ;01:00:06;4.200;0.057;453.9;30.5;;;;;;;;;;;;;;;;;;
 ;01:00:07;4.200;0.057;453.9;30.5;;;;;;;;;;;;;;;;;;
 ;01:00:08;4.200;0.057;454.0;30.5;;;;;;;;;;;;;;;;;;
 ;01:00:09;4.200;0.057;454.0;30.5;;;;;;;;;;;;;;;;;;
 ;01:00:10;4.200;0.057;454.0;30.5;;;;;;;;;;;;;;;;;;
 ;01:00:11;4.200;0.057;454.0;30.5;;;;;;;;;;;;;;;;;;
 ;01:00:12;4.200;0.057;454.0;30.5;;;;;;;;;;;;;;;;;;
 ;01:00:13;4.200;0.057;454.0;30.5;;;;;;;;;;;;;;;;;;
 ;01:00:14;4.200;0.057;454.1;30.5;;;;;;;;;;;;;;;;;;
 ;01:00:15;4.200;0.057;454.1;30.5;;;;;;;;;;;;;;;;;;
 ;01:00:16;4.200;0.057;454.1;30.5;;;;;;;;;;;;;;;;;;
 ;01:00:17;4.200;0.057;454.1;30.5;;;;;;;;;;;;;;;;;;
 ;01:00:18;4.200;0.057;454.1;30.5;;;;;;;;;;;;;;;;;;
 ;01:00:19;4.200;0.057;454.1;30.5;;;;;;;;;;;;;;;;;;
 ;01:00:20;4.200;0.057;454.2;30.5;;;;;;;;;;;;;;;;;;
 ;01:00:21;4.200;0.057;454.2;30.5;;;;;;;;;;;;;;;;;;
 ;01:00:22;4.200;0.058;454.2;30.5;;;;;;;;;;;;;;;;;;
 ;01:00:23;4.200;0.057;454.2;30.5;;;;;;;;;;;;;;;;;;
 ;01:00:24;4.200;0.057;454.2;30.5;;;;;;;;;;;;;;;;;;
 ;01:00:25;4.200;0.057;454.2;30.5;;;;;;;;;;;;;;;;;;
 ;01:00:26;4.200;0.057;454.3;30.5;;;;;;;;;;;;;;;;;;
 ;01:00:27;4.200;0.057;454.3;30.5;;;;;;;;;;;;;;;;;;
 ;01:00:28;4.200;0.057;454.3;30.5;;;;;;;;;;;;;;;;;;
 ;01:00:29;4.200;0.057;454.3;30.5;;;;;;;;;;;;;;;;;;
 ;01:00:30;4.200;0.057;454.3;30.5;;;;;;;;;;;;;;;;;;
 ;01:00:31;4.200;0.057;454.3;30.5;;;;;;;;;;;;;;;;;;
 ;01:00:32;4.200;0.058;454.3;30.5;;;;;;;;;;;;;;;;;;
 ;01:00:33;4.200;0.057;454.4;30.5;;;;;;;;;;;;;;;;;;
 ;01:00:34;4.200;0.057;454.4;30.5;;;;;;;;;;;;;;;;;;
 ;01:00:35;4.200;0.057;454.4;30.5;;;;;;;;;;;;;;;;;;
 ;01:00:36;4.200;0.057;454.4;30.5;;;;;;;;;;;;;;;;;;
 ;01:00:37;4.200;0.057;454.4;30.5;;;;;;;;;;;;;;;;;;
 ;01:00:38;4.200;0.057;454.4;30.5;;;;;;;;;;;;;;;;;;
 ;01:00:39;4.200;0.057;454.5;30.5;;;;;;;;;;;;;;;;;;
 ;01:00:40;4.200;0.057;454.5;30.5;;;;;;;;;;;;;;;;;;
 ;01:00:41;4.200;0.057;454.5;30.5;;;;;;;;;;;;;;;;;;
 ;01:00:42;4.200;0.057;454.5;30.5;;;;;;;;;;;;;;;;;;
 ;01:00:43;4.200;0.057;454.5;30.5;;;;;;;;;;;;;;;;;;
 ;01:00:44;4.200;0.057;454.5;30.5;;;;;;;;;;;;;;;;;;
 ;01:00:45;4.200;0.057;454.6;30.5;;;;;;;;;;;;;;;;;;
 ;01:00:46;4.200;0.057;454.6;30.5;;;;;;;;;;;;;;;;;;
 ;01:00:47;4.200;0.057;454.6;30.5;;;;;;;;;;;;;;;;;;
 ;01:00:48;4.200;0.057;454.6;30.5;;;;;;;;;;;;;;;;;;
 ;01:00:49;4.200;0.057;454.6;30.5;;;;;;;;;;;;;;;;;;
 ;01:00:50;4.200;0.057;454.6;30.5;;;;;;;;;;;;;;;;;;
 ;01:00:51;4.200;0.056;454.7;30.5;;;;;;;;;;;;;;;;;;
 ;01:00:52;4.200;0.057;454.7;30.5;;;;;;;;;;;;;;;;;;
 ;01:00:53;4.200;0.056;454.7;30.5;;;;;;;;;;;;;;;;;;
 ;01:00:54;4.200;0.056;454.7;30.5;;;;;;;;;;;;;;;;;;
 ;01:00:55;4.200;0.056;454.7;30.5;;;;;;;;;;;;;;;;;;
 ;01:00:56;4.200;0.056;454.7;30.5;;;;;;;;;;;;;;;;;;
 ;01:00:57;4.200;0.056;454.7;30.5;;;;;;;;;;;;;;;;;;
 ;01:00:58;4.200;0.056;454.8;30.5;;;;;;;;;;;;;;;;;;
 ;01:00:59;4.200;0.056;454.8;30.5;;;;;;;;;;;;;;;;;;
 ;01:01:00;4.200;0.056;454.8;30.5;;;;;;;;;;;;;;;;;;
 ;01:01:01;4.200;0.056;454.8;30.5;;;;;;;;;;;;;;;;;;
 ;01:01:02;4.200;0.056;454.8;30.5;;;;;;;;;;;;;;;;;;
 ;01:01:03;4.200;0.056;454.8;30.5;;;;;;;;;;;;;;;;;;
 ;01:01:04;4.200;0.056;454.9;30.5;;;;;;;;;;;;;;;;;;
 ;01:01:05;4.200;0.056;454.9;30.5;;;;;;;;;;;;;;;;;;
 ;01:01:06;4.200;0.056;454.9;30.5;;;;;;;;;;;;;;;;;;
 ;01:01:07;4.200;0.056;454.9;30.5;;;;;;;;;;;;;;;;;;
 ;01:01:08;4.200;0.056;454.9;30.5;;;;;;;;;;;;;;;;;;
 ;01:01:09;4.200;0.056;454.9;30.5;;;;;;;;;;;;;;;;;;
 ;01:01:10;4.200;0.056;454.9;30.5;;;;;;;;;;;;;;;;;;
 ;01:01:11;4.200;0.056;455.0;30.5;;;;;;;;;;;;;;;;;;
 ;01:01:12;4.200;0.056;455.0;30.5;;;;;;;;;;;;;;;;;;
 ;01:01:13;4.200;0.056;455.0;30.5;;;;;;;;;;;;;;;;;;
 ;01:01:14;4.200;0.055;455.0;30.5;;;;;;;;;;;;;;;;;;
 ;01:01:15;4.200;0.055;455.0;30.5;;;;;;;;;;;;;;;;;;
 ;01:01:16;4.200;0.055;455.0;30.5;;;;;;;;;;;;;;;;;;
 ;01:01:17;4.200;0.055;455.1;30.5;;;;;;;;;;;;;;;;;;
 ;01:01:18;4.200;0.055;455.1;30.5;;;;;;;;;;;;;;;;;;
 ;01:01:19;4.200;0.055;455.1;30.5;;;;;;;;;;;;;;;;;;
 ;01:01:20;4.200;0.055;455.1;30.5;;;;;;;;;;;;;;;;;;
 ;01:01:21;4.200;0.055;455.1;30.5;;;;;;;;;;;;;;;;;;
 ;01:01:22;4.200;0.055;455.1;30.5;;;;;;;;;;;;;;;;;;
 ;01:01:23;4.200;0.055;455.1;30.5;;;;;;;;;;;;;;;;;;
 ;01:01:24;4.200;0.055;455.2;30.5;;;;;;;;;;;;;;;;;;
 ;01:01:25;4.200;0.055;455.2;30.5;;;;;;;;;;;;;;;;;;
 ;01:01:26;4.200;0.055;455.2;30.5;;;;;;;;;;;;;;;;;;
 ;01:01:27;4.200;0.055;455.2;30.5;;;;;;;;;;;;;;;;;;
 ;01:01:28;4.200;0.055;455.2;30.5;;;;;;;;;;;;;;;;;;
 ;01:01:29;4.200;0.055;455.2;30.5;;;;;;;;;;;;;;;;;;
 ;01:01:30;4.200;0.055;455.3;30.5;;;;;;;;;;;;;;;;;;
 ;01:01:31;4.200;0.055;455.3;30.5;;;;;;;;;;;;;;;;;;
 ;01:01:32;4.200;0.055;455.3;30.5;;;;;;;;;;;;;;;;;;
 ;01:01:33;4.200;0.055;455.3;30.5;;;;;;;;;;;;;;;;;;
 ;01:01:34;4.200;0.055;455.3;30.5;;;;;;;;;;;;;;;;;;
 ;01:01:35;4.200;0.055;455.3;30.5;;;;;;;;;;;;;;;;;;
 ;01:01:36;4.200;0.055;455.3;30.5;;;;;;;;;;;;;;;;;;
 ;01:01:37;4.200;0.055;455.4;30.5;;;;;;;;;;;;;;;;;;
 ;01:01:38;4.200;0.055;455.4;30.5;;;;;;;;;;;;;;;;;;
 ;01:01:39;4.200;0.055;455.4;30.5;;;;;;;;;;;;;;;;;;
 ;01:01:40;4.200;0.055;455.4;30.5;;;;;;;;;;;;;;;;;;
 ;01:01:41;4.200;0.055;455.4;30.5;;;;;;;;;;;;;;;;;;
 ;01:01:42;4.200;0.055;455.4;30.5;;;;;;;;;;;;;;;;;;
 ;01:01:43;4.200;0.055;455.5;30.5;;;;;;;;;;;;;;;;;;
 ;01:01:44;4.200;0.055;455.5;30.5;;;;;;;;;;;;;;;;;;
 ;01:01:45;4.200;0.055;455.5;30.5;;;;;;;;;;;;;;;;;;
 ;01:01:46;4.200;0.055;455.5;30.5;;;;;;;;;;;;;;;;;;
 ;01:01:47;4.200;0.055;455.5;30.5;;;;;;;;;;;;;;;;;;
 ;01:01:48;4.200;0.055;455.5;30.5;;;;;;;;;;;;;;;;;;
 ;01:01:49;4.200;0.055;455.5;30.5;;;;;;;;;;;;;;;;;;
 ;01:01:50;4.200;0.055;455.6;30.5;;;;;;;;;;;;;;;;;;
 ;01:01:51;4.200;0.055;455.6;30.4;;;;;;;;;;;;;;;;;;
 ;01:01:52;4.200;0.055;455.6;30.4;;;;;;;;;;;;;;;;;;
 ;01:01:53;4.200;0.055;455.6;30.5;;;;;;;;;;;;;;;;;;
 ;01:01:54;4.200;0.055;455.6;30.4;;;;;;;;;;;;;;;;;;
 ;01:01:55;4.200;0.055;455.6;30.4;;;;;;;;;;;;;;;;;;
 ;01:01:56;4.200;0.055;455.7;30.4;;;;;;;;;;;;;;;;;;
 ;01:01:57;4.200;0.055;455.7;30.4;;;;;;;;;;;;;;;;;;
 ;01:01:58;4.200;0.055;455.7;30.4;;;;;;;;;;;;;;;;;;
 ;01:01:59;4.200;0.055;455.7;30.4;;;;;;;;;;;;;;;;;;
 ;01:02:00;4.200;0.055;455.7;30.4;;;;;;;;;;;;;;;;;;
 ;01:02:01;4.200;0.055;455.7;30.4;;;;;;;;;;;;;;;;;;
 ;01:02:02;4.200;0.055;455.7;30.4;;;;;;;;;;;;;;;;;;
 ;01:02:03;4.200;0.055;455.8;30.4;;;;;;;;;;;;;;;;;;
 ;01:02:04;4.200;0.054;455.8;30.4;;;;;;;;;;;;;;;;;;
 ;01:02:05;4.200;0.054;455.8;30.4;;;;;;;;;;;;;;;;;;
 ;01:02:06;4.200;0.054;455.8;30.4;;;;;;;;;;;;;;;;;;
 ;01:02:07;4.200;0.054;455.8;30.4;;;;;;;;;;;;;;;;;;
 ;01:02:08;4.200;0.054;455.8;30.4;;;;;;;;;;;;;;;;;;
 ;01:02:09;4.200;0.054;455.8;30.4;;;;;;;;;;;;;;;;;;
 ;01:02:10;4.200;0.054;455.9;30.4;;;;;;;;;;;;;;;;;;
 ;01:02:11;4.200;0.054;455.9;30.4;;;;;;;;;;;;;;;;;;
 ;01:02:12;4.200;0.054;455.9;30.4;;;;;;;;;;;;;;;;;;
 ;01:02:13;4.200;0.054;455.9;30.4;;;;;;;;;;;;;;;;;;
 ;01:02:14;4.200;0.054;455.9;30.4;;;;;;;;;;;;;;;;;;
 ;01:02:15;4.200;0.054;455.9;30.4;;;;;;;;;;;;;;;;;;
 ;01:02:16;4.200;0.054;456.0;30.4;;;;;;;;;;;;;;;;;;
 ;01:02:17;4.200;0.054;456.0;30.4;;;;;;;;;;;;;;;;;;
 ;01:02:18;4.200;0.054;456.0;30.4;;;;;;;;;;;;;;;;;;
 ;01:02:19;4.200;0.054;456.0;30.4;;;;;;;;;;;;;;;;;;
 ;01:02:20;4.200;0.054;456.0;30.4;;;;;;;;;;;;;;;;;;
 ;01:02:21;4.200;0.054;456.0;30.4;;;;;;;;;;;;;;;;;;
 ;01:02:22;4.200;0.054;456.0;30.4;;;;;;;;;;;;;;;;;;
 ;01:02:23;4.200;0.054;456.1;30.4;;;;;;;;;;;;;;;;;;
 ;01:02:24;4.200;0.054;456.1;30.4;;;;;;;;;;;;;;;;;;
 ;01:02:25;4.200;0.054;456.1;30.4;;;;;;;;;;;;;;;;;;
 ;01:02:26;4.200;0.054;456.1;30.4;;;;;;;;;;;;;;;;;;
 ;01:02:27;4.200;0.054;456.1;30.4;;;;;;;;;;;;;;;;;;
 ;01:02:28;4.200;0.054;456.1;30.4;;;;;;;;;;;;;;;;;;
 ;01:02:29;4.200;0.054;456.1;30.4;;;;;;;;;;;;;;;;;;
 ;01:02:30;4.200;0.054;456.2;30.4;;;;;;;;;;;;;;;;;;
 ;01:02:31;4.200;0.054;456.2;30.4;;;;;;;;;;;;;;;;;;
 ;01:02:32;4.200;0.054;456.2;30.4;;;;;;;;;;;;;;;;;;
 ;01:02:33;4.200;0.054;456.2;30.4;;;;;;;;;;;;;;;;;;
 ;01:02:34;4.200;0.054;456.2;30.4;;;;;;;;;;;;;;;;;;
 ;01:02:35;4.200;0.054;456.2;30.4;;;;;;;;;;;;;;;;;;
 ;01:02:36;4.200;0.054;456.3;30.4;;;;;;;;;;;;;;;;;;
 ;01:02:37;4.200;0.054;456.3;30.4;;;;;;;;;;;;;;;;;;
 ;01:02:38;4.200;0.054;456.3;30.4;;;;;;;;;;;;;;;;;;
 ;01:02:39;4.200;0.053;456.3;30.4;;;;;;;;;;;;;;;;;;
 ;01:02:40;4.200;0.053;456.3;30.4;;;;;;;;;;;;;;;;;;
 ;01:02:41;4.200;0.053;456.3;30.4;;;;;;;;;;;;;;;;;;
 ;01:02:42;4.200;0.053;456.3;30.4;;;;;;;;;;;;;;;;;;
 ;01:02:43;4.200;0.053;456.4;30.4;;;;;;;;;;;;;;;;;;
 ;01:02:44;4.200;0.053;456.4;30.4;;;;;;;;;;;;;;;;;;
 ;01:02:45;4.200;0.053;456.4;30.4;;;;;;;;;;;;;;;;;;
 ;01:02:46;4.200;0.053;456.4;30.4;;;;;;;;;;;;;;;;;;
 ;01:02:47;4.200;0.053;456.4;30.4;;;;;;;;;;;;;;;;;;
 ;01:02:48;4.200;0.053;456.4;30.4;;;;;;;;;;;;;;;;;;
 ;01:02:49;4.200;0.053;456.4;30.4;;;;;;;;;;;;;;;;;;
 ;01:02:50;4.200;0.053;456.5;30.4;;;;;;;;;;;;;;;;;;
 ;01:02:51;4.200;0.053;456.5;30.4;;;;;;;;;;;;;;;;;;
 ;01:02:52;4.200;0.053;456.5;30.4;;;;;;;;;;;;;;;;;;
 ;01:02:53;4.200;0.053;456.5;30.4;;;;;;;;;;;;;;;;;;
 ;01:02:54;4.200;0.053;456.5;30.4;;;;;;;;;;;;;;;;;;
 ;01:02:55;4.200;0.053;456.5;30.4;;;;;;;;;;;;;;;;;;
 ;01:02:56;4.200;0.053;456.5;30.4;;;;;;;;;;;;;;;;;;
 ;01:02:57;4.200;0.053;456.6;30.4;;;;;;;;;;;;;;;;;;
 ;01:02:58;4.200;0.053;456.6;30.4;;;;;;;;;;;;;;;;;;
 ;01:02:59;4.200;0.053;456.6;30.4;;;;;;;;;;;;;;;;;;
 ;01:03:00;4.200;0.053;456.6;30.4;;;;;;;;;;;;;;;;;;
 ;01:03:01;4.200;0.053;456.6;30.4;;;;;;;;;;;;;;;;;;
 ;01:03:02;4.200;0.053;456.6;30.4;;;;;;;;;;;;;;;;;;
 ;01:03:03;4.200;0.053;456.7;30.4;;;;;;;;;;;;;;;;;;
 ;01:03:04;4.200;0.053;456.7;30.4;;;;;;;;;;;;;;;;;;
 ;01:03:05;4.200;0.053;456.7;30.4;;;;;;;;;;;;;;;;;;
 ;01:03:06;4.200;0.053;456.7;30.4;;;;;;;;;;;;;;;;;;
 ;01:03:07;4.200;0.053;456.7;30.4;;;;;;;;;;;;;;;;;;
 ;01:03:08;4.200;0.053;456.7;30.4;;;;;;;;;;;;;;;;;;
 ;01:03:09;4.200;0.053;456.7;30.4;;;;;;;;;;;;;;;;;;
 ;01:03:10;4.200;0.053;456.8;30.4;;;;;;;;;;;;;;;;;;
 ;01:03:11;4.200;0.053;456.8;30.4;;;;;;;;;;;;;;;;;;
 ;01:03:12;4.200;0.053;456.8;30.4;;;;;;;;;;;;;;;;;;
 ;01:03:13;4.200;0.053;456.8;30.4;;;;;;;;;;;;;;;;;;
 ;01:03:14;4.200;0.053;456.8;30.4;;;;;;;;;;;;;;;;;;
 ;01:03:15;4.200;0.053;456.8;30.4;;;;;;;;;;;;;;;;;;
 ;01:03:16;4.200;0.053;456.8;30.4;;;;;;;;;;;;;;;;;;
 ;01:03:17;4.200;0.053;456.9;30.4;;;;;;;;;;;;;;;;;;
 ;01:03:18;4.200;0.053;456.9;30.4;;;;;;;;;;;;;;;;;;
 ;01:03:19;4.200;0.053;456.9;30.4;;;;;;;;;;;;;;;;;;
 ;01:03:20;4.200;0.053;456.9;30.4;;;;;;;;;;;;;;;;;;
 ;01:03:21;4.200;0.053;456.9;30.4;;;;;;;;;;;;;;;;;;
 ;01:03:22;4.200;0.053;456.9;30.4;;;;;;;;;;;;;;;;;;
 ;01:03:23;4.200;0.053;456.9;30.4;;;;;;;;;;;;;;;;;;
 ;01:03:24;4.200;0.053;457.0;30.4;;;;;;;;;;;;;;;;;;
 ;01:03:25;4.200;0.053;457.0;30.4;;;;;;;;;;;;;;;;;;
 ;01:03:26;4.200;0.053;457.0;30.4;;;;;;;;;;;;;;;;;;
 ;01:03:27;4.200;0.053;457.0;30.4;;;;;;;;;;;;;;;;;;
 ;01:03:28;4.200;0.052;457.0;30.4;;;;;;;;;;;;;;;;;;
 ;01:03:29;4.200;0.051;457.0;30.4;;;;;;;;;;;;;;;;;;
 ;01:03:30;4.200;0.051;457.0;30.4;;;;;;;;;;;;;;;;;;
 ;01:03:31;4.200;0.051;457.1;30.4;;;;;;;;;;;;;;;;;;
 ;01:03:32;4.200;0.051;457.1;30.4;;;;;;;;;;;;;;;;;;
 ;01:03:33;4.200;0.051;457.1;30.4;;;;;;;;;;;;;;;;;;
 ;01:03:34;4.200;0.051;457.1;30.4;;;;;;;;;;;;;;;;;;
 ;01:03:35;4.200;0.051;457.1;30.4;;;;;;;;;;;;;;;;;;
 ;01:03:36;4.200;0.051;457.1;30.4;;;;;;;;;;;;;;;;;;
 ;01:03:37;4.200;0.051;457.1;30.4;;;;;;;;;;;;;;;;;;
 ;01:03:38;4.200;0.051;457.2;30.4;;;;;;;;;;;;;;;;;;
 ;01:03:39;4.200;0.051;457.2;30.4;;;;;;;;;;;;;;;;;;
 ;01:03:40;4.200;0.051;457.2;30.4;;;;;;;;;;;;;;;;;;
 ;01:03:41;4.200;0.051;457.2;30.4;;;;;;;;;;;;;;;;;;
 ;01:03:42;4.200;0.051;457.2;30.4;;;;;;;;;;;;;;;;;;
 ;01:03:43;4.200;0.051;457.2;30.4;;;;;;;;;;;;;;;;;;
 ;01:03:44;4.200;0.051;457.2;30.4;;;;;;;;;;;;;;;;;;
 ;01:03:45;4.200;0.051;457.3;30.4;;;;;;;;;;;;;;;;;;
 ;01:03:46;4.200;0.051;457.3;30.4;;;;;;;;;;;;;;;;;;
 ;01:03:47;4.200;0.051;457.3;30.4;;;;;;;;;;;;;;;;;;
 ;01:03:48;4.200;0.051;457.3;30.4;;;;;;;;;;;;;;;;;;
 ;01:03:49;4.200;0.051;457.3;30.4;;;;;;;;;;;;;;;;;;
 ;01:03:50;4.200;0.051;457.3;30.4;;;;;;;;;;;;;;;;;;
 ;01:03:51;4.200;0.051;457.3;30.4;;;;;;;;;;;;;;;;;;
 ;01:03:52;4.200;0.051;457.4;30.4;;;;;;;;;;;;;;;;;;
 ;01:03:53;4.200;0.051;457.4;30.4;;;;;;;;;;;;;;;;;;
 ;01:03:54;4.200;0.051;457.4;30.4;;;;;;;;;;;;;;;;;;
 ;01:03:55;4.200;0.051;457.4;30.4;;;;;;;;;;;;;;;;;;
 ;01:03:56;4.200;0.051;457.4;30.4;;;;;;;;;;;;;;;;;;
 ;01:03:57;4.200;0.051;457.4;30.4;;;;;;;;;;;;;;;;;;
 ;01:03:58;4.200;0.051;457.4;30.4;;;;;;;;;;;;;;;;;;
 ;01:03:59;4.200;0.051;457.5;30.4;;;;;;;;;;;;;;;;;;
 ;01:04:00;4.200;0.051;457.5;30.4;;;;;;;;;;;;;;;;;;
 ;01:04:01;4.200;0.051;457.5;30.4;;;;;;;;;;;;;;;;;;
 ;01:04:02;4.200;0.051;457.5;30.4;;;;;;;;;;;;;;;;;;
 ;01:04:03;4.200;0.051;457.5;30.4;;;;;;;;;;;;;;;;;;
 ;01:04:04;4.200;0.051;457.5;30.4;;;;;;;;;;;;;;;;;;
 ;01:04:05;4.200;0.051;457.5;30.4;;;;;;;;;;;;;;;;;;
 ;01:04:06;4.200;0.051;457.6;30.4;;;;;;;;;;;;;;;;;;
 ;01:04:07;4.200;0.051;457.6;30.4;;;;;;;;;;;;;;;;;;
 ;01:04:08;4.200;0.050;457.6;30.4;;;;;;;;;;;;;;;;;;
 ;01:04:09;4.200;0.050;457.6;30.4;;;;;;;;;;;;;;;;;;
 ;01:04:10;4.200;0.050;457.6;30.4;;;;;;;;;;;;;;;;;;
 ;01:04:11;4.200;0.050;457.6;30.4;;;;;;;;;;;;;;;;;;
 ;01:04:12;4.200;0.050;457.6;30.4;;;;;;;;;;;;;;;;;;
 ;01:04:13;4.200;0.050;457.7;30.4;;;;;;;;;;;;;;;;;;
 ;01:04:14;4.200;0.050;457.7;30.4;;;;;;;;;;;;;;;;;;
 ;01:04:15;4.200;0.050;457.7;30.4;;;;;;;;;;;;;;;;;;
 ;01:04:16;4.200;0.050;457.7;30.4;;;;;;;;;;;;;;;;;;
 ;01:04:17;4.200;0.050;457.7;30.4;;;;;;;;;;;;;;;;;;
 ;01:04:18;4.200;0.050;457.7;30.4;;;;;;;;;;;;;;;;;;
 ;01:04:19;4.200;0.050;457.7;30.4;;;;;;;;;;;;;;;;;;
 ;01:04:20;4.200;0.050;457.8;30.4;;;;;;;;;;;;;;;;;;
 ;01:04:21;4.200;0.050;457.8;30.4;;;;;;;;;;;;;;;;;;
 ;01:04:22;4.200;0.050;457.8;30.4;;;;;;;;;;;;;;;;;;
 ;01:04:23;4.200;0.050;457.8;30.4;;;;;;;;;;;;;;;;;;
 ;01:04:24;4.200;0.050;457.8;30.4;;;;;;;;;;;;;;;;;;
 ;01:04:25;4.200;0.050;457.8;30.4;;;;;;;;;;;;;;;;;;
 ;01:04:26;4.200;0.050;457.8;30.4;;;;;;;;;;;;;;;;;;
 ;01:04:27;4.200;0.050;457.9;30.4;;;;;;;;;;;;;;;;;;
 ;01:04:28;4.200;0.049;457.9;30.4;;;;;;;;;;;;;;;;;;
 ;01:04:29;4.200;0.049;457.9;30.4;;;;;;;;;;;;;;;;;;
 ;01:04:30;4.200;0.049;457.9;30.4;;;;;;;;;;;;;;;;;;
 ;01:04:31;4.200;0.049;457.9;30.4;;;;;;;;;;;;;;;;;;
 ;01:04:32;4.200;0.049;457.9;30.4;;;;;;;;;;;;;;;;;;
 ;01:04:33;4.200;0.049;457.9;30.3;;;;;;;;;;;;;;;;;;
 ;01:04:34;4.200;0.049;457.9;30.3;;;;;;;;;;;;;;;;;;
 ;01:04:35;4.200;0.049;458.0;30.3;;;;;;;;;;;;;;;;;;
 ;01:04:36;4.200;0.049;458.0;30.3;;;;;;;;;;;;;;;;;;
 ;01:04:37;4.200;0.049;458.0;30.3;;;;;;;;;;;;;;;;;;
 ;01:04:38;4.200;0.049;458.0;30.3;;;;;;;;;;;;;;;;;;
 ;01:04:39;4.200;0.049;458.0;30.3;;;;;;;;;;;;;;;;;;
 ;01:04:40;4.200;0.049;458.0;30.3;;;;;;;;;;;;;;;;;;
 ;01:04:41;4.200;0.049;458.0;30.3;;;;;;;;;;;;;;;;;;
 ;01:04:42;4.200;0.049;458.1;30.3;;;;;;;;;;;;;;;;;;
 ;01:04:43;4.200;0.049;458.1;30.3;;;;;;;;;;;;;;;;;;
 ;01:04:44;4.200;0.049;458.1;30.3;;;;;;;;;;;;;;;;;;
 ;01:04:45;4.200;0.049;458.1;30.3;;;;;;;;;;;;;;;;;;
 ;01:04:46;4.200;0.049;458.1;30.3;;;;;;;;;;;;;;;;;;
 ;01:04:47;4.200;0.049;458.1;30.3;;;;;;;;;;;;;;;;;;
 ;01:04:48;4.200;0.049;458.1;30.3;;;;;;;;;;;;;;;;;;
 ;01:04:49;4.200;0.049;458.2;30.3;;;;;;;;;;;;;;;;;;
 ;01:04:50;4.200;0.049;458.2;30.3;;;;;;;;;;;;;;;;;;
 ;01:04:51;4.200;0.049;458.2;30.3;;;;;;;;;;;;;;;;;;
 ;01:04:52;4.200;0.049;458.2;30.3;;;;;;;;;;;;;;;;;;
 ;01:04:53;4.200;0.049;458.2;30.3;;;;;;;;;;;;;;;;;;
 ;01:04:54;4.200;0.049;458.2;30.3;;;;;;;;;;;;;;;;;;
 ;01:04:55;4.200;0.049;458.2;30.3;;;;;;;;;;;;;;;;;;
 ;01:04:56;4.200;0.049;458.2;30.3;;;;;;;;;;;;;;;;;;
 ;01:04:57;4.200;0.049;458.3;30.3;;;;;;;;;;;;;;;;;;
 ;01:04:58;4.200;0.049;458.3;30.3;;;;;;;;;;;;;;;;;;
 ;01:04:59;4.200;0.049;458.3;30.3;;;;;;;;;;;;;;;;;;
 ;01:05:00;4.200;0.049;458.3;30.3;;;;;;;;;;;;;;;;;;
 ;01:05:01;4.200;0.049;458.3;30.3;;;;;;;;;;;;;;;;;;
 ;01:05:02;4.200;0.049;458.3;30.3;;;;;;;;;;;;;;;;;;
 ;01:05:03;4.200;0.049;458.3;30.3;;;;;;;;;;;;;;;;;;
 ;01:05:04;4.200;0.049;458.4;30.3;;;;;;;;;;;;;;;;;;
 ;01:05:05;4.200;0.049;458.4;30.3;;;;;;;;;;;;;;;;;;
 ;01:05:06;4.200;0.049;458.4;30.3;;;;;;;;;;;;;;;;;;
 ;01:05:07;4.200;0.049;458.4;30.3;;;;;;;;;;;;;;;;;;
 ;01:05:08;4.200;0.049;458.4;30.3;;;;;;;;;;;;;;;;;;
 ;01:05:09;4.200;0.049;458.4;30.3;;;;;;;;;;;;;;;;;;
 ;01:05:10;4.200;0.049;458.4;30.3;;;;;;;;;;;;;;;;;;
 ;01:05:11;4.200;0.048;458.5;30.3;;;;;;;;;;;;;;;;;;
 ;01:05:12;4.200;0.049;458.5;30.3;;;;;;;;;;;;;;;;;;
 ;01:05:13;4.200;0.049;458.5;30.3;;;;;;;;;;;;;;;;;;
 ;01:05:14;4.200;0.049;458.5;30.3;;;;;;;;;;;;;;;;;;
 ;01:05:15;4.200;0.049;458.5;30.3;;;;;;;;;;;;;;;;;;
 ;01:05:16;4.200;0.049;458.5;30.3;;;;;;;;;;;;;;;;;;
 ;01:05:17;4.200;0.048;458.5;30.3;;;;;;;;;;;;;;;;;;
 ;01:05:18;4.200;0.048;458.5;30.3;;;;;;;;;;;;;;;;;;
 ;01:05:19;4.200;0.048;458.6;30.3;;;;;;;;;;;;;;;;;;
 ;01:05:20;4.200;0.049;458.6;30.3;;;;;;;;;;;;;;;;;;
 ;01:05:21;4.200;0.049;458.6;30.3;;;;;;;;;;;;;;;;;;
 ;01:05:22;4.200;0.049;458.6;30.3;;;;;;;;;;;;;;;;;;
 ;01:05:23;4.200;0.048;458.6;30.3;;;;;;;;;;;;;;;;;;
 ;01:05:24;4.200;0.049;458.6;30.3;;;;;;;;;;;;;;;;;;
 ;01:05:25;4.200;0.049;458.6;30.3;;;;;;;;;;;;;;;;;;
 ;01:05:26;4.200;0.049;458.7;30.3;;;;;;;;;;;;;;;;;;
 ;01:05:27;4.200;0.048;458.7;30.3;;;;;;;;;;;;;;;;;;
 ;01:05:28;4.200;0.048;458.7;30.3;;;;;;;;;;;;;;;;;;
 ;01:05:29;4.200;0.049;458.7;30.3;;;;;;;;;;;;;;;;;;
 ;01:05:30;4.200;0.048;458.7;30.3;;;;;;;;;;;;;;;;;;
 ;01:05:31;4.200;0.048;458.7;30.3;;;;;;;;;;;;;;;;;;
 ;01:05:32;4.200;0.049;458.7;30.3;;;;;;;;;;;;;;;;;;
 ;01:05:33;4.200;0.048;458.8;30.3;;;;;;;;;;;;;;;;;;
 ;01:05:34;4.200;0.049;458.8;30.3;;;;;;;;;;;;;;;;;;
 ;01:05:35;4.200;0.049;458.8;30.3;;;;;;;;;;;;;;;;;;
 ;01:05:36;4.200;0.048;458.8;30.3;;;;;;;;;;;;;;;;;;
 ;01:05:37;4.200;0.048;458.8;30.3;;;;;;;;;;;;;;;;;;
 ;01:05:38;4.200;0.048;458.8;30.3;;;;;;;;;;;;;;;;;;
 ;01:05:39;4.200;0.048;458.8;30.3;;;;;;;;;;;;;;;;;;
 ;01:05:40;4.200;0.048;458.8;30.3;;;;;;;;;;;;;;;;;;
 ;01:05:41;4.200;0.048;458.9;30.3;;;;;;;;;;;;;;;;;;
 ;01:05:42;4.200;0.048;458.9;30.3;;;;;;;;;;;;;;;;;;
 ;01:05:43;4.200;0.048;458.9;30.3;;;;;;;;;;;;;;;;;;
 ;01:05:44;4.200;0.048;458.9;30.3;;;;;;;;;;;;;;;;;;
 ;01:05:45;4.200;0.048;458.9;30.3;;;;;;;;;;;;;;;;;;
 ;01:05:46;4.200;0.048;458.9;30.3;;;;;;;;;;;;;;;;;;
 ;01:05:47;4.200;0.048;458.9;30.3;;;;;;;;;;;;;;;;;;
 ;01:05:48;4.200;0.048;459.0;30.3;;;;;;;;;;;;;;;;;;
 ;01:05:49;4.200;0.048;459.0;30.3;;;;;;;;;;;;;;;;;;
 ;01:05:50;4.200;0.048;459.0;30.3;;;;;;;;;;;;;;;;;;
 ;01:05:51;4.200;0.048;459.0;30.3;;;;;;;;;;;;;;;;;;
 ;01:05:52;4.200;0.048;459.0;30.3;;;;;;;;;;;;;;;;;;
 ;01:05:53;4.200;0.048;459.0;30.3;;;;;;;;;;;;;;;;;;
 ;01:05:54;4.200;0.048;459.0;30.3;;;;;;;;;;;;;;;;;;
 ;01:05:55;4.200;0.048;459.0;30.3;;;;;;;;;;;;;;;;;;
 ;01:05:56;4.200;0.048;459.1;30.3;;;;;;;;;;;;;;;;;;
 ;01:05:57;4.200;0.048;459.1;30.3;;;;;;;;;;;;;;;;;;
 ;01:05:58;4.200;0.048;459.1;30.3;;;;;;;;;;;;;;;;;;
 ;01:05:59;4.200;0.047;459.1;30.3;;;;;;;;;;;;;;;;;;
 ;01:06:00;4.200;0.048;459.1;30.3;;;;;;;;;;;;;;;;;;
 ;01:06:01;4.200;0.048;459.1;30.3;;;;;;;;;;;;;;;;;;
 ;01:06:02;4.200;0.048;459.1;30.3;;;;;;;;;;;;;;;;;;
 ;01:06:03;4.200;0.048;459.2;30.3;;;;;;;;;;;;;;;;;;
 ;01:06:04;4.200;0.048;459.2;30.3;;;;;;;;;;;;;;;;;;
 ;01:06:05;4.200;0.048;459.2;30.3;;;;;;;;;;;;;;;;;;
 ;01:06:06;4.200;0.048;459.2;30.3;;;;;;;;;;;;;;;;;;
 ;01:06:07;4.200;0.048;459.2;30.3;;;;;;;;;;;;;;;;;;
 ;01:06:08;4.200;0.048;459.2;30.3;;;;;;;;;;;;;;;;;;
 ;01:06:09;4.200;0.048;459.2;30.3;;;;;;;;;;;;;;;;;;
 ;01:06:10;4.200;0.048;459.2;30.3;;;;;;;;;;;;;;;;;;
 ;01:06:11;4.200;0.048;459.3;30.3;;;;;;;;;;;;;;;;;;
 ;01:06:12;4.200;0.048;459.3;30.3;;;;;;;;;;;;;;;;;;
 ;01:06:13;4.200;0.048;459.3;30.3;;;;;;;;;;;;;;;;;;
 ;01:06:14;4.200;0.048;459.3;30.3;;;;;;;;;;;;;;;;;;
 ;01:06:15;4.200;0.048;459.3;30.3;;;;;;;;;;;;;;;;;;
 ;01:06:16;4.200;0.048;459.3;30.3;;;;;;;;;;;;;;;;;;
 ;01:06:17;4.200;0.048;459.3;30.3;;;;;;;;;;;;;;;;;;
 ;01:06:18;4.200;0.048;459.4;30.3;;;;;;;;;;;;;;;;;;
 ;01:06:19;4.200;0.048;459.4;30.3;;;;;;;;;;;;;;;;;;
 ;01:06:20;4.200;0.048;459.4;30.3;;;;;;;;;;;;;;;;;;
 ;01:06:21;4.200;0.047;459.4;30.3;;;;;;;;;;;;;;;;;;
 ;01:06:22;4.200;0.046;459.4;30.3;;;;;;;;;;;;;;;;;;
 ;01:06:23;4.200;0.046;459.4;30.3;;;;;;;;;;;;;;;;;;
 ;01:06:24;4.200;0.046;459.4;30.3;;;;;;;;;;;;;;;;;;
 ;01:06:25;4.200;0.046;459.4;30.3;;;;;;;;;;;;;;;;;;
 ;01:06:26;4.200;0.046;459.5;30.3;;;;;;;;;;;;;;;;;;
 ;01:06:27;4.200;0.046;459.5;30.3;;;;;;;;;;;;;;;;;;
 ;01:06:28;4.200;0.046;459.5;30.3;;;;;;;;;;;;;;;;;;
 ;01:06:29;4.200;0.046;459.5;30.3;;;;;;;;;;;;;;;;;;
 ;01:06:30;4.200;0.046;459.5;30.3;;;;;;;;;;;;;;;;;;
 ;01:06:31;4.200;0.046;459.5;30.3;;;;;;;;;;;;;;;;;;
 ;01:06:32;4.200;0.046;459.5;30.3;;;;;;;;;;;;;;;;;;
 ;01:06:33;4.200;0.046;459.5;30.3;;;;;;;;;;;;;;;;;;
 ;01:06:34;4.200;0.046;459.6;30.3;;;;;;;;;;;;;;;;;;
 ;01:06:35;4.200;0.046;459.6;30.3;;;;;;;;;;;;;;;;;;
 ;01:06:36;4.200;0.046;459.6;30.3;;;;;;;;;;;;;;;;;;
 ;01:06:37;4.200;0.046;459.6;30.3;;;;;;;;;;;;;;;;;;
 ;01:06:38;4.200;0.046;459.6;30.3;;;;;;;;;;;;;;;;;;
 ;01:06:39;4.200;0.046;459.6;30.3;;;;;;;;;;;;;;;;;;
 ;01:06:40;4.200;0.046;459.6;30.3;;;;;;;;;;;;;;;;;;
 ;01:06:41;4.200;0.045;459.6;30.3;;;;;;;;;;;;;;;;;;
 ;01:06:42;4.200;0.045;459.7;30.3;;;;;;;;;;;;;;;;;;
 ;01:06:43;4.200;0.045;459.7;30.3;;;;;;;;;;;;;;;;;;
 ;01:06:44;4.200;0.045;459.7;30.3;;;;;;;;;;;;;;;;;;
 ;01:06:45;4.200;0.045;459.7;30.3;;;;;;;;;;;;;;;;;;
 ;01:06:46;4.200;0.045;459.7;30.3;;;;;;;;;;;;;;;;;;
 ;01:06:47;4.200;0.045;459.7;30.3;;;;;;;;;;;;;;;;;;
 ;01:06:48;4.200;0.045;459.7;30.3;;;;;;;;;;;;;;;;;;
 ;01:06:49;4.200;0.045;459.7;30.3;;;;;;;;;;;;;;;;;;
 ;01:06:50;4.200;0.045;459.8;30.3;;;;;;;;;;;;;;;;;;
 ;01:06:51;4.200;0.045;459.8;30.3;;;;;;;;;;;;;;;;;;
 ;01:06:52;4.200;0.045;459.8;30.3;;;;;;;;;;;;;;;;;;
 ;01:06:53;4.200;0.045;459.8;30.3;;;;;;;;;;;;;;;;;;
 ;01:06:54;4.200;0.045;459.8;30.3;;;;;;;;;;;;;;;;;;
 ;01:06:55;4.200;0.045;459.8;30.3;;;;;;;;;;;;;;;;;;
 ;01:06:56;4.200;0.045;459.8;30.3;;;;;;;;;;;;;;;;;;
 ;01:06:57;4.200;0.045;459.8;30.3;;;;;;;;;;;;;;;;;;
 ;01:06:58;4.200;0.045;459.9;30.3;;;;;;;;;;;;;;;;;;
 ;01:06:59;4.200;0.045;459.9;30.3;;;;;;;;;;;;;;;;;;
 ;01:07:00;4.200;0.045;459.9;30.3;;;;;;;;;;;;;;;;;;
 ;01:07:01;4.200;0.045;459.9;30.3;;;;;;;;;;;;;;;;;;
 ;01:07:02;4.200;0.045;459.9;30.3;;;;;;;;;;;;;;;;;;
 ;01:07:03;4.200;0.045;459.9;30.3;;;;;;;;;;;;;;;;;;
 ;01:07:04;4.200;0.045;459.9;30.3;;;;;;;;;;;;;;;;;;
 ;01:07:05;4.200;0.045;459.9;30.3;;;;;;;;;;;;;;;;;;
 ;01:07:06;4.200;0.045;460.0;30.3;;;;;;;;;;;;;;;;;;
 ;01:07:07;4.200;0.045;460.0;30.3;;;;;;;;;;;;;;;;;;
 ;01:07:08;4.200;0.045;460.0;30.3;;;;;;;;;;;;;;;;;;
 ;01:07:09;4.200;0.045;460.0;30.3;;;;;;;;;;;;;;;;;;
 ;01:07:10;4.200;0.045;460.0;30.2;;;;;;;;;;;;;;;;;;
 ;01:07:11;4.200;0.045;460.0;30.3;;;;;;;;;;;;;;;;;;
 ;01:07:12;4.200;0.045;460.0;30.3;;;;;;;;;;;;;;;;;;
 ;01:07:13;4.200;0.045;460.0;30.2;;;;;;;;;;;;;;;;;;
 ;01:07:14;4.200;0.045;460.1;30.2;;;;;;;;;;;;;;;;;;
 ;01:07:15;4.200;0.045;460.1;30.3;;;;;;;;;;;;;;;;;;
 ;01:07:16;4.200;0.045;460.1;30.2;;;;;;;;;;;;;;;;;;
 ;01:07:17;4.200;0.045;460.1;30.2;;;;;;;;;;;;;;;;;;
 ;01:07:18;4.200;0.045;460.1;30.2;;;;;;;;;;;;;;;;;;
 ;01:07:19;4.200;0.045;460.1;30.2;;;;;;;;;;;;;;;;;;
 ;01:07:20;4.200;0.045;460.1;30.2;;;;;;;;;;;;;;;;;;
 ;01:07:21;4.200;0.045;460.1;30.2;;;;;;;;;;;;;;;;;;
 ;01:07:22;4.200;0.045;460.2;30.2;;;;;;;;;;;;;;;;;;
 ;01:07:23;4.200;0.045;460.2;30.2;;;;;;;;;;;;;;;;;;
 ;01:07:24;4.200;0.045;460.2;30.2;;;;;;;;;;;;;;;;;;
 ;01:07:25;4.200;0.045;460.2;30.2;;;;;;;;;;;;;;;;;;
 ;01:07:26;4.200;0.045;460.2;30.2;;;;;;;;;;;;;;;;;;
 ;01:07:27;4.200;0.045;460.2;30.2;;;;;;;;;;;;;;;;;;
 ;01:07:28;4.200;0.045;460.2;30.2;;;;;;;;;;;;;;;;;;
 ;01:07:29;4.200;0.045;460.2;30.2;;;;;;;;;;;;;;;;;;
 ;01:07:30;4.200;0.044;460.3;30.2;;;;;;;;;;;;;;;;;;
 ;01:07:31;4.200;0.044;460.3;30.2;;;;;;;;;;;;;;;;;;
 ;01:07:32;4.200;0.044;460.3;30.2;;;;;;;;;;;;;;;;;;
 ;01:07:33;4.200;0.044;460.3;30.2;;;;;;;;;;;;;;;;;;
 ;01:07:34;4.200;0.044;460.3;30.2;;;;;;;;;;;;;;;;;;
 ;01:07:35;4.200;0.044;460.3;30.2;;;;;;;;;;;;;;;;;;
 ;01:07:36;4.200;0.044;460.3;30.2;;;;;;;;;;;;;;;;;;
 ;01:07:37;4.200;0.044;460.3;30.2;;;;;;;;;;;;;;;;;;
 ;01:07:38;4.200;0.044;460.4;30.2;;;;;;;;;;;;;;;;;;
 ;01:07:39;4.200;0.044;460.4;30.2;;;;;;;;;;;;;;;;;;
 ;01:07:40;4.200;0.044;460.4;30.2;;;;;;;;;;;;;;;;;;
 ;01:07:41;4.200;0.044;460.4;30.2;;;;;;;;;;;;;;;;;;
 ;01:07:42;4.200;0.044;460.4;30.2;;;;;;;;;;;;;;;;;;
 ;01:07:43;4.200;0.044;460.4;30.2;;;;;;;;;;;;;;;;;;
 ;01:07:44;4.200;0.044;460.4;30.2;;;;;;;;;;;;;;;;;;
 ;01:07:45;4.200;0.044;460.4;30.2;;;;;;;;;;;;;;;;;;
 ;01:07:46;4.200;0.044;460.5;30.2;;;;;;;;;;;;;;;;;;
 ;01:07:47;4.200;0.044;460.5;30.2;;;;;;;;;;;;;;;;;;
 ;01:07:48;4.200;0.044;460.5;30.2;;;;;;;;;;;;;;;;;;
 ;01:07:49;4.200;0.044;460.5;30.2;;;;;;;;;;;;;;;;;;
 ;01:07:50;4.200;0.044;460.5;30.2;;;;;;;;;;;;;;;;;;
 ;01:07:51;4.200;0.044;460.5;30.2;;;;;;;;;;;;;;;;;;
 ;01:07:52;4.200;0.044;460.5;30.2;;;;;;;;;;;;;;;;;;
 ;01:07:53;4.200;0.044;460.5;30.2;;;;;;;;;;;;;;;;;;
 ;01:07:54;4.200;0.044;460.6;30.2;;;;;;;;;;;;;;;;;;
 ;01:07:55;4.200;0.044;460.6;30.2;;;;;;;;;;;;;;;;;;
 ;01:07:56;4.200;0.044;460.6;30.2;;;;;;;;;;;;;;;;;;
 ;01:07:57;4.200;0.044;460.6;30.2;;;;;;;;;;;;;;;;;;
 ;01:07:58;4.200;0.044;460.6;30.2;;;;;;;;;;;;;;;;;;
 ;01:07:59;4.200;0.044;460.6;30.2;;;;;;;;;;;;;;;;;;
 ;01:08:00;4.200;0.044;460.6;30.2;;;;;;;;;;;;;;;;;;
 ;01:08:01;4.200;0.044;460.6;30.2;;;;;;;;;;;;;;;;;;
 ;01:08:02;4.200;0.044;460.7;30.2;;;;;;;;;;;;;;;;;;
 ;01:08:03;4.200;0.044;460.7;30.2;;;;;;;;;;;;;;;;;;
 ;01:08:04;4.200;0.044;460.7;30.2;;;;;;;;;;;;;;;;;;
 ;01:08:05;4.200;0.044;460.7;30.2;;;;;;;;;;;;;;;;;;
 ;01:08:06;4.200;0.044;460.7;30.2;;;;;;;;;;;;;;;;;;
 ;01:08:07;4.200;0.044;460.7;30.2;;;;;;;;;;;;;;;;;;
 ;01:08:08;4.200;0.044;460.7;30.2;;;;;;;;;;;;;;;;;;
 ;01:08:09;4.200;0.044;460.7;30.2;;;;;;;;;;;;;;;;;;
 ;01:08:10;4.200;0.044;460.8;30.2;;;;;;;;;;;;;;;;;;
 ;01:08:11;4.200;0.044;460.8;30.2;;;;;;;;;;;;;;;;;;
 ;01:08:12;4.200;0.044;460.8;30.2;;;;;;;;;;;;;;;;;;
 ;01:08:13;4.200;0.044;460.8;30.2;;;;;;;;;;;;;;;;;;
 ;01:08:14;4.200;0.044;460.8;30.2;;;;;;;;;;;;;;;;;;
 ;01:08:15;4.200;0.044;460.8;30.2;;;;;;;;;;;;;;;;;;
 ;01:08:16;4.200;0.044;460.8;30.2;;;;;;;;;;;;;;;;;;
 ;01:08:17;4.200;0.044;460.8;30.2;;;;;;;;;;;;;;;;;;
 ;01:08:18;4.200;0.044;460.8;30.2;;;;;;;;;;;;;;;;;;
 ;01:08:19;4.200;0.044;460.9;30.2;;;;;;;;;;;;;;;;;;
 ;01:08:20;4.200;0.044;460.9;30.2;;;;;;;;;;;;;;;;;;
 ;01:08:21;4.200;0.044;460.9;30.2;;;;;;;;;;;;;;;;;;
 ;01:08:22;4.200;0.044;460.9;30.2;;;;;;;;;;;;;;;;;;
 ;01:08:23;4.200;0.044;460.9;30.2;;;;;;;;;;;;;;;;;;
 ;01:08:24;4.200;0.043;460.9;30.2;;;;;;;;;;;;;;;;;;
 ;01:08:25;4.200;0.043;460.9;30.2;;;;;;;;;;;;;;;;;;
 ;01:08:26;4.200;0.043;460.9;30.2;;;;;;;;;;;;;;;;;;
 ;01:08:27;4.200;0.043;461.0;30.2;;;;;;;;;;;;;;;;;;
 ;01:08:28;4.200;0.043;461.0;30.2;;;;;;;;;;;;;;;;;;
 ;01:08:29;4.200;0.043;461.0;30.2;;;;;;;;;;;;;;;;;;
 ;01:08:30;4.200;0.043;461.0;30.2;;;;;;;;;;;;;;;;;;
 ;01:08:31;4.200;0.043;461.0;30.2;;;;;;;;;;;;;;;;;;
 ;01:08:32;4.200;0.043;461.0;30.2;;;;;;;;;;;;;;;;;;
 ;01:08:33;4.200;0.043;461.0;30.2;;;;;;;;;;;;;;;;;;
 ;01:08:34;4.200;0.043;461.0;30.2;;;;;;;;;;;;;;;;;;
 ;01:08:35;4.200;0.043;461.1;30.2;;;;;;;;;;;;;;;;;;
 ;01:08:36;4.200;0.043;461.1;30.2;;;;;;;;;;;;;;;;;;
 ;01:08:37;4.200;0.043;461.1;30.2;;;;;;;;;;;;;;;;;;
 ;01:08:38;4.200;0.043;461.1;30.2;;;;;;;;;;;;;;;;;;
 ;01:08:39;4.200;0.043;461.1;30.2;;;;;;;;;;;;;;;;;;
 ;01:08:40;4.200;0.043;461.1;30.2;;;;;;;;;;;;;;;;;;
 ;01:08:41;4.200;0.043;461.1;30.2;;;;;;;;;;;;;;;;;;
 ;01:08:42;4.200;0.043;461.1;30.2;;;;;;;;;;;;;;;;;;
 ;01:08:43;4.200;0.043;461.2;30.2;;;;;;;;;;;;;;;;;;
 ;01:08:44;4.200;0.043;461.2;30.2;;;;;;;;;;;;;;;;;;
 ;01:08:45;4.200;0.043;461.2;30.2;;;;;;;;;;;;;;;;;;
 ;01:08:46;4.200;0.043;461.2;30.2;;;;;;;;;;;;;;;;;;
 ;01:08:47;4.200;0.043;461.2;30.2;;;;;;;;;;;;;;;;;;
 ;01:08:48;4.200;0.043;461.2;30.2;;;;;;;;;;;;;;;;;;
 ;01:08:49;4.200;0.043;461.2;30.2;;;;;;;;;;;;;;;;;;
 ;01:08:50;4.200;0.043;461.2;30.2;;;;;;;;;;;;;;;;;;
 ;01:08:51;4.200;0.043;461.2;30.2;;;;;;;;;;;;;;;;;;
 ;01:08:52;4.200;0.043;461.3;30.2;;;;;;;;;;;;;;;;;;
 ;01:08:53;4.200;0.043;461.3;30.2;;;;;;;;;;;;;;;;;;
 ;01:08:54;4.200;0.043;461.3;30.2;;;;;;;;;;;;;;;;;;
 ;01:08:55;4.200;0.043;461.3;30.2;;;;;;;;;;;;;;;;;;
 ;01:08:56;4.200;0.043;461.3;30.2;;;;;;;;;;;;;;;;;;
 ;01:08:57;4.200;0.043;461.3;30.2;;;;;;;;;;;;;;;;;;
 ;01:08:58;4.200;0.043;461.3;30.2;;;;;;;;;;;;;;;;;;
 ;01:08:59;4.200;0.043;461.3;30.2;;;;;;;;;;;;;;;;;;
 ;01:09:00;4.200;0.043;461.4;30.2;;;;;;;;;;;;;;;;;;
 ;01:09:01;4.200;0.043;461.4;30.2;;;;;;;;;;;;;;;;;;
 ;01:09:02;4.200;0.043;461.4;30.2;;;;;;;;;;;;;;;;;;
 ;01:09:03;4.200;0.043;461.4;30.2;;;;;;;;;;;;;;;;;;
 ;01:09:04;4.200;0.043;461.4;30.2;;;;;;;;;;;;;;;;;;
 ;01:09:05;4.200;0.043;461.4;30.2;;;;;;;;;;;;;;;;;;
 ;01:09:06;4.200;0.043;461.4;30.2;;;;;;;;;;;;;;;;;;
 ;01:09:07;4.200;0.043;461.4;30.2;;;;;;;;;;;;;;;;;;
 ;01:09:08;4.200;0.043;461.5;30.2;;;;;;;;;;;;;;;;;;
 ;01:09:09;4.200;0.043;461.5;30.2;;;;;;;;;;;;;;;;;;
 ;01:09:10;4.200;0.043;461.5;30.2;;;;;;;;;;;;;;;;;;
 ;01:09:11;4.200;0.042;461.5;30.2;;;;;;;;;;;;;;;;;;
 ;01:09:12;4.200;0.042;461.5;30.2;;;;;;;;;;;;;;;;;;
 ;01:09:13;4.200;0.042;461.5;30.2;;;;;;;;;;;;;;;;;;
 ;01:09:14;4.200;0.042;461.5;30.2;;;;;;;;;;;;;;;;;;
 ;01:09:15;4.200;0.042;461.5;30.2;;;;;;;;;;;;;;;;;;
 ;01:09:16;4.200;0.042;461.5;30.2;;;;;;;;;;;;;;;;;;
 ;01:09:17;4.200;0.042;461.6;30.2;;;;;;;;;;;;;;;;;;
 ;01:09:18;4.200;0.042;461.6;30.2;;;;;;;;;;;;;;;;;;
 ;01:09:19;4.200;0.042;461.6;30.2;;;;;;;;;;;;;;;;;;
 ;01:09:20;4.200;0.042;461.6;30.2;;;;;;;;;;;;;;;;;;
 ;01:09:21;4.200;0.043;461.6;30.2;;;;;;;;;;;;;;;;;;
 ;01:09:22;4.200;0.042;461.6;30.2;;;;;;;;;;;;;;;;;;
 ;01:09:23;4.200;0.042;461.6;30.2;;;;;;;;;;;;;;;;;;
 ;01:09:24;4.200;0.042;461.6;30.2;;;;;;;;;;;;;;;;;;
 ;01:09:25;4.200;0.042;461.7;30.2;;;;;;;;;;;;;;;;;;
 ;01:09:26;4.200;0.042;461.7;30.2;;;;;;;;;;;;;;;;;;
 ;01:09:27;4.200;0.042;461.7;30.2;;;;;;;;;;;;;;;;;;
 ;01:09:28;4.200;0.042;461.7;30.2;;;;;;;;;;;;;;;;;;
 ;01:09:29;4.200;0.042;461.7;30.2;;;;;;;;;;;;;;;;;;
 ;01:09:30;4.200;0.042;461.7;30.2;;;;;;;;;;;;;;;;;;
 ;01:09:31;4.200;0.042;461.7;30.2;;;;;;;;;;;;;;;;;;
 ;01:09:32;4.200;0.042;461.7;30.2;;;;;;;;;;;;;;;;;;
 ;01:09:33;4.200;0.042;461.7;30.2;;;;;;;;;;;;;;;;;;
 ;01:09:34;4.200;0.042;461.8;30.2;;;;;;;;;;;;;;;;;;
 ;01:09:35;4.200;0.042;461.8;30.2;;;;;;;;;;;;;;;;;;
 ;01:09:36;4.200;0.042;461.8;30.2;;;;;;;;;;;;;;;;;;
 ;01:09:37;4.200;0.042;461.8;30.2;;;;;;;;;;;;;;;;;;
 ;01:09:38;4.200;0.042;461.8;30.2;;;;;;;;;;;;;;;;;;
 ;01:09:39;4.200;0.042;461.8;30.2;;;;;;;;;;;;;;;;;;
 ;01:09:40;4.200;0.042;461.8;30.2;;;;;;;;;;;;;;;;;;
 ;01:09:41;4.200;0.042;461.8;30.2;;;;;;;;;;;;;;;;;;
 ;01:09:42;4.200;0.042;461.9;30.2;;;;;;;;;;;;;;;;;;
 ;01:09:43;4.200;0.042;461.9;30.2;;;;;;;;;;;;;;;;;;
 ;01:09:44;4.200;0.042;461.9;30.2;;;;;;;;;;;;;;;;;;
 ;01:09:45;4.200;0.042;461.9;30.2;;;;;;;;;;;;;;;;;;
 ;01:09:46;4.200;0.042;461.9;30.2;;;;;;;;;;;;;;;;;;
 ;01:09:47;4.200;0.042;461.9;30.2;;;;;;;;;;;;;;;;;;
 ;01:09:48;4.200;0.042;461.9;30.2;;;;;;;;;;;;;;;;;;
 ;01:09:49;4.200;0.042;461.9;30.2;;;;;;;;;;;;;;;;;;
 ;01:09:50;4.200;0.042;461.9;30.2;;;;;;;;;;;;;;;;;;
 ;01:09:51;4.200;0.042;462.0;30.2;;;;;;;;;;;;;;;;;;
 ;01:09:52;4.200;0.042;462.0;30.2;;;;;;;;;;;;;;;;;;
 ;01:09:53;4.200;0.042;462.0;30.2;;;;;;;;;;;;;;;;;;
 ;01:09:54;4.200;0.042;462.0;30.2;;;;;;;;;;;;;;;;;;
 ;01:09:55;4.200;0.042;462.0;30.2;;;;;;;;;;;;;;;;;;
 ;01:09:56;4.200;0.042;462.0;30.2;;;;;;;;;;;;;;;;;;
 ;01:09:57;4.200;0.042;462.0;30.2;;;;;;;;;;;;;;;;;;
 ;01:09:58;4.200;0.042;462.0;30.2;;;;;;;;;;;;;;;;;;
 ;01:09:59;4.200;0.042;462.1;30.2;;;;;;;;;;;;;;;;;;
 ;01:10:00;4.200;0.042;462.1;30.2;;;;;;;;;;;;;;;;;;
 ;01:10:01;4.200;0.042;462.1;30.2;;;;;;;;;;;;;;;;;;
 ;01:10:02;4.200;0.042;462.1;30.2;;;;;;;;;;;;;;;;;;
 ;01:10:03;4.200;0.042;462.1;30.2;;;;;;;;;;;;;;;;;;
 ;01:10:04;4.200;0.042;462.1;30.2;;;;;;;;;;;;;;;;;;
 ;01:10:05;4.200;0.042;462.1;30.2;;;;;;;;;;;;;;;;;;
 ;01:10:06;4.200;0.042;462.1;30.2;;;;;;;;;;;;;;;;;;
 ;01:10:07;4.200;0.042;462.1;30.2;;;;;;;;;;;;;;;;;;
 ;01:10:08;4.200;0.042;462.2;30.2;;;;;;;;;;;;;;;;;;
 ;01:10:09;4.200;0.042;462.2;30.2;;;;;;;;;;;;;;;;;;
 ;01:10:10;4.200;0.042;462.2;30.2;;;;;;;;;;;;;;;;;;
 ;01:10:11;4.200;0.042;462.2;30.2;;;;;;;;;;;;;;;;;;
 ;01:10:12;4.200;0.042;462.2;30.2;;;;;;;;;;;;;;;;;;
 ;01:10:13;4.200;0.042;462.2;30.2;;;;;;;;;;;;;;;;;;
 ;01:10:14;4.200;0.042;462.2;30.2;;;;;;;;;;;;;;;;;;
 ;01:10:15;4.200;0.042;462.2;30.2;;;;;;;;;;;;;;;;;;
 ;01:10:16;4.200;0.042;462.3;30.2;;;;;;;;;;;;;;;;;;
 ;01:10:17;4.200;0.042;462.3;30.2;;;;;;;;;;;;;;;;;;
 ;01:10:18;4.200;0.042;462.3;30.2;;;;;;;;;;;;;;;;;;
 ;01:10:19;4.200;0.042;462.3;30.2;;;;;;;;;;;;;;;;;;
 ;01:10:20;4.200;0.042;462.3;30.2;;;;;;;;;;;;;;;;;;
 ;01:10:21;4.200;0.042;462.3;30.2;;;;;;;;;;;;;;;;;;
 ;01:10:22;4.200;0.042;462.3;30.2;;;;;;;;;;;;;;;;;;
 ;01:10:23;4.200;0.042;462.3;30.2;;;;;;;;;;;;;;;;;;
 ;01:10:24;4.200;0.042;462.3;30.2;;;;;;;;;;;;;;;;;;
 ;01:10:25;4.200;0.042;462.4;30.2;;;;;;;;;;;;;;;;;;
 ;01:10:26;4.200;0.042;462.4;30.2;;;;;;;;;;;;;;;;;;
 ;01:10:27;4.200;0.042;462.4;30.2;;;;;;;;;;;;;;;;;;
 ;01:10:28;4.200;0.042;462.4;30.2;;;;;;;;;;;;;;;;;;
 ;01:10:29;4.200;0.042;462.4;30.2;;;;;;;;;;;;;;;;;;
 ;01:10:30;4.200;0.042;462.4;30.2;;;;;;;;;;;;;;;;;;
 ;01:10:31;4.200;0.042;462.4;30.2;;;;;;;;;;;;;;;;;;
 ;01:10:32;4.200;0.042;462.4;30.2;;;;;;;;;;;;;;;;;;
 ;01:10:33;4.200;0.042;462.4;30.2;;;;;;;;;;;;;;;;;;
 ;01:10:34;4.200;0.042;462.5;30.2;;;;;;;;;;;;;;;;;;
 ;01:10:35;4.200;0.041;462.5;30.2;;;;;;;;;;;;;;;;;;
 ;01:10:36;4.200;0.040;462.5;30.2;;;;;;;;;;;;;;;;;;
 ;01:10:37;4.200;0.040;462.5;30.2;;;;;;;;;;;;;;;;;;
 ;01:10:38;4.200;0.040;462.5;30.2;;;;;;;;;;;;;;;;;;
 ;01:10:39;4.200;0.040;462.5;30.2;;;;;;;;;;;;;;;;;;
 ;01:10:40;4.200;0.040;462.5;30.2;;;;;;;;;;;;;;;;;;
 ;01:10:41;4.200;0.040;462.5;30.2;;;;;;;;;;;;;;;;;;
 ;01:10:42;4.200;0.040;462.6;30.2;;;;;;;;;;;;;;;;;;
 ;01:10:43;4.200;0.040;462.6;30.2;;;;;;;;;;;;;;;;;;
 ;01:10:44;4.200;0.040;462.6;30.2;;;;;;;;;;;;;;;;;;
 ;01:10:45;4.200;0.040;462.6;30.2;;;;;;;;;;;;;;;;;;
 ;01:10:46;4.200;0.040;462.6;30.2;;;;;;;;;;;;;;;;;;
 ;01:10:47;4.200;0.040;462.6;30.2;;;;;;;;;;;;;;;;;;
 ;01:10:48;4.200;0.040;462.6;30.1;;;;;;;;;;;;;;;;;;
 ;01:10:49;4.200;0.040;462.6;30.2;;;;;;;;;;;;;;;;;;
 ;01:10:50;4.200;0.040;462.6;30.2;;;;;;;;;;;;;;;;;;
 ;01:10:51;4.200;0.040;462.7;30.1;;;;;;;;;;;;;;;;;;
 ;01:10:52;4.200;0.040;462.7;30.1;;;;;;;;;;;;;;;;;;
 ;01:10:53;4.200;0.040;462.7;30.1;;;;;;;;;;;;;;;;;;
 ;01:10:54;4.200;0.040;462.7;30.1;;;;;;;;;;;;;;;;;;
 ;01:10:55;4.200;0.040;462.7;30.1;;;;;;;;;;;;;;;;;;
 ;01:10:56;4.200;0.040;462.7;30.1;;;;;;;;;;;;;;;;;;
 ;01:10:57;4.200;0.040;462.7;30.1;;;;;;;;;;;;;;;;;;
 ;01:10:58;4.200;0.040;462.7;30.1;;;;;;;;;;;;;;;;;;
 ;01:10:59;4.200;0.040;462.7;30.1;;;;;;;;;;;;;;;;;;
 ;01:11:00;4.200;0.040;462.8;30.1;;;;;;;;;;;;;;;;;;
 ;01:11:01;4.200;0.040;462.8;30.1;;;;;;;;;;;;;;;;;;
 ;01:11:02;4.200;0.040;462.8;30.1;;;;;;;;;;;;;;;;;;
 ;01:11:03;4.200;0.040;462.8;30.1;;;;;;;;;;;;;;;;;;
 ;01:11:04;4.200;0.040;462.8;30.1;;;;;;;;;;;;;;;;;;
 ;01:11:05;4.200;0.040;462.8;30.1;;;;;;;;;;;;;;;;;;
 ;01:11:06;4.200;0.040;462.8;30.1;;;;;;;;;;;;;;;;;;
 ;01:11:07;4.200;0.040;462.8;30.1;;;;;;;;;;;;;;;;;;
 ;01:11:08;4.200;0.040;462.8;30.1;;;;;;;;;;;;;;;;;;
 ;01:11:09;4.200;0.040;462.9;30.1;;;;;;;;;;;;;;;;;;
 ;01:11:10;4.200;0.040;462.9;30.1;;;;;;;;;;;;;;;;;;
 ;01:11:11;4.200;0.040;462.9;30.1;;;;;;;;;;;;;;;;;;
 ;01:11:12;4.200;0.040;462.9;30.1;;;;;;;;;;;;;;;;;;
 ;01:11:13;4.200;0.040;462.9;30.1;;;;;;;;;;;;;;;;;;
 ;01:11:14;4.200;0.040;462.9;30.1;;;;;;;;;;;;;;;;;;
 ;01:11:15;4.200;0.040;462.9;30.1;;;;;;;;;;;;;;;;;;
 ;01:11:16;4.200;0.040;462.9;30.1;;;;;;;;;;;;;;;;;;
 ;01:11:17;4.200;0.040;462.9;30.1;;;;;;;;;;;;;;;;;;
 ;01:11:18;4.200;0.040;463.0;30.1;;;;;;;;;;;;;;;;;;
 ;01:11:19;4.200;0.040;463.0;30.1;;;;;;;;;;;;;;;;;;
 ;01:11:20;4.200;0.040;463.0;30.1;;;;;;;;;;;;;;;;;;
 ;01:11:21;4.200;0.040;463.0;30.1;;;;;;;;;;;;;;;;;;
 ;01:11:22;4.200;0.040;463.0;30.1;;;;;;;;;;;;;;;;;;
 ;01:11:23;4.200;0.040;463.0;30.1;;;;;;;;;;;;;;;;;;
 ;01:11:24;4.200;0.040;463.0;30.1;;;;;;;;;;;;;;;;;;
 ;01:11:25;4.200;0.040;463.0;30.1;;;;;;;;;;;;;;;;;;
 ;01:11:26;4.200;0.040;463.0;30.1;;;;;;;;;;;;;;;;;;
 ;01:11:27;4.200;0.040;463.1;30.1;;;;;;;;;;;;;;;;;;
 ;01:11:28;4.200;0.040;463.1;30.1;;;;;;;;;;;;;;;;;;
 ;01:11:29;4.200;0.039;463.1;30.1;;;;;;;;;;;;;;;;;;
 ;01:11:30;4.200;0.039;463.1;30.1;;;;;;;;;;;;;;;;;;
 ;01:11:31;4.200;0.039;463.1;30.1;;;;;;;;;;;;;;;;;;
 ;01:11:32;4.200;0.039;463.1;30.1;;;;;;;;;;;;;;;;;;
 ;01:11:33;4.200;0.039;463.1;30.1;;;;;;;;;;;;;;;;;;
 ;01:11:34;4.200;0.039;463.1;30.1;;;;;;;;;;;;;;;;;;
 ;01:11:35;4.200;0.039;463.1;30.1;;;;;;;;;;;;;;;;;;
 ;01:11:36;4.200;0.039;463.1;30.1;;;;;;;;;;;;;;;;;;
 ;01:11:37;4.200;0.039;463.2;30.1;;;;;;;;;;;;;;;;;;
 ;01:11:38;4.200;0.039;463.2;30.1;;;;;;;;;;;;;;;;;;
 ;01:11:39;4.200;0.039;463.2;30.1;;;;;;;;;;;;;;;;;;
 ;01:11:40;4.200;0.039;463.2;30.1;;;;;;;;;;;;;;;;;;
 ;01:11:41;4.200;0.039;463.2;30.1;;;;;;;;;;;;;;;;;;
 ;01:11:42;4.200;0.039;463.2;30.1;;;;;;;;;;;;;;;;;;
 ;01:11:43;4.200;0.039;463.2;30.1;;;;;;;;;;;;;;;;;;
 ;01:11:44;4.200;0.039;463.2;30.1;;;;;;;;;;;;;;;;;;
 ;01:11:45;4.200;0.039;463.2;30.1;;;;;;;;;;;;;;;;;;
 ;01:11:46;4.200;0.039;463.3;30.1;;;;;;;;;;;;;;;;;;
 ;01:11:47;4.200;0.039;463.3;30.1;;;;;;;;;;;;;;;;;;
 ;01:11:48;4.200;0.039;463.3;30.1;;;;;;;;;;;;;;;;;;
 ;01:11:49;4.200;0.039;463.3;30.1;;;;;;;;;;;;;;;;;;
 ;01:11:50;4.200;0.039;463.3;30.1;;;;;;;;;;;;;;;;;;
 ;01:11:51;4.200;0.039;463.3;30.1;;;;;;;;;;;;;;;;;;
 ;01:11:52;4.200;0.039;463.3;30.1;;;;;;;;;;;;;;;;;;
 ;01:11:53;4.200;0.039;463.3;30.1;;;;;;;;;;;;;;;;;;
 ;01:11:54;4.200;0.039;463.3;30.1;;;;;;;;;;;;;;;;;;
 ;01:11:55;4.200;0.039;463.4;30.1;;;;;;;;;;;;;;;;;;
 ;01:11:56;4.200;0.039;463.4;30.1;;;;;;;;;;;;;;;;;;
 ;01:11:57;4.200;0.039;463.4;30.1;;;;;;;;;;;;;;;;;;
 ;01:11:58;4.200;0.039;463.4;30.1;;;;;;;;;;;;;;;;;;
 ;01:11:59;4.200;0.039;463.4;30.1;;;;;;;;;;;;;;;;;;
 ;01:12:00;4.200;0.039;463.4;30.1;;;;;;;;;;;;;;;;;;
 ;01:12:01;4.200;0.039;463.4;30.1;;;;;;;;;;;;;;;;;;
 ;01:12:02;4.200;0.039;463.4;30.1;;;;;;;;;;;;;;;;;;
 ;01:12:03;4.200;0.039;463.4;30.1;;;;;;;;;;;;;;;;;;
 ;01:12:04;4.200;0.039;463.5;30.1;;;;;;;;;;;;;;;;;;
 ;01:12:05;4.200;0.039;463.5;30.1;;;;;;;;;;;;;;;;;;
 ;01:12:06;4.200;0.039;463.5;30.1;;;;;;;;;;;;;;;;;;
 ;01:12:07;4.200;0.039;463.5;30.1;;;;;;;;;;;;;;;;;;
 ;01:12:08;4.200;0.039;463.5;30.1;;;;;;;;;;;;;;;;;;
 ;01:12:09;4.200;0.039;463.5;30.1;;;;;;;;;;;;;;;;;;
 ;01:12:10;4.200;0.039;463.5;30.1;;;;;;;;;;;;;;;;;;
 ;01:12:11;4.200;0.039;463.5;30.1;;;;;;;;;;;;;;;;;;
 ;01:12:12;4.200;0.039;463.5;30.1;;;;;;;;;;;;;;;;;;
 ;01:12:13;4.200;0.039;463.5;30.1;;;;;;;;;;;;;;;;;;
 ;01:12:14;4.200;0.039;463.6;30.1;;;;;;;;;;;;;;;;;;
 ;01:12:15;4.200;0.039;463.6;30.1;;;;;;;;;;;;;;;;;;
 ;01:12:16;4.200;0.039;463.6;30.1;;;;;;;;;;;;;;;;;;
 ;01:12:17;4.200;0.039;463.6;30.1;;;;;;;;;;;;;;;;;;
 ;01:12:18;4.200;0.039;463.6;30.1;;;;;;;;;;;;;;;;;;
 ;01:12:19;4.200;0.039;463.6;30.1;;;;;;;;;;;;;;;;;;
 ;01:12:20;4.200;0.039;463.6;30.1;;;;;;;;;;;;;;;;;;
 ;01:12:21;4.200;0.039;463.6;30.1;;;;;;;;;;;;;;;;;;
 ;01:12:22;4.200;0.039;463.6;30.1;;;;;;;;;;;;;;;;;;
 ;01:12:23;4.200;0.039;463.7;30.1;;;;;;;;;;;;;;;;;;
 ;01:12:24;4.200;0.039;463.7;30.1;;;;;;;;;;;;;;;;;;
 ;01:12:25;4.200;0.039;463.7;30.1;;;;;;;;;;;;;;;;;;
 ;01:12:26;4.200;0.038;463.7;30.1;;;;;;;;;;;;;;;;;;
 ;01:12:27;4.200;0.038;463.7;30.1;;;;;;;;;;;;;;;;;;
 ;01:12:28;4.200;0.038;463.7;30.1;;;;;;;;;;;;;;;;;;
 ;01:12:29;4.200;0.038;463.7;30.1;;;;;;;;;;;;;;;;;;
 ;01:12:30;4.200;0.038;463.7;30.1;;;;;;;;;;;;;;;;;;
 ;01:12:31;4.200;0.038;463.7;30.1;;;;;;;;;;;;;;;;;;
 ;01:12:32;4.200;0.038;463.8;30.1;;;;;;;;;;;;;;;;;;
 ;01:12:33;4.200;0.038;463.8;30.1;;;;;;;;;;;;;;;;;;
 ;01:12:34;4.200;0.038;463.8;30.1;;;;;;;;;;;;;;;;;;
 ;01:12:35;4.200;0.038;463.8;30.1;;;;;;;;;;;;;;;;;;
 ;01:12:36;4.200;0.038;463.8;30.1;;;;;;;;;;;;;;;;;;
 ;01:12:37;4.200;0.038;463.8;30.1;;;;;;;;;;;;;;;;;;
 ;01:12:38;4.200;0.038;463.8;30.1;;;;;;;;;;;;;;;;;;
 ;01:12:39;4.200;0.038;463.8;30.1;;;;;;;;;;;;;;;;;;
 ;01:12:40;4.200;0.038;463.8;30.1;;;;;;;;;;;;;;;;;;
 ;01:12:41;4.200;0.038;463.8;30.1;;;;;;;;;;;;;;;;;;
 ;01:12:42;4.200;0.038;463.9;30.1;;;;;;;;;;;;;;;;;;
 ;01:12:43;4.200;0.038;463.9;30.1;;;;;;;;;;;;;;;;;;
 ;01:12:44;4.200;0.038;463.9;30.1;;;;;;;;;;;;;;;;;;
 ;01:12:45;4.200;0.038;463.9;30.1;;;;;;;;;;;;;;;;;;
 ;01:12:46;4.200;0.038;463.9;30.1;;;;;;;;;;;;;;;;;;
 ;01:12:47;4.200;0.038;463.9;30.1;;;;;;;;;;;;;;;;;;
 ;01:12:48;4.200;0.038;463.9;30.1;;;;;;;;;;;;;;;;;;
 ;01:12:49;4.200;0.038;463.9;30.1;;;;;;;;;;;;;;;;;;
 ;01:12:50;4.200;0.038;463.9;30.1;;;;;;;;;;;;;;;;;;
 ;01:12:51;4.200;0.038;464.0;30.1;;;;;;;;;;;;;;;;;;
 ;01:12:52;4.200;0.038;464.0;30.1;;;;;;;;;;;;;;;;;;
 ;01:12:53;4.200;0.038;464.0;30.1;;;;;;;;;;;;;;;;;;
 ;01:12:54;4.200;0.038;464.0;30.1;;;;;;;;;;;;;;;;;;
 ;01:12:55;4.200;0.038;464.0;30.1;;;;;;;;;;;;;;;;;;
 ;01:12:56;4.200;0.038;464.0;30.1;;;;;;;;;;;;;;;;;;
 ;01:12:57;4.200;0.038;464.0;30.1;;;;;;;;;;;;;;;;;;
 ;01:12:58;4.200;0.038;464.0;30.1;;;;;;;;;;;;;;;;;;
 ;01:12:59;4.200;0.038;464.0;30.1;;;;;;;;;;;;;;;;;;
 ;01:13:00;4.200;0.038;464.1;30.1;;;;;;;;;;;;;;;;;;
 ;01:13:01;4.200;0.038;464.1;30.1;;;;;;;;;;;;;;;;;;
 ;01:13:02;4.200;0.038;464.1;30.1;;;;;;;;;;;;;;;;;;
 ;01:13:03;4.200;0.038;464.1;30.1;;;;;;;;;;;;;;;;;;
 ;01:13:04;4.200;0.038;464.1;30.1;;;;;;;;;;;;;;;;;;
 ;01:13:05;4.200;0.038;464.1;30.1;;;;;;;;;;;;;;;;;;
 ;01:13:06;4.200;0.038;464.1;30.1;;;;;;;;;;;;;;;;;;
 ;01:13:07;4.200;0.038;464.1;30.1;;;;;;;;;;;;;;;;;;
 ;01:13:08;4.200;0.038;464.1;30.1;;;;;;;;;;;;;;;;;;
 ;01:13:09;4.200;0.038;464.1;30.1;;;;;;;;;;;;;;;;;;
 ;01:13:10;4.200;0.038;464.2;30.1;;;;;;;;;;;;;;;;;;
 ;01:13:11;4.200;0.038;464.2;30.1;;;;;;;;;;;;;;;;;;
 ;01:13:12;4.200;0.038;464.2;30.1;;;;;;;;;;;;;;;;;;
 ;01:13:13;4.200;0.038;464.2;30.1;;;;;;;;;;;;;;;;;;
 ;01:13:14;4.200;0.038;464.2;30.1;;;;;;;;;;;;;;;;;;
 ;01:13:15;4.200;0.038;464.2;30.1;;;;;;;;;;;;;;;;;;
 ;01:13:16;4.200;0.038;464.2;30.1;;;;;;;;;;;;;;;;;;
 ;01:13:17;4.200;0.038;464.2;30.1;;;;;;;;;;;;;;;;;;
 ;01:13:18;4.200;0.038;464.2;30.1;;;;;;;;;;;;;;;;;;
 ;01:13:19;4.200;0.038;464.3;30.1;;;;;;;;;;;;;;;;;;
 ;01:13:20;4.200;0.038;464.3;30.0;;;;;;;;;;;;;;;;;;
 ;01:13:21;4.200;0.038;464.3;30.0;;;;;;;;;;;;;;;;;;
 ;01:13:22;4.200;0.038;464.3;30.0;;;;;;;;;;;;;;;;;;
 ;01:13:23;4.200;0.038;464.3;30.1;;;;;;;;;;;;;;;;;;
 ;01:13:24;4.200;0.038;464.3;30.1;;;;;;;;;;;;;;;;;;
 ;01:13:25;4.200;0.038;464.3;30.0;;;;;;;;;;;;;;;;;;
 ;01:13:26;4.200;0.038;464.3;30.0;;;;;;;;;;;;;;;;;;
 ;01:13:27;4.200;0.037;464.3;30.0;;;;;;;;;;;;;;;;;;
 ;01:13:28;4.200;0.037;464.3;30.0;;;;;;;;;;;;;;;;;;
 ;01:13:29;4.200;0.037;464.4;30.0;;;;;;;;;;;;;;;;;;
 ;01:13:30;4.200;0.037;464.4;30.0;;;;;;;;;;;;;;;;;;
 ;01:13:31;4.200;0.037;464.4;30.0;;;;;;;;;;;;;;;;;;
 ;01:13:32;4.200;0.037;464.4;30.0;;;;;;;;;;;;;;;;;;
 ;01:13:33;4.200;0.037;464.4;30.0;;;;;;;;;;;;;;;;;;
 ;01:13:34;4.200;0.037;464.4;30.0;;;;;;;;;;;;;;;;;;
 ;01:13:35;4.200;0.037;464.4;30.0;;;;;;;;;;;;;;;;;;
 ;01:13:36;4.200;0.037;464.4;30.0;;;;;;;;;;;;;;;;;;
 ;01:13:37;4.200;0.037;464.4;30.0;;;;;;;;;;;;;;;;;;
 ;01:13:38;4.200;0.037;464.4;30.0;;;;;;;;;;;;;;;;;;
 ;01:13:39;4.200;0.037;464.5;30.0;;;;;;;;;;;;;;;;;;
 ;01:13:40;4.200;0.037;464.5;30.0;;;;;;;;;;;;;;;;;;
 ;01:13:41;4.200;0.037;464.5;30.0;;;;;;;;;;;;;;;;;;
 ;01:13:42;4.200;0.037;464.5;30.0;;;;;;;;;;;;;;;;;;
 ;01:13:43;4.200;0.037;464.5;30.0;;;;;;;;;;;;;;;;;;
 ;01:13:44;4.200;0.037;464.5;30.0;;;;;;;;;;;;;;;;;;
 ;01:13:45;4.200;0.037;464.5;30.0;;;;;;;;;;;;;;;;;;
 ;01:13:46;4.200;0.037;464.5;30.0;;;;;;;;;;;;;;;;;;
 ;01:13:47;4.200;0.037;464.5;30.0;;;;;;;;;;;;;;;;;;
 ;01:13:48;4.200;0.037;464.6;30.0;;;;;;;;;;;;;;;;;;
 ;01:13:49;4.200;0.037;464.6;30.0;;;;;;;;;;;;;;;;;;
 ;01:13:50;4.200;0.037;464.6;30.0;;;;;;;;;;;;;;;;;;
 ;01:13:51;4.200;0.037;464.6;30.0;;;;;;;;;;;;;;;;;;
 ;01:13:52;4.200;0.037;464.6;30.0;;;;;;;;;;;;;;;;;;
 ;01:13:53;4.200;0.037;464.6;30.0;;;;;;;;;;;;;;;;;;
 ;01:13:54;4.200;0.037;464.6;30.0;;;;;;;;;;;;;;;;;;
 ;01:13:55;4.200;0.037;464.6;30.0;;;;;;;;;;;;;;;;;;
 ;01:13:56;4.200;0.037;464.6;30.0;;;;;;;;;;;;;;;;;;
 ;01:13:57;4.200;0.037;464.6;30.0;;;;;;;;;;;;;;;;;;
 ;01:13:58;4.200;0.037;464.7;30.0;;;;;;;;;;;;;;;;;;
 ;01:13:59;4.200;0.037;464.7;30.0;;;;;;;;;;;;;;;;;;
 ;01:14:00;4.200;0.037;464.7;30.0;;;;;;;;;;;;;;;;;;
 ;01:14:01;4.200;0.037;464.7;30.0;;;;;;;;;;;;;;;;;;
 ;01:14:02;4.200;0.037;464.7;30.0;;;;;;;;;;;;;;;;;;
 ;01:14:03;4.200;0.037;464.7;30.0;;;;;;;;;;;;;;;;;;
 ;01:14:04;4.200;0.037;464.7;30.0;;;;;;;;;;;;;;;;;;
 ;01:14:05;4.200;0.037;464.7;30.0;;;;;;;;;;;;;;;;;;
 ;01:14:06;4.200;0.037;464.7;30.0;;;;;;;;;;;;;;;;;;
 ;01:14:07;4.200;0.037;464.7;30.0;;;;;;;;;;;;;;;;;;
 ;01:14:08;4.200;0.037;464.8;30.0;;;;;;;;;;;;;;;;;;
 ;01:14:09;4.200;0.037;464.8;30.0;;;;;;;;;;;;;;;;;;
 ;01:14:10;4.200;0.037;464.8;30.0;;;;;;;;;;;;;;;;;;
 ;01:14:11;4.200;0.037;464.8;30.0;;;;;;;;;;;;;;;;;;
 ;01:14:12;4.200;0.037;464.8;30.0;;;;;;;;;;;;;;;;;;
 ;01:14:13;4.200;0.037;464.8;30.0;;;;;;;;;;;;;;;;;;
 ;01:14:14;4.200;0.037;464.8;30.0;;;;;;;;;;;;;;;;;;
 ;01:14:15;4.200;0.037;464.8;30.0;;;;;;;;;;;;;;;;;;
 ;01:14:16;4.200;0.037;464.8;30.0;;;;;;;;;;;;;;;;;;
 ;01:14:17;4.200;0.037;464.8;30.0;;;;;;;;;;;;;;;;;;
 ;01:14:18;4.200;0.037;464.9;30.0;;;;;;;;;;;;;;;;;;
 ;01:14:19;4.200;0.037;464.9;30.0;;;;;;;;;;;;;;;;;;
 ;01:14:20;4.200;0.037;464.9;30.0;;;;;;;;;;;;;;;;;;
 ;01:14:21;4.200;0.037;464.9;30.0;;;;;;;;;;;;;;;;;;
 ;01:14:22;4.200;0.037;464.9;30.0;;;;;;;;;;;;;;;;;;
 ;01:14:23;4.200;0.037;464.9;30.0;;;;;;;;;;;;;;;;;;
 ;01:14:24;4.200;0.037;464.9;30.0;;;;;;;;;;;;;;;;;;
 ;01:14:25;4.200;0.037;464.9;30.0;;;;;;;;;;;;;;;;;;
 ;01:14:26;4.200;0.037;464.9;30.0;;;;;;;;;;;;;;;;;;
 ;01:14:27;4.200;0.037;465.0;30.0;;;;;;;;;;;;;;;;;;
 ;01:14:28;4.200;0.037;465.0;30.0;;;;;;;;;;;;;;;;;;
 ;01:14:29;4.200;0.036;465.0;30.0;;;;;;;;;;;;;;;;;;
 ;01:14:30;4.200;0.035;465.0;30.0;;;;;;;;;;;;;;;;;;
 ;01:14:31;4.200;0.035;465.0;30.0;;;;;;;;;;;;;;;;;;
 ;01:14:32;4.200;0.035;465.0;30.0;;;;;;;;;;;;;;;;;;
 ;01:14:33;4.200;0.035;465.0;30.0;;;;;;;;;;;;;;;;;;
 ;01:14:34;4.200;0.035;465.0;30.0;;;;;;;;;;;;;;;;;;
 ;01:14:35;4.200;0.035;465.0;30.0;;;;;;;;;;;;;;;;;;
 ;01:14:36;4.200;0.035;465.0;30.0;;;;;;;;;;;;;;;;;;
 ;01:14:37;4.200;0.035;465.1;30.0;;;;;;;;;;;;;;;;;;
 ;01:14:38;4.200;0.035;465.1;30.0;;;;;;;;;;;;;;;;;;
 ;01:14:39;4.200;0.035;465.1;30.0;;;;;;;;;;;;;;;;;;
 ;01:14:40;4.200;0.035;465.1;30.0;;;;;;;;;;;;;;;;;;
 ;01:14:41;4.200;0.035;465.1;30.0;;;;;;;;;;;;;;;;;;
 ;01:14:42;4.200;0.035;465.1;30.0;;;;;;;;;;;;;;;;;;
 ;01:14:43;4.200;0.035;465.1;30.0;;;;;;;;;;;;;;;;;;
 ;01:14:44;4.200;0.035;465.1;30.0;;;;;;;;;;;;;;;;;;
 ;01:14:45;4.200;0.035;465.1;30.0;;;;;;;;;;;;;;;;;;
 ;01:14:46;4.200;0.035;465.1;30.0;;;;;;;;;;;;;;;;;;
 ;01:14:47;4.200;0.035;465.1;30.0;;;;;;;;;;;;;;;;;;
 ;01:14:48;4.200;0.035;465.2;30.0;;;;;;;;;;;;;;;;;;
 ;01:14:49;4.200;0.035;465.2;30.0;;;;;;;;;;;;;;;;;;
 ;01:14:50;4.200;0.035;465.2;30.0;;;;;;;;;;;;;;;;;;
 ;01:14:51;4.200;0.035;465.2;30.0;;;;;;;;;;;;;;;;;;
 ;01:14:52;4.200;0.035;465.2;30.0;;;;;;;;;;;;;;;;;;
 ;01:14:53;4.200;0.035;465.2;30.0;;;;;;;;;;;;;;;;;;
 ;01:14:54;4.200;0.035;465.2;30.0;;;;;;;;;;;;;;;;;;
 ;01:14:55;4.200;0.035;465.2;30.0;;;;;;;;;;;;;;;;;;
 ;01:14:56;4.200;0.035;465.2;30.0;;;;;;;;;;;;;;;;;;
 ;01:14:57;4.200;0.035;465.2;30.0;;;;;;;;;;;;;;;;;;
 ;01:14:58;4.200;0.035;465.3;30.0;;;;;;;;;;;;;;;;;;
 ;01:14:59;4.200;0.035;465.3;30.0;;;;;;;;;;;;;;;;;;
 ;01:15:00;4.200;0.035;465.3;30.0;;;;;;;;;;;;;;;;;;
 ;01:15:01;4.200;0.035;465.3;30.0;;;;;;;;;;;;;;;;;;
 ;01:15:02;4.200;0.035;465.3;30.0;;;;;;;;;;;;;;;;;;
 ;01:15:03;4.200;0.035;465.3;30.0;;;;;;;;;;;;;;;;;;
 ;01:15:04;4.200;0.035;465.3;30.0;;;;;;;;;;;;;;;;;;
 ;01:15:05;4.200;0.035;465.3;30.0;;;;;;;;;;;;;;;;;;
 ;01:15:06;4.200;0.035;465.3;30.0;;;;;;;;;;;;;;;;;;
 ;01:15:07;4.200;0.035;465.3;30.0;;;;;;;;;;;;;;;;;;
 ;01:15:08;4.200;0.035;465.4;30.0;;;;;;;;;;;;;;;;;;
 ;01:15:09;4.200;0.035;465.4;30.0;;;;;;;;;;;;;;;;;;
 ;01:15:10;4.200;0.035;465.4;30.0;;;;;;;;;;;;;;;;;;
 ;01:15:11;4.200;0.035;465.4;30.0;;;;;;;;;;;;;;;;;;
 ;01:15:12;4.200;0.035;465.4;30.0;;;;;;;;;;;;;;;;;;
 ;01:15:13;4.200;0.035;465.4;30.0;;;;;;;;;;;;;;;;;;
 ;01:15:14;4.200;0.035;465.4;30.0;;;;;;;;;;;;;;;;;;
 ;01:15:15;4.200;0.035;465.4;30.0;;;;;;;;;;;;;;;;;;
 ;01:15:16;4.200;0.035;465.4;30.0;;;;;;;;;;;;;;;;;;
 ;01:15:17;4.200;0.035;465.4;30.0;;;;;;;;;;;;;;;;;;
 ;01:15:18;4.200;0.035;465.4;30.0;;;;;;;;;;;;;;;;;;
 ;01:15:19;4.200;0.035;465.5;30.0;;;;;;;;;;;;;;;;;;
 ;01:15:20;4.200;0.035;465.5;30.0;;;;;;;;;;;;;;;;;;
 ;01:15:21;4.200;0.035;465.5;30.0;;;;;;;;;;;;;;;;;;
 ;01:15:22;4.200;0.035;465.5;30.0;;;;;;;;;;;;;;;;;;
 ;01:15:23;4.200;0.035;465.5;30.0;;;;;;;;;;;;;;;;;;
 ;01:15:24;4.200;0.035;465.5;30.0;;;;;;;;;;;;;;;;;;
 ;01:15:25;4.200;0.035;465.5;30.0;;;;;;;;;;;;;;;;;;
 ;01:15:26;4.200;0.035;465.5;30.0;;;;;;;;;;;;;;;;;;
 ;01:15:27;4.200;0.035;465.5;30.0;;;;;;;;;;;;;;;;;;
 ;01:15:28;4.200;0.035;465.5;30.0;;;;;;;;;;;;;;;;;;
 ;01:15:29;4.200;0.035;465.6;30.0;;;;;;;;;;;;;;;;;;
 ;01:15:30;4.200;0.035;465.6;30.0;;;;;;;;;;;;;;;;;;
 ;01:15:31;4.200;0.035;465.6;30.0;;;;;;;;;;;;;;;;;;
 ;01:15:32;4.200;0.035;465.6;30.0;;;;;;;;;;;;;;;;;;
 ;01:15:33;4.200;0.035;465.6;30.0;;;;;;;;;;;;;;;;;;
 ;01:15:34;4.200;0.035;465.6;30.0;;;;;;;;;;;;;;;;;;
 ;01:15:35;4.200;0.034;465.6;30.0;;;;;;;;;;;;;;;;;;
 ;01:15:36;4.200;0.034;465.6;30.0;;;;;;;;;;;;;;;;;;
 ;01:15:37;4.200;0.034;465.6;30.0;;;;;;;;;;;;;;;;;;
 ;01:15:38;4.200;0.034;465.6;30.0;;;;;;;;;;;;;;;;;;
 ;01:15:39;4.200;0.034;465.7;30.0;;;;;;;;;;;;;;;;;;
 ;01:15:40;4.200;0.034;465.7;30.0;;;;;;;;;;;;;;;;;;
 ;01:15:41;4.200;0.034;465.7;30.0;;;;;;;;;;;;;;;;;;
 ;01:15:42;4.200;0.034;465.7;30.0;;;;;;;;;;;;;;;;;;
 ;01:15:43;4.200;0.034;465.7;30.0;;;;;;;;;;;;;;;;;;
 ;01:15:44;4.200;0.034;465.7;30.0;;;;;;;;;;;;;;;;;;
 ;01:15:45;4.200;0.034;465.7;30.0;;;;;;;;;;;;;;;;;;
 ;01:15:46;4.200;0.034;465.7;30.0;;;;;;;;;;;;;;;;;;
 ;01:15:47;4.200;0.034;465.7;30.0;;;;;;;;;;;;;;;;;;
 ;01:15:48;4.200;0.034;465.7;30.0;;;;;;;;;;;;;;;;;;
 ;01:15:49;4.200;0.034;465.7;30.0;;;;;;;;;;;;;;;;;;
 ;01:15:50;4.200;0.034;465.8;30.0;;;;;;;;;;;;;;;;;;
 ;01:15:51;4.200;0.034;465.8;30.0;;;;;;;;;;;;;;;;;;
 ;01:15:52;4.200;0.034;465.8;30.0;;;;;;;;;;;;;;;;;;
 ;01:15:53;4.200;0.034;465.8;30.0;;;;;;;;;;;;;;;;;;
 ;01:15:54;4.200;0.034;465.8;30.0;;;;;;;;;;;;;;;;;;
 ;01:15:55;4.200;0.034;465.8;30.0;;;;;;;;;;;;;;;;;;
 ;01:15:56;4.200;0.034;465.8;30.0;;;;;;;;;;;;;;;;;;
 ;01:15:57;4.200;0.034;465.8;30.0;;;;;;;;;;;;;;;;;;
 ;01:15:58;4.200;0.034;465.8;30.0;;;;;;;;;;;;;;;;;;
 ;01:15:59;4.200;0.034;465.8;30.0;;;;;;;;;;;;;;;;;;
 ;01:16:00;4.200;0.034;465.9;30.0;;;;;;;;;;;;;;;;;;
 ;01:16:01;4.200;0.034;465.9;30.0;;;;;;;;;;;;;;;;;;
 ;01:16:02;4.200;0.034;465.9;30.0;;;;;;;;;;;;;;;;;;
 ;01:16:03;4.200;0.034;465.9;30.0;;;;;;;;;;;;;;;;;;
 ;01:16:04;4.200;0.034;465.9;30.0;;;;;;;;;;;;;;;;;;
 ;01:16:05;4.200;0.034;465.9;30.0;;;;;;;;;;;;;;;;;;
 ;01:16:06;4.200;0.034;465.9;30.0;;;;;;;;;;;;;;;;;;
 ;01:16:07;4.200;0.034;465.9;30.0;;;;;;;;;;;;;;;;;;
 ;01:16:08;4.200;0.034;465.9;30.0;;;;;;;;;;;;;;;;;;
 ;01:16:09;4.200;0.034;465.9;30.0;;;;;;;;;;;;;;;;;;
 ;01:16:10;4.200;0.034;465.9;30.0;;;;;;;;;;;;;;;;;;
 ;01:16:11;4.200;0.034;466.0;30.0;;;;;;;;;;;;;;;;;;
 ;01:16:12;4.200;0.034;466.0;30.0;;;;;;;;;;;;;;;;;;
 ;01:16:13;4.200;0.034;466.0;30.0;;;;;;;;;;;;;;;;;;
 ;01:16:14;4.200;0.034;466.0;30.0;;;;;;;;;;;;;;;;;;
 ;01:16:15;4.200;0.034;466.0;30.0;;;;;;;;;;;;;;;;;;
 ;01:16:16;4.200;0.034;466.0;30.0;;;;;;;;;;;;;;;;;;
 ;01:16:17;4.200;0.034;466.0;30.0;;;;;;;;;;;;;;;;;;
 ;01:16:18;4.200;0.034;466.0;30.0;;;;;;;;;;;;;;;;;;
 ;01:16:19;4.200;0.034;466.0;30.0;;;;;;;;;;;;;;;;;;
 ;01:16:20;4.200;0.034;466.0;30.0;;;;;;;;;;;;;;;;;;
 ;01:16:21;4.200;0.034;466.1;30.0;;;;;;;;;;;;;;;;;;
 ;01:16:22;4.200;0.034;466.1;30.0;;;;;;;;;;;;;;;;;;
 ;01:16:23;4.200;0.034;466.1;30.0;;;;;;;;;;;;;;;;;;
 ;01:16:24;4.200;0.034;466.1;30.0;;;;;;;;;;;;;;;;;;
 ;01:16:25;4.200;0.034;466.1;30.0;;;;;;;;;;;;;;;;;;
 ;01:16:26;4.200;0.034;466.1;30.0;;;;;;;;;;;;;;;;;;
 ;01:16:27;4.200;0.034;466.1;30.0;;;;;;;;;;;;;;;;;;
 ;01:16:28;4.200;0.034;466.1;30.0;;;;;;;;;;;;;;;;;;
 ;01:16:29;4.200;0.034;466.1;30.0;;;;;;;;;;;;;;;;;;
 ;01:16:30;4.200;0.034;466.1;30.0;;;;;;;;;;;;;;;;;;
 ;01:16:31;4.200;0.034;466.1;30.0;;;;;;;;;;;;;;;;;;
 ;01:16:32;4.200;0.034;466.2;30.0;;;;;;;;;;;;;;;;;;
 ;01:16:33;4.200;0.034;466.2;30.0;;;;;;;;;;;;;;;;;;
 ;01:16:34;4.200;0.034;466.2;30.0;;;;;;;;;;;;;;;;;;
 ;01:16:35;4.200;0.034;466.2;30.0;;;;;;;;;;;;;;;;;;
 ;01:16:36;4.200;0.034;466.2;30.0;;;;;;;;;;;;;;;;;;
 ;01:16:37;4.200;0.034;466.2;30.0;;;;;;;;;;;;;;;;;;
 ;01:16:38;4.200;0.034;466.2;30.0;;;;;;;;;;;;;;;;;;
 ;01:16:39;4.200;0.034;466.2;30.0;;;;;;;;;;;;;;;;;;
 ;01:16:40;4.200;0.034;466.2;30.0;;;;;;;;;;;;;;;;;;
 ;01:16:41;4.200;0.034;466.2;30.0;;;;;;;;;;;;;;;;;;
 ;01:16:42;4.200;0.034;466.2;30.0;;;;;;;;;;;;;;;;;;
 ;01:16:43;4.200;0.034;466.3;30.0;;;;;;;;;;;;;;;;;;
 ;01:16:44;4.200;0.034;466.3;30.0;;;;;;;;;;;;;;;;;;
 ;01:16:45;4.200;0.034;466.3;30.0;;;;;;;;;;;;;;;;;;
 ;01:16:46;4.200;0.034;466.3;30.0;;;;;;;;;;;;;;;;;;
 ;01:16:47;4.200;0.034;466.3;30.0;;;;;;;;;;;;;;;;;;
 ;01:16:48;4.200;0.034;466.3;30.0;;;;;;;;;;;;;;;;;;
 ;01:16:49;4.200;0.034;466.3;30.0;;;;;;;;;;;;;;;;;;
 ;01:16:50;4.200;0.034;466.3;30.0;;;;;;;;;;;;;;;;;;
 ;01:16:51;4.200;0.034;466.3;30.0;;;;;;;;;;;;;;;;;;
 ;01:16:52;4.200;0.034;466.3;30.0;;;;;;;;;;;;;;;;;;
 ;01:16:53;4.200;0.034;466.4;30.0;;;;;;;;;;;;;;;;;;
 ;01:16:54;4.200;0.034;466.4;30.0;;;;;;;;;;;;;;;;;;
 ;01:16:55;4.200;0.034;466.4;29.9;;;;;;;;;;;;;;;;;;
 ;01:16:56;4.200;0.034;466.4;30.0;;;;;;;;;;;;;;;;;;
 ;01:16:57;4.200;0.034;466.4;29.9;;;;;;;;;;;;;;;;;;
 ;01:16:58;4.200;0.034;466.4;30.0;;;;;;;;;;;;;;;;;;
 ;01:16:59;4.200;0.034;466.4;29.9;;;;;;;;;;;;;;;;;;
 ;01:17:00;4.200;0.034;466.4;29.9;;;;;;;;;;;;;;;;;;
 ;01:17:01;4.200;0.034;466.4;29.9;;;;;;;;;;;;;;;;;;
 ;01:17:02;4.200;0.034;466.4;29.9;;;;;;;;;;;;;;;;;;
 ;01:17:03;4.200;0.034;466.4;29.9;;;;;;;;;;;;;;;;;;
 ;01:17:04;4.200;0.034;466.5;29.9;;;;;;;;;;;;;;;;;;
 ;01:17:05;4.200;0.034;466.5;29.9;;;;;;;;;;;;;;;;;;
 ;01:17:06;4.200;0.034;466.5;29.9;;;;;;;;;;;;;;;;;;
 ;01:17:07;4.200;0.034;466.5;29.9;;;;;;;;;;;;;;;;;;
 ;01:17:08;4.200;0.034;466.5;29.9;;;;;;;;;;;;;;;;;;
 ;01:17:09;4.200;0.034;466.5;29.9;;;;;;;;;;;;;;;;;;
 ;01:17:10;4.200;0.034;466.5;29.9;;;;;;;;;;;;;;;;;;
 ;01:17:11;4.200;0.034;466.5;29.9;;;;;;;;;;;;;;;;;;
 ;01:17:12;4.200;0.034;466.5;29.9;;;;;;;;;;;;;;;;;;
 ;01:17:13;4.200;0.034;466.5;29.9;;;;;;;;;;;;;;;;;;
 ;01:17:14;4.200;0.034;466.6;29.9;;;;;;;;;;;;;;;;;;
 ;01:17:15;4.200;0.034;466.6;29.9;;;;;;;;;;;;;;;;;;
 ;01:17:16;4.200;0.034;466.6;29.9;;;;;;;;;;;;;;;;;;
 ;01:17:17;4.200;0.033;466.6;29.9;;;;;;;;;;;;;;;;;;
 ;01:17:18;4.200;0.033;466.6;29.9;;;;;;;;;;;;;;;;;;
 ;01:17:19;4.200;0.033;466.6;29.9;;;;;;;;;;;;;;;;;;
 ;01:17:20;4.200;0.033;466.6;29.9;;;;;;;;;;;;;;;;;;
 ;01:17:21;4.200;0.033;466.6;29.9;;;;;;;;;;;;;;;;;;
 ;01:17:22;4.200;0.033;466.6;29.9;;;;;;;;;;;;;;;;;;
 ;01:17:23;4.200;0.033;466.6;29.9;;;;;;;;;;;;;;;;;;
 ;01:17:24;4.200;0.033;466.6;29.9;;;;;;;;;;;;;;;;;;
 ;01:17:25;4.200;0.033;466.7;29.9;;;;;;;;;;;;;;;;;;
 ;01:17:26;4.200;0.033;466.7;29.9;;;;;;;;;;;;;;;;;;
 ;01:17:27;4.200;0.033;466.7;29.9;;;;;;;;;;;;;;;;;;
 ;01:17:28;4.200;0.033;466.7;29.9;;;;;;;;;;;;;;;;;;
 ;01:17:29;4.200;0.033;466.7;29.9;;;;;;;;;;;;;;;;;;
 ;01:17:30;4.200;0.033;466.7;29.9;;;;;;;;;;;;;;;;;;
 ;01:17:31;4.200;0.033;466.7;29.9;;;;;;;;;;;;;;;;;;
 ;01:17:32;4.200;0.033;466.7;29.9;;;;;;;;;;;;;;;;;;
 ;01:17:33;4.200;0.033;466.7;29.9;;;;;;;;;;;;;;;;;;
 ;01:17:34;4.200;0.033;466.7;29.9;;;;;;;;;;;;;;;;;;
 ;01:17:35;4.200;0.033;466.7;29.9;;;;;;;;;;;;;;;;;;
 ;01:17:36;4.200;0.033;466.8;29.9;;;;;;;;;;;;;;;;;;
 ;01:17:37;4.200;0.033;466.8;29.9;;;;;;;;;;;;;;;;;;
 ;01:17:38;4.200;0.033;466.8;29.9;;;;;;;;;;;;;;;;;;
 ;01:17:39;4.200;0.033;466.8;29.9;;;;;;;;;;;;;;;;;;
 ;01:17:40;4.200;0.033;466.8;29.9;;;;;;;;;;;;;;;;;;
 ;01:17:41;4.200;0.033;466.8;29.9;;;;;;;;;;;;;;;;;;
 ;01:17:42;4.200;0.033;466.8;29.9;;;;;;;;;;;;;;;;;;
 ;01:17:43;4.200;0.033;466.8;29.9;;;;;;;;;;;;;;;;;;
 ;01:17:44;4.200;0.033;466.8;29.9;;;;;;;;;;;;;;;;;;
 ;01:17:45;4.200;0.033;466.8;29.9;;;;;;;;;;;;;;;;;;
 ;01:17:46;4.200;0.033;466.8;29.9;;;;;;;;;;;;;;;;;;
 ;01:17:47;4.200;0.033;466.9;29.9;;;;;;;;;;;;;;;;;;
 ;01:17:48;4.200;0.033;466.9;29.9;;;;;;;;;;;;;;;;;;
 ;01:17:49;4.200;0.033;466.9;29.9;;;;;;;;;;;;;;;;;;
 ;01:17:50;4.200;0.033;466.9;29.9;;;;;;;;;;;;;;;;;;
 ;01:17:51;4.200;0.033;466.9;29.9;;;;;;;;;;;;;;;;;;
 ;01:17:52;4.200;0.033;466.9;29.9;;;;;;;;;;;;;;;;;;
 ;01:17:53;4.200;0.033;466.9;29.9;;;;;;;;;;;;;;;;;;
 ;01:17:54;4.200;0.033;466.9;29.9;;;;;;;;;;;;;;;;;;
 ;01:17:55;4.200;0.033;466.9;29.9;;;;;;;;;;;;;;;;;;
 ;01:17:56;4.200;0.033;466.9;29.9;;;;;;;;;;;;;;;;;;
 ;01:17:57;4.200;0.033;466.9;29.9;;;;;;;;;;;;;;;;;;
 ;01:17:58;4.200;0.033;467.0;29.9;;;;;;;;;;;;;;;;;;
 ;01:17:59;4.200;0.033;467.0;29.9;;;;;;;;;;;;;;;;;;
 ;01:18:00;4.200;0.033;467.0;29.9;;;;;;;;;;;;;;;;;;
 ;01:18:01;4.200;0.033;467.0;29.9;;;;;;;;;;;;;;;;;;
 ;01:18:02;4.200;0.033;467.0;29.9;;;;;;;;;;;;;;;;;;
 ;01:18:03;4.200;0.033;467.0;29.9;;;;;;;;;;;;;;;;;;
 ;01:18:04;4.200;0.033;467.0;29.9;;;;;;;;;;;;;;;;;;
 ;01:18:05;4.200;0.033;467.0;29.9;;;;;;;;;;;;;;;;;;
 ;01:18:06;4.200;0.033;467.0;29.9;;;;;;;;;;;;;;;;;;
 ;01:18:07;4.200;0.033;467.0;29.9;;;;;;;;;;;;;;;;;;
 ;01:18:08;4.200;0.033;467.0;29.9;;;;;;;;;;;;;;;;;;
 ;01:18:09;4.200;0.033;467.1;29.9;;;;;;;;;;;;;;;;;;
 ;01:18:10;4.200;0.033;467.1;29.9;;;;;;;;;;;;;;;;;;
 ;01:18:11;4.200;0.033;467.1;29.9;;;;;;;;;;;;;;;;;;
 ;01:18:12;4.200;0.033;467.1;29.9;;;;;;;;;;;;;;;;;;
 ;01:18:13;4.200;0.033;467.1;29.9;;;;;;;;;;;;;;;;;;
 ;01:18:14;4.200;0.033;467.1;29.9;;;;;;;;;;;;;;;;;;
 ;01:18:15;4.200;0.033;467.1;29.9;;;;;;;;;;;;;;;;;;
 ;01:18:16;4.200;0.033;467.1;29.9;;;;;;;;;;;;;;;;;;
 ;01:18:17;4.200;0.033;467.1;29.9;;;;;;;;;;;;;;;;;;
 ;01:18:18;4.200;0.033;467.1;29.9;;;;;;;;;;;;;;;;;;
 ;01:18:19;4.200;0.033;467.1;29.9;;;;;;;;;;;;;;;;;;
 ;01:18:20;4.200;0.033;467.2;29.9;;;;;;;;;;;;;;;;;;
 ;01:18:21;4.200;0.033;467.2;29.9;;;;;;;;;;;;;;;;;;
 ;01:18:22;4.200;0.033;467.2;29.9;;;;;;;;;;;;;;;;;;
 ;01:18:23;4.200;0.033;467.2;29.9;;;;;;;;;;;;;;;;;;
 ;01:18:24;4.200;0.033;467.2;29.9;;;;;;;;;;;;;;;;;;
 ;01:18:25;4.200;0.033;467.2;29.9;;;;;;;;;;;;;;;;;;
 ;01:18:26;4.200;0.033;467.2;29.9;;;;;;;;;;;;;;;;;;
 ;01:18:27;4.200;0.033;467.2;29.9;;;;;;;;;;;;;;;;;;
 ;01:18:28;4.200;0.033;467.2;29.9;;;;;;;;;;;;;;;;;;
 ;01:18:29;4.200;0.033;467.2;29.9;;;;;;;;;;;;;;;;;;
 ;01:18:30;4.200;0.033;467.2;29.9;;;;;;;;;;;;;;;;;;
 ;01:18:31;4.200;0.033;467.3;29.9;;;;;;;;;;;;;;;;;;
 ;01:18:32;4.200;0.033;467.3;29.9;;;;;;;;;;;;;;;;;;
 ;01:18:33;4.200;0.033;467.3;29.9;;;;;;;;;;;;;;;;;;
 ;01:18:34;4.200;0.033;467.3;29.9;;;;;;;;;;;;;;;;;;
 ;01:18:35;4.200;0.033;467.3;29.9;;;;;;;;;;;;;;;;;;
 ;01:18:36;4.200;0.033;467.3;29.9;;;;;;;;;;;;;;;;;;
 ;01:18:37;4.200;0.032;467.3;29.9;;;;;;;;;;;;;;;;;;
 ;01:18:38;4.200;0.032;467.3;29.9;;;;;;;;;;;;;;;;;;
 ;01:18:39;4.200;0.032;467.3;29.9;;;;;;;;;;;;;;;;;;
 ;01:18:40;4.200;0.032;467.3;29.9;;;;;;;;;;;;;;;;;;
 ;01:18:41;4.200;0.032;467.3;29.9;;;;;;;;;;;;;;;;;;
 ;01:18:42;4.200;0.032;467.4;29.9;;;;;;;;;;;;;;;;;;
 ;01:18:43;4.200;0.032;467.4;29.9;;;;;;;;;;;;;;;;;;
 ;01:18:44;4.200;0.032;467.4;29.9;;;;;;;;;;;;;;;;;;
 ;01:18:45;4.200;0.032;467.4;29.9;;;;;;;;;;;;;;;;;;
 ;01:18:46;4.200;0.032;467.4;29.9;;;;;;;;;;;;;;;;;;
 ;01:18:47;4.200;0.032;467.4;29.9;;;;;;;;;;;;;;;;;;
 ;01:18:48;4.200;0.032;467.4;29.9;;;;;;;;;;;;;;;;;;
 ;01:18:49;4.200;0.032;467.4;29.9;;;;;;;;;;;;;;;;;;
 ;01:18:50;4.200;0.032;467.4;29.9;;;;;;;;;;;;;;;;;;
 ;01:18:51;4.200;0.032;467.4;29.9;;;;;;;;;;;;;;;;;;
 ;01:18:52;4.200;0.032;467.4;29.9;;;;;;;;;;;;;;;;;;
 ;01:18:53;4.200;0.032;467.5;29.9;;;;;;;;;;;;;;;;;;
 ;01:18:54;4.200;0.032;467.5;29.9;;;;;;;;;;;;;;;;;;
 ;01:18:55;4.200;0.032;467.5;29.9;;;;;;;;;;;;;;;;;;
 ;01:18:56;4.200;0.032;467.5;29.9;;;;;;;;;;;;;;;;;;
 ;01:18:57;4.200;0.032;467.5;29.9;;;;;;;;;;;;;;;;;;
 ;01:18:58;4.200;0.032;467.5;29.9;;;;;;;;;;;;;;;;;;
 ;01:18:59;4.200;0.032;467.5;29.9;;;;;;;;;;;;;;;;;;
 ;01:19:00;4.200;0.032;467.5;29.9;;;;;;;;;;;;;;;;;;
 ;01:19:01;4.200;0.032;467.5;29.9;;;;;;;;;;;;;;;;;;
 ;01:19:02;4.200;0.032;467.5;29.9;;;;;;;;;;;;;;;;;;
 ;01:19:03;4.200;0.032;467.5;29.9;;;;;;;;;;;;;;;;;;
 ;01:19:04;4.200;0.032;467.6;29.9;;;;;;;;;;;;;;;;;;
 ;01:19:05;4.200;0.032;467.6;29.9;;;;;;;;;;;;;;;;;;
 ;01:19:06;4.200;0.032;467.6;29.9;;;;;;;;;;;;;;;;;;
 ;01:19:07;4.200;0.032;467.6;29.9;;;;;;;;;;;;;;;;;;
 ;01:19:08;4.200;0.032;467.6;29.9;;;;;;;;;;;;;;;;;;
 ;01:19:09;4.200;0.032;467.6;29.9;;;;;;;;;;;;;;;;;;
 ;01:19:10;4.200;0.032;467.6;29.9;;;;;;;;;;;;;;;;;;
 ;01:19:11;4.200;0.032;467.6;29.9;;;;;;;;;;;;;;;;;;
 ;01:19:12;4.200;0.032;467.6;29.9;;;;;;;;;;;;;;;;;;
 ;01:19:13;4.200;0.032;467.6;29.9;;;;;;;;;;;;;;;;;;
 ;01:19:14;4.200;0.032;467.6;29.9;;;;;;;;;;;;;;;;;;
 ;01:19:15;4.200;0.032;467.7;29.9;;;;;;;;;;;;;;;;;;
 ;01:19:16;4.200;0.032;467.7;29.9;;;;;;;;;;;;;;;;;;
 ;01:19:17;4.200;0.032;467.7;29.9;;;;;;;;;;;;;;;;;;
 ;01:19:18;4.200;0.032;467.7;29.9;;;;;;;;;;;;;;;;;;
 ;01:19:19;4.200;0.032;467.7;29.9;;;;;;;;;;;;;;;;;;
 ;01:19:20;4.200;0.032;467.7;29.9;;;;;;;;;;;;;;;;;;
 ;01:19:21;4.200;0.032;467.7;29.9;;;;;;;;;;;;;;;;;;
 ;01:19:22;4.200;0.032;467.7;29.9;;;;;;;;;;;;;;;;;;
 ;01:19:23;4.200;0.032;467.7;29.9;;;;;;;;;;;;;;;;;;
 ;01:19:24;4.200;0.032;467.7;29.9;;;;;;;;;;;;;;;;;;
 ;01:19:25;4.200;0.032;467.7;29.9;;;;;;;;;;;;;;;;;;
 ;01:19:26;4.200;0.032;467.7;29.9;;;;;;;;;;;;;;;;;;
 ;01:19:27;4.200;0.032;467.8;29.9;;;;;;;;;;;;;;;;;;
 ;01:19:28;4.200;0.032;467.8;29.9;;;;;;;;;;;;;;;;;;
 ;01:19:29;4.200;0.032;467.8;29.9;;;;;;;;;;;;;;;;;;
 ;01:19:30;4.200;0.032;467.8;29.9;;;;;;;;;;;;;;;;;;
 ;01:19:31;4.200;0.032;467.8;29.9;;;;;;;;;;;;;;;;;;
 ;01:19:32;4.200;0.032;467.8;29.9;;;;;;;;;;;;;;;;;;
 ;01:19:33;4.200;0.032;467.8;29.9;;;;;;;;;;;;;;;;;;
 ;01:19:34;4.200;0.032;467.8;29.9;;;;;;;;;;;;;;;;;;
 ;01:19:35;4.200;0.032;467.8;29.9;;;;;;;;;;;;;;;;;;
 ;01:19:36;4.200;0.032;467.8;29.9;;;;;;;;;;;;;;;;;;
 ;01:19:37;4.200;0.032;467.8;29.9;;;;;;;;;;;;;;;;;;
 ;01:19:38;4.200;0.032;467.9;29.9;;;;;;;;;;;;;;;;;;
 ;01:19:39;4.200;0.032;467.9;29.9;;;;;;;;;;;;;;;;;;
 ;01:19:40;4.200;0.032;467.9;29.9;;;;;;;;;;;;;;;;;;
 ;01:19:41;4.200;0.032;467.9;29.9;;;;;;;;;;;;;;;;;;
 ;01:19:42;4.200;0.032;467.9;29.9;;;;;;;;;;;;;;;;;;
 ;01:19:43;4.200;0.032;467.9;29.9;;;;;;;;;;;;;;;;;;
 ;01:19:44;4.200;0.032;467.9;29.9;;;;;;;;;;;;;;;;;;
 ;01:19:45;4.200;0.032;467.9;29.9;;;;;;;;;;;;;;;;;;
 ;01:19:46;4.200;0.032;467.9;29.9;;;;;;;;;;;;;;;;;;
 ;01:19:47;4.200;0.032;467.9;29.9;;;;;;;;;;;;;;;;;;
 ;01:19:48;4.200;0.032;467.9;29.9;;;;;;;;;;;;;;;;;;
 ;01:19:49;4.200;0.032;468.0;29.9;;;;;;;;;;;;;;;;;;
 ;01:19:50;4.200;0.032;468.0;29.9;;;;;;;;;;;;;;;;;;
 ;01:19:51;4.200;0.031;468.0;29.9;;;;;;;;;;;;;;;;;;
 ;01:19:52;4.200;0.032;468.0;29.9;;;;;;;;;;;;;;;;;;
 ;01:19:53;4.200;0.032;468.0;29.9;;;;;;;;;;;;;;;;;;
 ;01:19:54;4.200;0.032;468.0;29.9;;;;;;;;;;;;;;;;;;
 ;01:19:55;4.200;0.032;468.0;29.9;;;;;;;;;;;;;;;;;;
 ;01:19:56;4.200;0.032;468.0;29.9;;;;;;;;;;;;;;;;;;
 ;01:19:57;4.200;0.031;468.0;29.9;;;;;;;;;;;;;;;;;;
 ;01:19:58;4.200;0.031;468.0;29.9;;;;;;;;;;;;;;;;;;
 ;01:19:59;4.200;0.032;468.0;29.9;;;;;;;;;;;;;;;;;;
 ;01:20:00;4.200;0.031;468.0;29.9;;;;;;;;;;;;;;;;;;
 ;01:20:01;4.200;0.032;468.1;29.9;;;;;;;;;;;;;;;;;;
 ;01:20:02;4.200;0.032;468.1;29.9;;;;;;;;;;;;;;;;;;
 ;01:20:03;4.200;0.032;468.1;29.9;;;;;;;;;;;;;;;;;;
 ;01:20:04;4.200;0.031;468.1;29.9;;;;;;;;;;;;;;;;;;
 ;01:20:05;4.200;0.031;468.1;29.9;;;;;;;;;;;;;;;;;;
 ;01:20:06;4.200;0.032;468.1;29.9;;;;;;;;;;;;;;;;;;
 ;01:20:07;4.200;0.032;468.1;29.9;;;;;;;;;;;;;;;;;;
 ;01:20:08;4.200;0.032;468.1;29.9;;;;;;;;;;;;;;;;;;
 ;01:20:09;4.200;0.031;468.1;29.9;;;;;;;;;;;;;;;;;;
 ;01:20:10;4.200;0.031;468.1;29.9;;;;;;;;;;;;;;;;;;
 ;01:20:11;4.200;0.032;468.1;29.9;;;;;;;;;;;;;;;;;;
 ;01:20:12;4.200;0.032;468.2;29.9;;;;;;;;;;;;;;;;;;
 ;01:20:13;4.200;0.032;468.2;29.9;;;;;;;;;;;;;;;;;;
 ;01:20:14;4.200;0.032;468.2;29.9;;;;;;;;;;;;;;;;;;
 ;01:20:15;4.200;0.032;468.2;29.9;;;;;;;;;;;;;;;;;;
 ;01:20:16;4.200;0.031;468.2;29.9;;;;;;;;;;;;;;;;;;
 ;01:20:17;4.200;0.031;468.2;29.9;;;;;;;;;;;;;;;;;;
 ;01:20:18;4.200;0.031;468.2;29.9;;;;;;;;;;;;;;;;;;
 ;01:20:19;4.200;0.031;468.2;29.9;;;;;;;;;;;;;;;;;;
 ;01:20:20;4.200;0.031;468.2;29.9;;;;;;;;;;;;;;;;;;
 ;01:20:21;4.200;0.032;468.2;29.9;;;;;;;;;;;;;;;;;;
 ;01:20:22;4.200;0.032;468.2;29.9;;;;;;;;;;;;;;;;;;
 ;01:20:23;4.200;0.031;468.3;29.9;;;;;;;;;;;;;;;;;;
 ;01:20:24;4.200;0.031;468.3;29.9;;;;;;;;;;;;;;;;;;
 ;01:20:25;4.200;0.031;468.3;29.9;;;;;;;;;;;;;;;;;;
 ;01:20:26;4.200;0.032;468.3;29.9;;;;;;;;;;;;;;;;;;
 ;01:20:27;4.200;0.031;468.3;29.9;;;;;;;;;;;;;;;;;;
 ;01:20:28;4.200;0.032;468.3;29.9;;;;;;;;;;;;;;;;;;
 ;01:20:29;4.200;0.031;468.3;29.9;;;;;;;;;;;;;;;;;;
 ;01:20:30;4.200;0.031;468.3;29.9;;;;;;;;;;;;;;;;;;
 ;01:20:31;4.200;0.031;468.3;29.9;;;;;;;;;;;;;;;;;;
 ;01:20:32;4.200;0.030;468.3;29.9;;;;;;;;;;;;;;;;;;
 ;01:20:33;4.200;0.030;468.3;29.9;;;;;;;;;;;;;;;;;;
 ;01:20:34;4.200;0.030;468.3;29.9;;;;;;;;;;;;;;;;;;
 ;01:20:35;4.200;0.030;468.4;29.9;;;;;;;;;;;;;;;;;;
 ;01:20:36;4.200;0.030;468.4;29.9;;;;;;;;;;;;;;;;;;
 ;01:20:37;4.200;0.030;468.4;29.9;;;;;;;;;;;;;;;;;;
 ;01:20:38;4.200;0.030;468.4;29.9;;;;;;;;;;;;;;;;;;
 ;01:20:39;4.200;0.030;468.4;29.9;;;;;;;;;;;;;;;;;;
 ;01:20:40;4.200;0.030;468.4;29.9;;;;;;;;;;;;;;;;;;
 ;01:20:41;4.200;0.030;468.4;29.9;;;;;;;;;;;;;;;;;;
 ;01:20:42;4.200;0.030;468.4;29.9;;;;;;;;;;;;;;;;;;
 ;01:20:43;4.200;0.030;468.4;29.9;;;;;;;;;;;;;;;;;;
 ;01:20:44;4.200;0.030;468.4;29.9;;;;;;;;;;;;;;;;;;
 ;01:20:45;4.200;0.030;468.4;29.9;;;;;;;;;;;;;;;;;;
 ;01:20:46;4.200;0.030;468.4;29.9;;;;;;;;;;;;;;;;;;
 ;01:20:47;4.200;0.030;468.5;29.9;;;;;;;;;;;;;;;;;;
 ;01:20:48;4.200;0.030;468.5;29.9;;;;;;;;;;;;;;;;;;
 ;01:20:49;4.200;0.030;468.5;29.9;;;;;;;;;;;;;;;;;;
 ;01:20:50;4.200;0.030;468.5;29.9;;;;;;;;;;;;;;;;;;
 ;01:20:51;4.200;0.030;468.5;29.9;;;;;;;;;;;;;;;;;;
 ;01:20:52;4.200;0.030;468.5;29.9;;;;;;;;;;;;;;;;;;
 ;01:20:53;4.200;0.030;468.5;29.9;;;;;;;;;;;;;;;;;;
 ;01:20:54;4.200;0.030;468.5;29.9;;;;;;;;;;;;;;;;;;
 ;01:20:55;4.200;0.030;468.5;29.9;;;;;;;;;;;;;;;;;;
 ;01:20:56;4.200;0.030;468.5;29.9;;;;;;;;;;;;;;;;;;
 ;01:20:57;4.200;0.030;468.5;29.9;;;;;;;;;;;;;;;;;;
 ;01:20:58;4.200;0.030;468.5;29.9;;;;;;;;;;;;;;;;;;
 ;01:20:59;4.200;0.030;468.6;29.9;;;;;;;;;;;;;;;;;;
 ;01:21:00;4.200;0.030;468.6;29.9;;;;;;;;;;;;;;;;;;
 ;01:21:01;4.200;0.030;468.6;29.9;;;;;;;;;;;;;;;;;;
 ;01:21:02;4.200;0.030;468.6;29.9;;;;;;;;;;;;;;;;;;
 ;01:21:03;4.200;0.030;468.6;29.9;;;;;;;;;;;;;;;;;;
 ;01:21:04;4.200;0.030;468.6;29.9;;;;;;;;;;;;;;;;;;
 ;01:21:05;4.200;0.030;468.6;29.9;;;;;;;;;;;;;;;;;;
 ;01:21:06;4.200;0.030;468.6;29.9;;;;;;;;;;;;;;;;;;
 ;01:21:07;4.200;0.030;468.6;29.9;;;;;;;;;;;;;;;;;;
 ;01:21:08;4.200;0.030;468.6;29.9;;;;;;;;;;;;;;;;;;
 ;01:21:09;4.200;0.030;468.6;29.9;;;;;;;;;;;;;;;;;;
 ;01:21:10;4.200;0.030;468.6;29.9;;;;;;;;;;;;;;;;;;
 ;01:21:11;4.200;0.030;468.7;29.9;;;;;;;;;;;;;;;;;;
 ;01:21:12;4.200;0.030;468.7;29.9;;;;;;;;;;;;;;;;;;
 ;01:21:13;4.200;0.030;468.7;29.9;;;;;;;;;;;;;;;;;;
 ;01:21:14;4.200;0.030;468.7;29.9;;;;;;;;;;;;;;;;;;
 ;01:21:15;4.200;0.030;468.7;29.9;;;;;;;;;;;;;;;;;;
 ;01:21:16;4.200;0.030;468.7;29.9;;;;;;;;;;;;;;;;;;
 ;01:21:17;4.200;0.030;468.7;29.9;;;;;;;;;;;;;;;;;;
 ;01:21:18;4.200;0.030;468.7;29.9;;;;;;;;;;;;;;;;;;
 ;01:21:19;4.200;0.030;468.7;29.9;;;;;;;;;;;;;;;;;;
 ;01:21:20;4.200;0.030;468.7;29.9;;;;;;;;;;;;;;;;;;
 ;01:21:21;4.200;0.030;468.7;29.9;;;;;;;;;;;;;;;;;;
 ;01:21:22;4.200;0.030;468.7;29.9;;;;;;;;;;;;;;;;;;
 ;01:21:23;4.200;0.030;468.8;29.9;;;;;;;;;;;;;;;;;;
 ;01:21:24;4.200;0.030;468.8;29.9;;;;;;;;;;;;;;;;;;
 ;01:21:25;4.200;0.030;468.8;29.9;;;;;;;;;;;;;;;;;;
 ;01:21:26;4.200;0.030;468.8;29.9;;;;;;;;;;;;;;;;;;
 ;01:21:27;4.200;0.030;468.8;29.9;;;;;;;;;;;;;;;;;;
 ;01:21:28;4.200;0.030;468.8;29.9;;;;;;;;;;;;;;;;;;
 ;01:21:29;4.200;0.030;468.8;29.9;;;;;;;;;;;;;;;;;;
 ;01:21:30;4.200;0.030;468.8;29.9;;;;;;;;;;;;;;;;;;
 ;01:21:31;4.200;0.030;468.8;29.9;;;;;;;;;;;;;;;;;;
 ;01:21:32;4.200;0.030;468.8;29.9;;;;;;;;;;;;;;;;;;
 ;01:21:33;4.200;0.030;468.8;29.9;;;;;;;;;;;;;;;;;;
 ;01:21:34;4.200;0.030;468.8;29.9;;;;;;;;;;;;;;;;;;
 ;01:21:35;4.200;0.030;468.9;29.9;;;;;;;;;;;;;;;;;;
 ;01:21:36;4.200;0.030;468.9;29.9;;;;;;;;;;;;;;;;;;
 ;01:21:37;4.200;0.030;468.9;29.9;;;;;;;;;;;;;;;;;;
 ;01:21:38;4.200;0.030;468.9;29.9;;;;;;;;;;;;;;;;;;
 ;01:21:39;4.200;0.030;468.9;29.9;;;;;;;;;;;;;;;;;;
 ;01:21:40;4.200;0.030;468.9;29.9;;;;;;;;;;;;;;;;;;
 ;01:21:41;4.200;0.030;468.9;29.9;;;;;;;;;;;;;;;;;;
 ;01:21:42;4.200;0.030;468.9;29.9;;;;;;;;;;;;;;;;;;
 ;01:21:43;4.200;0.030;468.9;29.9;;;;;;;;;;;;;;;;;;
 ;01:21:44;4.200;0.030;468.9;29.9;;;;;;;;;;;;;;;;;;
 ;01:21:45;4.200;0.030;468.9;29.9;;;;;;;;;;;;;;;;;;
 ;01:21:46;4.200;0.030;468.9;29.9;;;;;;;;;;;;;;;;;;
 ;01:21:47;4.200;0.030;469.0;29.9;;;;;;;;;;;;;;;;;;
 ;01:21:48;4.200;0.030;469.0;29.9;;;;;;;;;;;;;;;;;;
 ;01:21:49;4.200;0.030;469.0;29.8;;;;;;;;;;;;;;;;;;
 ;01:21:50;4.200;0.030;469.0;29.9;;;;;;;;;;;;;;;;;;
 ;01:21:51;4.200;0.029;469.0;29.9;;;;;;;;;;;;;;;;;;
 ;01:21:52;4.200;0.029;469.0;29.9;;;;;;;;;;;;;;;;;;
 ;01:21:53;4.200;0.029;469.0;29.9;;;;;;;;;;;;;;;;;;
 ;01:21:54;4.200;0.029;469.0;29.8;;;;;;;;;;;;;;;;;;
 ;01:21:55;4.200;0.029;469.0;29.8;;;;;;;;;;;;;;;;;;
 ;01:21:56;4.200;0.029;469.0;29.9;;;;;;;;;;;;;;;;;;
 ;01:21:57;4.200;0.029;469.0;29.9;;;;;;;;;;;;;;;;;;
 ;01:21:58;4.200;0.029;469.0;29.8;;;;;;;;;;;;;;;;;;
 ;01:21:59;4.200;0.029;469.1;29.8;;;;;;;;;;;;;;;;;;
 ;01:22:00;4.200;0.029;469.1;29.8;;;;;;;;;;;;;;;;;;
 ;01:22:01;4.200;0.029;469.1;29.8;;;;;;;;;;;;;;;;;;
 ;01:22:02;4.200;0.029;469.1;29.8;;;;;;;;;;;;;;;;;;
 ;01:22:03;4.200;0.029;469.1;29.8;;;;;;;;;;;;;;;;;;
 ;01:22:04;4.200;0.029;469.1;29.8;;;;;;;;;;;;;;;;;;
 ;01:22:05;4.200;0.029;469.1;29.8;;;;;;;;;;;;;;;;;;
 ;01:22:06;4.200;0.029;469.1;29.8;;;;;;;;;;;;;;;;;;
 ;01:22:07;4.200;0.029;469.1;29.8;;;;;;;;;;;;;;;;;;
 ;01:22:08;4.200;0.029;469.1;29.8;;;;;;;;;;;;;;;;;;
 ;01:22:09;4.200;0.029;469.1;29.9;;;;;;;;;;;;;;;;;;
 ;01:22:10;4.200;0.029;469.1;29.8;;;;;;;;;;;;;;;;;;
 ;01:22:11;4.200;0.029;469.2;29.8;;;;;;;;;;;;;;;;;;
 ;01:22:12;4.200;0.029;469.2;29.8;;;;;;;;;;;;;;;;;;
 ;01:22:13;4.200;0.029;469.2;29.8;;;;;;;;;;;;;;;;;;
 ;01:22:14;4.200;0.029;469.2;29.8;;;;;;;;;;;;;;;;;;
 ;01:22:15;4.200;0.029;469.2;29.8;;;;;;;;;;;;;;;;;;
 ;01:22:16;4.200;0.029;469.2;29.8;;;;;;;;;;;;;;;;;;
 ;01:22:17;4.200;0.029;469.2;29.8;;;;;;;;;;;;;;;;;;
 ;01:22:18;4.200;0.029;469.2;29.8;;;;;;;;;;;;;;;;;;
 ;01:22:19;4.200;0.029;469.2;29.8;;;;;;;;;;;;;;;;;;
 ;01:22:20;4.200;0.029;469.2;29.8;;;;;;;;;;;;;;;;;;
 ;01:22:21;4.200;0.029;469.2;29.8;;;;;;;;;;;;;;;;;;
 ;01:22:22;4.200;0.029;469.2;29.8;;;;;;;;;;;;;;;;;;
 ;01:22:23;4.200;0.029;469.2;29.8;;;;;;;;;;;;;;;;;;
 ;01:22:24;4.200;0.029;469.3;29.8;;;;;;;;;;;;;;;;;;
 ;01:22:25;4.200;0.029;469.3;29.8;;;;;;;;;;;;;;;;;;
 ;01:22:26;4.200;0.029;469.3;29.8;;;;;;;;;;;;;;;;;;
 ;01:22:27;4.200;0.029;469.3;29.8;;;;;;;;;;;;;;;;;;
 ;01:22:28;4.200;0.029;469.3;29.8;;;;;;;;;;;;;;;;;;
 ;01:22:29;4.200;0.029;469.3;29.8;;;;;;;;;;;;;;;;;;
 ;01:22:30;4.200;0.029;469.3;29.8;;;;;;;;;;;;;;;;;;
 ;01:22:31;4.200;0.029;469.3;29.8;;;;;;;;;;;;;;;;;;
 ;01:22:32;4.200;0.029;469.3;29.8;;;;;;;;;;;;;;;;;;
 ;01:22:33;4.200;0.029;469.3;29.8;;;;;;;;;;;;;;;;;;
 ;01:22:34;4.200;0.029;469.3;29.8;;;;;;;;;;;;;;;;;;
 ;01:22:35;4.200;0.029;469.3;29.8;;;;;;;;;;;;;;;;;;
 ;01:22:36;4.200;0.029;469.4;29.8;;;;;;;;;;;;;;;;;;
 ;01:22:37;4.200;0.029;469.4;29.8;;;;;;;;;;;;;;;;;;
 ;01:22:38;4.200;0.029;469.4;29.8;;;;;;;;;;;;;;;;;;
 ;01:22:39;4.200;0.029;469.4;29.8;;;;;;;;;;;;;;;;;;
 ;01:22:40;4.200;0.029;469.4;29.8;;;;;;;;;;;;;;;;;;
 ;01:22:41;4.200;0.029;469.4;29.8;;;;;;;;;;;;;;;;;;
 ;01:22:42;4.200;0.029;469.4;29.8;;;;;;;;;;;;;;;;;;
 ;01:22:43;4.200;0.029;469.4;29.8;;;;;;;;;;;;;;;;;;
 ;01:22:44;4.200;0.029;469.4;29.8;;;;;;;;;;;;;;;;;;
 ;01:22:45;4.200;0.029;469.4;29.8;;;;;;;;;;;;;;;;;;
 ;01:22:46;4.200;0.029;469.4;29.8;;;;;;;;;;;;;;;;;;
 ;01:22:47;4.200;0.029;469.4;29.8;;;;;;;;;;;;;;;;;;
 ;01:22:48;4.200;0.029;469.5;29.8;;;;;;;;;;;;;;;;;;
 ;01:22:49;4.200;0.029;469.5;29.8;;;;;;;;;;;;;;;;;;
 ;01:22:50;4.200;0.029;469.5;29.8;;;;;;;;;;;;;;;;;;
 ;01:22:51;4.200;0.029;469.5;29.8;;;;;;;;;;;;;;;;;;
 ;01:22:52;4.200;0.029;469.5;29.8;;;;;;;;;;;;;;;;;;
 ;01:22:53;4.200;0.029;469.5;29.8;;;;;;;;;;;;;;;;;;
 ;01:22:54;4.200;0.029;469.5;29.8;;;;;;;;;;;;;;;;;;
 ;01:22:55;4.200;0.029;469.5;29.8;;;;;;;;;;;;;;;;;;
 ;01:22:56;4.200;0.029;469.5;29.8;;;;;;;;;;;;;;;;;;
 ;01:22:57;4.200;0.029;469.5;29.8;;;;;;;;;;;;;;;;;;
 ;01:22:58;4.200;0.029;469.5;29.8;;;;;;;;;;;;;;;;;;
 ;01:22:59;4.200;0.029;469.5;29.8;;;;;;;;;;;;;;;;;;
 ;01:23:00;4.200;0.029;469.5;29.8;;;;;;;;;;;;;;;;;;
 ;01:23:01;4.200;0.029;469.6;29.8;;;;;;;;;;;;;;;;;;
 ;01:23:02;4.200;0.029;469.6;29.8;;;;;;;;;;;;;;;;;;
 ;01:23:03;4.200;0.029;469.6;29.8;;;;;;;;;;;;;;;;;;
 ;01:23:04;4.200;0.029;469.6;29.8;;;;;;;;;;;;;;;;;;
 ;01:23:05;4.200;0.029;469.6;29.8;;;;;;;;;;;;;;;;;;
 ;01:23:06;4.200;0.029;469.6;29.8;;;;;;;;;;;;;;;;;;
 ;01:23:07;4.200;0.029;469.6;29.8;;;;;;;;;;;;;;;;;;
 ;01:23:08;4.200;0.029;469.6;29.8;;;;;;;;;;;;;;;;;;
 ;01:23:09;4.200;0.029;469.6;29.8;;;;;;;;;;;;;;;;;;
 ;01:23:10;4.200;0.029;469.6;29.8;;;;;;;;;;;;;;;;;;
 ;01:23:11;4.200;0.029;469.6;29.8;;;;;;;;;;;;;;;;;;
 ;01:23:12;4.200;0.029;469.6;29.8;;;;;;;;;;;;;;;;;;
 ;01:23:13;4.200;0.029;469.7;29.8;;;;;;;;;;;;;;;;;;
 ;01:23:14;4.200;0.029;469.7;29.8;;;;;;;;;;;;;;;;;;
 ;01:23:15;4.200;0.029;469.7;29.8;;;;;;;;;;;;;;;;;;
 ;01:23:16;4.200;0.029;469.7;29.8;;;;;;;;;;;;;;;;;;
 ;01:23:17;4.200;0.029;469.7;29.8;;;;;;;;;;;;;;;;;;
 ;01:23:18;4.200;0.029;469.7;29.8;;;;;;;;;;;;;;;;;;
 ;01:23:19;4.200;0.029;469.7;29.8;;;;;;;;;;;;;;;;;;
 ;01:23:20;4.200;0.029;469.7;29.8;;;;;;;;;;;;;;;;;;
 ;01:23:21;4.200;0.029;469.7;29.8;;;;;;;;;;;;;;;;;;
 ;01:23:22;4.200;0.029;469.7;29.8;;;;;;;;;;;;;;;;;;
 ;01:23:23;4.200;0.029;469.7;29.8;;;;;;;;;;;;;;;;;;
 ;01:23:24;4.200;0.029;469.7;29.8;;;;;;;;;;;;;;;;;;
 ;01:23:25;4.200;0.029;469.7;29.8;;;;;;;;;;;;;;;;;;
 ;01:23:26;4.200;0.029;469.8;29.8;;;;;;;;;;;;;;;;;;
 ;01:23:27;4.200;0.029;469.8;29.8;;;;;;;;;;;;;;;;;;
 ;01:23:28;4.200;0.029;469.8;29.8;;;;;;;;;;;;;;;;;;
 ;01:23:29;4.200;0.029;469.8;29.8;;;;;;;;;;;;;;;;;;
 ;01:23:30;4.200;0.029;469.8;29.8;;;;;;;;;;;;;;;;;;
 ;01:23:31;4.200;0.029;469.8;29.8;;;;;;;;;;;;;;;;;;
 ;01:23:32;4.200;0.029;469.8;29.8;;;;;;;;;;;;;;;;;;
 ;01:23:33;4.200;0.029;469.8;29.8;;;;;;;;;;;;;;;;;;
 ;01:23:34;4.200;0.029;469.8;29.8;;;;;;;;;;;;;;;;;;
 ;01:23:35;4.200;0.029;469.8;29.8;;;;;;;;;;;;;;;;;;
 ;01:23:36;4.200;0.029;469.8;29.8;;;;;;;;;;;;;;;;;;
 ;01:23:37;4.200;0.029;469.8;29.8;;;;;;;;;;;;;;;;;;
 ;01:23:38;4.200;0.029;469.9;29.8;;;;;;;;;;;;;;;;;;
 ;01:23:39;4.200;0.029;469.9;29.8;;;;;;;;;;;;;;;;;;
 ;01:23:40;4.200;0.029;469.9;29.8;;;;;;;;;;;;;;;;;;
 ;01:23:41;4.200;0.029;469.9;29.8;;;;;;;;;;;;;;;;;;
 ;01:23:42;4.200;0.028;469.9;29.8;;;;;;;;;;;;;;;;;;
 ;01:23:43;4.200;0.028;469.9;29.8;;;;;;;;;;;;;;;;;;
 ;01:23:44;4.200;0.029;469.9;29.8;;;;;;;;;;;;;;;;;;
 ;01:23:45;4.200;0.029;469.9;29.8;;;;;;;;;;;;;;;;;;
 ;01:23:46;4.200;0.029;469.9;29.8;;;;;;;;;;;;;;;;;;
 ;01:23:47;4.200;0.029;469.9;29.8;;;;;;;;;;;;;;;;;;
 ;01:23:48;4.200;0.029;469.9;29.8;;;;;;;;;;;;;;;;;;
 ;01:23:49;4.200;0.028;469.9;29.8;;;;;;;;;;;;;;;;;;
 ;01:23:50;4.200;0.028;469.9;29.8;;;;;;;;;;;;;;;;;;
 ;01:23:51;4.200;0.028;470.0;29.8;;;;;;;;;;;;;;;;;;
 ;01:23:52;4.200;0.028;470.0;29.8;;;;;;;;;;;;;;;;;;
 ;01:23:53;4.200;0.028;470.0;29.8;;;;;;;;;;;;;;;;;;
 ;01:23:54;4.200;0.028;470.0;29.8;;;;;;;;;;;;;;;;;;
 ;01:23:55;4.200;0.028;470.0;29.8;;;;;;;;;;;;;;;;;;
 ;01:23:56;4.200;0.028;470.0;29.8;;;;;;;;;;;;;;;;;;
 ;01:23:57;4.200;0.028;470.0;29.8;;;;;;;;;;;;;;;;;;
 ;01:23:58;4.200;0.028;470.0;29.8;;;;;;;;;;;;;;;;;;
 ;01:23:59;4.200;0.028;470.0;29.8;;;;;;;;;;;;;;;;;;
 ;01:24:00;4.200;0.028;470.0;29.8;;;;;;;;;;;;;;;;;;
 ;01:24:01;4.200;0.028;470.0;29.8;;;;;;;;;;;;;;;;;;
 ;01:24:02;4.200;0.028;470.0;29.8;;;;;;;;;;;;;;;;;;
 ;01:24:03;4.200;0.028;470.1;29.8;;;;;;;;;;;;;;;;;;
 ;01:24:04;4.200;0.028;470.1;29.8;;;;;;;;;;;;;;;;;;
 ;01:24:05;4.200;0.028;470.1;29.8;;;;;;;;;;;;;;;;;;
 ;01:24:06;4.200;0.028;470.1;29.8;;;;;;;;;;;;;;;;;;
 ;01:24:07;4.200;0.028;470.1;29.8;;;;;;;;;;;;;;;;;;
 ;01:24:08;4.200;0.028;470.1;29.8;;;;;;;;;;;;;;;;;;
 ;01:24:09;4.200;0.028;470.1;29.8;;;;;;;;;;;;;;;;;;
 ;01:24:10;4.200;0.028;470.1;29.8;;;;;;;;;;;;;;;;;;
 ;01:24:11;4.200;0.028;470.1;29.8;;;;;;;;;;;;;;;;;;
 ;01:24:12;4.200;0.028;470.1;29.8;;;;;;;;;;;;;;;;;;
 ;01:24:13;4.200;0.028;470.1;29.8;;;;;;;;;;;;;;;;;;
 ;01:24:14;4.200;0.028;470.1;29.8;;;;;;;;;;;;;;;;;;
 ;01:24:15;4.200;0.028;470.1;29.8;;;;;;;;;;;;;;;;;;
 ;01:24:16;4.200;0.028;470.2;29.8;;;;;;;;;;;;;;;;;;
 ;01:24:17;4.200;0.028;470.2;29.8;;;;;;;;;;;;;;;;;;
 ;01:24:18;4.200;0.028;470.2;29.8;;;;;;;;;;;;;;;;;;
 ;01:24:19;4.200;0.028;470.2;29.8;;;;;;;;;;;;;;;;;;
 ;01:24:20;4.200;0.028;470.2;29.8;;;;;;;;;;;;;;;;;;
 ;01:24:21;4.200;0.028;470.2;29.8;;;;;;;;;;;;;;;;;;
 ;01:24:22;4.200;0.028;470.2;29.8;;;;;;;;;;;;;;;;;;
 ;01:24:23;4.200;0.028;470.2;29.8;;;;;;;;;;;;;;;;;;
 ;01:24:24;4.200;0.028;470.2;29.8;;;;;;;;;;;;;;;;;;
 ;01:24:25;4.200;0.028;470.2;29.8;;;;;;;;;;;;;;;;;;
 ;01:24:26;4.200;0.028;470.2;29.8;;;;;;;;;;;;;;;;;;
 ;01:24:27;4.200;0.028;470.2;29.8;;;;;;;;;;;;;;;;;;
 ;01:24:28;4.200;0.028;470.2;29.8;;;;;;;;;;;;;;;;;;
 ;01:24:29;4.200;0.028;470.3;29.8;;;;;;;;;;;;;;;;;;
 ;01:24:30;4.200;0.028;470.3;29.8;;;;;;;;;;;;;;;;;;
 ;01:24:31;4.200;0.028;470.3;29.8;;;;;;;;;;;;;;;;;;
 ;01:24:32;4.200;0.028;470.3;29.8;;;;;;;;;;;;;;;;;;
 ;01:24:33;4.200;0.028;470.3;29.8;;;;;;;;;;;;;;;;;;
 ;01:24:34;4.200;0.028;470.3;29.8;;;;;;;;;;;;;;;;;;
 ;01:24:35;4.200;0.028;470.3;29.8;;;;;;;;;;;;;;;;;;
 ;01:24:36;4.200;0.028;470.3;29.8;;;;;;;;;;;;;;;;;;
 ;01:24:37;4.200;0.028;470.3;29.8;;;;;;;;;;;;;;;;;;
 ;01:24:38;4.200;0.028;470.3;29.8;;;;;;;;;;;;;;;;;;
 ;01:24:39;4.200;0.028;470.3;29.8;;;;;;;;;;;;;;;;;;
 ;01:24:40;4.200;0.028;470.3;29.8;;;;;;;;;;;;;;;;;;
 ;01:24:41;4.200;0.028;470.3;29.8;;;;;;;;;;;;;;;;;;
 ;01:24:42;4.200;0.028;470.4;29.8;;;;;;;;;;;;;;;;;;
 ;01:24:43;4.200;0.028;470.4;29.8;;;;;;;;;;;;;;;;;;
 ;01:24:44;4.200;0.028;470.4;29.8;;;;;;;;;;;;;;;;;;
 ;01:24:45;4.200;0.028;470.4;29.8;;;;;;;;;;;;;;;;;;
 ;01:24:46;4.200;0.028;470.4;29.8;;;;;;;;;;;;;;;;;;
 ;01:24:47;4.200;0.028;470.4;29.8;;;;;;;;;;;;;;;;;;
 ;01:24:48;4.200;0.028;470.4;29.8;;;;;;;;;;;;;;;;;;
 ;01:24:49;4.200;0.028;470.4;29.8;;;;;;;;;;;;;;;;;;
 ;01:24:50;4.200;0.028;470.4;29.8;;;;;;;;;;;;;;;;;;
 ;01:24:51;4.200;0.028;470.4;29.8;;;;;;;;;;;;;;;;;;
 ;01:24:52;4.200;0.028;470.4;29.8;;;;;;;;;;;;;;;;;;
 ;01:24:53;4.200;0.028;470.4;29.8;;;;;;;;;;;;;;;;;;
 ;01:24:54;4.200;0.028;470.4;29.8;;;;;;;;;;;;;;;;;;
 ;01:24:55;4.200;0.028;470.5;29.8;;;;;;;;;;;;;;;;;;
 ;01:24:56;4.200;0.028;470.5;29.8;;;;;;;;;;;;;;;;;;
 ;01:24:57;4.200;0.028;470.5;29.8;;;;;;;;;;;;;;;;;;
 ;01:24:58;4.200;0.028;470.5;29.8;;;;;;;;;;;;;;;;;;
 ;01:24:59;4.200;0.028;470.5;29.8;;;;;;;;;;;;;;;;;;
 ;01:25:00;4.200;0.028;470.5;29.8;;;;;;;;;;;;;;;;;;
 ;01:25:01;4.200;0.028;470.5;29.8;;;;;;;;;;;;;;;;;;
 ;01:25:02;4.200;0.028;470.5;29.8;;;;;;;;;;;;;;;;;;
 ;01:25:03;4.200;0.028;470.5;29.8;;;;;;;;;;;;;;;;;;
 ;01:25:04;4.200;0.028;470.5;29.8;;;;;;;;;;;;;;;;;;
 ;01:25:05;4.200;0.028;470.5;29.8;;;;;;;;;;;;;;;;;;
 ;01:25:06;4.200;0.028;470.5;29.8;;;;;;;;;;;;;;;;;;
 ;01:25:07;4.200;0.028;470.5;29.8;;;;;;;;;;;;;;;;;;
 ;01:25:08;4.200;0.028;470.6;29.8;;;;;;;;;;;;;;;;;;
 ;01:25:09;4.200;0.028;470.6;29.8;;;;;;;;;;;;;;;;;;
 ;01:25:10;4.200;0.028;470.6;29.8;;;;;;;;;;;;;;;;;;
 ;01:25:11;4.200;0.028;470.6;29.8;;;;;;;;;;;;;;;;;;
 ;01:25:12;4.200;0.028;470.6;29.8;;;;;;;;;;;;;;;;;;
 ;01:25:13;4.200;0.028;470.6;29.8;;;;;;;;;;;;;;;;;;
 ;01:25:14;4.200;0.028;470.6;29.8;;;;;;;;;;;;;;;;;;
 ;01:25:15;4.200;0.028;470.6;29.8;;;;;;;;;;;;;;;;;;
 ;01:25:16;4.200;0.028;470.6;29.8;;;;;;;;;;;;;;;;;;
 ;01:25:17;4.200;0.028;470.6;29.8;;;;;;;;;;;;;;;;;;
 ;01:25:18;4.200;0.028;470.6;29.8;;;;;;;;;;;;;;;;;;
 ;01:25:19;4.200;0.028;470.6;29.8;;;;;;;;;;;;;;;;;;
 ;01:25:20;4.200;0.028;470.6;29.8;;;;;;;;;;;;;;;;;;
 ;01:25:21;4.200;0.028;470.7;29.8;;;;;;;;;;;;;;;;;;
 ;01:25:22;4.200;0.028;470.7;29.8;;;;;;;;;;;;;;;;;;
 ;01:25:23;4.200;0.028;470.7;29.8;;;;;;;;;;;;;;;;;;
 ;01:25:24;4.200;0.028;470.7;29.8;;;;;;;;;;;;;;;;;;
 ;01:25:25;4.200;0.028;470.7;29.8;;;;;;;;;;;;;;;;;;
 ;01:25:26;4.200;0.028;470.7;29.8;;;;;;;;;;;;;;;;;;
 ;01:25:27;4.200;0.028;470.7;29.8;;;;;;;;;;;;;;;;;;
 ;01:25:28;4.200;0.027;470.7;29.8;;;;;;;;;;;;;;;;;;
 ;01:25:29;4.200;0.027;470.7;29.8;;;;;;;;;;;;;;;;;;
 ;01:25:30;4.200;0.027;470.7;29.8;;;;;;;;;;;;;;;;;;
 ;01:25:31;4.200;0.027;470.7;29.8;;;;;;;;;;;;;;;;;;
 ;01:25:32;4.200;0.027;470.7;29.8;;;;;;;;;;;;;;;;;;
 ;01:25:33;4.200;0.027;470.7;29.8;;;;;;;;;;;;;;;;;;
 ;01:25:34;4.200;0.027;470.8;29.8;;;;;;;;;;;;;;;;;;
 ;01:25:35;4.200;0.027;470.8;29.8;;;;;;;;;;;;;;;;;;
 ;01:25:36;4.200;0.027;470.8;29.8;;;;;;;;;;;;;;;;;;
 ;01:25:37;4.200;0.027;470.8;29.8;;;;;;;;;;;;;;;;;;
 ;01:25:38;4.200;0.027;470.8;29.8;;;;;;;;;;;;;;;;;;
 ;01:25:39;4.200;0.027;470.8;29.8;;;;;;;;;;;;;;;;;;
 ;01:25:40;4.200;0.027;470.8;29.8;;;;;;;;;;;;;;;;;;
 ;01:25:41;4.200;0.027;470.8;29.8;;;;;;;;;;;;;;;;;;
 ;01:25:42;4.200;0.027;470.8;29.8;;;;;;;;;;;;;;;;;;
 ;01:25:43;4.200;0.027;470.8;29.8;;;;;;;;;;;;;;;;;;
 ;01:25:44;4.200;0.027;470.8;29.8;;;;;;;;;;;;;;;;;;
 ;01:25:45;4.200;0.027;470.8;29.8;;;;;;;;;;;;;;;;;;
 ;01:25:46;4.200;0.027;470.8;29.8;;;;;;;;;;;;;;;;;;
 ;01:25:47;4.200;0.027;470.9;29.8;;;;;;;;;;;;;;;;;;
 ;01:25:48;4.200;0.027;470.9;29.8;;;;;;;;;;;;;;;;;;
 ;01:25:49;4.200;0.027;470.9;29.8;;;;;;;;;;;;;;;;;;
 ;01:25:50;4.200;0.027;470.9;29.8;;;;;;;;;;;;;;;;;;
 ;01:25:51;4.200;0.027;470.9;29.8;;;;;;;;;;;;;;;;;;
 ;01:25:52;4.200;0.027;470.9;29.8;;;;;;;;;;;;;;;;;;
 ;01:25:53;4.200;0.027;470.9;29.8;;;;;;;;;;;;;;;;;;
 ;01:25:54;4.200;0.027;470.9;29.8;;;;;;;;;;;;;;;;;;
 ;01:25:55;4.200;0.027;470.9;29.8;;;;;;;;;;;;;;;;;;
 ;01:25:56;4.200;0.027;470.9;29.8;;;;;;;;;;;;;;;;;;
 ;01:25:57;4.200;0.027;470.9;29.8;;;;;;;;;;;;;;;;;;
 ;01:25:58;4.200;0.027;470.9;29.8;;;;;;;;;;;;;;;;;;
 ;01:25:59;4.200;0.027;470.9;29.8;;;;;;;;;;;;;;;;;;
 ;01:26:00;4.200;0.027;471.0;29.8;;;;;;;;;;;;;;;;;;
 ;01:26:01;4.200;0.027;471.0;29.8;;;;;;;;;;;;;;;;;;
 ;01:26:02;4.200;0.027;471.0;29.8;;;;;;;;;;;;;;;;;;
 ;01:26:03;4.200;0.027;471.0;29.8;;;;;;;;;;;;;;;;;;
 ;01:26:04;4.200;0.027;471.0;29.8;;;;;;;;;;;;;;;;;;
 ;01:26:05;4.200;0.027;471.0;29.8;;;;;;;;;;;;;;;;;;
 ;01:26:06;4.200;0.027;471.0;29.8;;;;;;;;;;;;;;;;;;
 ;01:26:07;4.200;0.027;471.0;29.8;;;;;;;;;;;;;;;;;;
 ;01:26:08;4.200;0.027;471.0;29.8;;;;;;;;;;;;;;;;;;
 ;01:26:09;4.200;0.027;471.0;29.8;;;;;;;;;;;;;;;;;;
 ;01:26:10;4.200;0.027;471.0;29.8;;;;;;;;;;;;;;;;;;
 ;01:26:11;4.200;0.027;471.0;29.8;;;;;;;;;;;;;;;;;;
 ;01:26:12;4.200;0.027;471.0;29.8;;;;;;;;;;;;;;;;;;
 ;01:26:13;4.200;0.027;471.0;29.8;;;;;;;;;;;;;;;;;;
 ;01:26:14;4.200;0.027;471.1;29.8;;;;;;;;;;;;;;;;;;
 ;01:26:15;4.200;0.027;471.1;29.8;;;;;;;;;;;;;;;;;;
 ;01:26:16;4.200;0.027;471.1;29.8;;;;;;;;;;;;;;;;;;
 ;01:26:17;4.200;0.027;471.1;29.8;;;;;;;;;;;;;;;;;;
 ;01:26:18;4.200;0.027;471.1;29.8;;;;;;;;;;;;;;;;;;
 ;01:26:19;4.200;0.027;471.1;29.8;;;;;;;;;;;;;;;;;;
 ;01:26:20;4.200;0.027;471.1;29.8;;;;;;;;;;;;;;;;;;
 ;01:26:21;4.200;0.027;471.1;29.8;;;;;;;;;;;;;;;;;;
 ;01:26:22;4.200;0.027;471.1;29.8;;;;;;;;;;;;;;;;;;
 ;01:26:23;4.200;0.027;471.1;29.8;;;;;;;;;;;;;;;;;;
 ;01:26:24;4.200;0.027;471.1;29.8;;;;;;;;;;;;;;;;;;
 ;01:26:25;4.200;0.027;471.1;29.8;;;;;;;;;;;;;;;;;;
 ;01:26:26;4.200;0.027;471.1;29.8;;;;;;;;;;;;;;;;;;
 ;01:26:27;4.200;0.027;471.2;29.8;;;;;;;;;;;;;;;;;;
 ;01:26:28;4.200;0.027;471.2;29.8;;;;;;;;;;;;;;;;;;
 ;01:26:29;4.200;0.027;471.2;29.8;;;;;;;;;;;;;;;;;;
 ;01:26:30;4.200;0.027;471.2;29.8;;;;;;;;;;;;;;;;;;
 ;01:26:31;4.200;0.027;471.2;29.8;;;;;;;;;;;;;;;;;;
 ;01:26:32;4.200;0.027;471.2;29.8;;;;;;;;;;;;;;;;;;
 ;01:26:33;4.200;0.027;471.2;29.8;;;;;;;;;;;;;;;;;;
 ;01:26:34;4.200;0.027;471.2;29.8;;;;;;;;;;;;;;;;;;
 ;01:26:35;4.200;0.027;471.2;29.8;;;;;;;;;;;;;;;;;;
 ;01:26:36;4.200;0.027;471.2;29.8;;;;;;;;;;;;;;;;;;
 ;01:26:37;4.200;0.027;471.2;29.8;;;;;;;;;;;;;;;;;;
 ;01:26:38;4.200;0.027;471.2;29.8;;;;;;;;;;;;;;;;;;
 ;01:26:39;4.200;0.027;471.2;29.8;;;;;;;;;;;;;;;;;;
 ;01:26:40;4.200;0.027;471.3;29.8;;;;;;;;;;;;;;;;;;
 ;01:26:41;4.200;0.027;471.3;29.8;;;;;;;;;;;;;;;;;;
 ;01:26:42;4.200;0.027;471.3;29.8;;;;;;;;;;;;;;;;;;
 ;01:26:43;4.200;0.027;471.3;29.8;;;;;;;;;;;;;;;;;;
 ;01:26:44;4.200;0.027;471.3;29.8;;;;;;;;;;;;;;;;;;
 ;01:26:45;4.200;0.027;471.3;29.8;;;;;;;;;;;;;;;;;;
 ;01:26:46;4.200;0.027;471.3;29.8;;;;;;;;;;;;;;;;;;
 ;01:26:47;4.200;0.027;471.3;29.8;;;;;;;;;;;;;;;;;;
 ;01:26:48;4.200;0.027;471.3;29.8;;;;;;;;;;;;;;;;;;
 ;01:26:49;4.200;0.027;471.3;29.8;;;;;;;;;;;;;;;;;;
 ;01:26:50;4.200;0.027;471.3;29.8;;;;;;;;;;;;;;;;;;
 ;01:26:51;4.200;0.027;471.3;29.8;;;;;;;;;;;;;;;;;;
 ;01:26:52;4.200;0.027;471.3;29.8;;;;;;;;;;;;;;;;;;
 ;01:26:53;4.200;0.026;471.3;29.8;;;;;;;;;;;;;;;;;;
 ;01:26:54;4.200;0.026;471.4;29.8;;;;;;;;;;;;;;;;;;
 ;01:26:55;4.200;0.026;471.4;29.8;;;;;;;;;;;;;;;;;;
 ;01:26:56;4.200;0.026;471.4;29.8;;;;;;;;;;;;;;;;;;
 ;01:26:57;4.200;0.026;471.4;29.8;;;;;;;;;;;;;;;;;;
 ;01:26:58;4.200;0.027;471.4;29.8;;;;;;;;;;;;;;;;;;
 ;01:26:59;4.200;0.027;471.4;29.8;;;;;;;;;;;;;;;;;;
 ;01:27:00;4.200;0.027;471.4;29.8;;;;;;;;;;;;;;;;;;
 ;01:27:01;4.200;0.027;471.4;29.8;;;;;;;;;;;;;;;;;;
 ;01:27:02;4.200;0.027;471.4;29.8;;;;;;;;;;;;;;;;;;
 ;01:27:03;4.200;0.027;471.4;29.8;;;;;;;;;;;;;;;;;;
 ;01:27:04;4.200;0.027;471.4;29.8;;;;;;;;;;;;;;;;;;
 ;01:27:05;4.200;0.027;471.4;29.8;;;;;;;;;;;;;;;;;;
 ;01:27:06;4.200;0.027;471.4;29.8;;;;;;;;;;;;;;;;;;
 ;01:27:07;4.200;0.026;471.5;29.8;;;;;;;;;;;;;;;;;;
 ;01:27:08;4.200;0.026;471.5;29.8;;;;;;;;;;;;;;;;;;
 ;01:27:09;4.200;0.027;471.5;29.8;;;;;;;;;;;;;;;;;;
 ;01:27:10;4.200;0.027;471.5;29.8;;;;;;;;;;;;;;;;;;
 ;01:27:11;4.200;0.027;471.5;29.8;;;;;;;;;;;;;;;;;;
 ;01:27:12;4.200;0.026;471.5;29.8;;;;;;;;;;;;;;;;;;
 ;01:27:13;4.200;0.026;471.5;29.8;;;;;;;;;;;;;;;;;;
 ;01:27:14;4.200;0.027;471.5;29.8;;;;;;;;;;;;;;;;;;
 ;01:27:15;4.200;0.027;471.5;29.8;;;;;;;;;;;;;;;;;;
 ;01:27:16;4.200;0.027;471.5;29.8;;;;;;;;;;;;;;;;;;
 ;01:27:17;4.200;0.026;471.5;29.8;;;;;;;;;;;;;;;;;;
 ;01:27:18;4.200;0.026;471.5;29.8;;;;;;;;;;;;;;;;;;
 ;01:27:19;4.200;0.027;471.5;29.8;;;;;;;;;;;;;;;;;;
 ;01:27:20;4.200;0.027;471.6;29.8;;;;;;;;;;;;;;;;;;
 ;01:27:21;4.200;0.027;471.6;29.8;;;;;;;;;;;;;;;;;;
 ;01:27:22;4.200;0.027;471.6;29.8;;;;;;;;;;;;;;;;;;
 ;01:27:23;4.200;0.027;471.6;29.8;;;;;;;;;;;;;;;;;;
 ;01:27:24;4.200;0.027;471.6;29.8;;;;;;;;;;;;;;;;;;
 ;01:27:25;4.200;0.027;471.6;29.8;;;;;;;;;;;;;;;;;;
 ;01:27:26;4.200;0.026;471.6;29.8;;;;;;;;;;;;;;;;;;
 ;01:27:27;4.200;0.026;471.6;29.8;;;;;;;;;;;;;;;;;;
 ;01:27:28;4.200;0.027;471.6;29.8;;;;;;;;;;;;;;;;;;
 ;01:27:29;4.200;0.027;471.6;29.8;;;;;;;;;;;;;;;;;;
 ;01:27:30;4.200;0.027;471.6;29.8;;;;;;;;;;;;;;;;;;
 ;01:27:31;4.200;0.027;471.6;29.8;;;;;;;;;;;;;;;;;;
 ;01:27:32;4.200;0.027;471.6;29.8;;;;;;;;;;;;;;;;;;
 ;01:27:33;4.200;0.026;471.6;29.8;;;;;;;;;;;;;;;;;;
 ;01:27:34;4.200;0.026;471.7;29.8;;;;;;;;;;;;;;;;;;
 ;01:27:35;4.200;0.026;471.7;29.8;;;;;;;;;;;;;;;;;;
 ;01:27:36;4.200;0.026;471.7;29.8;;;;;;;;;;;;;;;;;;
 ;01:27:37;4.200;0.025;471.7;29.8;;;;;;;;;;;;;;;;;;
 ;01:27:38;4.200;0.025;471.7;29.8;;;;;;;;;;;;;;;;;;
 ;01:27:39;4.200;0.025;471.7;29.8;;;;;;;;;;;;;;;;;;
 ;01:27:40;4.200;0.025;471.7;29.8;;;;;;;;;;;;;;;;;;
 ;01:27:41;4.200;0.025;471.7;29.8;;;;;;;;;;;;;;;;;;
 ;01:27:42;4.200;0.025;471.7;29.8;;;;;;;;;;;;;;;;;;
 ;01:27:43;4.200;0.025;471.7;29.8;;;;;;;;;;;;;;;;;;
 ;01:27:44;4.200;0.025;471.7;29.8;;;;;;;;;;;;;;;;;;
 ;01:27:45;4.200;0.025;471.7;29.8;;;;;;;;;;;;;;;;;;
 ;01:27:46;4.200;0.025;471.7;29.8;;;;;;;;;;;;;;;;;;
 ;01:27:47;4.200;0.025;471.7;29.8;;;;;;;;;;;;;;;;;;
 ;01:27:48;4.200;0.025;471.8;29.8;;;;;;;;;;;;;;;;;;
 ;01:27:49;4.200;0.025;471.8;29.8;;;;;;;;;;;;;;;;;;
 ;01:27:50;4.200;0.025;471.8;29.8;;;;;;;;;;;;;;;;;;
 ;01:27:51;4.200;0.025;471.8;29.8;;;;;;;;;;;;;;;;;;
 ;01:27:52;4.200;0.025;471.8;29.8;;;;;;;;;;;;;;;;;;
 ;01:27:53;4.200;0.025;471.8;29.8;;;;;;;;;;;;;;;;;;
 ;01:27:54;4.200;0.025;471.8;29.8;;;;;;;;;;;;;;;;;;
 ;01:27:55;4.200;0.025;471.8;29.8;;;;;;;;;;;;;;;;;;
 ;01:27:56;4.200;0.025;471.8;29.8;;;;;;;;;;;;;;;;;;
 ;01:27:57;4.200;0.025;471.8;29.8;;;;;;;;;;;;;;;;;;
 ;01:27:58;4.200;0.025;471.8;29.8;;;;;;;;;;;;;;;;;;
 ;01:27:59;4.200;0.025;471.8;29.8;;;;;;;;;;;;;;;;;;
 ;01:28:00;4.200;0.025;471.8;29.8;;;;;;;;;;;;;;;;;;
 ;01:28:01;4.200;0.025;471.8;29.8;;;;;;;;;;;;;;;;;;
 ;01:28:02;4.200;0.025;471.9;29.8;;;;;;;;;;;;;;;;;;
 ;01:28:03;4.200;0.025;471.9;29.8;;;;;;;;;;;;;;;;;;
 ;01:28:04;4.200;0.025;471.9;29.8;;;;;;;;;;;;;;;;;;
 ;01:28:05;4.200;0.025;471.9;29.8;;;;;;;;;;;;;;;;;;
 ;01:28:06;4.200;0.025;471.9;29.8;;;;;;;;;;;;;;;;;;
 ;01:28:07;4.200;0.025;471.9;29.8;;;;;;;;;;;;;;;;;;
 ;01:28:08;4.200;0.025;471.9;29.8;;;;;;;;;;;;;;;;;;
 ;01:28:09;4.200;0.025;471.9;29.8;;;;;;;;;;;;;;;;;;
 ;01:28:10;4.200;0.025;471.9;29.8;;;;;;;;;;;;;;;;;;
 ;01:28:11;4.200;0.025;471.9;29.8;;;;;;;;;;;;;;;;;;
 ;01:28:12;4.200;0.025;471.9;29.8;;;;;;;;;;;;;;;;;;
 ;01:28:13;4.200;0.025;471.9;29.8;;;;;;;;;;;;;;;;;;
 ;01:28:14;4.200;0.025;471.9;29.8;;;;;;;;;;;;;;;;;;
 ;01:28:15;4.200;0.025;471.9;29.8;;;;;;;;;;;;;;;;;;
 ;01:28:16;4.200;0.025;471.9;29.8;;;;;;;;;;;;;;;;;;
 ;01:28:17;4.200;0.025;472.0;29.8;;;;;;;;;;;;;;;;;;
 ;01:28:18;4.200;0.025;472.0;29.8;;;;;;;;;;;;;;;;;;
 ;01:28:19;4.200;0.025;472.0;29.8;;;;;;;;;;;;;;;;;;
 ;01:28:20;4.200;0.025;472.0;29.8;;;;;;;;;;;;;;;;;;
 ;01:28:21;4.200;0.025;472.0;29.8;;;;;;;;;;;;;;;;;;
 ;01:28:22;4.200;0.025;472.0;29.8;;;;;;;;;;;;;;;;;;
 ;01:28:23;4.200;0.025;472.0;29.8;;;;;;;;;;;;;;;;;;
 ;01:28:24;4.200;0.025;472.0;29.8;;;;;;;;;;;;;;;;;;
 ;01:28:25;4.200;0.025;472.0;29.8;;;;;;;;;;;;;;;;;;
 ;01:28:26;4.200;0.025;472.0;29.8;;;;;;;;;;;;;;;;;;
 ;01:28:27;4.200;0.025;472.0;29.8;;;;;;;;;;;;;;;;;;
 ;01:28:28;4.200;0.025;472.0;29.8;;;;;;;;;;;;;;;;;;
 ;01:28:29;4.200;0.025;472.0;29.8;;;;;;;;;;;;;;;;;;
 ;01:28:30;4.200;0.025;472.0;29.8;;;;;;;;;;;;;;;;;;
 ;01:28:31;4.200;0.025;472.1;29.8;;;;;;;;;;;;;;;;;;
 ;01:28:32;4.200;0.025;472.1;29.8;;;;;;;;;;;;;;;;;;
 ;01:28:33;4.200;0.025;472.1;29.8;;;;;;;;;;;;;;;;;;
 ;01:28:34;4.200;0.025;472.1;29.8;;;;;;;;;;;;;;;;;;
 ;01:28:35;4.200;0.025;472.1;29.8;;;;;;;;;;;;;;;;;;
 ;01:28:36;4.200;0.025;472.1;29.8;;;;;;;;;;;;;;;;;;
 ;01:28:37;4.200;0.025;472.1;29.8;;;;;;;;;;;;;;;;;;
 ;01:28:38;4.200;0.025;472.1;29.8;;;;;;;;;;;;;;;;;;
 ;01:28:39;4.200;0.025;472.1;29.8;;;;;;;;;;;;;;;;;;
 ;01:28:40;4.200;0.025;472.1;29.8;;;;;;;;;;;;;;;;;;
 ;01:28:41;4.200;0.025;472.1;29.8;;;;;;;;;;;;;;;;;;
 ;01:28:42;4.200;0.025;472.1;29.8;;;;;;;;;;;;;;;;;;
 ;01:28:43;4.200;0.025;472.1;29.8;;;;;;;;;;;;;;;;;;
 ;01:28:44;4.200;0.025;472.1;29.8;;;;;;;;;;;;;;;;;;
 ;01:28:45;4.200;0.025;472.2;29.8;;;;;;;;;;;;;;;;;;
 ;01:28:46;4.200;0.025;472.2;29.8;;;;;;;;;;;;;;;;;;
 ;01:28:47;4.200;0.025;472.2;29.8;;;;;;;;;;;;;;;;;;
 ;01:28:48;4.200;0.025;472.2;29.8;;;;;;;;;;;;;;;;;;
 ;01:28:49;4.200;0.025;472.2;29.8;;;;;;;;;;;;;;;;;;
 ;01:28:50;4.200;0.025;472.2;29.8;;;;;;;;;;;;;;;;;;
 ;01:28:51;4.200;0.025;472.2;29.8;;;;;;;;;;;;;;;;;;
 ;01:28:52;4.200;0.025;472.2;29.8;;;;;;;;;;;;;;;;;;
 ;01:28:53;4.200;0.025;472.2;29.8;;;;;;;;;;;;;;;;;;
 ;01:28:54;4.200;0.025;472.2;29.8;;;;;;;;;;;;;;;;;;
 ;01:28:55;4.200;0.025;472.2;29.8;;;;;;;;;;;;;;;;;;
 ;01:28:56;4.200;0.025;472.2;29.8;;;;;;;;;;;;;;;;;;
 ;01:28:57;4.200;0.025;472.2;29.8;;;;;;;;;;;;;;;;;;
 ;01:28:58;4.200;0.025;472.2;29.8;;;;;;;;;;;;;;;;;;
 ;01:28:59;4.200;0.025;472.2;29.8;;;;;;;;;;;;;;;;;;
 ;01:29:00;4.200;0.025;472.3;29.8;;;;;;;;;;;;;;;;;;
 ;01:29:01;4.200;0.025;472.3;29.8;;;;;;;;;;;;;;;;;;
 ;01:29:02;4.200;0.025;472.3;29.8;;;;;;;;;;;;;;;;;;
 ;01:29:03;4.200;0.024;472.3;29.8;;;;;;;;;;;;;;;;;;
 ;01:29:04;4.200;0.024;472.3;29.8;;;;;;;;;;;;;;;;;;
 ;01:29:05;4.200;0.024;472.3;29.8;;;;;;;;;;;;;;;;;;
 ;01:29:06;4.200;0.024;472.3;29.8;;;;;;;;;;;;;;;;;;
 ;01:29:07;4.200;0.024;472.3;29.8;;;;;;;;;;;;;;;;;;
 ;01:29:08;4.200;0.024;472.3;29.8;;;;;;;;;;;;;;;;;;
 ;01:29:09;4.200;0.024;472.3;29.8;;;;;;;;;;;;;;;;;;
 ;01:29:10;4.200;0.024;472.3;29.8;;;;;;;;;;;;;;;;;;
 ;01:29:11;4.200;0.024;472.3;29.8;;;;;;;;;;;;;;;;;;
 ;01:29:12;4.200;0.024;472.3;29.8;;;;;;;;;;;;;;;;;;
 ;01:29:13;4.200;0.024;472.3;29.8;;;;;;;;;;;;;;;;;;
 ;01:29:14;4.200;0.024;472.3;29.8;;;;;;;;;;;;;;;;;;
 ;01:29:15;4.200;0.024;472.4;29.8;;;;;;;;;;;;;;;;;;
 ;01:29:16;4.200;0.024;472.4;29.8;;;;;;;;;;;;;;;;;;
 ;01:29:17;4.200;0.024;472.4;29.8;;;;;;;;;;;;;;;;;;
 ;01:29:18;4.200;0.024;472.4;29.8;;;;;;;;;;;;;;;;;;
 ;01:29:19;4.200;0.024;472.4;29.8;;;;;;;;;;;;;;;;;;
 ;01:29:20;4.200;0.024;472.4;29.8;;;;;;;;;;;;;;;;;;
 ;01:29:21;4.200;0.024;472.4;29.8;;;;;;;;;;;;;;;;;;
 ;01:29:22;4.200;0.024;472.4;29.8;;;;;;;;;;;;;;;;;;
 ;01:29:23;4.200;0.024;472.4;29.8;;;;;;;;;;;;;;;;;;
 ;01:29:24;4.200;0.024;472.4;29.8;;;;;;;;;;;;;;;;;;
 ;01:29:25;4.200;0.024;472.4;29.8;;;;;;;;;;;;;;;;;;
 ;01:29:26;4.200;0.024;472.4;29.7;;;;;;;;;;;;;;;;;;
 ;01:29:27;4.200;0.024;472.4;29.8;;;;;;;;;;;;;;;;;;
 ;01:29:28;4.200;0.024;472.4;29.8;;;;;;;;;;;;;;;;;;
 ;01:29:29;4.200;0.024;472.4;29.8;;;;;;;;;;;;;;;;;;
 ;01:29:30;4.200;0.024;472.5;29.8;;;;;;;;;;;;;;;;;;
 ;01:29:31;4.200;0.024;472.5;29.8;;;;;;;;;;;;;;;;;;
 ;01:29:32;4.200;0.024;472.5;29.8;;;;;;;;;;;;;;;;;;
 ;01:29:33;4.200;0.024;472.5;29.8;;;;;;;;;;;;;;;;;;
 ;01:29:34;4.200;0.024;472.5;29.8;;;;;;;;;;;;;;;;;;
 ;01:29:35;4.200;0.024;472.5;29.8;;;;;;;;;;;;;;;;;;
 ;01:29:36;4.200;0.024;472.5;29.8;;;;;;;;;;;;;;;;;;
 ;01:29:37;4.200;0.024;472.5;29.8;;;;;;;;;;;;;;;;;;
 ;01:29:38;4.200;0.024;472.5;29.8;;;;;;;;;;;;;;;;;;
 ;01:29:39;4.200;0.024;472.5;29.8;;;;;;;;;;;;;;;;;;
 ;01:29:40;4.200;0.024;472.5;29.7;;;;;;;;;;;;;;;;;;
 ;01:29:41;4.200;0.024;472.5;29.8;;;;;;;;;;;;;;;;;;
 ;01:29:42;4.200;0.024;472.5;29.7;;;;;;;;;;;;;;;;;;
 ;01:29:43;4.200;0.024;472.5;29.7;;;;;;;;;;;;;;;;;;
 ;01:29:44;4.200;0.024;472.5;29.7;;;;;;;;;;;;;;;;;;
 ;01:29:45;4.200;0.024;472.6;29.7;;;;;;;;;;;;;;;;;;
 ;01:29:46;4.200;0.024;472.6;29.7;;;;;;;;;;;;;;;;;;
 ;01:29:47;4.200;0.024;472.6;29.7;;;;;;;;;;;;;;;;;;
 ;01:29:48;4.200;0.024;472.6;29.8;;;;;;;;;;;;;;;;;;
 ;01:29:49;4.200;0.024;472.6;29.7;;;;;;;;;;;;;;;;;;
 ;01:29:50;4.200;0.024;472.6;29.7;;;;;;;;;;;;;;;;;;
 ;01:29:51;4.200;0.024;472.6;29.7;;;;;;;;;;;;;;;;;;
 ;01:29:52;4.200;0.024;472.6;29.7;;;;;;;;;;;;;;;;;;
 ;01:29:53;4.200;0.024;472.6;29.7;;;;;;;;;;;;;;;;;;
 ;01:29:54;4.200;0.024;472.6;29.7;;;;;;;;;;;;;;;;;;
 ;01:29:55;4.200;0.024;472.6;29.7;;;;;;;;;;;;;;;;;;
 ;01:29:56;4.200;0.024;472.6;29.7;;;;;;;;;;;;;;;;;;
 ;01:29:57;4.200;0.024;472.6;29.7;;;;;;;;;;;;;;;;;;
 ;01:29:58;4.200;0.024;472.6;29.7;;;;;;;;;;;;;;;;;;
 ;01:29:59;4.200;0.024;472.6;29.7;;;;;;;;;;;;;;;;;;
 ;01:30:00;4.200;0.024;472.7;29.7;;;;;;;;;;;;;;;;;;
 ;01:30:01;4.200;0.024;472.7;29.7;;;;;;;;;;;;;;;;;;
 ;01:30:02;4.200;0.024;472.7;29.7;;;;;;;;;;;;;;;;;;
 ;01:30:03;4.200;0.024;472.7;29.7;;;;;;;;;;;;;;;;;;
 ;01:30:04;4.200;0.024;472.7;29.7;;;;;;;;;;;;;;;;;;
 ;01:30:05;4.200;0.024;472.7;29.7;;;;;;;;;;;;;;;;;;
 ;01:30:06;4.200;0.024;472.7;29.7;;;;;;;;;;;;;;;;;;
 ;01:30:07;4.200;0.024;472.7;29.7;;;;;;;;;;;;;;;;;;
 ;01:30:08;4.200;0.024;472.7;29.7;;;;;;;;;;;;;;;;;;
 ;01:30:09;4.200;0.024;472.7;29.7;;;;;;;;;;;;;;;;;;
 ;01:30:10;4.200;0.024;472.7;29.7;;;;;;;;;;;;;;;;;;
 ;01:30:11;4.200;0.024;472.7;29.7;;;;;;;;;;;;;;;;;;
 ;01:30:12;4.200;0.024;472.7;29.7;;;;;;;;;;;;;;;;;;
 ;01:30:13;4.200;0.024;472.7;29.7;;;;;;;;;;;;;;;;;;
 ;01:30:14;4.200;0.024;472.7;29.7;;;;;;;;;;;;;;;;;;
 ;01:30:15;4.200;0.024;472.8;29.7;;;;;;;;;;;;;;;;;;
 ;01:30:16;4.200;0.024;472.8;29.7;;;;;;;;;;;;;;;;;;
 ;01:30:17;4.200;0.024;472.8;29.7;;;;;;;;;;;;;;;;;;
 ;01:30:18;4.200;0.024;472.8;29.7;;;;;;;;;;;;;;;;;;
 ;01:30:19;4.200;0.024;472.8;29.7;;;;;;;;;;;;;;;;;;
 ;01:30:20;4.200;0.024;472.8;29.7;;;;;;;;;;;;;;;;;;
 ;01:30:21;4.200;0.024;472.8;29.7;;;;;;;;;;;;;;;;;;
 ;01:30:22;4.200;0.024;472.8;29.7;;;;;;;;;;;;;;;;;;
 ;01:30:23;4.200;0.024;472.8;29.7;;;;;;;;;;;;;;;;;;
 ;01:30:24;4.200;0.024;472.8;29.7;;;;;;;;;;;;;;;;;;
 ;01:30:25;4.200;0.024;472.8;29.7;;;;;;;;;;;;;;;;;;
 ;01:30:26;4.200;0.024;472.8;29.7;;;;;;;;;;;;;;;;;;
 ;01:30:27;4.200;0.024;472.8;29.7;;;;;;;;;;;;;;;;;;
 ;01:30:28;4.200;0.024;472.8;29.7;;;;;;;;;;;;;;;;;;
 ;01:30:29;4.200;0.024;472.8;29.7;;;;;;;;;;;;;;;;;;
 ;01:30:30;4.200;0.024;472.9;29.7;;;;;;;;;;;;;;;;;;
 ;01:30:31;4.200;0.024;472.9;29.7;;;;;;;;;;;;;;;;;;
 ;01:30:32;4.200;0.024;472.9;29.7;;;;;;;;;;;;;;;;;;
 ;01:30:33;4.200;0.024;472.9;29.7;;;;;;;;;;;;;;;;;;
 ;01:30:34;4.200;0.024;472.9;29.7;;;;;;;;;;;;;;;;;;
 ;01:30:35;4.200;0.024;472.9;29.7;;;;;;;;;;;;;;;;;;
 ;01:30:36;4.200;0.024;472.9;29.7;;;;;;;;;;;;;;;;;;
 ;01:30:37;4.200;0.024;472.9;29.7;;;;;;;;;;;;;;;;;;
 ;01:30:38;4.200;0.024;472.9;29.7;;;;;;;;;;;;;;;;;;
 ;01:30:39;4.200;0.024;472.9;29.7;;;;;;;;;;;;;;;;;;
 ;01:30:40;4.200;0.024;472.9;29.7;;;;;;;;;;;;;;;;;;
 ;01:30:41;4.200;0.024;472.9;29.7;;;;;;;;;;;;;;;;;;
 ;01:30:42;4.200;0.024;472.9;29.7;;;;;;;;;;;;;;;;;;
 ;01:30:43;4.200;0.024;472.9;29.7;;;;;;;;;;;;;;;;;;
 ;01:30:44;4.200;0.024;472.9;29.7;;;;;;;;;;;;;;;;;;
 ;01:30:45;4.200;0.024;473.0;29.7;;;;;;;;;;;;;;;;;;
 ;01:30:46;4.200;0.024;473.0;29.7;;;;;;;;;;;;;;;;;;
 ;01:30:47;4.200;0.024;473.0;29.7;;;;;;;;;;;;;;;;;;
 ;01:30:48;4.200;0.024;473.0;29.7;;;;;;;;;;;;;;;;;;
 ;01:30:49;4.200;0.024;473.0;29.7;;;;;;;;;;;;;;;;;;
 ;01:30:50;4.200;0.024;473.0;29.7;;;;;;;;;;;;;;;;;;
 ;01:30:51;4.200;0.024;473.0;29.7;;;;;;;;;;;;;;;;;;
 ;01:30:52;4.200;0.024;473.0;29.7;;;;;;;;;;;;;;;;;;
 ;01:30:53;4.200;0.024;473.0;29.7;;;;;;;;;;;;;;;;;;
 ;01:30:54;4.200;0.024;473.0;29.7;;;;;;;;;;;;;;;;;;
 ;01:30:55;4.200;0.024;473.0;29.7;;;;;;;;;;;;;;;;;;
 ;01:30:56;4.200;0.024;473.0;29.7;;;;;;;;;;;;;;;;;;
 ;01:30:57;4.200;0.024;473.0;29.7;;;;;;;;;;;;;;;;;;
 ;01:30:58;4.200;0.024;473.0;29.7;;;;;;;;;;;;;;;;;;
 ;01:30:59;4.200;0.024;473.0;29.7;;;;;;;;;;;;;;;;;;
 ;01:31:00;4.200;0.024;473.1;29.7;;;;;;;;;;;;;;;;;;
 ;01:31:01;4.200;0.024;473.1;29.7;;;;;;;;;;;;;;;;;;
 ;01:31:02;4.200;0.024;473.1;29.7;;;;;;;;;;;;;;;;;;
 ;01:31:03;4.200;0.024;473.1;29.7;;;;;;;;;;;;;;;;;;
 ;01:31:04;4.200;0.024;473.1;29.7;;;;;;;;;;;;;;;;;;
 ;01:31:05;4.200;0.024;473.1;29.7;;;;;;;;;;;;;;;;;;
 ;01:31:06;4.200;0.024;473.1;29.7;;;;;;;;;;;;;;;;;;
 ;01:31:07;4.200;0.024;473.1;29.7;;;;;;;;;;;;;;;;;;
 ;01:31:08;4.200;0.024;473.1;29.7;;;;;;;;;;;;;;;;;;
 ;01:31:09;4.200;0.024;473.1;29.7;;;;;;;;;;;;;;;;;;
 ;01:31:10;4.200;0.024;473.1;29.7;;;;;;;;;;;;;;;;;;
 ;01:31:11;4.200;0.024;473.1;29.7;;;;;;;;;;;;;;;;;;
 ;01:31:12;4.200;0.024;473.1;29.7;;;;;;;;;;;;;;;;;;
 ;01:31:13;4.200;0.024;473.1;29.7;;;;;;;;;;;;;;;;;;
 ;01:31:14;4.200;0.024;473.1;29.7;;;;;;;;;;;;;;;;;;
 ;01:31:15;4.200;0.024;473.2;29.7;;;;;;;;;;;;;;;;;;
 ;01:31:16;4.200;0.024;473.2;29.7;;;;;;;;;;;;;;;;;;
 ;01:31:17;4.200;0.024;473.2;29.7;;;;;;;;;;;;;;;;;;
 ;01:31:18;4.200;0.024;473.2;29.7;;;;;;;;;;;;;;;;;;
 ;01:31:19;4.200;0.024;473.2;29.7;;;;;;;;;;;;;;;;;;
 ;01:31:20;4.200;0.024;473.2;29.7;;;;;;;;;;;;;;;;;;
 ;01:31:21;4.200;0.024;473.2;29.7;;;;;;;;;;;;;;;;;;
 ;01:31:22;4.200;0.024;473.2;29.7;;;;;;;;;;;;;;;;;;
 ;01:31:23;4.200;0.024;473.2;29.7;;;;;;;;;;;;;;;;;;
 ;01:31:24;4.200;0.024;473.2;29.7;;;;;;;;;;;;;;;;;;
 ;01:31:25;4.200;0.024;473.2;29.7;;;;;;;;;;;;;;;;;;
 ;01:31:26;4.200;0.024;473.2;29.7;;;;;;;;;;;;;;;;;;
 ;01:31:27;4.200;0.024;473.2;29.7;;;;;;;;;;;;;;;;;;
 ;01:31:28;4.200;0.024;473.2;29.7;;;;;;;;;;;;;;;;;;
 ;01:31:29;4.200;0.024;473.2;29.7;;;;;;;;;;;;;;;;;;
 ;01:31:30;4.200;0.024;473.3;29.7;;;;;;;;;;;;;;;;;;
 ;01:31:31;4.200;0.024;473.3;29.7;;;;;;;;;;;;;;;;;;
 ;01:31:32;4.200;0.024;473.3;29.7;;;;;;;;;;;;;;;;;;
 ;01:31:33;4.200;0.024;473.3;29.7;;;;;;;;;;;;;;;;;;
 ;01:31:34;4.200;0.024;473.3;29.7;;;;;;;;;;;;;;;;;;
 ;01:31:35;4.200;0.024;473.3;29.7;;;;;;;;;;;;;;;;;;
 ;01:31:36;4.200;0.024;473.3;29.7;;;;;;;;;;;;;;;;;;
 ;01:31:37;4.200;0.024;473.3;29.7;;;;;;;;;;;;;;;;;;
 ;01:31:38;4.200;0.024;473.3;29.7;;;;;;;;;;;;;;;;;;
 ;01:31:39;4.200;0.024;473.3;29.7;;;;;;;;;;;;;;;;;;
 ;01:31:40;4.200;0.024;473.3;29.7;;;;;;;;;;;;;;;;;;
 ;01:31:41;4.200;0.023;473.3;29.7;;;;;;;;;;;;;;;;;;
 ;01:31:42;4.200;0.023;473.3;29.7;;;;;;;;;;;;;;;;;;
 ;01:31:43;4.200;0.023;473.3;29.7;;;;;;;;;;;;;;;;;;
 ;01:31:44;4.200;0.023;473.3;29.7;;;;;;;;;;;;;;;;;;
 ;01:31:45;4.200;0.023;473.4;29.7;;;;;;;;;;;;;;;;;;
 ;01:31:46;4.200;0.023;473.4;29.7;;;;;;;;;;;;;;;;;;
 ;01:31:47;4.200;0.023;473.4;29.7;;;;;;;;;;;;;;;;;;
 ;01:31:48;4.200;0.023;473.4;29.7;;;;;;;;;;;;;;;;;;
 ;01:31:49;4.200;0.023;473.4;29.7;;;;;;;;;;;;;;;;;;
 ;01:31:50;4.200;0.023;473.4;29.7;;;;;;;;;;;;;;;;;;
 ;01:31:51;4.200;0.023;473.4;29.7;;;;;;;;;;;;;;;;;;
 ;01:31:52;4.200;0.023;473.4;29.7;;;;;;;;;;;;;;;;;;
 ;01:31:53;4.200;0.023;473.4;29.7;;;;;;;;;;;;;;;;;;
 ;01:31:54;4.200;0.023;473.4;29.7;;;;;;;;;;;;;;;;;;
 ;01:31:55;4.200;0.023;473.4;29.7;;;;;;;;;;;;;;;;;;
 ;01:31:56;4.200;0.023;473.4;29.7;;;;;;;;;;;;;;;;;;
 ;01:31:57;4.200;0.023;473.4;29.7;;;;;;;;;;;;;;;;;;
 ;01:31:58;4.200;0.023;473.4;29.7;;;;;;;;;;;;;;;;;;
 ;01:31:59;4.200;0.023;473.4;29.7;;;;;;;;;;;;;;;;;;
 ;01:32:00;4.200;0.023;473.5;29.7;;;;;;;;;;;;;;;;;;
 ;01:32:01;4.200;0.023;473.5;29.7;;;;;;;;;;;;;;;;;;
 ;01:32:02;4.200;0.023;473.5;29.7;;;;;;;;;;;;;;;;;;
 ;01:32:03;4.200;0.023;473.5;29.7;;;;;;;;;;;;;;;;;;
 ;01:32:04;4.200;0.023;473.5;29.7;;;;;;;;;;;;;;;;;;
 ;01:32:05;4.200;0.023;473.5;29.7;;;;;;;;;;;;;;;;;;
 ;01:32:06;4.200;0.023;473.5;29.7;;;;;;;;;;;;;;;;;;
 ;01:32:07;4.200;0.023;473.5;29.7;;;;;;;;;;;;;;;;;;
 ;01:32:08;4.200;0.023;473.5;29.7;;;;;;;;;;;;;;;;;;
 ;01:32:09;4.200;0.023;473.5;29.7;;;;;;;;;;;;;;;;;;
 ;01:32:10;4.200;0.023;473.5;29.7;;;;;;;;;;;;;;;;;;
 ;01:32:11;4.200;0.023;473.5;29.7;;;;;;;;;;;;;;;;;;
 ;01:32:12;4.200;0.023;473.5;29.7;;;;;;;;;;;;;;;;;;
 ;01:32:13;4.200;0.023;473.5;29.7;;;;;;;;;;;;;;;;;;
 ;01:32:14;4.200;0.023;473.5;29.7;;;;;;;;;;;;;;;;;;
 ;01:32:15;4.200;0.023;473.5;29.7;;;;;;;;;;;;;;;;;;
 ;01:32:16;4.200;0.023;473.6;29.7;;;;;;;;;;;;;;;;;;
 ;01:32:17;4.200;0.023;473.6;29.7;;;;;;;;;;;;;;;;;;
 ;01:32:18;4.200;0.023;473.6;29.7;;;;;;;;;;;;;;;;;;
 ;01:32:19;4.200;0.023;473.6;29.7;;;;;;;;;;;;;;;;;;
 ;01:32:20;4.200;0.023;473.6;29.7;;;;;;;;;;;;;;;;;;
 ;01:32:21;4.200;0.023;473.6;29.7;;;;;;;;;;;;;;;;;;
 ;01:32:22;4.200;0.023;473.6;29.7;;;;;;;;;;;;;;;;;;
 ;01:32:23;4.200;0.023;473.6;29.7;;;;;;;;;;;;;;;;;;
 ;01:32:24;4.200;0.023;473.6;29.7;;;;;;;;;;;;;;;;;;
 ;01:32:25;4.200;0.023;473.6;29.7;;;;;;;;;;;;;;;;;;
 ;01:32:26;4.200;0.023;473.6;29.7;;;;;;;;;;;;;;;;;;
 ;01:32:27;4.200;0.023;473.6;29.7;;;;;;;;;;;;;;;;;;
 ;01:32:28;4.200;0.023;473.6;29.7;;;;;;;;;;;;;;;;;;
 ;01:32:29;4.200;0.023;473.6;29.7;;;;;;;;;;;;;;;;;;
 ;01:32:30;4.200;0.023;473.6;29.7;;;;;;;;;;;;;;;;;;
 ;01:32:31;4.200;0.023;473.6;29.7;;;;;;;;;;;;;;;;;;
 ;01:32:32;4.200;0.023;473.7;29.7;;;;;;;;;;;;;;;;;;
 ;01:32:33;4.200;0.023;473.7;29.7;;;;;;;;;;;;;;;;;;
 ;01:32:34;4.200;0.023;473.7;29.7;;;;;;;;;;;;;;;;;;
 ;01:32:35;4.200;0.023;473.7;29.7;;;;;;;;;;;;;;;;;;
 ;01:32:36;4.200;0.023;473.7;29.7;;;;;;;;;;;;;;;;;;
 ;01:32:37;4.200;0.023;473.7;29.7;;;;;;;;;;;;;;;;;;
 ;01:32:38;4.200;0.023;473.7;29.7;;;;;;;;;;;;;;;;;;
 ;01:32:39;4.200;0.023;473.7;29.7;;;;;;;;;;;;;;;;;;
 ;01:32:40;4.200;0.023;473.7;29.7;;;;;;;;;;;;;;;;;;
 ;01:32:41;4.200;0.023;473.7;29.7;;;;;;;;;;;;;;;;;;
 ;01:32:42;4.200;0.023;473.7;29.7;;;;;;;;;;;;;;;;;;
 ;01:32:43;4.200;0.023;473.7;29.7;;;;;;;;;;;;;;;;;;
 ;01:32:44;4.200;0.023;473.7;29.7;;;;;;;;;;;;;;;;;;
 ;01:32:45;4.200;0.023;473.7;29.7;;;;;;;;;;;;;;;;;;
 ;01:32:46;4.200;0.023;473.7;29.7;;;;;;;;;;;;;;;;;;
 ;01:32:47;4.200;0.023;473.8;29.7;;;;;;;;;;;;;;;;;;
 ;01:32:48;4.200;0.023;473.8;29.7;;;;;;;;;;;;;;;;;;
 ;01:32:49;4.200;0.023;473.8;29.7;;;;;;;;;;;;;;;;;;
 ;01:32:50;4.200;0.023;473.8;29.7;;;;;;;;;;;;;;;;;;
 ;01:32:51;4.200;0.023;473.8;29.7;;;;;;;;;;;;;;;;;;
 ;01:32:52;4.200;0.023;473.8;29.7;;;;;;;;;;;;;;;;;;
 ;01:32:53;4.200;0.023;473.8;29.7;;;;;;;;;;;;;;;;;;
 ;01:32:54;4.200;0.023;473.8;29.7;;;;;;;;;;;;;;;;;;
 ;01:32:55;4.200;0.023;473.8;29.7;;;;;;;;;;;;;;;;;;
 ;01:32:56;4.200;0.023;473.8;29.7;;;;;;;;;;;;;;;;;;
 ;01:32:57;4.200;0.023;473.8;29.7;;;;;;;;;;;;;;;;;;
 ;01:32:58;4.200;0.023;473.8;29.7;;;;;;;;;;;;;;;;;;
 ;01:32:59;4.200;0.023;473.8;29.7;;;;;;;;;;;;;;;;;;
 ;01:33:00;4.200;0.023;473.8;29.7;;;;;;;;;;;;;;;;;;
 ;01:33:01;4.200;0.023;473.8;29.7;;;;;;;;;;;;;;;;;;
 ;01:33:02;4.200;0.023;473.8;29.7;;;;;;;;;;;;;;;;;;
 ;01:33:03;4.200;0.023;473.9;29.7;;;;;;;;;;;;;;;;;;
 ;01:33:04;4.200;0.023;473.9;29.7;;;;;;;;;;;;;;;;;;
 ;01:33:05;4.200;0.023;473.9;29.7;;;;;;;;;;;;;;;;;;
 ;01:33:06;4.200;0.023;473.9;29.7;;;;;;;;;;;;;;;;;;
 ;01:33:07;4.200;0.023;473.9;29.7;;;;;;;;;;;;;;;;;;
 ;01:33:08;4.200;0.023;473.9;29.7;;;;;;;;;;;;;;;;;;
 ;01:33:09;4.200;0.023;473.9;29.7;;;;;;;;;;;;;;;;;;
 ;01:33:10;4.200;0.023;473.9;29.7;;;;;;;;;;;;;;;;;;
 ;01:33:11;4.200;0.023;473.9;29.7;;;;;;;;;;;;;;;;;;
 ;01:33:12;4.200;0.023;473.9;29.7;;;;;;;;;;;;;;;;;;
 ;01:33:13;4.200;0.023;473.9;29.7;;;;;;;;;;;;;;;;;;
 ;01:33:14;4.200;0.023;473.9;29.7;;;;;;;;;;;;;;;;;;
 ;01:33:15;4.200;0.023;473.9;29.7;;;;;;;;;;;;;;;;;;
 ;01:33:16;4.200;0.023;473.9;29.7;;;;;;;;;;;;;;;;;;
 ;01:33:17;4.200;0.023;473.9;29.7;;;;;;;;;;;;;;;;;;
 ;01:33:18;4.200;0.023;473.9;29.7;;;;;;;;;;;;;;;;;;
 ;01:33:19;4.200;0.023;474.0;29.7;;;;;;;;;;;;;;;;;;
 ;01:33:20;4.200;0.023;474.0;29.7;;;;;;;;;;;;;;;;;;
 ;01:33:21;4.200;0.023;474.0;29.7;;;;;;;;;;;;;;;;;;
 ;01:33:22;4.200;0.023;474.0;29.7;;;;;;;;;;;;;;;;;;
 ;01:33:23;4.200;0.023;474.0;29.7;;;;;;;;;;;;;;;;;;
 ;01:33:24;4.200;0.023;474.0;29.7;;;;;;;;;;;;;;;;;;
 ;01:33:25;4.200;0.023;474.0;29.7;;;;;;;;;;;;;;;;;;
 ;01:33:26;4.200;0.023;474.0;29.7;;;;;;;;;;;;;;;;;;
 ;01:33:27;4.200;0.023;474.0;29.7;;;;;;;;;;;;;;;;;;
 ;01:33:28;4.200;0.023;474.0;29.7;;;;;;;;;;;;;;;;;;
 ;01:33:29;4.200;0.023;474.0;29.7;;;;;;;;;;;;;;;;;;
 ;01:33:30;4.200;0.023;474.0;29.7;;;;;;;;;;;;;;;;;;
 ;01:33:31;4.200;0.023;474.0;29.7;;;;;;;;;;;;;;;;;;
 ;01:33:32;4.200;0.023;474.0;29.7;;;;;;;;;;;;;;;;;;
 ;01:33:33;4.200;0.023;474.0;29.7;;;;;;;;;;;;;;;;;;
 ;01:33:34;4.200;0.023;474.1;29.7;;;;;;;;;;;;;;;;;;
 ;01:33:35;4.200;0.023;474.1;29.7;;;;;;;;;;;;;;;;;;
 ;01:33:36;4.200;0.023;474.1;29.7;;;;;;;;;;;;;;;;;;
 ;01:33:37;4.200;0.023;474.1;29.7;;;;;;;;;;;;;;;;;;
 ;01:33:38;4.200;0.023;474.1;29.7;;;;;;;;;;;;;;;;;;
 ;01:33:39;4.200;0.023;474.1;29.7;;;;;;;;;;;;;;;;;;
 ;01:33:40;4.200;0.023;474.1;29.7;;;;;;;;;;;;;;;;;;
 ;01:33:41;4.200;0.023;474.1;29.7;;;;;;;;;;;;;;;;;;
 ;01:33:42;4.200;0.023;474.1;29.7;;;;;;;;;;;;;;;;;;
 ;01:33:43;4.200;0.023;474.1;29.7;;;;;;;;;;;;;;;;;;
 ;01:33:44;4.200;0.023;474.1;29.7;;;;;;;;;;;;;;;;;;
 ;01:33:45;4.200;0.023;474.1;29.7;;;;;;;;;;;;;;;;;;
 ;01:33:46;4.200;0.023;474.1;29.7;;;;;;;;;;;;;;;;;;
 ;01:33:47;4.200;0.023;474.1;29.7;;;;;;;;;;;;;;;;;;
 ;01:33:48;4.200;0.023;474.1;29.7;;;;;;;;;;;;;;;;;;
 ;01:33:49;4.200;0.023;474.1;29.7;;;;;;;;;;;;;;;;;;
 ;01:33:50;4.200;0.023;474.2;29.7;;;;;;;;;;;;;;;;;;
 ;01:33:51;4.200;0.023;474.2;29.7;;;;;;;;;;;;;;;;;;
 ;01:33:52;4.200;0.023;474.2;29.7;;;;;;;;;;;;;;;;;;
 ;01:33:53;4.200;0.023;474.2;29.7;;;;;;;;;;;;;;;;;;
 ;01:33:54;4.200;0.023;474.2;29.7;;;;;;;;;;;;;;;;;;
 ;01:33:55;4.200;0.023;474.2;29.7;;;;;;;;;;;;;;;;;;
 ;01:33:56;4.200;0.023;474.2;29.7;;;;;;;;;;;;;;;;;;
 ;01:33:57;4.200;0.023;474.2;29.7;;;;;;;;;;;;;;;;;;
 ;01:33:58;4.200;0.023;474.2;29.7;;;;;;;;;;;;;;;;;;
 ;01:33:59;4.200;0.023;474.2;29.7;;;;;;;;;;;;;;;;;;
 ;01:34:00;4.200;0.023;474.2;29.7;;;;;;;;;;;;;;;;;;
 ;01:34:01;4.200;0.023;474.2;29.7;;;;;;;;;;;;;;;;;;
 ;01:34:02;4.200;0.023;474.2;29.7;;;;;;;;;;;;;;;;;;
 ;01:34:03;4.200;0.023;474.2;29.7;;;;;;;;;;;;;;;;;;
 ;01:34:04;4.200;0.023;474.2;29.7;;;;;;;;;;;;;;;;;;
 ;01:34:05;4.200;0.023;474.2;29.7;;;;;;;;;;;;;;;;;;
 ;01:34:06;4.200;0.023;474.3;29.7;;;;;;;;;;;;;;;;;;
 ;01:34:07;4.200;0.023;474.3;29.7;;;;;;;;;;;;;;;;;;
 ;01:34:08;4.200;0.023;474.3;29.7;;;;;;;;;;;;;;;;;;
 ;01:34:09;4.200;0.023;474.3;29.7;;;;;;;;;;;;;;;;;;
 ;01:34:10;4.200;0.022;474.3;29.7;;;;;;;;;;;;;;;;;;
 ;01:34:11;4.200;0.023;474.3;29.7;;;;;;;;;;;;;;;;;;
 ;01:34:12;4.200;0.023;474.3;29.7;;;;;;;;;;;;;;;;;;
 ;01:34:13;4.200;0.023;474.3;29.7;;;;;;;;;;;;;;;;;;
 ;01:34:14;4.200;0.023;474.3;29.7;;;;;;;;;;;;;;;;;;
 ;01:34:15;4.200;0.023;474.3;29.7;;;;;;;;;;;;;;;;;;
 ;01:34:16;4.200;0.023;474.3;29.7;;;;;;;;;;;;;;;;;;
 ;01:34:17;4.200;0.023;474.3;29.7;;;;;;;;;;;;;;;;;;
 ;01:34:18;4.200;0.022;474.3;29.7;;;;;;;;;;;;;;;;;;
 ;01:34:19;4.200;0.022;474.3;29.7;;;;;;;;;;;;;;;;;;
 ;01:34:20;4.200;0.023;474.3;29.7;;;;;;;;;;;;;;;;;;
 ;01:34:21;4.200;0.023;474.4;29.7;;;;;;;;;;;;;;;;;;
 ;01:34:22;4.200;0.023;474.4;29.7;;;;;;;;;;;;;;;;;;
 ;01:34:23;4.200;0.023;474.4;29.7;;;;;;;;;;;;;;;;;;
 ;01:34:24;4.200;0.023;474.4;29.7;;;;;;;;;;;;;;;;;;
 ;01:34:25;4.200;0.023;474.4;29.7;;;;;;;;;;;;;;;;;;
 ;01:34:26;4.200;0.023;474.4;29.7;;;;;;;;;;;;;;;;;;
 ;01:34:27;4.200;0.023;474.4;29.7;;;;;;;;;;;;;;;;;;
 ;01:34:28;4.200;0.023;474.4;29.7;;;;;;;;;;;;;;;;;;
 ;01:34:29;4.200;0.023;474.4;29.7;;;;;;;;;;;;;;;;;;
 ;01:34:30;4.200;0.023;474.4;29.7;;;;;;;;;;;;;;;;;;
 ;01:34:31;4.200;0.023;474.4;29.7;;;;;;;;;;;;;;;;;;
 ;01:34:32;4.200;0.023;474.4;29.7;;;;;;;;;;;;;;;;;;
 ;01:34:33;4.200;0.023;474.4;29.7;;;;;;;;;;;;;;;;;;
 ;01:34:34;4.200;0.023;474.4;29.7;;;;;;;;;;;;;;;;;;
 ;01:34:35;4.200;0.023;474.4;29.7;;;;;;;;;;;;;;;;;;
 ;01:34:36;4.200;0.023;474.4;29.7;;;;;;;;;;;;;;;;;;
 ;01:34:37;4.200;0.023;474.5;29.7;;;;;;;;;;;;;;;;;;
 ;01:34:38;4.200;0.023;474.5;29.7;;;;;;;;;;;;;;;;;;
 ;01:34:39;4.200;0.023;474.5;29.7;;;;;;;;;;;;;;;;;;
 ;01:34:40;4.200;0.023;474.5;29.7;;;;;;;;;;;;;;;;;;
 ;01:34:41;4.200;0.023;474.5;29.7;;;;;;;;;;;;;;;;;;
 ;01:34:42;4.200;0.023;474.5;29.7;;;;;;;;;;;;;;;;;;
 ;01:34:43;4.200;0.022;474.5;29.7;;;;;;;;;;;;;;;;;;
 ;01:34:44;4.200;0.022;474.5;29.7;;;;;;;;;;;;;;;;;;
 ;01:34:45;4.200;0.022;474.5;29.7;;;;;;;;;;;;;;;;;;
 ;01:34:46;4.200;0.022;474.5;29.7;;;;;;;;;;;;;;;;;;
 ;01:34:47;4.200;0.022;474.5;29.7;;;;;;;;;;;;;;;;;;
 ;01:34:48;4.200;0.022;474.5;29.7;;;;;;;;;;;;;;;;;;
 ;01:34:49;4.200;0.022;474.5;29.7;;;;;;;;;;;;;;;;;;
 ;01:34:50;4.200;0.022;474.5;29.7;;;;;;;;;;;;;;;;;;
 ;01:34:51;4.200;0.022;474.5;29.7;;;;;;;;;;;;;;;;;;
 ;01:34:52;4.200;0.022;474.5;29.7;;;;;;;;;;;;;;;;;;
 ;01:34:53;4.200;0.022;474.6;29.7;;;;;;;;;;;;;;;;;;
 ;01:34:54;4.200;0.022;474.6;29.7;;;;;;;;;;;;;;;;;;
 ;01:34:55;4.200;0.022;474.6;29.7;;;;;;;;;;;;;;;;;;
 ;01:34:56;4.200;0.022;474.6;29.7;;;;;;;;;;;;;;;;;;
 ;01:34:57;4.200;0.022;474.6;29.7;;;;;;;;;;;;;;;;;;
 ;01:34:58;4.200;0.022;474.6;29.7;;;;;;;;;;;;;;;;;;
 ;01:34:59;4.200;0.022;474.6;29.7;;;;;;;;;;;;;;;;;;
 ;01:35:00;4.200;0.022;474.6;29.7;;;;;;;;;;;;;;;;;;
 ;01:35:01;4.200;0.022;474.6;29.7;;;;;;;;;;;;;;;;;;
 ;01:35:02;4.200;0.022;474.6;29.7;;;;;;;;;;;;;;;;;;
 ;01:35:03;4.200;0.022;474.6;29.7;;;;;;;;;;;;;;;;;;
 ;01:35:04;4.200;0.022;474.6;29.7;;;;;;;;;;;;;;;;;;
 ;01:35:05;4.200;0.022;474.6;29.7;;;;;;;;;;;;;;;;;;
 ;01:35:06;4.200;0.022;474.6;29.7;;;;;;;;;;;;;;;;;;
 ;01:35:07;4.200;0.022;474.6;29.7;;;;;;;;;;;;;;;;;;
 ;01:35:08;4.200;0.022;474.6;29.7;;;;;;;;;;;;;;;;;;
 ;01:35:09;4.200;0.022;474.7;29.7;;;;;;;;;;;;;;;;;;
 ;01:35:10;4.200;0.022;474.7;29.7;;;;;;;;;;;;;;;;;;
 ;01:35:11;4.200;0.022;474.7;29.7;;;;;;;;;;;;;;;;;;
 ;01:35:12;4.200;0.022;474.7;29.7;;;;;;;;;;;;;;;;;;
 ;01:35:13;4.200;0.022;474.7;29.7;;;;;;;;;;;;;;;;;;
 ;01:35:14;4.200;0.022;474.7;29.7;;;;;;;;;;;;;;;;;;
 ;01:35:15;4.200;0.022;474.7;29.7;;;;;;;;;;;;;;;;;;
 ;01:35:16;4.200;0.022;474.7;29.7;;;;;;;;;;;;;;;;;;
 ;01:35:17;4.200;0.022;474.7;29.7;;;;;;;;;;;;;;;;;;
 ;01:35:18;4.200;0.022;474.7;29.7;;;;;;;;;;;;;;;;;;
 ;01:35:19;4.200;0.022;474.7;29.7;;;;;;;;;;;;;;;;;;
 ;01:35:20;4.200;0.022;474.7;29.7;;;;;;;;;;;;;;;;;;
 ;01:35:21;4.200;0.022;474.7;29.7;;;;;;;;;;;;;;;;;;
 ;01:35:22;4.200;0.022;474.7;29.7;;;;;;;;;;;;;;;;;;
 ;01:35:23;4.200;0.022;474.7;29.7;;;;;;;;;;;;;;;;;;
 ;01:35:24;4.200;0.022;474.7;29.7;;;;;;;;;;;;;;;;;;
 ;01:35:25;4.200;0.022;474.7;29.7;;;;;;;;;;;;;;;;;;
 ;01:35:26;4.200;0.022;474.8;29.7;;;;;;;;;;;;;;;;;;
 ;01:35:27;4.200;0.022;474.8;29.7;;;;;;;;;;;;;;;;;;
 ;01:35:28;4.200;0.022;474.8;29.7;;;;;;;;;;;;;;;;;;
 ;01:35:29;4.200;0.022;474.8;29.7;;;;;;;;;;;;;;;;;;
 ;01:35:30;4.200;0.022;474.8;29.7;;;;;;;;;;;;;;;;;;
 ;01:35:31;4.200;0.022;474.8;29.7;;;;;;;;;;;;;;;;;;
 ;01:35:32;4.200;0.022;474.8;29.7;;;;;;;;;;;;;;;;;;
 ;01:35:33;4.200;0.022;474.8;29.7;;;;;;;;;;;;;;;;;;
 ;01:35:34;4.200;0.022;474.8;29.7;;;;;;;;;;;;;;;;;;
 ;01:35:35;4.200;0.022;474.8;29.7;;;;;;;;;;;;;;;;;;
 ;01:35:36;4.200;0.022;474.8;29.7;;;;;;;;;;;;;;;;;;
 ;01:35:37;4.200;0.022;474.8;29.7;;;;;;;;;;;;;;;;;;
 ;01:35:38;4.200;0.022;474.8;29.7;;;;;;;;;;;;;;;;;;
 ;01:35:39;4.200;0.022;474.8;29.7;;;;;;;;;;;;;;;;;;
 ;01:35:40;4.200;0.022;474.8;29.7;;;;;;;;;;;;;;;;;;
 ;01:35:41;4.200;0.022;474.8;29.7;;;;;;;;;;;;;;;;;;
 ;01:35:42;4.200;0.022;474.9;29.7;;;;;;;;;;;;;;;;;;
 ;01:35:43;4.200;0.022;474.9;29.7;;;;;;;;;;;;;;;;;;
 ;01:35:44;4.200;0.022;474.9;29.7;;;;;;;;;;;;;;;;;;
 ;01:35:45;4.200;0.022;474.9;29.7;;;;;;;;;;;;;;;;;;
 ;01:35:46;4.200;0.022;474.9;29.7;;;;;;;;;;;;;;;;;;
 ;01:35:47;4.200;0.022;474.9;29.7;;;;;;;;;;;;;;;;;;
 ;01:35:48;4.200;0.022;474.9;29.7;;;;;;;;;;;;;;;;;;
 ;01:35:49;4.200;0.022;474.9;29.7;;;;;;;;;;;;;;;;;;
 ;01:35:50;4.200;0.022;474.9;29.7;;;;;;;;;;;;;;;;;;
 ;01:35:51;4.200;0.022;474.9;29.7;;;;;;;;;;;;;;;;;;
 ;01:35:52;4.200;0.022;474.9;29.7;;;;;;;;;;;;;;;;;;
 ;01:35:53;4.200;0.022;474.9;29.7;;;;;;;;;;;;;;;;;;
 ;01:35:54;4.200;0.022;474.9;29.7;;;;;;;;;;;;;;;;;;
 ;01:35:55;4.200;0.022;474.9;29.7;;;;;;;;;;;;;;;;;;
 ;01:35:56;4.200;0.022;474.9;29.7;;;;;;;;;;;;;;;;;;
 ;01:35:57;4.200;0.022;474.9;29.7;;;;;;;;;;;;;;;;;;
 ;01:35:58;4.200;0.022;474.9;29.7;;;;;;;;;;;;;;;;;;
 ;01:35:59;4.200;0.022;475.0;29.7;;;;;;;;;;;;;;;;;;
 ;01:36:00;4.200;0.022;475.0;29.7;;;;;;;;;;;;;;;;;;
 ;01:36:01;4.200;0.022;475.0;29.7;;;;;;;;;;;;;;;;;;
 ;01:36:02;4.200;0.022;475.0;29.7;;;;;;;;;;;;;;;;;;
 ;01:36:03;4.200;0.022;475.0;29.7;;;;;;;;;;;;;;;;;;
 ;01:36:04;4.200;0.022;475.0;29.7;;;;;;;;;;;;;;;;;;
 ;01:36:05;4.200;0.022;475.0;29.7;;;;;;;;;;;;;;;;;;
 ;01:36:06;4.200;0.022;475.0;29.7;;;;;;;;;;;;;;;;;;
 ;01:36:07;4.200;0.022;475.0;29.7;;;;;;;;;;;;;;;;;;
 ;01:36:08;4.200;0.022;475.0;29.7;;;;;;;;;;;;;;;;;;
 ;01:36:09;4.200;0.022;475.0;29.7;;;;;;;;;;;;;;;;;;
 ;01:36:10;4.200;0.022;475.0;29.7;;;;;;;;;;;;;;;;;;
 ;01:36:11;4.200;0.022;475.0;29.7;;;;;;;;;;;;;;;;;;
 ;01:36:12;4.200;0.022;475.0;29.7;;;;;;;;;;;;;;;;;;
 ;01:36:13;4.200;0.022;475.0;29.7;;;;;;;;;;;;;;;;;;
 ;01:36:14;4.200;0.022;475.0;29.7;;;;;;;;;;;;;;;;;;
 ;01:36:15;4.200;0.022;475.1;29.7;;;;;;;;;;;;;;;;;;
 ;01:36:16;4.200;0.022;475.1;29.7;;;;;;;;;;;;;;;;;;
 ;01:36:17;4.200;0.022;475.1;29.7;;;;;;;;;;;;;;;;;;
 ;01:36:18;4.200;0.022;475.1;29.7;;;;;;;;;;;;;;;;;;
 ;01:36:19;4.200;0.022;475.1;29.7;;;;;;;;;;;;;;;;;;
 ;01:36:20;4.200;0.022;475.1;29.7;;;;;;;;;;;;;;;;;;
 ;01:36:21;4.200;0.022;475.1;29.7;;;;;;;;;;;;;;;;;;
 ;01:36:22;4.200;0.022;475.1;29.7;;;;;;;;;;;;;;;;;;
 ;01:36:23;4.200;0.022;475.1;29.7;;;;;;;;;;;;;;;;;;
 ;01:36:24;4.200;0.022;475.1;29.7;;;;;;;;;;;;;;;;;;
 ;01:36:25;4.200;0.022;475.1;29.7;;;;;;;;;;;;;;;;;;
 ;01:36:26;4.200;0.022;475.1;29.7;;;;;;;;;;;;;;;;;;
 ;01:36:27;4.200;0.022;475.1;29.7;;;;;;;;;;;;;;;;;;
 ;01:36:28;4.200;0.022;475.1;29.7;;;;;;;;;;;;;;;;;;
 ;01:36:29;4.200;0.022;475.1;29.7;;;;;;;;;;;;;;;;;;
 ;01:36:30;4.200;0.022;475.1;29.7;;;;;;;;;;;;;;;;;;
 ;01:36:31;4.200;0.022;475.2;29.7;;;;;;;;;;;;;;;;;;
 ;01:36:32;4.200;0.022;475.2;29.7;;;;;;;;;;;;;;;;;;
 ;01:36:33;4.200;0.022;475.2;29.7;;;;;;;;;;;;;;;;;;
 ;01:36:34;4.200;0.022;475.2;29.7;;;;;;;;;;;;;;;;;;
 ;01:36:35;4.200;0.022;475.2;29.7;;;;;;;;;;;;;;;;;;
 ;01:36:36;4.200;0.022;475.2;29.7;;;;;;;;;;;;;;;;;;
 ;01:36:37;4.200;0.022;475.2;29.7;;;;;;;;;;;;;;;;;;
 ;01:36:38;4.200;0.022;475.2;29.7;;;;;;;;;;;;;;;;;;
 ;01:36:39;4.200;0.022;475.2;29.7;;;;;;;;;;;;;;;;;;
 ;01:36:40;4.200;0.022;475.2;29.7;;;;;;;;;;;;;;;;;;
 ;01:36:41;4.200;0.022;475.2;29.7;;;;;;;;;;;;;;;;;;
 ;01:36:42;4.200;0.022;475.2;29.7;;;;;;;;;;;;;;;;;;
 ;01:36:43;4.200;0.022;475.2;29.7;;;;;;;;;;;;;;;;;;
 ;01:36:44;4.200;0.022;475.2;29.7;;;;;;;;;;;;;;;;;;
 ;01:36:45;4.200;0.022;475.2;29.7;;;;;;;;;;;;;;;;;;
 ;01:36:46;4.200;0.022;475.2;29.7;;;;;;;;;;;;;;;;;;
 ;01:36:47;4.200;0.022;475.2;29.7;;;;;;;;;;;;;;;;;;
 ;01:36:48;4.200;0.022;475.3;29.7;;;;;;;;;;;;;;;;;;
 ;01:36:49;4.200;0.022;475.3;29.7;;;;;;;;;;;;;;;;;;
 ;01:36:50;4.200;0.022;475.3;29.7;;;;;;;;;;;;;;;;;;
 ;01:36:51;4.200;0.022;475.3;29.7;;;;;;;;;;;;;;;;;;
 ;01:36:52;4.200;0.022;475.3;29.7;;;;;;;;;;;;;;;;;;
 ;01:36:53;4.200;0.022;475.3;29.7;;;;;;;;;;;;;;;;;;
 ;01:36:54;4.200;0.022;475.3;29.7;;;;;;;;;;;;;;;;;;
 ;01:36:55;4.200;0.022;475.3;29.7;;;;;;;;;;;;;;;;;;
 ;01:36:56;4.200;0.022;475.3;29.7;;;;;;;;;;;;;;;;;;
 ;01:36:57;4.200;0.022;475.3;29.7;;;;;;;;;;;;;;;;;;
 ;01:36:58;4.200;0.022;475.3;29.7;;;;;;;;;;;;;;;;;;
 ;01:36:59;4.200;0.022;475.3;29.7;;;;;;;;;;;;;;;;;;
 ;01:37:00;4.200;0.022;475.3;29.7;;;;;;;;;;;;;;;;;;
 ;01:37:01;4.200;0.022;475.3;29.7;;;;;;;;;;;;;;;;;;
 ;01:37:02;4.200;0.021;475.3;29.7;;;;;;;;;;;;;;;;;;
 ;01:37:03;4.200;0.021;475.3;29.7;;;;;;;;;;;;;;;;;;
 ;01:37:04;4.200;0.021;475.4;29.7;;;;;;;;;;;;;;;;;;
 ;01:37:05;4.200;0.022;475.4;29.7;;;;;;;;;;;;;;;;;;
 ;01:37:06;4.200;0.022;475.4;29.7;;;;;;;;;;;;;;;;;;
 ;01:37:07;4.200;0.021;475.4;29.7;;;;;;;;;;;;;;;;;;
 ;01:37:08;4.200;0.021;475.4;29.7;;;;;;;;;;;;;;;;;;
 ;01:37:09;4.200;0.021;475.4;29.7;;;;;;;;;;;;;;;;;;
 ;01:37:10;4.200;0.021;475.4;29.7;;;;;;;;;;;;;;;;;;
 ;01:37:11;4.200;0.021;475.4;29.7;;;;;;;;;;;;;;;;;;
 ;01:37:12;4.200;0.021;475.4;29.7;;;;;;;;;;;;;;;;;;
 ;01:37:13;4.200;0.021;475.4;29.7;;;;;;;;;;;;;;;;;;
 ;01:37:14;4.200;0.021;475.4;29.7;;;;;;;;;;;;;;;;;;
 ;01:37:15;4.200;0.021;475.4;29.7;;;;;;;;;;;;;;;;;;
 ;01:37:16;4.200;0.021;475.4;29.7;;;;;;;;;;;;;;;;;;
 ;01:37:17;4.200;0.021;475.4;29.7;;;;;;;;;;;;;;;;;;
 ;01:37:18;4.200;0.021;475.4;29.7;;;;;;;;;;;;;;;;;;
 ;01:37:19;4.200;0.021;475.4;29.7;;;;;;;;;;;;;;;;;;
 ;01:37:20;4.200;0.021;475.5;29.7;;;;;;;;;;;;;;;;;;
 ;01:37:21;4.200;0.022;475.5;29.7;;;;;;;;;;;;;;;;;;
 ;01:37:22;4.200;0.021;475.5;29.7;;;;;;;;;;;;;;;;;;
 ;01:37:23;4.200;0.021;475.5;29.7;;;;;;;;;;;;;;;;;;
 ;01:37:24;4.200;0.021;475.5;29.7;;;;;;;;;;;;;;;;;;
 ;01:37:25;4.200;0.021;475.5;29.7;;;;;;;;;;;;;;;;;;
 ;01:37:26;4.200;0.022;475.5;29.7;;;;;;;;;;;;;;;;;;
 ;01:37:27;4.200;0.021;475.5;29.7;;;;;;;;;;;;;;;;;;
 ;01:37:28;4.200;0.021;475.5;29.7;;;;;;;;;;;;;;;;;;
 ;01:37:29;4.200;0.021;475.5;29.7;;;;;;;;;;;;;;;;;;
 ;01:37:30;4.200;0.021;475.5;29.7;;;;;;;;;;;;;;;;;;
 ;01:37:31;4.200;0.021;475.5;29.7;;;;;;;;;;;;;;;;;;
 ;01:37:32;4.200;0.021;475.5;29.7;;;;;;;;;;;;;;;;;;
 ;01:37:33;4.200;0.021;475.5;29.7;;;;;;;;;;;;;;;;;;
 ;01:37:34;4.200;0.021;475.5;29.7;;;;;;;;;;;;;;;;;;
 ;01:37:35;4.200;0.021;475.5;29.7;;;;;;;;;;;;;;;;;;
 ;01:37:36;4.200;0.021;475.5;29.7;;;;;;;;;;;;;;;;;;
 ;01:37:37;4.200;0.021;475.6;29.7;;;;;;;;;;;;;;;;;;
 ;01:37:38;4.200;0.021;475.6;29.7;;;;;;;;;;;;;;;;;;
 ;01:37:39;4.200;0.021;475.6;29.7;;;;;;;;;;;;;;;;;;
 ;01:37:40;4.200;0.021;475.6;29.7;;;;;;;;;;;;;;;;;;
 ;01:37:41;4.200;0.021;475.6;29.7;;;;;;;;;;;;;;;;;;
 ;01:37:42;4.200;0.021;475.6;29.7;;;;;;;;;;;;;;;;;;
 ;01:37:43;4.200;0.021;475.6;29.7;;;;;;;;;;;;;;;;;;
 ;01:37:44;4.200;0.021;475.6;29.7;;;;;;;;;;;;;;;;;;
 ;01:37:45;4.200;0.021;475.6;29.7;;;;;;;;;;;;;;;;;;
 ;01:37:46;4.200;0.021;475.6;29.7;;;;;;;;;;;;;;;;;;
 ;01:37:47;4.200;0.021;475.6;29.7;;;;;;;;;;;;;;;;;;
 ;01:37:48;4.200;0.021;475.6;29.6;;;;;;;;;;;;;;;;;;
 ;01:37:49;4.200;0.021;475.6;29.7;;;;;;;;;;;;;;;;;;
 ;01:37:50;4.200;0.021;475.6;29.7;;;;;;;;;;;;;;;;;;
 ;01:37:51;4.200;0.021;475.6;29.6;;;;;;;;;;;;;;;;;;
 ;01:37:52;4.200;0.021;475.6;29.6;;;;;;;;;;;;;;;;;;
 ;01:37:53;4.200;0.021;475.7;29.6;;;;;;;;;;;;;;;;;;
 ;01:37:54;4.200;0.021;475.7;29.6;;;;;;;;;;;;;;;;;;
 ;01:37:55;4.200;0.021;475.7;29.6;;;;;;;;;;;;;;;;;;
 ;01:37:56;4.200;0.021;475.7;29.6;;;;;;;;;;;;;;;;;;
 ;01:37:57;4.200;0.021;475.7;29.7;;;;;;;;;;;;;;;;;;
 ;01:37:58;4.200;0.021;475.7;29.6;;;;;;;;;;;;;;;;;;
 ;01:37:59;4.200;0.021;475.7;29.6;;;;;;;;;;;;;;;;;;
 ;01:38:00;4.200;0.021;475.7;29.6;;;;;;;;;;;;;;;;;;
 ;01:38:01;4.200;0.021;475.7;29.6;;;;;;;;;;;;;;;;;;
 ;01:38:02;4.200;0.021;475.7;29.6;;;;;;;;;;;;;;;;;;
 ;01:38:03;4.200;0.021;475.7;29.6;;;;;;;;;;;;;;;;;;
 ;01:38:04;4.200;0.021;475.7;29.6;;;;;;;;;;;;;;;;;;
 ;01:38:05;4.200;0.021;475.7;29.6;;;;;;;;;;;;;;;;;;
 ;01:38:06;4.200;0.021;475.7;29.6;;;;;;;;;;;;;;;;;;
 ;01:38:07;4.200;0.021;475.7;29.6;;;;;;;;;;;;;;;;;;
 ;01:38:08;4.200;0.021;475.7;29.6;;;;;;;;;;;;;;;;;;
 ;01:38:09;4.200;0.021;475.7;29.6;;;;;;;;;;;;;;;;;;
 ;01:38:10;4.200;0.021;475.8;29.6;;;;;;;;;;;;;;;;;;
 ;01:38:11;4.200;0.021;475.8;29.6;;;;;;;;;;;;;;;;;;
 ;01:38:12;4.200;0.021;475.8;29.6;;;;;;;;;;;;;;;;;;
 ;01:38:13;4.200;0.021;475.8;29.6;;;;;;;;;;;;;;;;;;
 ;01:38:14;4.200;0.021;475.8;29.6;;;;;;;;;;;;;;;;;;
 ;01:38:15;4.200;0.021;475.8;29.6;;;;;;;;;;;;;;;;;;
 ;01:38:16;4.200;0.021;475.8;29.6;;;;;;;;;;;;;;;;;;
 ;01:38:17;4.200;0.021;475.8;29.6;;;;;;;;;;;;;;;;;;
 ;01:38:18;4.200;0.021;475.8;29.6;;;;;;;;;;;;;;;;;;
 ;01:38:19;4.200;0.021;475.8;29.6;;;;;;;;;;;;;;;;;;
 ;01:38:20;4.200;0.021;475.8;29.6;;;;;;;;;;;;;;;;;;
 ;01:38:21;4.200;0.021;475.8;29.6;;;;;;;;;;;;;;;;;;
 ;01:38:22;4.200;0.021;475.8;29.6;;;;;;;;;;;;;;;;;;
 ;01:38:23;4.200;0.021;475.8;29.6;;;;;;;;;;;;;;;;;;
 ;01:38:24;4.200;0.021;475.8;29.6;;;;;;;;;;;;;;;;;;
 ;01:38:25;4.200;0.021;475.8;29.6;;;;;;;;;;;;;;;;;;
 ;01:38:26;4.200;0.021;475.8;29.6;;;;;;;;;;;;;;;;;;
 ;01:38:27;4.200;0.021;475.9;29.6;;;;;;;;;;;;;;;;;;
 ;01:38:28;4.200;0.021;475.9;29.6;;;;;;;;;;;;;;;;;;
 ;01:38:29;4.200;0.021;475.9;29.6;;;;;;;;;;;;;;;;;;
 ;01:38:30;4.200;0.021;475.9;29.6;;;;;;;;;;;;;;;;;;
 ;01:38:31;4.200;0.021;475.9;29.6;;;;;;;;;;;;;;;;;;
 ;01:38:32;4.200;0.021;475.9;29.6;;;;;;;;;;;;;;;;;;
 ;01:38:33;4.200;0.021;475.9;29.6;;;;;;;;;;;;;;;;;;
 ;01:38:34;4.200;0.021;475.9;29.6;;;;;;;;;;;;;;;;;;
 ;01:38:35;4.200;0.021;475.9;29.6;;;;;;;;;;;;;;;;;;
 ;01:38:36;4.200;0.021;475.9;29.6;;;;;;;;;;;;;;;;;;
 ;01:38:37;4.200;0.021;475.9;29.6;;;;;;;;;;;;;;;;;;
 ;01:38:38;4.200;0.021;475.9;29.6;;;;;;;;;;;;;;;;;;
 ;01:38:39;4.200;0.021;475.9;29.6;;;;;;;;;;;;;;;;;;
 ;01:38:40;4.200;0.021;475.9;29.6;;;;;;;;;;;;;;;;;;
 ;01:38:41;4.200;0.021;475.9;29.6;;;;;;;;;;;;;;;;;;
 ;01:38:42;4.200;0.021;475.9;29.6;;;;;;;;;;;;;;;;;;
 ;01:38:43;4.200;0.021;475.9;29.6;;;;;;;;;;;;;;;;;;
 ;01:38:44;4.200;0.021;476.0;29.6;;;;;;;;;;;;;;;;;;
 ;01:38:45;4.200;0.021;476.0;29.6;;;;;;;;;;;;;;;;;;
 ;01:38:46;4.200;0.021;476.0;29.6;;;;;;;;;;;;;;;;;;
 ;01:38:47;4.200;0.021;476.0;29.6;;;;;;;;;;;;;;;;;;
 ;01:38:48;4.200;0.021;476.0;29.6;;;;;;;;;;;;;;;;;;
 ;01:38:49;4.200;0.021;476.0;29.6;;;;;;;;;;;;;;;;;;
 ;01:38:50;4.200;0.021;476.0;29.6;;;;;;;;;;;;;;;;;;
 ;01:38:51;4.200;0.021;476.0;29.6;;;;;;;;;;;;;;;;;;
 ;01:38:52;4.200;0.021;476.0;29.6;;;;;;;;;;;;;;;;;;
 ;01:38:53;4.200;0.021;476.0;29.6;;;;;;;;;;;;;;;;;;
 ;01:38:54;4.200;0.021;476.0;29.6;;;;;;;;;;;;;;;;;;
 ;01:38:55;4.200;0.021;476.0;29.6;;;;;;;;;;;;;;;;;;
 ;01:38:56;4.200;0.021;476.0;29.6;;;;;;;;;;;;;;;;;;
 ;01:38:57;4.200;0.021;476.0;29.6;;;;;;;;;;;;;;;;;;
 ;01:38:58;4.200;0.021;476.0;29.6;;;;;;;;;;;;;;;;;;
 ;01:38:59;4.200;0.021;476.0;29.6;;;;;;;;;;;;;;;;;;
 ;01:39:00;4.200;0.021;476.0;29.6;;;;;;;;;;;;;;;;;;
 ;01:39:01;4.200;0.021;476.1;29.6;;;;;;;;;;;;;;;;;;
 ;01:39:02;4.200;0.021;476.1;29.6;;;;;;;;;;;;;;;;;;
 ;01:39:03;4.200;0.021;476.1;29.6;;;;;;;;;;;;;;;;;;
 ;01:39:04;4.200;0.021;476.1;29.6;;;;;;;;;;;;;;;;;;
 ;01:39:05;4.200;0.021;476.1;29.6;;;;;;;;;;;;;;;;;;
 ;01:39:06;4.200;0.021;476.1;29.6;;;;;;;;;;;;;;;;;;
 ;01:39:07;4.200;0.021;476.1;29.6;;;;;;;;;;;;;;;;;;
 ;01:39:08;4.200;0.021;476.1;29.6;;;;;;;;;;;;;;;;;;
 ;01:39:09;4.200;0.021;476.1;29.6;;;;;;;;;;;;;;;;;;
 ;01:39:10;4.200;0.021;476.1;29.6;;;;;;;;;;;;;;;;;;
 ;01:39:11;4.200;0.021;476.1;29.6;;;;;;;;;;;;;;;;;;
 ;01:39:12;4.200;0.021;476.1;29.6;;;;;;;;;;;;;;;;;;
 ;01:39:13;4.200;0.021;476.1;29.6;;;;;;;;;;;;;;;;;;
 ;01:39:14;4.200;0.021;476.1;29.6;;;;;;;;;;;;;;;;;;
 ;01:39:15;4.200;0.021;476.1;29.6;;;;;;;;;;;;;;;;;;
 ;01:39:16;4.200;0.021;476.1;29.6;;;;;;;;;;;;;;;;;;
 ;01:39:17;4.200;0.021;476.1;29.6;;;;;;;;;;;;;;;;;;
 ;01:39:18;4.200;0.021;476.2;29.6;;;;;;;;;;;;;;;;;;
 ;01:39:19;4.200;0.021;476.2;29.6;;;;;;;;;;;;;;;;;;
 ;01:39:20;4.200;0.021;476.2;29.6;;;;;;;;;;;;;;;;;;
 ;01:39:21;4.200;0.021;476.2;29.6;;;;;;;;;;;;;;;;;;
 ;01:39:22;4.200;0.021;476.2;29.6;;;;;;;;;;;;;;;;;;
 ;01:39:23;4.200;0.021;476.2;29.6;;;;;;;;;;;;;;;;;;
 ;01:39:24;4.200;0.021;476.2;29.6;;;;;;;;;;;;;;;;;;
 ;01:39:25;4.200;0.021;476.2;29.6;;;;;;;;;;;;;;;;;;
 ;01:39:26;4.200;0.021;476.2;29.6;;;;;;;;;;;;;;;;;;
 ;01:39:27;4.200;0.021;476.2;29.6;;;;;;;;;;;;;;;;;;
 ;01:39:28;4.200;0.021;476.2;29.6;;;;;;;;;;;;;;;;;;
 ;01:39:29;4.200;0.021;476.2;29.6;;;;;;;;;;;;;;;;;;
 ;01:39:30;4.200;0.021;476.2;29.6;;;;;;;;;;;;;;;;;;
 ;01:39:31;4.200;0.021;476.2;29.6;;;;;;;;;;;;;;;;;;
 ;01:39:32;4.200;0.021;476.2;29.6;;;;;;;;;;;;;;;;;;
 ;01:39:33;4.200;0.021;476.2;29.6;;;;;;;;;;;;;;;;;;
 ;01:39:34;4.200;0.021;476.2;29.6;;;;;;;;;;;;;;;;;;
 ;01:39:35;4.200;0.021;476.2;29.6;;;;;;;;;;;;;;;;;;
 ;01:39:36;4.200;0.021;476.3;29.6;;;;;;;;;;;;;;;;;;
 ;01:39:37;4.200;0.021;476.3;29.6;;;;;;;;;;;;;;;;;;
 ;01:39:38;4.200;0.021;476.3;29.6;;;;;;;;;;;;;;;;;;
 ;01:39:39;4.200;0.021;476.3;29.6;;;;;;;;;;;;;;;;;;
 ;01:39:40;4.200;0.021;476.3;29.6;;;;;;;;;;;;;;;;;;
 ;01:39:41;4.200;0.021;476.3;29.6;;;;;;;;;;;;;;;;;;
 ;01:39:42;4.200;0.021;476.3;29.6;;;;;;;;;;;;;;;;;;
 ;01:39:43;4.200;0.021;476.3;29.6;;;;;;;;;;;;;;;;;;
 ;01:39:44;4.200;0.021;476.3;29.6;;;;;;;;;;;;;;;;;;
 ;01:39:45;4.200;0.021;476.3;29.6;;;;;;;;;;;;;;;;;;
 ;01:39:46;4.200;0.021;476.3;29.6;;;;;;;;;;;;;;;;;;
 ;01:39:47;4.200;0.021;476.3;29.6;;;;;;;;;;;;;;;;;;
 ;01:39:48;4.200;0.021;476.3;29.6;;;;;;;;;;;;;;;;;;
 ;01:39:49;4.200;0.021;476.3;29.6;;;;;;;;;;;;;;;;;;
 ;01:39:50;4.200;0.021;476.3;29.6;;;;;;;;;;;;;;;;;;
 ;01:39:51;4.200;0.021;476.3;29.6;;;;;;;;;;;;;;;;;;
 ;01:39:52;4.200;0.021;476.3;29.6;;;;;;;;;;;;;;;;;;
 ;01:39:53;4.200;0.021;476.4;29.6;;;;;;;;;;;;;;;;;;
 ;01:39:54;4.200;0.021;476.4;29.6;;;;;;;;;;;;;;;;;;
 ;01:39:55;4.200;0.021;476.4;29.6;;;;;;;;;;;;;;;;;;
 ;01:39:56;4.200;0.021;476.4;29.6;;;;;;;;;;;;;;;;;;
 ;01:39:57;4.200;0.021;476.4;29.6;;;;;;;;;;;;;;;;;;
 ;01:39:58;4.200;0.021;476.4;29.6;;;;;;;;;;;;;;;;;;
 ;01:39:59;4.200;0.021;476.4;29.6;;;;;;;;;;;;;;;;;;
 ;01:40:00;4.200;0.021;476.4;29.6;;;;;;;;;;;;;;;;;;
 ;01:40:01;4.200;0.021;476.4;29.6;;;;;;;;;;;;;;;;;;
 ;01:40:02;4.200;0.021;476.4;29.6;;;;;;;;;;;;;;;;;;
 ;01:40:03;4.200;0.021;476.4;29.6;;;;;;;;;;;;;;;;;;
 ;01:40:04;4.200;0.021;476.4;29.6;;;;;;;;;;;;;;;;;;
 ;01:40:05;4.200;0.021;476.4;29.6;;;;;;;;;;;;;;;;;;
 ;01:40:06;4.200;0.021;476.4;29.6;;;;;;;;;;;;;;;;;;
 ;01:40:07;4.200;0.021;476.4;29.6;;;;;;;;;;;;;;;;;;
 ;01:40:08;4.200;0.021;476.4;29.6;;;;;;;;;;;;;;;;;;
 ;01:40:09;4.200;0.021;476.4;29.6;;;;;;;;;;;;;;;;;;
 ;01:40:10;4.200;0.021;476.5;29.6;;;;;;;;;;;;;;;;;;
 ;01:40:11;4.200;0.021;476.5;29.6;;;;;;;;;;;;;;;;;;
 ;01:40:12;4.200;0.021;476.5;29.6;;;;;;;;;;;;;;;;;;
 ;01:40:13;4.200;0.021;476.5;29.6;;;;;;;;;;;;;;;;;;
 ;01:40:14;4.200;0.021;476.5;29.6;;;;;;;;;;;;;;;;;;
 ;01:40:15;4.200;0.021;476.5;29.6;;;;;;;;;;;;;;;;;;
 ;01:40:16;4.200;0.021;476.5;29.6;;;;;;;;;;;;;;;;;;
 ;01:40:17;4.200;0.021;476.5;29.6;;;;;;;;;;;;;;;;;;
 ;01:40:18;4.200;0.021;476.5;29.6;;;;;;;;;;;;;;;;;;
 ;01:40:19;4.200;0.021;476.5;29.6;;;;;;;;;;;;;;;;;;
 ;01:40:20;4.200;0.020;476.5;29.6;;;;;;;;;;;;;;;;;;
 ;01:40:21;4.200;0.019;476.5;29.6;;;;;;;;;;;;;;;;;;
 ;01:40:22;4.200;0.019;476.5;29.6;;;;;;;;;;;;;;;;;;
 ;01:40:23;4.200;0.019;476.5;29.6;;;;;;;;;;;;;;;;;;
 ;01:40:24;4.200;0.019;476.5;29.6;;;;;;;;;;;;;;;;;;
 ;01:40:25;4.200;0.019;476.5;29.6;;;;;;;;;;;;;;;;;;
 ;01:40:26;4.200;0.019;476.5;29.6;;;;;;;;;;;;;;;;;;
 ;01:40:27;4.200;0.019;476.5;29.6;;;;;;;;;;;;;;;;;;
 ;01:40:28;4.200;0.019;476.6;29.6;;;;;;;;;;;;;;;;;;
 ;01:40:29;4.200;0.019;476.6;29.6;;;;;;;;;;;;;;;;;;
 ;01:40:30;4.200;0.019;476.6;29.6;;;;;;;;;;;;;;;;;;
 ;01:40:31;4.200;0.019;476.6;29.6;;;;;;;;;;;;;;;;;;
 ;01:40:32;4.200;0.019;476.6;29.6;;;;;;;;;;;;;;;;;;
 ;01:40:33;4.200;0.019;476.6;29.6;;;;;;;;;;;;;;;;;;
 ;01:40:34;4.200;0.019;476.6;29.6;;;;;;;;;;;;;;;;;;
 ;01:40:35;4.200;0.019;476.6;29.6;;;;;;;;;;;;;;;;;;
 ;01:40:36;4.200;0.019;476.6;29.6;;;;;;;;;;;;;;;;;;
 ;01:40:37;4.200;0.019;476.6;29.6;;;;;;;;;;;;;;;;;;
 ;01:40:38;4.200;0.019;476.6;29.6;;;;;;;;;;;;;;;;;;
 ;01:40:39;4.200;0.019;476.6;29.6;;;;;;;;;;;;;;;;;;
 ;01:40:40;4.200;0.019;476.6;29.6;;;;;;;;;;;;;;;;;;
 ;01:40:41;4.200;0.019;476.6;29.6;;;;;;;;;;;;;;;;;;
 ;01:40:42;4.200;0.019;476.6;29.6;;;;;;;;;;;;;;;;;;
 ;01:40:43;4.200;0.019;476.6;29.6;;;;;;;;;;;;;;;;;;
 ;01:40:44;4.200;0.019;476.6;29.6;;;;;;;;;;;;;;;;;;
 ;01:40:45;4.200;0.019;476.6;29.6;;;;;;;;;;;;;;;;;;
 ;01:40:46;4.200;0.019;476.7;29.6;;;;;;;;;;;;;;;;;;
 ;01:40:47;4.200;0.019;476.7;29.6;;;;;;;;;;;;;;;;;;
 ;01:40:48;4.200;0.019;476.7;29.6;;;;;;;;;;;;;;;;;;
 ;01:40:49;4.200;0.019;476.7;29.6;;;;;;;;;;;;;;;;;;
 ;01:40:50;4.200;0.019;476.7;29.6;;;;;;;;;;;;;;;;;;
 ;01:40:51;4.200;0.019;476.7;29.6;;;;;;;;;;;;;;;;;;
 ;01:40:52;4.200;0.019;476.7;29.6;;;;;;;;;;;;;;;;;;
 ;01:40:53;4.200;0.019;476.7;29.6;;;;;;;;;;;;;;;;;;
 ;01:40:54;4.200;0.019;476.7;29.6;;;;;;;;;;;;;;;;;;
 ;01:40:55;4.200;0.019;476.7;29.6;;;;;;;;;;;;;;;;;;
 ;01:40:56;4.200;0.019;476.7;29.6;;;;;;;;;;;;;;;;;;
 ;01:40:57;4.200;0.019;476.7;29.6;;;;;;;;;;;;;;;;;;
 ;01:40:58;4.200;0.019;476.7;29.6;;;;;;;;;;;;;;;;;;
 ;01:40:59;4.200;0.019;476.7;29.6;;;;;;;;;;;;;;;;;;
 ;01:41:00;4.200;0.019;476.7;29.6;;;;;;;;;;;;;;;;;;
 ;01:41:01;4.200;0.019;476.7;29.6;;;;;;;;;;;;;;;;;;
 ;01:41:02;4.200;0.019;476.7;29.6;;;;;;;;;;;;;;;;;;
 ;01:41:03;4.200;0.019;476.7;29.6;;;;;;;;;;;;;;;;;;
 ;01:41:04;4.200;0.019;476.7;29.6;;;;;;;;;;;;;;;;;;
 ;01:41:05;4.200;0.019;476.8;29.6;;;;;;;;;;;;;;;;;;
 ;01:41:06;4.200;0.019;476.8;29.6;;;;;;;;;;;;;;;;;;
 ;01:41:07;4.200;0.019;476.8;29.6;;;;;;;;;;;;;;;;;;
 ;01:41:08;4.200;0.019;476.8;29.6;;;;;;;;;;;;;;;;;;
 ;01:41:09;4.200;0.019;476.8;29.6;;;;;;;;;;;;;;;;;;
 ;01:41:10;4.200;0.019;476.8;29.6;;;;;;;;;;;;;;;;;;
 ;01:41:11;4.200;0.019;476.8;29.6;;;;;;;;;;;;;;;;;;
 ;01:41:12;4.200;0.019;476.8;29.6;;;;;;;;;;;;;;;;;;
 ;01:41:13;4.200;0.019;476.8;29.6;;;;;;;;;;;;;;;;;;
 ;01:41:14;4.200;0.019;476.8;29.6;;;;;;;;;;;;;;;;;;
 ;01:41:15;4.200;0.019;476.8;29.6;;;;;;;;;;;;;;;;;;
 ;01:41:16;4.200;0.019;476.8;29.6;;;;;;;;;;;;;;;;;;
 ;01:41:17;4.200;0.019;476.8;29.6;;;;;;;;;;;;;;;;;;
 ;01:41:18;4.200;0.019;476.8;29.6;;;;;;;;;;;;;;;;;;
 ;01:41:19;4.200;0.019;476.8;29.6;;;;;;;;;;;;;;;;;;
 ;01:41:20;4.200;0.019;476.8;29.6;;;;;;;;;;;;;;;;;;
 ;01:41:21;4.200;0.019;476.8;29.6;;;;;;;;;;;;;;;;;;
 ;01:41:22;4.200;0.019;476.8;29.6;;;;;;;;;;;;;;;;;;
 ;01:41:23;4.200;0.019;476.9;29.6;;;;;;;;;;;;;;;;;;
 ;01:41:24;4.200;0.019;476.9;29.6;;;;;;;;;;;;;;;;;;
 ;01:41:25;4.200;0.019;476.9;29.6;;;;;;;;;;;;;;;;;;
 ;01:41:26;4.200;0.019;476.9;29.6;;;;;;;;;;;;;;;;;;
 ;01:41:27;4.200;0.019;476.9;29.6;;;;;;;;;;;;;;;;;;
 ;01:41:28;4.200;0.019;476.9;29.6;;;;;;;;;;;;;;;;;;
 ;01:41:29;4.200;0.019;476.9;29.6;;;;;;;;;;;;;;;;;;
 ;01:41:30;4.200;0.019;476.9;29.6;;;;;;;;;;;;;;;;;;
 ;01:41:31;4.200;0.019;476.9;29.6;;;;;;;;;;;;;;;;;;
 ;01:41:32;4.200;0.019;476.9;29.6;;;;;;;;;;;;;;;;;;
 ;01:41:33;4.200;0.019;476.9;29.6;;;;;;;;;;;;;;;;;;
 ;01:41:34;4.200;0.019;476.9;29.6;;;;;;;;;;;;;;;;;;
 ;01:41:35;4.200;0.019;476.9;29.6;;;;;;;;;;;;;;;;;;
 ;01:41:36;4.200;0.019;476.9;29.6;;;;;;;;;;;;;;;;;;
 ;01:41:37;4.200;0.019;476.9;29.6;;;;;;;;;;;;;;;;;;
 ;01:41:38;4.200;0.019;476.9;29.6;;;;;;;;;;;;;;;;;;
 ;01:41:39;4.200;0.019;476.9;29.6;;;;;;;;;;;;;;;;;;
 ;01:41:40;4.200;0.019;476.9;29.6;;;;;;;;;;;;;;;;;;
 ;01:41:41;4.200;0.019;476.9;29.6;;;;;;;;;;;;;;;;;;
 ;01:41:42;4.200;0.019;477.0;29.6;;;;;;;;;;;;;;;;;;
 ;01:41:43;4.200;0.019;477.0;29.6;;;;;;;;;;;;;;;;;;
 ;01:41:44;4.200;0.019;477.0;29.6;;;;;;;;;;;;;;;;;;
 ;01:41:45;4.200;0.019;477.0;29.6;;;;;;;;;;;;;;;;;;
 ;01:41:46;4.200;0.019;477.0;29.6;;;;;;;;;;;;;;;;;;
 ;01:41:47;4.200;0.019;477.0;29.6;;;;;;;;;;;;;;;;;;
 ;01:41:48;4.200;0.019;477.0;29.6;;;;;;;;;;;;;;;;;;
 ;01:41:49;4.200;0.019;477.0;29.6;;;;;;;;;;;;;;;;;;
 ;01:41:50;4.200;0.019;477.0;29.6;;;;;;;;;;;;;;;;;;
 ;01:41:51;4.200;0.019;477.0;29.6;;;;;;;;;;;;;;;;;;
 ;01:41:52;4.200;0.019;477.0;29.6;;;;;;;;;;;;;;;;;;
 ;01:41:53;4.200;0.019;477.0;29.6;;;;;;;;;;;;;;;;;;
 ;01:41:54;4.200;0.019;477.0;29.6;;;;;;;;;;;;;;;;;;
 ;01:41:55;4.200;0.019;477.0;29.6;;;;;;;;;;;;;;;;;;
 ;01:41:56;4.200;0.019;477.0;29.6;;;;;;;;;;;;;;;;;;
 ;01:41:57;4.200;0.019;477.0;29.6;;;;;;;;;;;;;;;;;;
 ;01:41:58;4.200;0.019;477.0;29.6;;;;;;;;;;;;;;;;;;
 ;01:41:59;4.200;0.019;477.0;29.6;;;;;;;;;;;;;;;;;;
 ;01:42:00;4.200;0.019;477.0;29.6;;;;;;;;;;;;;;;;;;
 ;01:42:01;4.200;0.019;477.1;29.6;;;;;;;;;;;;;;;;;;
 ;01:42:02;4.200;0.019;477.1;29.6;;;;;;;;;;;;;;;;;;
 ;01:42:03;4.200;0.019;477.1;29.6;;;;;;;;;;;;;;;;;;
 ;01:42:04;4.200;0.019;477.1;29.6;;;;;;;;;;;;;;;;;;
 ;01:42:05;4.200;0.019;477.1;29.6;;;;;;;;;;;;;;;;;;
 ;01:42:06;4.200;0.019;477.1;29.6;;;;;;;;;;;;;;;;;;
 ;01:42:07;4.200;0.019;477.1;29.6;;;;;;;;;;;;;;;;;;
 ;01:42:08;4.200;0.019;477.1;29.6;;;;;;;;;;;;;;;;;;
 ;01:42:09;4.200;0.019;477.1;29.6;;;;;;;;;;;;;;;;;;
 ;01:42:10;4.200;0.019;477.1;29.6;;;;;;;;;;;;;;;;;;
 ;01:42:11;4.200;0.019;477.1;29.6;;;;;;;;;;;;;;;;;;
 ;01:42:12;4.200;0.019;477.1;29.6;;;;;;;;;;;;;;;;;;
 ;01:42:13;4.200;0.019;477.1;29.6;;;;;;;;;;;;;;;;;;
 ;01:42:14;4.200;0.019;477.1;29.6;;;;;;;;;;;;;;;;;;
 ;01:42:15;4.200;0.019;477.1;29.6;;;;;;;;;;;;;;;;;;
 ;01:42:16;4.200;0.019;477.1;29.6;;;;;;;;;;;;;;;;;;
 ;01:42:17;4.200;0.019;477.1;29.6;;;;;;;;;;;;;;;;;;
 ;01:42:18;4.200;0.019;477.1;29.6;;;;;;;;;;;;;;;;;;
 ;01:42:19;4.200;0.019;477.1;29.6;;;;;;;;;;;;;;;;;;
 ;01:42:20;4.200;0.019;477.2;29.6;;;;;;;;;;;;;;;;;;
 ;01:42:21;4.200;0.019;477.2;29.6;;;;;;;;;;;;;;;;;;
 ;01:42:22;4.200;0.019;477.2;29.6;;;;;;;;;;;;;;;;;;
 ;01:42:23;4.200;0.019;477.2;29.6;;;;;;;;;;;;;;;;;;
 ;01:42:24;4.200;0.019;477.2;29.6;;;;;;;;;;;;;;;;;;
 ;01:42:25;4.200;0.019;477.2;29.6;;;;;;;;;;;;;;;;;;
 ;01:42:26;4.200;0.019;477.2;29.6;;;;;;;;;;;;;;;;;;
 ;01:42:27;4.200;0.019;477.2;29.6;;;;;;;;;;;;;;;;;;
 ;01:42:28;4.200;0.019;477.2;29.6;;;;;;;;;;;;;;;;;;
 ;01:42:29;4.200;0.019;477.2;29.6;;;;;;;;;;;;;;;;;;
 ;01:42:30;4.200;0.019;477.2;29.6;;;;;;;;;;;;;;;;;;
 ;01:42:31;4.200;0.019;477.2;29.6;;;;;;;;;;;;;;;;;;
 ;01:42:32;4.200;0.019;477.2;29.6;;;;;;;;;;;;;;;;;;
 ;01:42:33;4.200;0.019;477.2;29.6;;;;;;;;;;;;;;;;;;
 ;01:42:34;4.200;0.019;477.2;29.6;;;;;;;;;;;;;;;;;;
 ;01:42:35;4.200;0.019;477.2;29.6;;;;;;;;;;;;;;;;;;
 ;01:42:36;4.200;0.019;477.2;29.6;;;;;;;;;;;;;;;;;;
 ;01:42:37;4.200;0.019;477.2;29.6;;;;;;;;;;;;;;;;;;
 ;01:42:38;4.200;0.019;477.2;29.6;;;;;;;;;;;;;;;;;;
 ;01:42:39;4.200;0.019;477.3;29.6;;;;;;;;;;;;;;;;;;
 ;01:42:40;4.200;0.019;477.3;29.6;;;;;;;;;;;;;;;;;;
 ;01:42:41;4.200;0.019;477.3;29.6;;;;;;;;;;;;;;;;;;
 ;01:42:42;4.200;0.019;477.3;29.6;;;;;;;;;;;;;;;;;;
 ;01:42:43;4.200;0.019;477.3;29.6;;;;;;;;;;;;;;;;;;
 ;01:42:44;4.200;0.019;477.3;29.6;;;;;;;;;;;;;;;;;;
 ;01:42:45;4.200;0.019;477.3;29.6;;;;;;;;;;;;;;;;;;
 ;01:42:46;4.200;0.019;477.3;29.6;;;;;;;;;;;;;;;;;;
 ;01:42:47;4.200;0.019;477.3;29.6;;;;;;;;;;;;;;;;;;
 ;01:42:48;4.200;0.019;477.3;29.6;;;;;;;;;;;;;;;;;;
 ;01:42:49;4.200;0.019;477.3;29.6;;;;;;;;;;;;;;;;;;
 ;01:42:50;4.200;0.019;477.3;29.6;;;;;;;;;;;;;;;;;;
 ;01:42:51;4.200;0.019;477.3;29.6;;;;;;;;;;;;;;;;;;
 ;01:42:52;4.200;0.019;477.3;29.6;;;;;;;;;;;;;;;;;;
 ;01:42:53;4.200;0.019;477.3;29.6;;;;;;;;;;;;;;;;;;
 ;01:42:54;4.200;0.019;477.3;29.6;;;;;;;;;;;;;;;;;;
 ;01:42:55;4.200;0.019;477.3;29.6;;;;;;;;;;;;;;;;;;
 ;01:42:56;4.200;0.019;477.3;29.6;;;;;;;;;;;;;;;;;;
 ;01:42:57;4.200;0.019;477.3;29.6;;;;;;;;;;;;;;;;;;
 ;01:42:58;4.200;0.019;477.4;29.6;;;;;;;;;;;;;;;;;;
 ;01:42:59;4.200;0.019;477.4;29.6;;;;;;;;;;;;;;;;;;
 ;01:43:00;4.200;0.019;477.4;29.6;;;;;;;;;;;;;;;;;;
 ;01:43:01;4.200;0.019;477.4;29.6;;;;;;;;;;;;;;;;;;
 ;01:43:02;4.200;0.019;477.4;29.6;;;;;;;;;;;;;;;;;;
 ;01:43:03;4.200;0.019;477.4;29.6;;;;;;;;;;;;;;;;;;
 ;01:43:04;4.200;0.019;477.4;29.6;;;;;;;;;;;;;;;;;;
 ;01:43:05;4.200;0.019;477.4;29.6;;;;;;;;;;;;;;;;;;
 ;01:43:06;4.200;0.019;477.4;29.6;;;;;;;;;;;;;;;;;;
 ;01:43:07;4.200;0.019;477.4;29.6;;;;;;;;;;;;;;;;;;
 ;01:43:08;4.200;0.019;477.4;29.6;;;;;;;;;;;;;;;;;;
 ;01:43:09;4.200;0.019;477.4;29.6;;;;;;;;;;;;;;;;;;
 ;01:43:10;4.200;0.019;477.4;29.6;;;;;;;;;;;;;;;;;;
 ;01:43:11;4.200;0.019;477.4;29.6;;;;;;;;;;;;;;;;;;
 ;01:43:12;4.200;0.019;477.4;29.6;;;;;;;;;;;;;;;;;;
 ;01:43:13;4.200;0.019;477.4;29.6;;;;;;;;;;;;;;;;;;
 ;01:43:14;4.200;0.019;477.4;29.6;;;;;;;;;;;;;;;;;;
 ;01:43:15;4.200;0.019;477.4;29.6;;;;;;;;;;;;;;;;;;
 ;01:43:16;4.200;0.019;477.4;29.6;;;;;;;;;;;;;;;;;;
 ;01:43:17;4.200;0.019;477.5;29.6;;;;;;;;;;;;;;;;;;
 ;01:43:18;4.200;0.019;477.5;29.6;;;;;;;;;;;;;;;;;;
 ;01:43:19;4.200;0.019;477.5;29.6;;;;;;;;;;;;;;;;;;
 ;01:43:20;4.200;0.019;477.5;29.6;;;;;;;;;;;;;;;;;;
 ;01:43:21;4.200;0.019;477.5;29.6;;;;;;;;;;;;;;;;;;
 ;01:43:22;4.200;0.019;477.5;29.6;;;;;;;;;;;;;;;;;;
 ;01:43:23;4.200;0.019;477.5;29.6;;;;;;;;;;;;;;;;;;
 ;01:43:24;4.200;0.019;477.5;29.6;;;;;;;;;;;;;;;;;;
 ;01:43:25;4.200;0.019;477.5;29.6;;;;;;;;;;;;;;;;;;
 ;01:43:26;4.200;0.019;477.5;29.6;;;;;;;;;;;;;;;;;;
 ;01:43:27;4.200;0.019;477.5;29.6;;;;;;;;;;;;;;;;;;
 ;01:43:28;4.200;0.019;477.5;29.6;;;;;;;;;;;;;;;;;;
 ;01:43:29;4.200;0.019;477.5;29.6;;;;;;;;;;;;;;;;;;
 ;01:43:30;4.200;0.019;477.5;29.6;;;;;;;;;;;;;;;;;;
 ;01:43:31;4.200;0.019;477.5;29.6;;;;;;;;;;;;;;;;;;
 ;01:43:32;4.200;0.019;477.5;29.6;;;;;;;;;;;;;;;;;;
 ;01:43:33;4.200;0.019;477.5;29.6;;;;;;;;;;;;;;;;;;
 ;01:43:34;4.200;0.019;477.5;29.6;;;;;;;;;;;;;;;;;;
 ;01:43:35;4.200;0.019;477.5;29.6;;;;;;;;;;;;;;;;;;
 ;01:43:36;4.200;0.019;477.6;29.6;;;;;;;;;;;;;;;;;;
 ;01:43:37;4.200;0.019;477.6;29.6;;;;;;;;;;;;;;;;;;
 ;01:43:38;4.200;0.019;477.6;29.6;;;;;;;;;;;;;;;;;;
 ;01:43:39;4.200;0.019;477.6;29.6;;;;;;;;;;;;;;;;;;
 ;01:43:40;4.200;0.019;477.6;29.6;;;;;;;;;;;;;;;;;;
 ;01:43:41;4.200;0.019;477.6;29.6;;;;;;;;;;;;;;;;;;
 ;01:43:42;4.200;0.019;477.6;29.6;;;;;;;;;;;;;;;;;;
 ;01:43:43;4.200;0.019;477.6;29.6;;;;;;;;;;;;;;;;;;
 ;01:43:44;4.200;0.019;477.6;29.6;;;;;;;;;;;;;;;;;;
 ;01:43:45;4.200;0.019;477.6;29.6;;;;;;;;;;;;;;;;;;
 ;01:43:46;4.200;0.019;477.6;29.6;;;;;;;;;;;;;;;;;;
 ;01:43:47;4.200;0.019;477.6;29.6;;;;;;;;;;;;;;;;;;
 ;01:43:48;4.200;0.019;477.6;29.6;;;;;;;;;;;;;;;;;;
 ;01:43:49;4.200;0.019;477.6;29.6;;;;;;;;;;;;;;;;;;
 ;01:43:50;4.200;0.019;477.6;29.6;;;;;;;;;;;;;;;;;;
 ;01:43:51;4.200;0.019;477.6;29.6;;;;;;;;;;;;;;;;;;
 ;01:43:52;4.200;0.019;477.6;29.6;;;;;;;;;;;;;;;;;;
 ;01:43:53;4.200;0.019;477.6;29.6;;;;;;;;;;;;;;;;;;
 ;01:43:54;4.200;0.019;477.6;29.6;;;;;;;;;;;;;;;;;;
 ;01:43:55;4.200;0.019;477.7;29.6;;;;;;;;;;;;;;;;;;
 ;01:43:56;4.200;0.019;477.7;29.6;;;;;;;;;;;;;;;;;;
 ;01:43:57;4.200;0.019;477.7;29.6;;;;;;;;;;;;;;;;;;
 ;01:43:58;4.200;0.019;477.7;29.6;;;;;;;;;;;;;;;;;;
 ;01:43:59;4.200;0.019;477.7;29.6;;;;;;;;;;;;;;;;;;
 ;01:44:00;4.200;0.019;477.7;29.6;;;;;;;;;;;;;;;;;;
 ;01:44:01;4.200;0.019;477.7;29.6;;;;;;;;;;;;;;;;;;
 ;01:44:02;4.200;0.019;477.7;29.6;;;;;;;;;;;;;;;;;;
 ;01:44:03;4.200;0.019;477.7;29.6;;;;;;;;;;;;;;;;;;
 ;01:44:04;4.200;0.019;477.7;29.6;;;;;;;;;;;;;;;;;;
 ;01:44:05;4.200;0.019;477.7;29.6;;;;;;;;;;;;;;;;;;
 ;01:44:06;4.200;0.019;477.7;29.6;;;;;;;;;;;;;;;;;;
 ;01:44:07;4.200;0.019;477.7;29.6;;;;;;;;;;;;;;;;;;
 ;01:44:08;4.200;0.019;477.7;29.6;;;;;;;;;;;;;;;;;;
 ;01:44:09;4.200;0.019;477.7;29.6;;;;;;;;;;;;;;;;;;
 ;01:44:10;4.200;0.019;477.7;29.6;;;;;;;;;;;;;;;;;;
 ;01:44:11;4.200;0.019;477.7;29.6;;;;;;;;;;;;;;;;;;
 ;01:44:12;4.200;0.019;477.7;29.6;;;;;;;;;;;;;;;;;;
 ;01:44:13;4.200;0.019;477.8;29.6;;;;;;;;;;;;;;;;;;
 ;01:44:14;4.200;0.019;477.8;29.6;;;;;;;;;;;;;;;;;;
 ;01:44:15;4.200;0.019;477.8;29.6;;;;;;;;;;;;;;;;;;
 ;01:44:16;4.200;0.019;477.8;29.6;;;;;;;;;;;;;;;;;;
 ;01:44:17;4.200;0.019;477.8;29.6;;;;;;;;;;;;;;;;;;
 ;01:44:18;4.200;0.019;477.8;29.6;;;;;;;;;;;;;;;;;;
 ;01:44:19;4.200;0.019;477.8;29.6;;;;;;;;;;;;;;;;;;
 ;01:44:20;4.200;0.019;477.8;29.6;;;;;;;;;;;;;;;;;;
 ;01:44:21;4.200;0.018;477.8;29.6;;;;;;;;;;;;;;;;;;
 ;01:44:22;4.200;0.019;477.8;29.6;;;;;;;;;;;;;;;;;;
 ;01:44:23;4.200;0.019;477.8;29.6;;;;;;;;;;;;;;;;;;
 ;01:44:24;4.200;0.018;477.8;29.6;;;;;;;;;;;;;;;;;;
 ;01:44:25;4.200;0.018;477.8;29.6;;;;;;;;;;;;;;;;;;
 ;01:44:26;4.200;0.019;477.8;29.6;;;;;;;;;;;;;;;;;;
 ;01:44:27;4.200;0.018;477.8;29.6;;;;;;;;;;;;;;;;;;
 ;01:44:28;4.200;0.018;477.8;29.6;;;;;;;;;;;;;;;;;;
 ;01:44:29;4.200;0.018;477.8;29.6;;;;;;;;;;;;;;;;;;
 ;01:44:30;4.200;0.018;477.8;29.6;;;;;;;;;;;;;;;;;;
 ;01:44:31;4.200;0.018;477.8;29.6;;;;;;;;;;;;;;;;;;
 ;01:44:32;4.200;0.019;477.9;29.6;;;;;;;;;;;;;;;;;;
 ;01:44:33;4.200;0.019;477.9;29.6;;;;;;;;;;;;;;;;;;
 ;01:44:34;4.200;0.018;477.9;29.6;;;;;;;;;;;;;;;;;;
 ;01:44:35;4.200;0.018;477.9;29.6;;;;;;;;;;;;;;;;;;
 ;01:44:36;4.200;0.018;477.9;29.6;;;;;;;;;;;;;;;;;;
 ;01:44:37;4.200;0.018;477.9;29.6;;;;;;;;;;;;;;;;;;
 ;01:44:38;4.200;0.019;477.9;29.6;;;;;;;;;;;;;;;;;;
 ;01:44:39;4.200;0.019;477.9;29.6;;;;;;;;;;;;;;;;;;
 ;01:44:40;4.200;0.018;477.9;29.6;;;;;;;;;;;;;;;;;;
 ;01:44:41;4.200;0.018;477.9;29.6;;;;;;;;;;;;;;;;;;
 ;01:44:42;4.200;0.018;477.9;29.6;;;;;;;;;;;;;;;;;;
 ;01:44:43;4.200;0.018;477.9;29.6;;;;;;;;;;;;;;;;;;
 ;01:44:44;4.200;0.018;477.9;29.6;;;;;;;;;;;;;;;;;;
 ;01:44:45;4.200;0.019;477.9;29.6;;;;;;;;;;;;;;;;;;
 ;01:44:46;4.200;0.019;477.9;29.6;;;;;;;;;;;;;;;;;;
 ;01:44:47;4.200;0.019;477.9;29.6;;;;;;;;;;;;;;;;;;
 ;01:44:48;4.200;0.018;477.9;29.6;;;;;;;;;;;;;;;;;;
 ;01:44:49;4.200;0.019;477.9;29.6;;;;;;;;;;;;;;;;;;
 ;01:44:50;4.200;0.019;477.9;29.6;;;;;;;;;;;;;;;;;;
 ;01:44:51;4.200;0.018;478.0;29.6;;;;;;;;;;;;;;;;;;
 ;01:44:52;4.200;0.018;478.0;29.6;;;;;;;;;;;;;;;;;;
 ;01:44:53;4.200;0.018;478.0;29.6;;;;;;;;;;;;;;;;;;
 ;01:44:54;4.200;0.019;478.0;29.6;;;;;;;;;;;;;;;;;;
 ;01:44:55;4.200;0.019;478.0;29.6;;;;;;;;;;;;;;;;;;
 ;01:44:56;4.200;0.019;478.0;29.6;;;;;;;;;;;;;;;;;;
 ;01:44:57;4.200;0.018;478.0;29.6;;;;;;;;;;;;;;;;;;
 ;01:44:58;4.200;0.018;478.0;29.6;;;;;;;;;;;;;;;;;;
 ;01:44:59;4.200;0.018;478.0;29.6;;;;;;;;;;;;;;;;;;
 ;01:45:00;4.200;0.018;478.0;29.6;;;;;;;;;;;;;;;;;;
 ;01:45:01;4.200;0.019;478.0;29.6;;;;;;;;;;;;;;;;;;
 ;01:45:02;4.200;0.018;478.0;29.6;;;;;;;;;;;;;;;;;;
 ;01:45:03;4.200;0.018;478.0;29.6;;;;;;;;;;;;;;;;;;
 ;01:45:04;4.200;0.018;478.0;29.6;;;;;;;;;;;;;;;;;;
 ;01:45:05;4.200;0.018;478.0;29.6;;;;;;;;;;;;;;;;;;
 ;01:45:06;4.200;0.018;478.0;29.6;;;;;;;;;;;;;;;;;;
 ;01:45:07;4.200;0.018;478.0;29.6;;;;;;;;;;;;;;;;;;
 ;01:45:08;4.200;0.018;478.0;29.6;;;;;;;;;;;;;;;;;;
 ;01:45:09;4.200;0.019;478.0;29.6;;;;;;;;;;;;;;;;;;
 ;01:45:10;4.200;0.019;478.1;29.6;;;;;;;;;;;;;;;;;;
 ;01:45:11;4.200;0.019;478.1;29.6;;;;;;;;;;;;;;;;;;
 ;01:45:12;4.200;0.019;478.1;29.6;;;;;;;;;;;;;;;;;;
 ;01:45:13;4.200;0.019;478.1;29.6;;;;;;;;;;;;;;;;;;
 ;01:45:14;4.200;0.018;478.1;29.6;;;;;;;;;;;;;;;;;;
 ;01:45:15;4.200;0.019;478.1;29.6;;;;;;;;;;;;;;;;;;
 ;01:45:16;4.200;0.019;478.1;29.6;;;;;;;;;;;;;;;;;;
 ;01:45:17;4.200;0.019;478.1;29.6;;;;;;;;;;;;;;;;;;
 ;01:45:18;4.200;0.019;478.1;29.5;;;;;;;;;;;;;;;;;;
 ;01:45:19;4.200;0.018;478.1;29.6;;;;;;;;;;;;;;;;;;
 ;01:45:20;4.200;0.018;478.1;29.6;;;;;;;;;;;;;;;;;;
 ;01:45:21;4.200;0.019;478.1;29.6;;;;;;;;;;;;;;;;;;
 ;01:45:22;4.200;0.019;478.1;29.5;;;;;;;;;;;;;;;;;;
 ;01:45:23;4.200;0.019;478.1;29.6;;;;;;;;;;;;;;;;;;
 ;01:45:24;4.200;0.019;478.1;29.5;;;;;;;;;;;;;;;;;;
 ;01:45:25;4.200;0.018;478.1;29.5;;;;;;;;;;;;;;;;;;
 ;01:45:26;4.200;0.018;478.1;29.5;;;;;;;;;;;;;;;;;;
 ;01:45:27;4.200;0.018;478.1;29.6;;;;;;;;;;;;;;;;;;
 ;01:45:28;4.200;0.018;478.1;29.6;;;;;;;;;;;;;;;;;;
 ;01:45:29;4.200;0.018;478.2;29.6;;;;;;;;;;;;;;;;;;
 ;01:45:30;4.200;0.018;478.2;29.6;;;;;;;;;;;;;;;;;;
 ;01:45:31;4.200;0.018;478.2;29.5;;;;;;;;;;;;;;;;;;
 ;01:45:32;4.200;0.018;478.2;29.5;;;;;;;;;;;;;;;;;;
 ;01:45:33;4.200;0.018;478.2;29.5;;;;;;;;;;;;;;;;;;
 ;01:45:34;4.200;0.018;478.2;29.5;;;;;;;;;;;;;;;;;;
 ;01:45:35;4.200;0.018;478.2;29.5;;;;;;;;;;;;;;;;;;
 ;01:45:36;4.200;0.018;478.2;29.5;;;;;;;;;;;;;;;;;;
 ;01:45:37;4.200;0.018;478.2;29.5;;;;;;;;;;;;;;;;;;
 ;01:45:38;4.200;0.018;478.2;29.6;;;;;;;;;;;;;;;;;;
 ;01:45:39;4.200;0.018;478.2;29.5;;;;;;;;;;;;;;;;;;
 ;01:45:40;4.200;0.018;478.2;29.5;;;;;;;;;;;;;;;;;;
 ;01:45:41;4.200;0.018;478.2;29.5;;;;;;;;;;;;;;;;;;
 ;01:45:42;4.200;0.018;478.2;29.5;;;;;;;;;;;;;;;;;;
 ;01:45:43;4.200;0.018;478.2;29.5;;;;;;;;;;;;;;;;;;
 ;01:45:44;4.200;0.018;478.2;29.5;;;;;;;;;;;;;;;;;;
 ;01:45:45;4.200;0.018;478.2;29.5;;;;;;;;;;;;;;;;;;
 ;01:45:46;4.200;0.018;478.2;29.5;;;;;;;;;;;;;;;;;;
 ;01:45:47;4.200;0.018;478.2;29.5;;;;;;;;;;;;;;;;;;
 ;01:45:48;4.200;0.018;478.2;29.5;;;;;;;;;;;;;;;;;;
 ;01:45:49;4.200;0.018;478.3;29.5;;;;;;;;;;;;;;;;;;
 ;01:45:50;4.200;0.018;478.3;29.5;;;;;;;;;;;;;;;;;;
 ;01:45:51;4.200;0.018;478.3;29.5;;;;;;;;;;;;;;;;;;
 ;01:45:52;4.200;0.018;478.3;29.5;;;;;;;;;;;;;;;;;;
 ;01:45:53;4.200;0.018;478.3;29.5;;;;;;;;;;;;;;;;;;
 ;01:45:54;4.200;0.018;478.3;29.5;;;;;;;;;;;;;;;;;;
 ;01:45:55;4.200;0.018;478.3;29.5;;;;;;;;;;;;;;;;;;
 ;01:45:56;4.200;0.018;478.3;29.5;;;;;;;;;;;;;;;;;;
 ;01:45:57;4.200;0.018;478.3;29.5;;;;;;;;;;;;;;;;;;
 ;01:45:58;4.200;0.018;478.3;29.5;;;;;;;;;;;;;;;;;;
 ;01:45:59;4.200;0.018;478.3;29.5;;;;;;;;;;;;;;;;;;
 ;01:46:00;4.200;0.018;478.3;29.5;;;;;;;;;;;;;;;;;;
 ;01:46:01;4.200;0.018;478.3;29.5;;;;;;;;;;;;;;;;;;
 ;01:46:02;4.200;0.018;478.3;29.5;;;;;;;;;;;;;;;;;;
 ;01:46:03;4.200;0.018;478.3;29.5;;;;;;;;;;;;;;;;;;
 ;01:46:04;4.200;0.018;478.3;29.5;;;;;;;;;;;;;;;;;;
 ;01:46:05;4.200;0.018;478.3;29.5;;;;;;;;;;;;;;;;;;
 ;01:46:06;4.200;0.018;478.3;29.5;;;;;;;;;;;;;;;;;;
 ;01:46:07;4.200;0.018;478.3;29.5;;;;;;;;;;;;;;;;;;
 ;01:46:08;4.200;0.018;478.3;29.5;;;;;;;;;;;;;;;;;;
 ;01:46:09;4.200;0.018;478.4;29.5;;;;;;;;;;;;;;;;;;
 ;01:46:10;4.200;0.018;478.4;29.5;;;;;;;;;;;;;;;;;;
 ;01:46:11;4.200;0.018;478.4;29.5;;;;;;;;;;;;;;;;;;
 ;01:46:12;4.200;0.018;478.4;29.5;;;;;;;;;;;;;;;;;;
 ;01:46:13;4.200;0.018;478.4;29.5;;;;;;;;;;;;;;;;;;
 ;01:46:14;4.200;0.018;478.4;29.5;;;;;;;;;;;;;;;;;;
 ;01:46:15;4.200;0.018;478.4;29.5;;;;;;;;;;;;;;;;;;
 ;01:46:16;4.200;0.018;478.4;29.5;;;;;;;;;;;;;;;;;;
 ;01:46:17;4.200;0.018;478.4;29.5;;;;;;;;;;;;;;;;;;
 ;01:46:18;4.200;0.018;478.4;29.5;;;;;;;;;;;;;;;;;;
 ;01:46:19;4.200;0.018;478.4;29.5;;;;;;;;;;;;;;;;;;
 ;01:46:20;4.200;0.018;478.4;29.5;;;;;;;;;;;;;;;;;;
 ;01:46:21;4.200;0.018;478.4;29.5;;;;;;;;;;;;;;;;;;
 ;01:46:22;4.200;0.018;478.4;29.5;;;;;;;;;;;;;;;;;;
 ;01:46:23;4.200;0.018;478.4;29.5;;;;;;;;;;;;;;;;;;
 ;01:46:24;4.200;0.018;478.4;29.5;;;;;;;;;;;;;;;;;;
 ;01:46:25;4.200;0.018;478.4;29.5;;;;;;;;;;;;;;;;;;
 ;01:46:26;4.200;0.018;478.4;29.5;;;;;;;;;;;;;;;;;;
 ;01:46:27;4.200;0.018;478.4;29.5;;;;;;;;;;;;;;;;;;
 ;01:46:28;4.200;0.018;478.4;29.5;;;;;;;;;;;;;;;;;;
 ;01:46:29;4.200;0.018;478.5;29.5;;;;;;;;;;;;;;;;;;
 ;01:46:30;4.200;0.018;478.5;29.5;;;;;;;;;;;;;;;;;;
 ;01:46:31;4.200;0.018;478.5;29.5;;;;;;;;;;;;;;;;;;
 ;01:46:32;4.200;0.018;478.5;29.5;;;;;;;;;;;;;;;;;;
 ;01:46:33;4.200;0.018;478.5;29.5;;;;;;;;;;;;;;;;;;
 ;01:46:34;4.200;0.018;478.5;29.5;;;;;;;;;;;;;;;;;;
 ;01:46:35;4.200;0.018;478.5;29.5;;;;;;;;;;;;;;;;;;
 ;01:46:36;4.200;0.018;478.5;29.5;;;;;;;;;;;;;;;;;;
 ;01:46:37;4.200;0.018;478.5;29.5;;;;;;;;;;;;;;;;;;
 ;01:46:38;4.200;0.018;478.5;29.5;;;;;;;;;;;;;;;;;;
 ;01:46:39;4.200;0.018;478.5;29.5;;;;;;;;;;;;;;;;;;
 ;01:46:40;4.200;0.018;478.5;29.5;;;;;;;;;;;;;;;;;;
 ;01:46:41;4.200;0.018;478.5;29.5;;;;;;;;;;;;;;;;;;
 ;01:46:42;4.200;0.018;478.5;29.5;;;;;;;;;;;;;;;;;;
 ;01:46:43;4.200;0.018;478.5;29.5;;;;;;;;;;;;;;;;;;
 ;01:46:44;4.200;0.018;478.5;29.5;;;;;;;;;;;;;;;;;;
 ;01:46:45;4.200;0.018;478.5;29.5;;;;;;;;;;;;;;;;;;
 ;01:46:46;4.200;0.018;478.5;29.5;;;;;;;;;;;;;;;;;;
 ;01:46:47;4.200;0.018;478.5;29.5;;;;;;;;;;;;;;;;;;
 ;01:46:48;4.200;0.018;478.5;29.5;;;;;;;;;;;;;;;;;;
 ;01:46:49;4.200;0.018;478.6;29.5;;;;;;;;;;;;;;;;;;
 ;01:46:50;4.200;0.018;478.6;29.5;;;;;;;;;;;;;;;;;;
 ;01:46:51;4.200;0.018;478.6;29.5;;;;;;;;;;;;;;;;;;
 ;01:46:52;4.200;0.018;478.6;29.5;;;;;;;;;;;;;;;;;;
 ;01:46:53;4.200;0.018;478.6;29.5;;;;;;;;;;;;;;;;;;
 ;01:46:54;4.200;0.018;478.6;29.5;;;;;;;;;;;;;;;;;;
 ;01:46:55;4.200;0.018;478.6;29.5;;;;;;;;;;;;;;;;;;
 ;01:46:56;4.200;0.018;478.6;29.5;;;;;;;;;;;;;;;;;;
 ;01:46:57;4.200;0.018;478.6;29.5;;;;;;;;;;;;;;;;;;
 ;01:46:58;4.200;0.018;478.6;29.5;;;;;;;;;;;;;;;;;;
 ;01:46:59;4.200;0.018;478.6;29.5;;;;;;;;;;;;;;;;;;
 ;01:47:00;4.200;0.018;478.6;29.5;;;;;;;;;;;;;;;;;;
 ;01:47:01;4.200;0.018;478.6;29.5;;;;;;;;;;;;;;;;;;
 ;01:47:02;4.200;0.018;478.6;29.5;;;;;;;;;;;;;;;;;;
 ;01:47:03;4.200;0.018;478.6;29.5;;;;;;;;;;;;;;;;;;
 ;01:47:04;4.200;0.018;478.6;29.5;;;;;;;;;;;;;;;;;;
 ;01:47:05;4.200;0.018;478.6;29.5;;;;;;;;;;;;;;;;;;
 ;01:47:06;4.200;0.018;478.6;29.5;;;;;;;;;;;;;;;;;;
 ;01:47:07;4.200;0.018;478.6;29.5;;;;;;;;;;;;;;;;;;
 ;01:47:08;4.200;0.018;478.6;29.5;;;;;;;;;;;;;;;;;;
 ;01:47:09;4.200;0.018;478.7;29.5;;;;;;;;;;;;;;;;;;
 ;01:47:10;4.200;0.018;478.7;29.5;;;;;;;;;;;;;;;;;;
 ;01:47:11;4.200;0.018;478.7;29.5;;;;;;;;;;;;;;;;;;
 ;01:47:12;4.200;0.018;478.7;29.5;;;;;;;;;;;;;;;;;;
 ;01:47:13;4.200;0.018;478.7;29.5;;;;;;;;;;;;;;;;;;
 ;01:47:14;4.200;0.018;478.7;29.5;;;;;;;;;;;;;;;;;;
 ;01:47:15;4.200;0.018;478.7;29.5;;;;;;;;;;;;;;;;;;
 ;01:47:16;4.200;0.018;478.7;29.5;;;;;;;;;;;;;;;;;;
 ;01:47:17;4.200;0.018;478.7;29.5;;;;;;;;;;;;;;;;;;
 ;01:47:18;4.200;0.018;478.7;29.5;;;;;;;;;;;;;;;;;;
 ;01:47:19;4.200;0.018;478.7;29.5;;;;;;;;;;;;;;;;;;
 ;01:47:20;4.200;0.018;478.7;29.5;;;;;;;;;;;;;;;;;;
 ;01:47:21;4.200;0.018;478.7;29.5;;;;;;;;;;;;;;;;;;
 ;01:47:22;4.200;0.018;478.7;29.5;;;;;;;;;;;;;;;;;;
 ;01:47:23;4.200;0.018;478.7;29.5;;;;;;;;;;;;;;;;;;
 ;01:47:24;4.200;0.018;478.7;29.5;;;;;;;;;;;;;;;;;;
 ;01:47:25;4.200;0.018;478.7;29.5;;;;;;;;;;;;;;;;;;
 ;01:47:26;4.200;0.018;478.7;29.5;;;;;;;;;;;;;;;;;;
 ;01:47:27;4.200;0.018;478.7;29.5;;;;;;;;;;;;;;;;;;
 ;01:47:28;4.200;0.018;478.7;29.5;;;;;;;;;;;;;;;;;;
 ;01:47:29;4.200;0.018;478.8;29.5;;;;;;;;;;;;;;;;;;
 ;01:47:30;4.200;0.018;478.8;29.5;;;;;;;;;;;;;;;;;;
 ;01:47:31;4.200;0.018;478.8;29.5;;;;;;;;;;;;;;;;;;
 ;01:47:32;4.200;0.018;478.8;29.5;;;;;;;;;;;;;;;;;;
 ;01:47:33;4.200;0.018;478.8;29.5;;;;;;;;;;;;;;;;;;
 ;01:47:34;4.200;0.018;478.8;29.5;;;;;;;;;;;;;;;;;;
 ;01:47:35;4.200;0.018;478.8;29.5;;;;;;;;;;;;;;;;;;
 ;01:47:36;4.200;0.018;478.8;29.5;;;;;;;;;;;;;;;;;;
 ;01:47:37;4.200;0.018;478.8;29.5;;;;;;;;;;;;;;;;;;
 ;01:47:38;4.200;0.018;478.8;29.5;;;;;;;;;;;;;;;;;;
 ;01:47:39;4.200;0.018;478.8;29.5;;;;;;;;;;;;;;;;;;
 ;01:47:40;4.200;0.018;478.8;29.5;;;;;;;;;;;;;;;;;;
 ;01:47:41;4.200;0.018;478.8;29.5;;;;;;;;;;;;;;;;;;
 ;01:47:42;4.200;0.018;478.8;29.5;;;;;;;;;;;;;;;;;;
 ;01:47:43;4.200;0.018;478.8;29.5;;;;;;;;;;;;;;;;;;
 ;01:47:44;4.200;0.018;478.8;29.5;;;;;;;;;;;;;;;;;;
 ;01:47:45;4.200;0.018;478.8;29.5;;;;;;;;;;;;;;;;;;
 ;01:47:46;4.200;0.018;478.8;29.5;;;;;;;;;;;;;;;;;;
 ;01:47:47;4.200;0.018;478.8;29.5;;;;;;;;;;;;;;;;;;
 ;01:47:48;4.200;0.018;478.8;29.5;;;;;;;;;;;;;;;;;;
 ;01:47:49;4.200;0.018;478.9;29.5;;;;;;;;;;;;;;;;;;
 ;01:47:50;4.200;0.018;478.9;29.5;;;;;;;;;;;;;;;;;;
 ;01:47:51;4.200;0.018;478.9;29.5;;;;;;;;;;;;;;;;;;
 ;01:47:52;4.200;0.018;478.9;29.5;;;;;;;;;;;;;;;;;;
 ;01:47:53;4.200;0.018;478.9;29.5;;;;;;;;;;;;;;;;;;
 ;01:47:54;4.200;0.018;478.9;29.5;;;;;;;;;;;;;;;;;;
 ;01:47:55;4.200;0.018;478.9;29.5;;;;;;;;;;;;;;;;;;
 ;01:47:56;4.200;0.018;478.9;29.5;;;;;;;;;;;;;;;;;;
 ;01:47:57;4.200;0.018;478.9;29.5;;;;;;;;;;;;;;;;;;
 ;01:47:58;4.200;0.018;478.9;29.5;;;;;;;;;;;;;;;;;;
 ;01:47:59;4.200;0.018;478.9;29.5;;;;;;;;;;;;;;;;;;
 ;01:48:00;4.200;0.018;478.9;29.5;;;;;;;;;;;;;;;;;;
 ;01:48:01;4.200;0.018;478.9;29.5;;;;;;;;;;;;;;;;;;
 ;01:48:02;4.200;0.018;478.9;29.5;;;;;;;;;;;;;;;;;;
 ;01:48:03;4.200;0.018;478.9;29.5;;;;;;;;;;;;;;;;;;
 ;01:48:04;4.200;0.018;478.9;29.5;;;;;;;;;;;;;;;;;;
 ;01:48:05;4.200;0.018;478.9;29.5;;;;;;;;;;;;;;;;;;
 ;01:48:06;4.200;0.018;478.9;29.5;;;;;;;;;;;;;;;;;;
 ;01:48:07;4.200;0.018;478.9;29.5;;;;;;;;;;;;;;;;;;
 ;01:48:08;4.200;0.018;478.9;29.5;;;;;;;;;;;;;;;;;;
 ;01:48:09;4.200;0.018;479.0;29.5;;;;;;;;;;;;;;;;;;
 ;01:48:10;4.200;0.018;479.0;29.5;;;;;;;;;;;;;;;;;;
 ;01:48:11;4.200;0.018;479.0;29.5;;;;;;;;;;;;;;;;;;
 ;01:48:12;4.200;0.018;479.0;29.5;;;;;;;;;;;;;;;;;;
 ;01:48:13;4.200;0.018;479.0;29.5;;;;;;;;;;;;;;;;;;
 ;01:48:14;4.200;0.018;479.0;29.5;;;;;;;;;;;;;;;;;;
 ;01:48:15;4.200;0.018;479.0;29.5;;;;;;;;;;;;;;;;;;
 ;01:48:16;4.200;0.018;479.0;29.5;;;;;;;;;;;;;;;;;;
 ;01:48:17;4.200;0.018;479.0;29.5;;;;;;;;;;;;;;;;;;
 ;01:48:18;4.200;0.018;479.0;29.5;;;;;;;;;;;;;;;;;;
 ;01:48:19;4.200;0.018;479.0;29.5;;;;;;;;;;;;;;;;;;
 ;01:48:20;4.200;0.018;479.0;29.5;;;;;;;;;;;;;;;;;;
 ;01:48:21;4.200;0.018;479.0;29.5;;;;;;;;;;;;;;;;;;
 ;01:48:22;4.200;0.018;479.0;29.5;;;;;;;;;;;;;;;;;;
 ;01:48:23;4.200;0.018;479.0;29.5;;;;;;;;;;;;;;;;;;
 ;01:48:24;4.200;0.018;479.0;29.5;;;;;;;;;;;;;;;;;;
 ;01:48:25;4.200;0.018;479.0;29.5;;;;;;;;;;;;;;;;;;
 ;01:48:26;4.200;0.018;479.0;29.5;;;;;;;;;;;;;;;;;;
 ;01:48:27;4.200;0.018;479.0;29.5;;;;;;;;;;;;;;;;;;
 ;01:48:28;4.200;0.018;479.0;29.5;;;;;;;;;;;;;;;;;;
 ;01:48:29;4.200;0.018;479.1;29.5;;;;;;;;;;;;;;;;;;
 ;01:48:30;4.200;0.018;479.1;29.5;;;;;;;;;;;;;;;;;;
 ;01:48:31;4.200;0.018;479.1;29.5;;;;;;;;;;;;;;;;;;
 ;01:48:32;4.200;0.018;479.1;29.5;;;;;;;;;;;;;;;;;;
 ;01:48:33;4.200;0.018;479.1;29.5;;;;;;;;;;;;;;;;;;
 ;01:48:34;4.200;0.018;479.1;29.5;;;;;;;;;;;;;;;;;;
 ;01:48:35;4.200;0.018;479.1;29.5;;;;;;;;;;;;;;;;;;
 ;01:48:36;4.200;0.018;479.1;29.5;;;;;;;;;;;;;;;;;;
 ;01:48:37;4.200;0.018;479.1;29.5;;;;;;;;;;;;;;;;;;
 ;01:48:38;4.200;0.018;479.1;29.5;;;;;;;;;;;;;;;;;;
 ;01:48:39;4.200;0.018;479.1;29.5;;;;;;;;;;;;;;;;;;
 ;01:48:40;4.200;0.018;479.1;29.5;;;;;;;;;;;;;;;;;;
 ;01:48:41;4.200;0.018;479.1;29.5;;;;;;;;;;;;;;;;;;
 ;01:48:42;4.200;0.018;479.1;29.5;;;;;;;;;;;;;;;;;;
 ;01:48:43;4.200;0.018;479.1;29.5;;;;;;;;;;;;;;;;;;
 ;01:48:44;4.200;0.018;479.1;29.5;;;;;;;;;;;;;;;;;;
 ;01:48:45;4.200;0.018;479.1;29.5;;;;;;;;;;;;;;;;;;
 ;01:48:46;4.200;0.018;479.1;29.5;;;;;;;;;;;;;;;;;;
 ;01:48:47;4.200;0.018;479.1;29.5;;;;;;;;;;;;;;;;;;
 ;01:48:48;4.200;0.018;479.1;29.5;;;;;;;;;;;;;;;;;;
 ;01:48:49;4.200;0.018;479.2;29.5;;;;;;;;;;;;;;;;;;
 ;01:48:50;4.200;0.018;479.2;29.5;;;;;;;;;;;;;;;;;;
 ;01:48:51;4.200;0.018;479.2;29.5;;;;;;;;;;;;;;;;;;
 ;01:48:52;4.200;0.018;479.2;29.5;;;;;;;;;;;;;;;;;;
 ;01:48:53;4.200;0.018;479.2;29.5;;;;;;;;;;;;;;;;;;
 ;01:48:54;4.200;0.018;479.2;29.5;;;;;;;;;;;;;;;;;;
 ;01:48:55;4.200;0.018;479.2;29.5;;;;;;;;;;;;;;;;;;
 ;01:48:56;4.200;0.018;479.2;29.5;;;;;;;;;;;;;;;;;;
 ;01:48:57;4.200;0.018;479.2;29.5;;;;;;;;;;;;;;;;;;
 ;01:48:58;4.200;0.018;479.2;29.5;;;;;;;;;;;;;;;;;;
 ;01:48:59;4.200;0.018;479.2;29.5;;;;;;;;;;;;;;;;;;
 ;01:49:00;4.200;0.018;479.2;29.5;;;;;;;;;;;;;;;;;;
 ;01:49:01;4.200;0.018;479.2;29.5;;;;;;;;;;;;;;;;;;
 ;01:49:02;4.200;0.018;479.2;29.5;;;;;;;;;;;;;;;;;;
 ;01:49:03;4.200;0.018;479.2;29.5;;;;;;;;;;;;;;;;;;
 ;01:49:04;4.200;0.018;479.2;29.5;;;;;;;;;;;;;;;;;;
 ;01:49:05;4.200;0.018;479.2;29.5;;;;;;;;;;;;;;;;;;
 ;01:49:06;4.200;0.018;479.2;29.5;;;;;;;;;;;;;;;;;;
 ;01:49:07;4.200;0.018;479.2;29.5;;;;;;;;;;;;;;;;;;
 ;01:49:08;4.200;0.018;479.2;29.5;;;;;;;;;;;;;;;;;;
 ;01:49:09;4.200;0.018;479.3;29.5;;;;;;;;;;;;;;;;;;
 ;01:49:10;4.200;0.018;479.3;29.5;;;;;;;;;;;;;;;;;;
 ;01:49:11;4.200;0.018;479.3;29.5;;;;;;;;;;;;;;;;;;
 ;01:49:12;4.200;0.018;479.3;29.5;;;;;;;;;;;;;;;;;;
 ;01:49:13;4.200;0.018;479.3;29.5;;;;;;;;;;;;;;;;;;
 ;01:49:14;4.200;0.018;479.3;29.5;;;;;;;;;;;;;;;;;;
 ;01:49:15;4.200;0.017;479.3;29.5;;;;;;;;;;;;;;;;;;
 ;01:49:16;4.200;0.017;479.3;29.5;;;;;;;;;;;;;;;;;;
 ;01:49:17;4.200;0.017;479.3;29.5;;;;;;;;;;;;;;;;;;
 ;01:49:18;4.200;0.017;479.3;29.5;;;;;;;;;;;;;;;;;;
 ;01:49:19;4.200;0.017;479.3;29.5;;;;;;;;;;;;;;;;;;
 ;01:49:20;4.200;0.017;479.3;29.5;;;;;;;;;;;;;;;;;;
 ;01:49:21;4.200;0.017;479.3;29.5;;;;;;;;;;;;;;;;;;
 ;01:49:22;4.200;0.017;479.3;29.5;;;;;;;;;;;;;;;;;;
 ;01:49:23;4.200;0.017;479.3;29.5;;;;;;;;;;;;;;;;;;
 ;01:49:24;4.200;0.017;479.3;29.5;;;;;;;;;;;;;;;;;;
 ;01:49:25;4.200;0.017;479.3;29.5;;;;;;;;;;;;;;;;;;
 ;01:49:26;4.200;0.017;479.3;29.5;;;;;;;;;;;;;;;;;;
 ;01:49:27;4.200;0.017;479.3;29.5;;;;;;;;;;;;;;;;;;
 ;01:49:28;4.200;0.017;479.3;29.5;;;;;;;;;;;;;;;;;;
 ;01:49:29;4.200;0.017;479.3;29.5;;;;;;;;;;;;;;;;;;
 ;01:49:30;4.200;0.017;479.4;29.5;;;;;;;;;;;;;;;;;;
 ;01:49:31;4.200;0.017;479.4;29.5;;;;;;;;;;;;;;;;;;
 ;01:49:32;4.200;0.017;479.4;29.5;;;;;;;;;;;;;;;;;;
 ;01:49:33;4.200;0.017;479.4;29.5;;;;;;;;;;;;;;;;;;
 ;01:49:34;4.200;0.017;479.4;29.5;;;;;;;;;;;;;;;;;;
 ;01:49:35;4.200;0.017;479.4;29.5;;;;;;;;;;;;;;;;;;
 ;01:49:36;4.200;0.017;479.4;29.5;;;;;;;;;;;;;;;;;;
 ;01:49:37;4.200;0.017;479.4;29.5;;;;;;;;;;;;;;;;;;
 ;01:49:38;4.200;0.017;479.4;29.5;;;;;;;;;;;;;;;;;;
 ;01:49:39;4.200;0.017;479.4;29.5;;;;;;;;;;;;;;;;;;
 ;01:49:40;4.200;0.017;479.4;29.5;;;;;;;;;;;;;;;;;;
 ;01:49:41;4.200;0.017;479.4;29.5;;;;;;;;;;;;;;;;;;
 ;01:49:42;4.200;0.017;479.4;29.5;;;;;;;;;;;;;;;;;;
 ;01:49:43;4.200;0.017;479.4;29.5;;;;;;;;;;;;;;;;;;
 ;01:49:44;4.200;0.017;479.4;29.5;;;;;;;;;;;;;;;;;;
 ;01:49:45;4.200;0.017;479.4;29.5;;;;;;;;;;;;;;;;;;
 ;01:49:46;4.200;0.017;479.4;29.5;;;;;;;;;;;;;;;;;;
 ;01:49:47;4.200;0.017;479.4;29.5;;;;;;;;;;;;;;;;;;
 ;01:49:48;4.200;0.017;479.4;29.5;;;;;;;;;;;;;;;;;;
 ;01:49:49;4.200;0.017;479.4;29.5;;;;;;;;;;;;;;;;;;
 ;01:49:50;4.200;0.017;479.4;29.5;;;;;;;;;;;;;;;;;;
 ;01:49:51;4.200;0.017;479.5;29.5;;;;;;;;;;;;;;;;;;
 ;01:49:52;4.200;0.017;479.5;29.5;;;;;;;;;;;;;;;;;;
 ;01:49:53;4.200;0.017;479.5;29.5;;;;;;;;;;;;;;;;;;
 ;01:49:54;4.200;0.017;479.5;29.5;;;;;;;;;;;;;;;;;;
 ;01:49:55;4.200;0.017;479.5;29.5;;;;;;;;;;;;;;;;;;
 ;01:49:56;4.200;0.017;479.5;29.5;;;;;;;;;;;;;;;;;;
 ;01:49:57;4.200;0.017;479.5;29.5;;;;;;;;;;;;;;;;;;
 ;01:49:58;4.200;0.017;479.5;29.5;;;;;;;;;;;;;;;;;;
 ;01:49:59;4.200;0.017;479.5;29.5;;;;;;;;;;;;;;;;;;
 ;01:50:00;4.200;0.017;479.5;29.5;;;;;;;;;;;;;;;;;;
 ;01:50:01;4.200;0.017;479.5;29.5;;;;;;;;;;;;;;;;;;
 ;01:50:02;4.200;0.017;479.5;29.5;;;;;;;;;;;;;;;;;;
 ;01:50:03;4.200;0.017;479.5;29.5;;;;;;;;;;;;;;;;;;
 ;01:50:04;4.200;0.017;479.5;29.5;;;;;;;;;;;;;;;;;;
 ;01:50:05;4.200;0.017;479.5;29.5;;;;;;;;;;;;;;;;;;
 ;01:50:06;4.200;0.017;479.5;29.5;;;;;;;;;;;;;;;;;;
 ;01:50:07;4.200;0.017;479.5;29.5;;;;;;;;;;;;;;;;;;
 ;01:50:08;4.200;0.017;479.5;29.5;;;;;;;;;;;;;;;;;;
 ;01:50:09;4.200;0.017;479.5;29.5;;;;;;;;;;;;;;;;;;
 ;01:50:10;4.200;0.017;479.5;29.5;;;;;;;;;;;;;;;;;;
 ;01:50:11;4.200;0.017;479.5;29.5;;;;;;;;;;;;;;;;;;
 ;01:50:12;4.200;0.017;479.5;29.5;;;;;;;;;;;;;;;;;;
 ;01:50:13;4.200;0.017;479.6;29.5;;;;;;;;;;;;;;;;;;
 ;01:50:14;4.200;0.017;479.6;29.5;;;;;;;;;;;;;;;;;;
 ;01:50:15;4.200;0.017;479.6;29.5;;;;;;;;;;;;;;;;;;
 ;01:50:16;4.200;0.017;479.6;29.5;;;;;;;;;;;;;;;;;;
 ;01:50:17;4.200;0.017;479.6;29.5;;;;;;;;;;;;;;;;;;
 ;01:50:18;4.200;0.017;479.6;29.5;;;;;;;;;;;;;;;;;;
 ;01:50:19;4.200;0.017;479.6;29.5;;;;;;;;;;;;;;;;;;
 ;01:50:20;4.200;0.017;479.6;29.5;;;;;;;;;;;;;;;;;;
 ;01:50:21;4.200;0.017;479.6;29.5;;;;;;;;;;;;;;;;;;
 ;01:50:22;4.200;0.017;479.6;29.5;;;;;;;;;;;;;;;;;;
 ;01:50:23;4.200;0.017;479.6;29.5;;;;;;;;;;;;;;;;;;
 ;01:50:24;4.200;0.017;479.6;29.5;;;;;;;;;;;;;;;;;;
 ;01:50:25;4.200;0.017;479.6;29.5;;;;;;;;;;;;;;;;;;
 ;01:50:26;4.200;0.017;479.6;29.5;;;;;;;;;;;;;;;;;;
 ;01:50:27;4.200;0.017;479.6;29.5;;;;;;;;;;;;;;;;;;
 ;01:50:28;4.200;0.017;479.6;29.5;;;;;;;;;;;;;;;;;;
 ;01:50:29;4.200;0.017;479.6;29.5;;;;;;;;;;;;;;;;;;
 ;01:50:30;4.200;0.017;479.6;29.5;;;;;;;;;;;;;;;;;;
 ;01:50:31;4.200;0.017;479.6;29.5;;;;;;;;;;;;;;;;;;
 ;01:50:32;4.200;0.017;479.6;29.5;;;;;;;;;;;;;;;;;;
 ;01:50:33;4.200;0.017;479.6;29.5;;;;;;;;;;;;;;;;;;
 ;01:50:34;4.200;0.017;479.7;29.5;;;;;;;;;;;;;;;;;;
 ;01:50:35;4.200;0.017;479.7;29.5;;;;;;;;;;;;;;;;;;
 ;01:50:36;4.200;0.017;479.7;29.5;;;;;;;;;;;;;;;;;;
 ;01:50:37;4.200;0.017;479.7;29.5;;;;;;;;;;;;;;;;;;
 ;01:50:38;4.200;0.017;479.7;29.5;;;;;;;;;;;;;;;;;;
 ;01:50:39;4.200;0.017;479.7;29.5;;;;;;;;;;;;;;;;;;
 ;01:50:40;4.200;0.017;479.7;29.5;;;;;;;;;;;;;;;;;;
 ;01:50:41;4.200;0.017;479.7;29.5;;;;;;;;;;;;;;;;;;
 ;01:50:42;4.200;0.017;479.7;29.5;;;;;;;;;;;;;;;;;;
 ;01:50:43;4.200;0.017;479.7;29.5;;;;;;;;;;;;;;;;;;
 ;01:50:44;4.200;0.017;479.7;29.5;;;;;;;;;;;;;;;;;;
 ;01:50:45;4.200;0.017;479.7;29.5;;;;;;;;;;;;;;;;;;
 ;01:50:46;4.200;0.017;479.7;29.5;;;;;;;;;;;;;;;;;;
 ;01:50:47;4.200;0.017;479.7;29.5;;;;;;;;;;;;;;;;;;
 ;01:50:48;4.200;0.017;479.7;29.5;;;;;;;;;;;;;;;;;;
 ;01:50:49;4.200;0.017;479.7;29.5;;;;;;;;;;;;;;;;;;
 ;01:50:50;4.200;0.017;479.7;29.5;;;;;;;;;;;;;;;;;;
 ;01:50:51;4.200;0.017;479.7;29.5;;;;;;;;;;;;;;;;;;
 ;01:50:52;4.200;0.017;479.7;29.5;;;;;;;;;;;;;;;;;;
 ;01:50:53;4.200;0.017;479.7;29.5;;;;;;;;;;;;;;;;;;
 ;01:50:54;4.200;0.017;479.7;29.5;;;;;;;;;;;;;;;;;;
 ;01:50:55;4.200;0.017;479.8;29.5;;;;;;;;;;;;;;;;;;
 ;01:50:56;4.200;0.017;479.8;29.5;;;;;;;;;;;;;;;;;;
 ;01:50:57;4.200;0.017;479.8;29.5;;;;;;;;;;;;;;;;;;
 ;01:50:58;4.200;0.017;479.8;29.5;;;;;;;;;;;;;;;;;;
 ;01:50:59;4.200;0.017;479.8;29.5;;;;;;;;;;;;;;;;;;
 ;01:51:00;4.200;0.017;479.8;29.5;;;;;;;;;;;;;;;;;;
 ;01:51:01;4.200;0.017;479.8;29.5;;;;;;;;;;;;;;;;;;
 ;01:51:02;4.200;0.017;479.8;29.5;;;;;;;;;;;;;;;;;;
 ;01:51:03;4.200;0.017;479.8;29.5;;;;;;;;;;;;;;;;;;
 ;01:51:04;4.200;0.017;479.8;29.5;;;;;;;;;;;;;;;;;;
 ;01:51:05;4.200;0.017;479.8;29.5;;;;;;;;;;;;;;;;;;
 ;01:51:06;4.200;0.017;479.8;29.5;;;;;;;;;;;;;;;;;;
 ;01:51:07;4.200;0.017;479.8;29.5;;;;;;;;;;;;;;;;;;
 ;01:51:08;4.200;0.017;479.8;29.5;;;;;;;;;;;;;;;;;;
 ;01:51:09;4.200;0.017;479.8;29.5;;;;;;;;;;;;;;;;;;
 ;01:51:10;4.200;0.017;479.8;29.5;;;;;;;;;;;;;;;;;;
 ;01:51:11;4.200;0.017;479.8;29.5;;;;;;;;;;;;;;;;;;
 ;01:51:12;4.200;0.017;479.8;29.5;;;;;;;;;;;;;;;;;;
 ;01:51:13;4.200;0.017;479.8;29.5;;;;;;;;;;;;;;;;;;
 ;01:51:14;4.200;0.017;479.8;29.5;;;;;;;;;;;;;;;;;;
 ;01:51:15;4.200;0.017;479.8;29.5;;;;;;;;;;;;;;;;;;
 ;01:51:16;4.200;0.017;479.9;29.5;;;;;;;;;;;;;;;;;;
 ;01:51:17;4.200;0.017;479.9;29.5;;;;;;;;;;;;;;;;;;
 ;01:51:18;4.200;0.017;479.9;29.5;;;;;;;;;;;;;;;;;;
 ;01:51:19;4.200;0.017;479.9;29.5;;;;;;;;;;;;;;;;;;
 ;01:51:20;4.200;0.017;479.9;29.5;;;;;;;;;;;;;;;;;;
 ;01:51:21;4.200;0.017;479.9;29.5;;;;;;;;;;;;;;;;;;
 ;01:51:22;4.200;0.017;479.9;29.5;;;;;;;;;;;;;;;;;;
 ;01:51:23;4.200;0.017;479.9;29.5;;;;;;;;;;;;;;;;;;
 ;01:51:24;4.200;0.017;479.9;29.5;;;;;;;;;;;;;;;;;;
 ;01:51:25;4.200;0.017;479.9;29.5;;;;;;;;;;;;;;;;;;
 ;01:51:26;4.200;0.017;479.9;29.5;;;;;;;;;;;;;;;;;;
 ;01:51:27;4.200;0.017;479.9;29.5;;;;;;;;;;;;;;;;;;
 ;01:51:28;4.200;0.017;479.9;29.5;;;;;;;;;;;;;;;;;;
 ;01:51:29;4.200;0.017;479.9;29.5;;;;;;;;;;;;;;;;;;
 ;01:51:30;4.200;0.017;479.9;29.5;;;;;;;;;;;;;;;;;;
 ;01:51:31;4.200;0.017;479.9;29.5;;;;;;;;;;;;;;;;;;
 ;01:51:32;4.200;0.017;479.9;29.5;;;;;;;;;;;;;;;;;;
 ;01:51:33;4.200;0.017;479.9;29.5;;;;;;;;;;;;;;;;;;
 ;01:51:34;4.200;0.017;479.9;29.5;;;;;;;;;;;;;;;;;;
 ;01:51:35;4.200;0.017;479.9;29.5;;;;;;;;;;;;;;;;;;
 ;01:51:36;4.200;0.017;479.9;29.5;;;;;;;;;;;;;;;;;;
 ;01:51:37;4.200;0.017;480.0;29.5;;;;;;;;;;;;;;;;;;
 ;01:51:38;4.200;0.017;480.0;29.5;;;;;;;;;;;;;;;;;;
 ;01:51:39;4.200;0.017;480.0;29.5;;;;;;;;;;;;;;;;;;
 ;01:51:40;4.200;0.017;480.0;29.5;;;;;;;;;;;;;;;;;;
 ;01:51:41;4.200;0.017;480.0;29.5;;;;;;;;;;;;;;;;;;
 ;01:51:42;4.200;0.017;480.0;29.5;;;;;;;;;;;;;;;;;;
 ;01:51:43;4.200;0.017;480.0;29.5;;;;;;;;;;;;;;;;;;
 ;01:51:44;4.200;0.017;480.0;29.5;;;;;;;;;;;;;;;;;;
 ;01:51:45;4.200;0.017;480.0;29.5;;;;;;;;;;;;;;;;;;
 ;01:51:46;4.200;0.017;480.0;29.5;;;;;;;;;;;;;;;;;;
 ;01:51:47;4.200;0.017;480.0;29.5;;;;;;;;;;;;;;;;;;
 ;01:51:48;4.200;0.017;480.0;29.5;;;;;;;;;;;;;;;;;;
 ;01:51:49;4.200;0.017;480.0;29.5;;;;;;;;;;;;;;;;;;
 ;01:51:50;4.200;0.017;480.0;29.5;;;;;;;;;;;;;;;;;;
 ;01:51:51;4.200;0.017;480.0;29.5;;;;;;;;;;;;;;;;;;
 ;01:51:52;4.200;0.017;480.0;29.5;;;;;;;;;;;;;;;;;;
 ;01:51:53;4.200;0.017;480.0;29.5;;;;;;;;;;;;;;;;;;
 ;01:51:54;4.200;0.017;480.0;29.5;;;;;;;;;;;;;;;;;;
 ;01:51:55;4.200;0.017;480.0;29.5;;;;;;;;;;;;;;;;;;
 ;01:51:56;4.200;0.017;480.0;29.5;;;;;;;;;;;;;;;;;;
 ;01:51:57;4.200;0.017;480.0;29.5;;;;;;;;;;;;;;;;;;
 ;01:51:58;4.200;0.017;480.0;29.5;;;;;;;;;;;;;;;;;;
 ;01:51:59;4.200;0.017;480.1;29.5;;;;;;;;;;;;;;;;;;
 ;01:52:00;4.200;0.017;480.1;29.5;;;;;;;;;;;;;;;;;;
 ;01:52:01;4.200;0.017;480.1;29.5;;;;;;;;;;;;;;;;;;
 ;01:52:02;4.200;0.017;480.1;29.5;;;;;;;;;;;;;;;;;;
 ;01:52:03;4.200;0.017;480.1;29.5;;;;;;;;;;;;;;;;;;
 ;01:52:04;4.200;0.017;480.1;29.5;;;;;;;;;;;;;;;;;;
 ;01:52:05;4.200;0.017;480.1;29.5;;;;;;;;;;;;;;;;;;
 ;01:52:06;4.200;0.017;480.1;29.5;;;;;;;;;;;;;;;;;;
 ;01:52:07;4.200;0.017;480.1;29.5;;;;;;;;;;;;;;;;;;
 ;01:52:08;4.200;0.017;480.1;29.5;;;;;;;;;;;;;;;;;;
 ;01:52:09;4.200;0.017;480.1;29.5;;;;;;;;;;;;;;;;;;
 ;01:52:10;4.200;0.017;480.1;29.5;;;;;;;;;;;;;;;;;;
 ;01:52:11;4.200;0.017;480.1;29.5;;;;;;;;;;;;;;;;;;
 ;01:52:12;4.200;0.017;480.1;29.5;;;;;;;;;;;;;;;;;;
 ;01:52:13;4.200;0.017;480.1;29.5;;;;;;;;;;;;;;;;;;
 ;01:52:14;4.200;0.017;480.1;29.5;;;;;;;;;;;;;;;;;;
 ;01:52:15;4.200;0.017;480.1;29.5;;;;;;;;;;;;;;;;;;
 ;01:52:16;4.200;0.017;480.1;29.5;;;;;;;;;;;;;;;;;;
 ;01:52:17;4.200;0.017;480.1;29.5;;;;;;;;;;;;;;;;;;
 ;01:52:18;4.200;0.017;480.1;29.5;;;;;;;;;;;;;;;;;;
 ;01:52:19;4.200;0.017;480.1;29.5;;;;;;;;;;;;;;;;;;
 ;01:52:20;4.200;0.017;480.2;29.5;;;;;;;;;;;;;;;;;;
 ;01:52:21;4.200;0.017;480.2;29.5;;;;;;;;;;;;;;;;;;
 ;01:52:22;4.200;0.017;480.2;29.5;;;;;;;;;;;;;;;;;;
 ;01:52:23;4.200;0.017;480.2;29.5;;;;;;;;;;;;;;;;;;
 ;01:52:24;4.200;0.017;480.2;29.5;;;;;;;;;;;;;;;;;;
 ;01:52:25;4.200;0.017;480.2;29.5;;;;;;;;;;;;;;;;;;
 ;01:52:26;4.200;0.017;480.2;29.5;;;;;;;;;;;;;;;;;;
 ;01:52:27;4.200;0.017;480.2;29.5;;;;;;;;;;;;;;;;;;
 ;01:52:28;4.200;0.017;480.2;29.5;;;;;;;;;;;;;;;;;;
 ;01:52:29;4.200;0.017;480.2;29.5;;;;;;;;;;;;;;;;;;
 ;01:52:30;4.200;0.017;480.2;29.5;;;;;;;;;;;;;;;;;;
 ;01:52:31;4.200;0.017;480.2;29.5;;;;;;;;;;;;;;;;;;
 ;01:52:32;4.200;0.017;480.2;29.5;;;;;;;;;;;;;;;;;;
 ;01:52:33;4.200;0.017;480.2;29.5;;;;;;;;;;;;;;;;;;
 ;01:52:34;4.200;0.017;480.2;29.5;;;;;;;;;;;;;;;;;;
 ;01:52:35;4.200;0.017;480.2;29.5;;;;;;;;;;;;;;;;;;
 ;01:52:36;4.200;0.017;480.2;29.5;;;;;;;;;;;;;;;;;;
 ;01:52:37;4.200;0.017;480.2;29.5;;;;;;;;;;;;;;;;;;
 ;01:52:38;4.200;0.017;480.2;29.5;;;;;;;;;;;;;;;;;;
 ;01:52:39;4.200;0.017;480.2;29.5;;;;;;;;;;;;;;;;;;
 ;01:52:40;4.200;0.017;480.2;29.5;;;;;;;;;;;;;;;;;;
 ;01:52:41;4.200;0.017;480.3;29.5;;;;;;;;;;;;;;;;;;
 ;01:52:42;4.200;0.017;480.3;29.5;;;;;;;;;;;;;;;;;;
 ;01:52:43;4.200;0.017;480.3;29.5;;;;;;;;;;;;;;;;;;
 ;01:52:44;4.200;0.017;480.3;29.5;;;;;;;;;;;;;;;;;;
 ;01:52:45;4.200;0.017;480.3;29.5;;;;;;;;;;;;;;;;;;
 ;01:52:46;4.200;0.017;480.3;29.5;;;;;;;;;;;;;;;;;;
 ;01:52:47;4.200;0.017;480.3;29.5;;;;;;;;;;;;;;;;;;
 ;01:52:48;4.200;0.017;480.3;29.5;;;;;;;;;;;;;;;;;;
 ;01:52:49;4.200;0.017;480.3;29.5;;;;;;;;;;;;;;;;;;
 ;01:52:50;4.200;0.017;480.3;29.5;;;;;;;;;;;;;;;;;;
 ;01:52:51;4.200;0.017;480.3;29.5;;;;;;;;;;;;;;;;;;
 ;01:52:52;4.200;0.017;480.3;29.5;;;;;;;;;;;;;;;;;;
 ;01:52:53;4.200;0.017;480.3;29.5;;;;;;;;;;;;;;;;;;
 ;01:52:54;4.200;0.017;480.3;29.5;;;;;;;;;;;;;;;;;;
 ;01:52:55;4.200;0.017;480.3;29.5;;;;;;;;;;;;;;;;;;
 ;01:52:56;4.200;0.017;480.3;29.5;;;;;;;;;;;;;;;;;;
 ;01:52:57;4.200;0.017;480.3;29.5;;;;;;;;;;;;;;;;;;
 ;01:52:58;4.200;0.017;480.3;29.5;;;;;;;;;;;;;;;;;;
 ;01:52:59;4.200;0.017;480.3;29.5;;;;;;;;;;;;;;;;;;
 ;01:53:00;4.200;0.017;480.3;29.5;;;;;;;;;;;;;;;;;;
 ;01:53:01;4.200;0.017;480.3;29.5;;;;;;;;;;;;;;;;;;
 ;01:53:02;4.200;0.017;480.4;29.5;;;;;;;;;;;;;;;;;;
 ;01:53:03;4.200;0.017;480.4;29.5;;;;;;;;;;;;;;;;;;
 ;01:53:04;4.200;0.017;480.4;29.5;;;;;;;;;;;;;;;;;;
 ;01:53:05;4.200;0.017;480.4;29.5;;;;;;;;;;;;;;;;;;
 ;01:53:06;4.200;0.017;480.4;29.5;;;;;;;;;;;;;;;;;;
 ;01:53:07;4.200;0.017;480.4;29.5;;;;;;;;;;;;;;;;;;
 ;01:53:08;4.200;0.017;480.4;29.5;;;;;;;;;;;;;;;;;;
 ;01:53:09;4.200;0.017;480.4;29.5;;;;;;;;;;;;;;;;;;
 ;01:53:10;4.200;0.017;480.4;29.5;;;;;;;;;;;;;;;;;;
 ;01:53:11;4.200;0.017;480.4;29.5;;;;;;;;;;;;;;;;;;
 ;01:53:12;4.200;0.017;480.4;29.5;;;;;;;;;;;;;;;;;;
 ;01:53:13;4.200;0.017;480.4;29.5;;;;;;;;;;;;;;;;;;
 ;01:53:14;4.200;0.017;480.4;29.5;;;;;;;;;;;;;;;;;;
 ;01:53:15;4.200;0.017;480.4;29.5;;;;;;;;;;;;;;;;;;
 ;01:53:16;4.200;0.017;480.4;29.5;;;;;;;;;;;;;;;;;;
 ;01:53:17;4.200;0.017;480.4;29.5;;;;;;;;;;;;;;;;;;
 ;01:53:18;4.200;0.017;480.4;29.5;;;;;;;;;;;;;;;;;;
 ;01:53:19;4.200;0.017;480.4;29.5;;;;;;;;;;;;;;;;;;
 ;01:53:20;4.200;0.017;480.4;29.5;;;;;;;;;;;;;;;;;;
 ;01:53:21;4.200;0.017;480.4;29.5;;;;;;;;;;;;;;;;;;
 ;01:53:22;4.200;0.017;480.4;29.5;;;;;;;;;;;;;;;;;;
 ;01:53:23;4.200;0.017;480.5;29.5;;;;;;;;;;;;;;;;;;
 ;01:53:24;4.200;0.017;480.5;29.5;;;;;;;;;;;;;;;;;;
 ;01:53:25;4.200;0.017;480.5;29.5;;;;;;;;;;;;;;;;;;
 ;01:53:26;4.200;0.017;480.5;29.5;;;;;;;;;;;;;;;;;;
 ;01:53:27;4.200;0.017;480.5;29.5;;;;;;;;;;;;;;;;;;
 ;01:53:28;4.200;0.017;480.5;29.5;;;;;;;;;;;;;;;;;;
 ;01:53:29;4.200;0.017;480.5;29.5;;;;;;;;;;;;;;;;;;
 ;01:53:30;4.200;0.017;480.5;29.5;;;;;;;;;;;;;;;;;;
 ;01:53:31;4.200;0.017;480.5;29.5;;;;;;;;;;;;;;;;;;
 ;01:53:32;4.200;0.017;480.5;29.5;;;;;;;;;;;;;;;;;;
 ;01:53:33;4.200;0.017;480.5;29.5;;;;;;;;;;;;;;;;;;
 ;01:53:34;4.200;0.017;480.5;29.5;;;;;;;;;;;;;;;;;;
 ;01:53:35;4.200;0.017;480.5;29.5;;;;;;;;;;;;;;;;;;
 ;01:53:36;4.200;0.017;480.5;29.5;;;;;;;;;;;;;;;;;;
 ;01:53:37;4.200;0.017;480.5;29.5;;;;;;;;;;;;;;;;;;
 ;01:53:38;4.200;0.017;480.5;29.5;;;;;;;;;;;;;;;;;;
 ;01:53:39;4.200;0.017;480.5;29.5;;;;;;;;;;;;;;;;;;
 ;01:53:40;4.200;0.017;480.5;29.5;;;;;;;;;;;;;;;;;;
 ;01:53:41;4.200;0.017;480.5;29.5;;;;;;;;;;;;;;;;;;
 ;01:53:42;4.200;0.017;480.5;29.5;;;;;;;;;;;;;;;;;;
 ;01:53:43;4.200;0.017;480.5;29.5;;;;;;;;;;;;;;;;;;
 ;01:53:44;4.200;0.017;480.6;29.5;;;;;;;;;;;;;;;;;;
 ;01:53:45;4.200;0.017;480.6;29.5;;;;;;;;;;;;;;;;;;
 ;01:53:46;4.200;0.017;480.6;29.5;;;;;;;;;;;;;;;;;;
 ;01:53:47;4.200;0.016;480.6;29.5;;;;;;;;;;;;;;;;;;
 ;01:53:48;4.200;0.016;480.6;29.5;;;;;;;;;;;;;;;;;;
 ;01:53:49;4.200;0.016;480.6;29.5;;;;;;;;;;;;;;;;;;
 ;01:53:50;4.200;0.016;480.6;29.5;;;;;;;;;;;;;;;;;;
 ;01:53:51;4.200;0.016;480.6;29.5;;;;;;;;;;;;;;;;;;
 ;01:53:52;4.200;0.016;480.6;29.5;;;;;;;;;;;;;;;;;;
 ;01:53:53;4.200;0.016;480.6;29.5;;;;;;;;;;;;;;;;;;
 ;01:53:54;4.200;0.016;480.6;29.5;;;;;;;;;;;;;;;;;;
 ;01:53:55;4.200;0.016;480.6;29.5;;;;;;;;;;;;;;;;;;
 ;01:53:56;4.200;0.016;480.6;29.5;;;;;;;;;;;;;;;;;;
 ;01:53:57;4.200;0.016;480.6;29.5;;;;;;;;;;;;;;;;;;
 ;01:53:58;4.200;0.016;480.6;29.5;;;;;;;;;;;;;;;;;;
 ;01:53:59;4.200;0.016;480.6;29.5;;;;;;;;;;;;;;;;;;
 ;01:54:00;4.200;0.016;480.6;29.5;;;;;;;;;;;;;;;;;;
 ;01:54:01;4.200;0.016;480.6;29.5;;;;;;;;;;;;;;;;;;
 ;01:54:02;4.200;0.016;480.6;29.5;;;;;;;;;;;;;;;;;;
 ;01:54:03;4.200;0.016;480.6;29.5;;;;;;;;;;;;;;;;;;
 ;01:54:04;4.200;0.016;480.6;29.5;;;;;;;;;;;;;;;;;;
 ;01:54:05;4.200;0.016;480.6;29.5;;;;;;;;;;;;;;;;;;
 ;01:54:06;4.200;0.016;480.6;29.5;;;;;;;;;;;;;;;;;;
 ;01:54:07;4.200;0.016;480.7;29.5;;;;;;;;;;;;;;;;;;
 ;01:54:08;4.200;0.016;480.7;29.5;;;;;;;;;;;;;;;;;;
 ;01:54:09;4.200;0.016;480.7;29.5;;;;;;;;;;;;;;;;;;
 ;01:54:10;4.200;0.016;480.7;29.5;;;;;;;;;;;;;;;;;;
 ;01:54:11;4.200;0.016;480.7;29.5;;;;;;;;;;;;;;;;;;
 ;01:54:12;4.200;0.016;480.7;29.5;;;;;;;;;;;;;;;;;;
 ;01:54:13;4.200;0.016;480.7;29.5;;;;;;;;;;;;;;;;;;
 ;01:54:14;4.200;0.016;480.7;29.5;;;;;;;;;;;;;;;;;;
 ;01:54:15;4.200;0.016;480.7;29.5;;;;;;;;;;;;;;;;;;
 ;01:54:16;4.200;0.016;480.7;29.5;;;;;;;;;;;;;;;;;;
 ;01:54:17;4.200;0.016;480.7;29.5;;;;;;;;;;;;;;;;;;
 ;01:54:18;4.200;0.016;480.7;29.5;;;;;;;;;;;;;;;;;;
 ;01:54:19;4.200;0.016;480.7;29.5;;;;;;;;;;;;;;;;;;
 ;01:54:20;4.200;0.016;480.7;29.5;;;;;;;;;;;;;;;;;;
 ;01:54:21;4.200;0.016;480.7;29.5;;;;;;;;;;;;;;;;;;
 ;01:54:22;4.200;0.016;480.7;29.5;;;;;;;;;;;;;;;;;;
 ;01:54:23;4.200;0.016;480.7;29.5;;;;;;;;;;;;;;;;;;
 ;01:54:24;4.200;0.016;480.7;29.5;;;;;;;;;;;;;;;;;;
 ;01:54:25;4.200;0.016;480.7;29.5;;;;;;;;;;;;;;;;;;
 ;01:54:26;4.200;0.016;480.7;29.5;;;;;;;;;;;;;;;;;;
 ;01:54:27;4.200;0.016;480.7;29.5;;;;;;;;;;;;;;;;;;
 ;01:54:28;4.200;0.016;480.7;29.5;;;;;;;;;;;;;;;;;;
 ;01:54:29;4.200;0.016;480.8;29.5;;;;;;;;;;;;;;;;;;
 ;01:54:30;4.200;0.016;480.8;29.5;;;;;;;;;;;;;;;;;;
 ;01:54:31;4.200;0.016;480.8;29.5;;;;;;;;;;;;;;;;;;
 ;01:54:32;4.200;0.016;480.8;29.5;;;;;;;;;;;;;;;;;;
 ;01:54:33;4.200;0.016;480.8;29.5;;;;;;;;;;;;;;;;;;
 ;01:54:34;4.200;0.016;480.8;29.5;;;;;;;;;;;;;;;;;;
 ;01:54:35;4.200;0.016;480.8;29.5;;;;;;;;;;;;;;;;;;
 ;01:54:36;4.200;0.016;480.8;29.5;;;;;;;;;;;;;;;;;;
 ;01:54:37;4.200;0.016;480.8;29.5;;;;;;;;;;;;;;;;;;
 ;01:54:38;4.200;0.016;480.8;29.5;;;;;;;;;;;;;;;;;;
 ;01:54:39;4.200;0.016;480.8;29.5;;;;;;;;;;;;;;;;;;
 ;01:54:40;4.200;0.016;480.8;29.5;;;;;;;;;;;;;;;;;;
 ;01:54:41;4.200;0.016;480.8;29.5;;;;;;;;;;;;;;;;;;
 ;01:54:42;4.200;0.016;480.8;29.5;;;;;;;;;;;;;;;;;;
 ;01:54:43;4.200;0.016;480.8;29.5;;;;;;;;;;;;;;;;;;
 ;01:54:44;4.200;0.016;480.8;29.5;;;;;;;;;;;;;;;;;;
 ;01:54:45;4.200;0.016;480.8;29.5;;;;;;;;;;;;;;;;;;
 ;01:54:46;4.200;0.016;480.8;29.5;;;;;;;;;;;;;;;;;;
 ;01:54:47;4.200;0.016;480.8;29.5;;;;;;;;;;;;;;;;;;
 ;01:54:48;4.200;0.016;480.8;29.5;;;;;;;;;;;;;;;;;;
 ;01:54:49;4.200;0.016;480.8;29.5;;;;;;;;;;;;;;;;;;
 ;01:54:50;4.200;0.016;480.8;29.5;;;;;;;;;;;;;;;;;;
 ;01:54:51;4.200;0.016;480.8;29.5;;;;;;;;;;;;;;;;;;
 ;01:54:52;4.200;0.016;480.9;29.5;;;;;;;;;;;;;;;;;;
 ;01:54:53;4.200;0.016;480.9;29.5;;;;;;;;;;;;;;;;;;
 ;01:54:54;4.200;0.016;480.9;29.4;;;;;;;;;;;;;;;;;;
 ;01:54:55;4.200;0.016;480.9;29.5;;;;;;;;;;;;;;;;;;
 ;01:54:56;4.200;0.016;480.9;29.4;;;;;;;;;;;;;;;;;;
 ;01:54:57;4.200;0.016;480.9;29.5;;;;;;;;;;;;;;;;;;
 ;01:54:58;4.200;0.016;480.9;29.5;;;;;;;;;;;;;;;;;;
 ;01:54:59;4.200;0.016;480.9;29.5;;;;;;;;;;;;;;;;;;
 ;01:55:00;4.200;0.016;480.9;29.5;;;;;;;;;;;;;;;;;;
 ;01:55:01;4.200;0.016;480.9;29.5;;;;;;;;;;;;;;;;;;
 ;01:55:02;4.200;0.016;480.9;29.4;;;;;;;;;;;;;;;;;;
 ;01:55:03;4.200;0.016;480.9;29.4;;;;;;;;;;;;;;;;;;
 ;01:55:04;4.200;0.016;480.9;29.5;;;;;;;;;;;;;;;;;;
 ;01:55:05;4.200;0.016;480.9;29.4;;;;;;;;;;;;;;;;;;
 ;01:55:06;4.200;0.016;480.9;29.5;;;;;;;;;;;;;;;;;;
 ;01:55:07;4.200;0.016;480.9;29.5;;;;;;;;;;;;;;;;;;
 ;01:55:08;4.200;0.016;480.9;29.4;;;;;;;;;;;;;;;;;;
 ;01:55:09;4.200;0.016;480.9;29.4;;;;;;;;;;;;;;;;;;
 ;01:55:10;4.200;0.016;480.9;29.4;;;;;;;;;;;;;;;;;;
 ;01:55:11;4.200;0.016;480.9;29.4;;;;;;;;;;;;;;;;;;
 ;01:55:12;4.200;0.016;480.9;29.5;;;;;;;;;;;;;;;;;;
 ;01:55:13;4.200;0.016;480.9;29.4;;;;;;;;;;;;;;;;;;
 ;01:55:14;4.200;0.016;481.0;29.4;;;;;;;;;;;;;;;;;;
 ;01:55:15;4.200;0.016;481.0;29.4;;;;;;;;;;;;;;;;;;
 ;01:55:16;4.200;0.016;481.0;29.4;;;;;;;;;;;;;;;;;;
 ;01:55:17;4.200;0.016;481.0;29.4;;;;;;;;;;;;;;;;;;
 ;01:55:18;4.200;0.016;481.0;29.4;;;;;;;;;;;;;;;;;;
 ;01:55:19;4.200;0.016;481.0;29.4;;;;;;;;;;;;;;;;;;
 ;01:55:20;4.200;0.016;481.0;29.4;;;;;;;;;;;;;;;;;;
 ;01:55:21;4.200;0.016;481.0;29.4;;;;;;;;;;;;;;;;;;
 ;01:55:22;4.200;0.016;481.0;29.4;;;;;;;;;;;;;;;;;;
 ;01:55:23;4.200;0.016;481.0;29.4;;;;;;;;;;;;;;;;;;
 ;01:55:24;4.200;0.016;481.0;29.4;;;;;;;;;;;;;;;;;;
 ;01:55:25;4.200;0.016;481.0;29.4;;;;;;;;;;;;;;;;;;
 ;01:55:26;4.200;0.016;481.0;29.4;;;;;;;;;;;;;;;;;;
 ;01:55:27;4.200;0.016;481.0;29.4;;;;;;;;;;;;;;;;;;
 ;01:55:28;4.200;0.016;481.0;29.4;;;;;;;;;;;;;;;;;;
 ;01:55:29;4.200;0.016;481.0;29.4;;;;;;;;;;;;;;;;;;
 ;01:55:30;4.200;0.016;481.0;29.4;;;;;;;;;;;;;;;;;;
 ;01:55:31;4.200;0.016;481.0;29.4;;;;;;;;;;;;;;;;;;
 ;01:55:32;4.200;0.016;481.0;29.4;;;;;;;;;;;;;;;;;;
 ;01:55:33;4.200;0.016;481.0;29.4;;;;;;;;;;;;;;;;;;
 ;01:55:34;4.200;0.016;481.0;29.4;;;;;;;;;;;;;;;;;;
 ;01:55:35;4.200;0.016;481.0;29.4;;;;;;;;;;;;;;;;;;
 ;01:55:36;4.200;0.016;481.0;29.4;;;;;;;;;;;;;;;;;;
 ;01:55:37;4.200;0.016;481.1;29.4;;;;;;;;;;;;;;;;;;
 ;01:55:38;4.200;0.016;481.1;29.4;;;;;;;;;;;;;;;;;;
 ;01:55:39;4.200;0.016;481.1;29.4;;;;;;;;;;;;;;;;;;
 ;01:55:40;4.200;0.016;481.1;29.4;;;;;;;;;;;;;;;;;;
 ;01:55:41;4.200;0.016;481.1;29.4;;;;;;;;;;;;;;;;;;
 ;01:55:42;4.200;0.016;481.1;29.4;;;;;;;;;;;;;;;;;;
 ;01:55:43;4.200;0.016;481.1;29.4;;;;;;;;;;;;;;;;;;
 ;01:55:44;4.200;0.016;481.1;29.4;;;;;;;;;;;;;;;;;;
 ;01:55:45;4.200;0.016;481.1;29.4;;;;;;;;;;;;;;;;;;
 ;01:55:46;4.200;0.016;481.1;29.4;;;;;;;;;;;;;;;;;;
 ;01:55:47;4.200;0.016;481.1;29.4;;;;;;;;;;;;;;;;;;
 ;01:55:48;4.200;0.016;481.1;29.4;;;;;;;;;;;;;;;;;;
 ;01:55:49;4.200;0.016;481.1;29.4;;;;;;;;;;;;;;;;;;
 ;01:55:50;4.200;0.016;481.1;29.4;;;;;;;;;;;;;;;;;;
 ;01:55:51;4.200;0.016;481.1;29.4;;;;;;;;;;;;;;;;;;
 ;01:55:52;4.200;0.016;481.1;29.4;;;;;;;;;;;;;;;;;;
 ;01:55:53;4.200;0.016;481.1;29.4;;;;;;;;;;;;;;;;;;
 ;01:55:54;4.200;0.016;481.1;29.4;;;;;;;;;;;;;;;;;;
 ;01:55:55;4.200;0.016;481.1;29.4;;;;;;;;;;;;;;;;;;
 ;01:55:56;4.200;0.016;481.1;29.4;;;;;;;;;;;;;;;;;;
 ;01:55:57;4.200;0.016;481.1;29.4;;;;;;;;;;;;;;;;;;
 ;01:55:58;4.200;0.016;481.1;29.4;;;;;;;;;;;;;;;;;;
 ;01:55:59;4.200;0.016;481.2;29.4;;;;;;;;;;;;;;;;;;
 ;01:56:00;4.200;0.016;481.2;29.4;;;;;;;;;;;;;;;;;;
 ;01:56:01;4.200;0.016;481.2;29.4;;;;;;;;;;;;;;;;;;
 ;01:56:02;4.200;0.016;481.2;29.4;;;;;;;;;;;;;;;;;;
 ;01:56:03;4.200;0.016;481.2;29.4;;;;;;;;;;;;;;;;;;
 ;01:56:04;4.200;0.016;481.2;29.4;;;;;;;;;;;;;;;;;;
 ;01:56:05;4.200;0.016;481.2;29.4;;;;;;;;;;;;;;;;;;
 ;01:56:06;4.200;0.016;481.2;29.4;;;;;;;;;;;;;;;;;;
 ;01:56:07;4.200;0.016;481.2;29.4;;;;;;;;;;;;;;;;;;
 ;01:56:08;4.200;0.016;481.2;29.4;;;;;;;;;;;;;;;;;;
 ;01:56:09;4.200;0.016;481.2;29.4;;;;;;;;;;;;;;;;;;
 ;01:56:10;4.200;0.016;481.2;29.4;;;;;;;;;;;;;;;;;;
 ;01:56:11;4.200;0.016;481.2;29.4;;;;;;;;;;;;;;;;;;
 ;01:56:12;4.200;0.016;481.2;29.4;;;;;;;;;;;;;;;;;;
 ;01:56:13;4.200;0.016;481.2;29.4;;;;;;;;;;;;;;;;;;
 ;01:56:14;4.200;0.016;481.2;29.4;;;;;;;;;;;;;;;;;;
 ;01:56:15;4.200;0.016;481.2;29.4;;;;;;;;;;;;;;;;;;
 ;01:56:16;4.200;0.016;481.2;29.4;;;;;;;;;;;;;;;;;;
 ;01:56:17;4.200;0.016;481.2;29.4;;;;;;;;;;;;;;;;;;
 ;01:56:18;4.200;0.016;481.2;29.4;;;;;;;;;;;;;;;;;;
 ;01:56:19;4.200;0.016;481.2;29.4;;;;;;;;;;;;;;;;;;
 ;01:56:20;4.200;0.016;481.2;29.4;;;;;;;;;;;;;;;;;;
 ;01:56:21;4.200;0.016;481.2;29.4;;;;;;;;;;;;;;;;;;
 ;01:56:22;4.200;0.016;481.3;29.4;;;;;;;;;;;;;;;;;;
 ;01:56:23;4.200;0.016;481.3;29.4;;;;;;;;;;;;;;;;;;
 ;01:56:24;4.200;0.016;481.3;29.4;;;;;;;;;;;;;;;;;;
 ;01:56:25;4.200;0.016;481.3;29.4;;;;;;;;;;;;;;;;;;
 ;01:56:26;4.200;0.016;481.3;29.4;;;;;;;;;;;;;;;;;;
 ;01:56:27;4.200;0.016;481.3;29.4;;;;;;;;;;;;;;;;;;
 ;01:56:28;4.200;0.016;481.3;29.4;;;;;;;;;;;;;;;;;;
 ;01:56:29;4.200;0.016;481.3;29.4;;;;;;;;;;;;;;;;;;
 ;01:56:30;4.200;0.016;481.3;29.4;;;;;;;;;;;;;;;;;;
 ;01:56:31;4.200;0.016;481.3;29.4;;;;;;;;;;;;;;;;;;
 ;01:56:32;4.200;0.016;481.3;29.4;;;;;;;;;;;;;;;;;;
 ;01:56:33;4.200;0.016;481.3;29.4;;;;;;;;;;;;;;;;;;
 ;01:56:34;4.200;0.016;481.3;29.4;;;;;;;;;;;;;;;;;;
 ;01:56:35;4.200;0.016;481.3;29.4;;;;;;;;;;;;;;;;;;
 ;01:56:36;4.200;0.016;481.3;29.4;;;;;;;;;;;;;;;;;;
 ;01:56:37;4.200;0.016;481.3;29.4;;;;;;;;;;;;;;;;;;
 ;01:56:38;4.200;0.016;481.3;29.4;;;;;;;;;;;;;;;;;;
 ;01:56:39;4.200;0.016;481.3;29.4;;;;;;;;;;;;;;;;;;
 ;01:56:40;4.200;0.016;481.3;29.4;;;;;;;;;;;;;;;;;;
 ;01:56:41;4.200;0.016;481.3;29.4;;;;;;;;;;;;;;;;;;
 ;01:56:42;4.200;0.016;481.3;29.4;;;;;;;;;;;;;;;;;;
 ;01:56:43;4.200;0.016;481.3;29.4;;;;;;;;;;;;;;;;;;
 ;01:56:44;4.200;0.016;481.4;29.4;;;;;;;;;;;;;;;;;;
 ;01:56:45;4.200;0.016;481.4;29.4;;;;;;;;;;;;;;;;;;
 ;01:56:46;4.200;0.016;481.4;29.4;;;;;;;;;;;;;;;;;;
 ;01:56:47;4.200;0.016;481.4;29.4;;;;;;;;;;;;;;;;;;
 ;01:56:48;4.200;0.016;481.4;29.4;;;;;;;;;;;;;;;;;;
 ;01:56:49;4.200;0.016;481.4;29.4;;;;;;;;;;;;;;;;;;
 ;01:56:50;4.200;0.016;481.4;29.4;;;;;;;;;;;;;;;;;;
 ;01:56:51;4.200;0.016;481.4;29.4;;;;;;;;;;;;;;;;;;
 ;01:56:52;4.200;0.016;481.4;29.4;;;;;;;;;;;;;;;;;;
 ;01:56:53;4.200;0.016;481.4;29.4;;;;;;;;;;;;;;;;;;
 ;01:56:54;4.200;0.016;481.4;29.4;;;;;;;;;;;;;;;;;;
 ;01:56:55;4.200;0.016;481.4;29.4;;;;;;;;;;;;;;;;;;
 ;01:56:56;4.200;0.016;481.4;29.4;;;;;;;;;;;;;;;;;;
 ;01:56:57;4.200;0.016;481.4;29.4;;;;;;;;;;;;;;;;;;
 ;01:56:58;4.200;0.016;481.4;29.4;;;;;;;;;;;;;;;;;;
 ;01:56:59;4.200;0.016;481.4;29.4;;;;;;;;;;;;;;;;;;
 ;01:57:00;4.200;0.016;481.4;29.4;;;;;;;;;;;;;;;;;;
 ;01:57:01;4.200;0.016;481.4;29.4;;;;;;;;;;;;;;;;;;
 ;01:57:02;4.200;0.016;481.4;29.4;;;;;;;;;;;;;;;;;;
 ;01:57:03;4.200;0.016;481.4;29.4;;;;;;;;;;;;;;;;;;
 ;01:57:04;4.200;0.016;481.4;29.4;;;;;;;;;;;;;;;;;;
 ;01:57:05;4.200;0.016;481.4;29.4;;;;;;;;;;;;;;;;;;
 ;01:57:06;4.200;0.016;481.4;29.4;;;;;;;;;;;;;;;;;;
 ;01:57:07;4.200;0.016;481.5;29.4;;;;;;;;;;;;;;;;;;
 ;01:57:08;4.200;0.016;481.5;29.4;;;;;;;;;;;;;;;;;;
 ;01:57:09;4.200;0.016;481.5;29.4;;;;;;;;;;;;;;;;;;
 ;01:57:10;4.200;0.016;481.5;29.4;;;;;;;;;;;;;;;;;;
 ;01:57:11;4.200;0.016;481.5;29.4;;;;;;;;;;;;;;;;;;
 ;01:57:12;4.200;0.016;481.5;29.4;;;;;;;;;;;;;;;;;;
 ;01:57:13;4.200;0.016;481.5;29.4;;;;;;;;;;;;;;;;;;
 ;01:57:14;4.200;0.016;481.5;29.4;;;;;;;;;;;;;;;;;;
 ;01:57:15;4.200;0.016;481.5;29.4;;;;;;;;;;;;;;;;;;
 ;01:57:16;4.200;0.016;481.5;29.4;;;;;;;;;;;;;;;;;;
 ;01:57:17;4.200;0.016;481.5;29.4;;;;;;;;;;;;;;;;;;
 ;01:57:18;4.200;0.016;481.5;29.4;;;;;;;;;;;;;;;;;;
 ;01:57:19;4.200;0.016;481.5;29.4;;;;;;;;;;;;;;;;;;
 ;01:57:20;4.200;0.016;481.5;29.4;;;;;;;;;;;;;;;;;;
 ;01:57:21;4.200;0.016;481.5;29.4;;;;;;;;;;;;;;;;;;
 ;01:57:22;4.200;0.016;481.5;29.4;;;;;;;;;;;;;;;;;;
 ;01:57:23;4.200;0.016;481.5;29.4;;;;;;;;;;;;;;;;;;
 ;01:57:24;4.200;0.016;481.5;29.4;;;;;;;;;;;;;;;;;;
 ;01:57:25;4.200;0.016;481.5;29.4;;;;;;;;;;;;;;;;;;
 ;01:57:26;4.200;0.016;481.5;29.4;;;;;;;;;;;;;;;;;;
 ;01:57:27;4.200;0.016;481.5;29.4;;;;;;;;;;;;;;;;;;
 ;01:57:28;4.200;0.016;481.5;29.4;;;;;;;;;;;;;;;;;;
 ;01:57:29;4.200;0.016;481.6;29.4;;;;;;;;;;;;;;;;;;
 ;01:57:30;4.200;0.016;481.6;29.4;;;;;;;;;;;;;;;;;;
 ;01:57:31;4.200;0.016;481.6;29.4;;;;;;;;;;;;;;;;;;
 ;01:57:32;4.200;0.016;481.6;29.4;;;;;;;;;;;;;;;;;;
 ;01:57:33;4.200;0.016;481.6;29.4;;;;;;;;;;;;;;;;;;
 ;01:57:34;4.200;0.016;481.6;29.4;;;;;;;;;;;;;;;;;;
 ;01:57:35;4.200;0.016;481.6;29.4;;;;;;;;;;;;;;;;;;
 ;01:57:36;4.200;0.016;481.6;29.4;;;;;;;;;;;;;;;;;;
 ;01:57:37;4.200;0.016;481.6;29.4;;;;;;;;;;;;;;;;;;
 ;01:57:38;4.200;0.016;481.6;29.4;;;;;;;;;;;;;;;;;;
 ;01:57:39;4.200;0.016;481.6;29.4;;;;;;;;;;;;;;;;;;
 ;01:57:40;4.200;0.016;481.6;29.4;;;;;;;;;;;;;;;;;;
 ;01:57:41;4.200;0.016;481.6;29.4;;;;;;;;;;;;;;;;;;
 ;01:57:42;4.200;0.016;481.6;29.4;;;;;;;;;;;;;;;;;;
 ;01:57:43;4.200;0.016;481.6;29.4;;;;;;;;;;;;;;;;;;
 ;01:57:44;4.200;0.016;481.6;29.4;;;;;;;;;;;;;;;;;;
 ;01:57:45;4.200;0.016;481.6;29.4;;;;;;;;;;;;;;;;;;
 ;01:57:46;4.200;0.016;481.6;29.4;;;;;;;;;;;;;;;;;;
 ;01:57:47;4.200;0.016;481.6;29.4;;;;;;;;;;;;;;;;;;
 ;01:57:48;4.200;0.016;481.6;29.4;;;;;;;;;;;;;;;;;;
 ;01:57:49;4.200;0.016;481.6;29.4;;;;;;;;;;;;;;;;;;
 ;01:57:50;4.200;0.016;481.6;29.4;;;;;;;;;;;;;;;;;;
 ;01:57:51;4.200;0.016;481.6;29.4;;;;;;;;;;;;;;;;;;
 ;01:57:52;4.200;0.016;481.7;29.4;;;;;;;;;;;;;;;;;;
 ;01:57:53;4.200;0.016;481.7;29.4;;;;;;;;;;;;;;;;;;
 ;01:57:54;4.200;0.016;481.7;29.4;;;;;;;;;;;;;;;;;;
 ;01:57:55;4.200;0.016;481.7;29.4;;;;;;;;;;;;;;;;;;
 ;01:57:56;4.200;0.016;481.7;29.4;;;;;;;;;;;;;;;;;;
 ;01:57:57;4.200;0.016;481.7;29.4;;;;;;;;;;;;;;;;;;
 ;01:57:58;4.200;0.016;481.7;29.4;;;;;;;;;;;;;;;;;;
 ;01:57:59;4.200;0.016;481.7;29.4;;;;;;;;;;;;;;;;;;
 ;01:58:00;4.200;0.016;481.7;29.4;;;;;;;;;;;;;;;;;;
 ;01:58:01;4.200;0.016;481.7;29.4;;;;;;;;;;;;;;;;;;
 ;01:58:02;4.200;0.016;481.7;29.4;;;;;;;;;;;;;;;;;;
 ;01:58:03;4.200;0.016;481.7;29.4;;;;;;;;;;;;;;;;;;
 ;01:58:04;4.200;0.016;481.7;29.4;;;;;;;;;;;;;;;;;;
 ;01:58:05;4.200;0.016;481.7;29.4;;;;;;;;;;;;;;;;;;
 ;01:58:06;4.200;0.016;481.7;29.4;;;;;;;;;;;;;;;;;;
 ;01:58:07;4.200;0.016;481.7;29.4;;;;;;;;;;;;;;;;;;
 ;01:58:08;4.200;0.016;481.7;29.4;;;;;;;;;;;;;;;;;;
 ;01:58:09;4.200;0.016;481.7;29.4;;;;;;;;;;;;;;;;;;
 ;01:58:10;4.200;0.016;481.7;29.4;;;;;;;;;;;;;;;;;;
 ;01:58:11;4.200;0.016;481.7;29.4;;;;;;;;;;;;;;;;;;
 ;01:58:12;4.200;0.016;481.7;29.4;;;;;;;;;;;;;;;;;;
 ;01:58:13;4.200;0.016;481.7;29.4;;;;;;;;;;;;;;;;;;
 ;01:58:14;4.200;0.016;481.8;29.4;;;;;;;;;;;;;;;;;;
 ;01:58:15;4.200;0.016;481.8;29.4;;;;;;;;;;;;;;;;;;
 ;01:58:16;4.200;0.016;481.8;29.4;;;;;;;;;;;;;;;;;;
 ;01:58:17;4.200;0.016;481.8;29.4;;;;;;;;;;;;;;;;;;
 ;01:58:18;4.200;0.016;481.8;29.4;;;;;;;;;;;;;;;;;;
 ;01:58:19;4.200;0.016;481.8;29.4;;;;;;;;;;;;;;;;;;
 ;01:58:20;4.200;0.016;481.8;29.4;;;;;;;;;;;;;;;;;;
 ;01:58:21;4.200;0.016;481.8;29.4;;;;;;;;;;;;;;;;;;
 ;01:58:22;4.200;0.016;481.8;29.4;;;;;;;;;;;;;;;;;;
 ;01:58:23;4.200;0.016;481.8;29.4;;;;;;;;;;;;;;;;;;
 ;01:58:24;4.200;0.016;481.8;29.4;;;;;;;;;;;;;;;;;;
 ;01:58:25;4.200;0.016;481.8;29.4;;;;;;;;;;;;;;;;;;
 ;01:58:26;4.200;0.016;481.8;29.4;;;;;;;;;;;;;;;;;;
 ;01:58:27;4.200;0.016;481.8;29.4;;;;;;;;;;;;;;;;;;
 ;01:58:28;4.200;0.016;481.8;29.4;;;;;;;;;;;;;;;;;;
 ;01:58:29;4.200;0.016;481.8;29.4;;;;;;;;;;;;;;;;;;
 ;01:58:30;4.200;0.015;481.8;29.4;;;;;;;;;;;;;;;;;;
 ;01:58:31;4.200;0.014;481.8;29.4;;;;;;;;;;;;;;;;;;
 ;01:58:32;4.200;0.014;481.8;29.4;;;;;;;;;;;;;;;;;;
 ;01:58:33;4.200;0.014;481.8;29.4;;;;;;;;;;;;;;;;;;
 ;01:58:34;4.200;0.014;481.8;29.4;;;;;;;;;;;;;;;;;;
 ;01:58:35;4.200;0.014;481.8;29.4;;;;;;;;;;;;;;;;;;
 ;01:58:36;4.200;0.014;481.8;29.4;;;;;;;;;;;;;;;;;;
 ;01:58:37;4.200;0.014;481.8;29.4;;;;;;;;;;;;;;;;;;
 ;01:58:38;4.200;0.014;481.9;29.4;;;;;;;;;;;;;;;;;;
 ;01:58:39;4.200;0.014;481.9;29.4;;;;;;;;;;;;;;;;;;
 ;01:58:40;4.200;0.014;481.9;29.4;;;;;;;;;;;;;;;;;;
 ;01:58:41;4.200;0.014;481.9;29.4;;;;;;;;;;;;;;;;;;
 ;01:58:42;4.200;0.014;481.9;29.4;;;;;;;;;;;;;;;;;;
 ;01:58:43;4.200;0.014;481.9;29.4;;;;;;;;;;;;;;;;;;
 ;01:58:44;4.200;0.014;481.9;29.4;;;;;;;;;;;;;;;;;;
 ;01:58:45;4.200;0.014;481.9;29.4;;;;;;;;;;;;;;;;;;
 ;01:58:46;4.200;0.014;481.9;29.4;;;;;;;;;;;;;;;;;;
 ;01:58:47;4.200;0.014;481.9;29.4;;;;;;;;;;;;;;;;;;
 ;01:58:48;4.200;0.014;481.9;29.4;;;;;;;;;;;;;;;;;;
 ;01:58:49;4.200;0.014;481.9;29.4;;;;;;;;;;;;;;;;;;
 ;01:58:50;4.200;0.014;481.9;29.4;;;;;;;;;;;;;;;;;;
 ;01:58:51;4.200;0.014;481.9;29.4;;;;;;;;;;;;;;;;;;
 ;01:58:52;4.200;0.014;481.9;29.4;;;;;;;;;;;;;;;;;;
 ;01:58:53;4.200;0.014;481.9;29.4;;;;;;;;;;;;;;;;;;
 ;01:58:54;4.200;0.014;481.9;29.4;;;;;;;;;;;;;;;;;;
 ;01:58:55;4.200;0.014;481.9;29.4;;;;;;;;;;;;;;;;;;
 ;01:58:56;4.200;0.014;481.9;29.4;;;;;;;;;;;;;;;;;;
 ;01:58:57;4.200;0.014;481.9;29.4;;;;;;;;;;;;;;;;;;
 ;01:58:58;4.200;0.014;481.9;29.4;;;;;;;;;;;;;;;;;;
 ;01:58:59;4.200;0.014;481.9;29.4;;;;;;;;;;;;;;;;;;
 ;01:59:00;4.200;0.014;481.9;29.4;;;;;;;;;;;;;;;;;;
 ;01:59:01;4.200;0.014;481.9;29.4;;;;;;;;;;;;;;;;;;
 ;01:59:02;4.200;0.014;481.9;29.4;;;;;;;;;;;;;;;;;;
 ;01:59:03;4.200;0.014;482.0;29.4;;;;;;;;;;;;;;;;;;
 ;01:59:04;4.200;0.014;482.0;29.4;;;;;;;;;;;;;;;;;;
 ;01:59:05;4.200;0.014;482.0;29.4;;;;;;;;;;;;;;;;;;
 ;01:59:06;4.200;0.014;482.0;29.4;;;;;;;;;;;;;;;;;;
 ;01:59:07;4.200;0.014;482.0;29.4;;;;;;;;;;;;;;;;;;
 ;01:59:08;4.200;0.014;482.0;29.4;;;;;;;;;;;;;;;;;;
 ;01:59:09;4.200;0.014;482.0;29.4;;;;;;;;;;;;;;;;;;
 ;01:59:10;4.200;0.014;482.0;29.4;;;;;;;;;;;;;;;;;;
 ;01:59:11;4.200;0.014;482.0;29.4;;;;;;;;;;;;;;;;;;
 ;01:59:12;4.200;0.014;482.0;29.4;;;;;;;;;;;;;;;;;;
 ;01:59:13;4.200;0.014;482.0;29.4;;;;;;;;;;;;;;;;;;
 ;01:59:14;4.200;0.014;482.0;29.4;;;;;;;;;;;;;;;;;;
 ;01:59:15;4.200;0.014;482.0;29.4;;;;;;;;;;;;;;;;;;
 ;01:59:16;4.200;0.014;482.0;29.4;;;;;;;;;;;;;;;;;;
 ;01:59:17;4.200;0.014;482.0;29.4;;;;;;;;;;;;;;;;;;
 ;01:59:18;4.200;0.014;482.0;29.4;;;;;;;;;;;;;;;;;;
 ;01:59:19;4.200;0.014;482.0;29.4;;;;;;;;;;;;;;;;;;
 ;01:59:20;4.200;0.014;482.0;29.4;;;;;;;;;;;;;;;;;;
 ;01:59:21;4.200;0.014;482.0;29.4;;;;;;;;;;;;;;;;;;
 ;01:59:22;4.200;0.014;482.0;29.4;;;;;;;;;;;;;;;;;;
 ;01:59:23;4.200;0.014;482.0;29.4;;;;;;;;;;;;;;;;;;
 ;01:59:24;4.200;0.014;482.0;29.4;;;;;;;;;;;;;;;;;;
 ;01:59:25;4.200;0.014;482.0;29.4;;;;;;;;;;;;;;;;;;
 ;01:59:26;4.200;0.014;482.0;29.4;;;;;;;;;;;;;;;;;;
 ;01:59:27;4.200;0.014;482.0;29.4;;;;;;;;;;;;;;;;;;
 ;01:59:28;4.200;0.014;482.0;29.4;;;;;;;;;;;;;;;;;;
 ;01:59:29;4.200;0.014;482.1;29.4;;;;;;;;;;;;;;;;;;
 ;01:59:30;4.200;0.014;482.1;29.4;;;;;;;;;;;;;;;;;;
 ;01:59:31;4.200;0.014;482.1;29.4;;;;;;;;;;;;;;;;;;
 ;01:59:32;4.200;0.014;482.1;29.4;;;;;;;;;;;;;;;;;;
 ;01:59:33;4.200;0.014;482.1;29.4;;;;;;;;;;;;;;;;;;
 ;01:59:34;4.200;0.014;482.1;29.4;;;;;;;;;;;;;;;;;;
 ;01:59:35;4.200;0.014;482.1;29.4;;;;;;;;;;;;;;;;;;
 ;01:59:36;4.200;0.014;482.1;29.4;;;;;;;;;;;;;;;;;;
 ;01:59:37;4.200;0.014;482.1;29.4;;;;;;;;;;;;;;;;;;
 ;01:59:38;4.200;0.014;482.1;29.4;;;;;;;;;;;;;;;;;;
 ;01:59:39;4.200;0.014;482.1;29.4;;;;;;;;;;;;;;;;;;
 ;01:59:40;4.200;0.014;482.1;29.4;;;;;;;;;;;;;;;;;;
 ;01:59:41;4.200;0.014;482.1;29.4;;;;;;;;;;;;;;;;;;
 ;01:59:42;4.200;0.014;482.1;29.4;;;;;;;;;;;;;;;;;;
 ;01:59:43;4.200;0.014;482.1;29.4;;;;;;;;;;;;;;;;;;
 ;01:59:44;4.200;0.014;482.1;29.4;;;;;;;;;;;;;;;;;;
 ;01:59:45;4.200;0.014;482.1;29.4;;;;;;;;;;;;;;;;;;
 ;01:59:46;4.200;0.014;482.1;29.4;;;;;;;;;;;;;;;;;;
 ;01:59:47;4.200;0.014;482.1;29.4;;;;;;;;;;;;;;;;;;
 ;01:59:48;4.200;0.014;482.1;29.4;;;;;;;;;;;;;;;;;;
 ;01:59:49;4.200;0.014;482.1;29.4;;;;;;;;;;;;;;;;;;
 ;01:59:50;4.200;0.014;482.1;29.4;;;;;;;;;;;;;;;;;;
 ;01:59:51;4.200;0.014;482.1;29.4;;;;;;;;;;;;;;;;;;
 ;01:59:52;4.200;0.014;482.1;29.4;;;;;;;;;;;;;;;;;;
 ;01:59:53;4.200;0.014;482.1;29.4;;;;;;;;;;;;;;;;;;
 ;01:59:54;4.200;0.014;482.1;29.4;;;;;;;;;;;;;;;;;;
 ;01:59:55;4.200;0.014;482.2;29.4;;;;;;;;;;;;;;;;;;
 ;01:59:56;4.200;0.014;482.2;29.4;;;;;;;;;;;;;;;;;;
 ;01:59:57;4.200;0.014;482.2;29.4;;;;;;;;;;;;;;;;;;
 ;01:59:58;4.200;0.014;482.2;29.4;;;;;;;;;;;;;;;;;;
 ;01:59:59;4.200;0.014;482.2;29.4;;;;;;;;;;;;;;;;;;
 ;02:00:00;4.200;0.014;482.2;29.4;;;;;;;;;;;;;;;;;;
 ;02:00:01;4.200;0.014;482.2;29.4;;;;;;;;;;;;;;;;;;
 ;02:00:02;4.200;0.014;482.2;29.4;;;;;;;;;;;;;;;;;;
 ;02:00:03;4.200;0.014;482.2;29.4;;;;;;;;;;;;;;;;;;
 ;02:00:04;4.200;0.014;482.2;29.4;;;;;;;;;;;;;;;;;;
 ;02:00:05;4.200;0.014;482.2;29.4;;;;;;;;;;;;;;;;;;
 ;02:00:06;4.200;0.014;482.2;29.4;;;;;;;;;;;;;;;;;;
 ;02:00:07;4.200;0.014;482.2;29.4;;;;;;;;;;;;;;;;;;
 ;02:00:08;4.200;0.014;482.2;29.4;;;;;;;;;;;;;;;;;;
 ;02:00:09;4.200;0.014;482.2;29.4;;;;;;;;;;;;;;;;;;
 ;02:00:10;4.200;0.014;482.2;29.4;;;;;;;;;;;;;;;;;;
 ;02:00:11;4.200;0.014;482.2;29.4;;;;;;;;;;;;;;;;;;
 ;02:00:12;4.200;0.014;482.2;29.4;;;;;;;;;;;;;;;;;;
 ;02:00:13;4.200;0.014;482.2;29.4;;;;;;;;;;;;;;;;;;
 ;02:00:14;4.200;0.014;482.2;29.4;;;;;;;;;;;;;;;;;;
 ;02:00:15;4.200;0.014;482.2;29.4;;;;;;;;;;;;;;;;;;
 ;02:00:16;4.200;0.014;482.2;29.4;;;;;;;;;;;;;;;;;;
 ;02:00:17;4.200;0.014;482.2;29.4;;;;;;;;;;;;;;;;;;
 ;02:00:18;4.200;0.014;482.2;29.4;;;;;;;;;;;;;;;;;;
 ;02:00:19;4.200;0.014;482.2;29.4;;;;;;;;;;;;;;;;;;
 ;02:00:20;4.200;0.014;482.2;29.4;;;;;;;;;;;;;;;;;;
 ;02:00:21;4.200;0.014;482.3;29.4;;;;;;;;;;;;;;;;;;
 ;02:00:22;4.200;0.014;482.3;29.4;;;;;;;;;;;;;;;;;;
 ;02:00:23;4.200;0.014;482.3;29.4;;;;;;;;;;;;;;;;;;
 ;02:00:24;4.200;0.014;482.3;29.4;;;;;;;;;;;;;;;;;;
 ;02:00:25;4.200;0.014;482.3;29.4;;;;;;;;;;;;;;;;;;
 ;02:00:26;4.200;0.014;482.3;29.4;;;;;;;;;;;;;;;;;;
 ;02:00:27;4.200;0.014;482.3;29.4;;;;;;;;;;;;;;;;;;
 ;02:00:28;4.200;0.014;482.3;29.4;;;;;;;;;;;;;;;;;;
 ;02:00:29;4.200;0.014;482.3;29.4;;;;;;;;;;;;;;;;;;
 ;02:00:30;4.200;0.014;482.3;29.4;;;;;;;;;;;;;;;;;;
 ;02:00:31;4.200;0.014;482.3;29.4;;;;;;;;;;;;;;;;;;
 ;02:00:32;4.200;0.014;482.3;29.4;;;;;;;;;;;;;;;;;;
 ;02:00:33;4.200;0.014;482.3;29.4;;;;;;;;;;;;;;;;;;
 ;02:00:34;4.200;0.014;482.3;29.4;;;;;;;;;;;;;;;;;;
 ;02:00:35;4.200;0.014;482.3;29.4;;;;;;;;;;;;;;;;;;
 ;02:00:36;4.200;0.014;482.3;29.4;;;;;;;;;;;;;;;;;;
 ;02:00:37;4.200;0.014;482.3;29.4;;;;;;;;;;;;;;;;;;
 ;02:00:38;4.200;0.014;482.3;29.4;;;;;;;;;;;;;;;;;;
 ;02:00:39;4.200;0.014;482.3;29.4;;;;;;;;;;;;;;;;;;
 ;02:00:40;4.200;0.014;482.3;29.4;;;;;;;;;;;;;;;;;;
 ;02:00:41;4.200;0.014;482.3;29.4;;;;;;;;;;;;;;;;;;
 ;02:00:42;4.200;0.014;482.3;29.4;;;;;;;;;;;;;;;;;;
 ;02:00:43;4.200;0.014;482.3;29.4;;;;;;;;;;;;;;;;;;
 ;02:00:44;4.200;0.014;482.3;29.4;;;;;;;;;;;;;;;;;;
 ;02:00:45;4.200;0.014;482.3;29.4;;;;;;;;;;;;;;;;;;
 ;02:00:46;4.200;0.014;482.4;29.4;;;;;;;;;;;;;;;;;;
 ;02:00:47;4.200;0.014;482.4;29.4;;;;;;;;;;;;;;;;;;
 ;02:00:48;4.200;0.014;482.4;29.4;;;;;;;;;;;;;;;;;;
 ;02:00:49;4.200;0.014;482.4;29.4;;;;;;;;;;;;;;;;;;
 ;02:00:50;4.200;0.014;482.4;29.4;;;;;;;;;;;;;;;;;;
 ;02:00:51;4.200;0.014;482.4;29.4;;;;;;;;;;;;;;;;;;
 ;02:00:52;4.200;0.014;482.4;29.4;;;;;;;;;;;;;;;;;;
 ;02:00:53;4.200;0.014;482.4;29.4;;;;;;;;;;;;;;;;;;
 ;02:00:54;4.200;0.014;482.4;29.4;;;;;;;;;;;;;;;;;;
 ;02:00:55;4.200;0.014;482.4;29.4;;;;;;;;;;;;;;;;;;
 ;02:00:56;4.200;0.014;482.4;29.4;;;;;;;;;;;;;;;;;;
 ;02:00:57;4.200;0.014;482.4;29.4;;;;;;;;;;;;;;;;;;
 ;02:00:58;4.200;0.014;482.4;29.4;;;;;;;;;;;;;;;;;;
 ;02:00:59;4.200;0.014;482.4;29.4;;;;;;;;;;;;;;;;;;
 ;02:01:00;4.200;0.014;482.4;29.4;;;;;;;;;;;;;;;;;;
 ;02:01:01;4.200;0.014;482.4;29.4;;;;;;;;;;;;;;;;;;
 ;02:01:02;4.200;0.014;482.4;29.4;;;;;;;;;;;;;;;;;;
 ;02:01:03;4.200;0.014;482.4;29.4;;;;;;;;;;;;;;;;;;
 ;02:01:04;4.200;0.014;482.4;29.4;;;;;;;;;;;;;;;;;;
 ;02:01:05;4.200;0.014;482.4;29.4;;;;;;;;;;;;;;;;;;
 ;02:01:06;4.200;0.014;482.4;29.4;;;;;;;;;;;;;;;;;;
 ;02:01:07;4.200;0.014;482.4;29.4;;;;;;;;;;;;;;;;;;
 ;02:01:08;4.200;0.014;482.4;29.4;;;;;;;;;;;;;;;;;;
 ;02:01:09;4.200;0.014;482.4;29.4;;;;;;;;;;;;;;;;;;
 ;02:01:10;4.200;0.014;482.4;29.4;;;;;;;;;;;;;;;;;;
 ;02:01:11;4.200;0.014;482.4;29.4;;;;;;;;;;;;;;;;;;
 ;02:01:12;4.200;0.014;482.5;29.4;;;;;;;;;;;;;;;;;;
 ;02:01:13;4.200;0.014;482.5;29.4;;;;;;;;;;;;;;;;;;
 ;02:01:14;4.200;0.014;482.5;29.4;;;;;;;;;;;;;;;;;;
 ;02:01:15;4.200;0.014;482.5;29.4;;;;;;;;;;;;;;;;;;
 ;02:01:16;4.200;0.014;482.5;29.4;;;;;;;;;;;;;;;;;;
 ;02:01:17;4.200;0.014;482.5;29.4;;;;;;;;;;;;;;;;;;
 ;02:01:18;4.200;0.014;482.5;29.4;;;;;;;;;;;;;;;;;;
 ;02:01:19;4.200;0.014;482.5;29.4;;;;;;;;;;;;;;;;;;
 ;02:01:20;4.200;0.014;482.5;29.4;;;;;;;;;;;;;;;;;;
 ;02:01:21;4.200;0.014;482.5;29.4;;;;;;;;;;;;;;;;;;
 ;02:01:22;4.200;0.014;482.5;29.4;;;;;;;;;;;;;;;;;;
 ;02:01:23;4.200;0.014;482.5;29.4;;;;;;;;;;;;;;;;;;
 ;02:01:24;4.200;0.014;482.5;29.4;;;;;;;;;;;;;;;;;;
 ;02:01:25;4.200;0.014;482.5;29.4;;;;;;;;;;;;;;;;;;
 ;02:01:26;4.200;0.014;482.5;29.4;;;;;;;;;;;;;;;;;;
 ;02:01:27;4.200;0.014;482.5;29.4;;;;;;;;;;;;;;;;;;
 ;02:01:28;4.200;0.014;482.5;29.4;;;;;;;;;;;;;;;;;;
 ;02:01:29;4.200;0.014;482.5;29.4;;;;;;;;;;;;;;;;;;
 ;02:01:30;4.200;0.014;482.5;29.4;;;;;;;;;;;;;;;;;;
 ;02:01:31;4.200;0.014;482.5;29.4;;;;;;;;;;;;;;;;;;
 ;02:01:32;4.200;0.014;482.5;29.4;;;;;;;;;;;;;;;;;;
 ;02:01:33;4.200;0.014;482.5;29.4;;;;;;;;;;;;;;;;;;
 ;02:01:34;4.200;0.014;482.5;29.4;;;;;;;;;;;;;;;;;;
 ;02:01:35;4.200;0.014;482.5;29.4;;;;;;;;;;;;;;;;;;
 ;02:01:36;4.200;0.014;482.5;29.4;;;;;;;;;;;;;;;;;;
 ;02:01:37;4.200;0.014;482.5;29.4;;;;;;;;;;;;;;;;;;
 ;02:01:38;4.200;0.014;482.6;29.4;;;;;;;;;;;;;;;;;;
 ;02:01:39;4.200;0.014;482.6;29.4;;;;;;;;;;;;;;;;;;
 ;02:01:40;4.200;0.014;482.6;29.4;;;;;;;;;;;;;;;;;;
 ;02:01:41;4.200;0.014;482.6;29.4;;;;;;;;;;;;;;;;;;
 ;02:01:42;4.200;0.014;482.6;29.4;;;;;;;;;;;;;;;;;;
 ;02:01:43;4.200;0.014;482.6;29.4;;;;;;;;;;;;;;;;;;
 ;02:01:44;4.200;0.014;482.6;29.4;;;;;;;;;;;;;;;;;;
 ;02:01:45;4.200;0.014;482.6;29.4;;;;;;;;;;;;;;;;;;
 ;02:01:46;4.200;0.014;482.6;29.4;;;;;;;;;;;;;;;;;;
 ;02:01:47;4.200;0.014;482.6;29.4;;;;;;;;;;;;;;;;;;
 ;02:01:48;4.200;0.014;482.6;29.4;;;;;;;;;;;;;;;;;;
 ;02:01:49;4.200;0.014;482.6;29.4;;;;;;;;;;;;;;;;;;
 ;02:01:50;4.200;0.014;482.6;29.4;;;;;;;;;;;;;;;;;;
 ;02:01:51;4.200;0.014;482.6;29.4;;;;;;;;;;;;;;;;;;
 ;02:01:52;4.200;0.014;482.6;29.4;;;;;;;;;;;;;;;;;;
 ;02:01:53;4.200;0.014;482.6;29.4;;;;;;;;;;;;;;;;;;
 ;02:01:54;4.200;0.014;482.6;29.4;;;;;;;;;;;;;;;;;;
 ;02:01:55;4.200;0.014;482.6;29.4;;;;;;;;;;;;;;;;;;
 ;02:01:56;4.200;0.014;482.6;29.4;;;;;;;;;;;;;;;;;;
 ;02:01:57;4.200;0.014;482.6;29.4;;;;;;;;;;;;;;;;;;
 ;02:01:58;4.200;0.014;482.6;29.4;;;;;;;;;;;;;;;;;;
 ;02:01:59;4.200;0.014;482.6;29.4;;;;;;;;;;;;;;;;;;
 ;02:02:00;4.200;0.014;482.6;29.4;;;;;;;;;;;;;;;;;;
 ;02:02:01;4.200;0.014;482.6;29.4;;;;;;;;;;;;;;;;;;
 ;02:02:02;4.200;0.014;482.6;29.4;;;;;;;;;;;;;;;;;;
 ;02:02:03;4.200;0.014;482.7;29.4;;;;;;;;;;;;;;;;;;
 ;02:02:04;4.200;0.014;482.7;29.4;;;;;;;;;;;;;;;;;;
 ;02:02:05;4.200;0.014;482.7;29.4;;;;;;;;;;;;;;;;;;
 ;02:02:06;4.200;0.014;482.7;29.4;;;;;;;;;;;;;;;;;;
 ;02:02:07;4.200;0.014;482.7;29.4;;;;;;;;;;;;;;;;;;
 ;02:02:08;4.200;0.014;482.7;29.4;;;;;;;;;;;;;;;;;;
 ;02:02:09;4.200;0.014;482.7;29.4;;;;;;;;;;;;;;;;;;
 ;02:02:10;4.200;0.014;482.7;29.4;;;;;;;;;;;;;;;;;;
 ;02:02:11;4.200;0.014;482.7;29.4;;;;;;;;;;;;;;;;;;
 ;02:02:12;4.200;0.014;482.7;29.4;;;;;;;;;;;;;;;;;;
 ;02:02:13;4.200;0.014;482.7;29.4;;;;;;;;;;;;;;;;;;
 ;02:02:14;4.200;0.014;482.7;29.4;;;;;;;;;;;;;;;;;;
 ;02:02:15;4.200;0.014;482.7;29.4;;;;;;;;;;;;;;;;;;
 ;02:02:16;4.200;0.014;482.7;29.4;;;;;;;;;;;;;;;;;;
 ;02:02:17;4.200;0.014;482.7;29.4;;;;;;;;;;;;;;;;;;
 ;02:02:18;4.200;0.014;482.7;29.4;;;;;;;;;;;;;;;;;;
 ;02:02:19;4.200;0.014;482.7;29.4;;;;;;;;;;;;;;;;;;
 ;02:02:20;4.200;0.014;482.7;29.4;;;;;;;;;;;;;;;;;;
 ;02:02:21;4.200;0.014;482.7;29.4;;;;;;;;;;;;;;;;;;
 ;02:02:22;4.200;0.014;482.7;29.4;;;;;;;;;;;;;;;;;;
 ;02:02:23;4.200;0.014;482.7;29.4;;;;;;;;;;;;;;;;;;
 ;02:02:24;4.200;0.014;482.7;29.4;;;;;;;;;;;;;;;;;;
 ;02:02:25;4.200;0.014;482.7;29.4;;;;;;;;;;;;;;;;;;
 ;02:02:26;4.200;0.014;482.7;29.4;;;;;;;;;;;;;;;;;;
 ;02:02:27;4.200;0.014;482.7;29.4;;;;;;;;;;;;;;;;;;
 ;02:02:28;4.200;0.014;482.7;29.4;;;;;;;;;;;;;;;;;;
 ;02:02:29;4.200;0.014;482.8;29.4;;;;;;;;;;;;;;;;;;
 ;02:02:30;4.200;0.014;482.8;29.4;;;;;;;;;;;;;;;;;;
 ;02:02:31;4.200;0.014;482.8;29.4;;;;;;;;;;;;;;;;;;
 ;02:02:32;4.200;0.014;482.8;29.4;;;;;;;;;;;;;;;;;;
 ;02:02:33;4.200;0.014;482.8;29.4;;;;;;;;;;;;;;;;;;
 ;02:02:34;4.200;0.014;482.8;29.4;;;;;;;;;;;;;;;;;;
 ;02:02:35;4.200;0.014;482.8;29.4;;;;;;;;;;;;;;;;;;
 ;02:02:36;4.200;0.014;482.8;29.4;;;;;;;;;;;;;;;;;;
 ;02:02:37;4.200;0.014;482.8;29.4;;;;;;;;;;;;;;;;;;
 ;02:02:38;4.200;0.014;482.8;29.4;;;;;;;;;;;;;;;;;;
 ;02:02:39;4.200;0.014;482.8;29.4;;;;;;;;;;;;;;;;;;
 ;02:02:40;4.200;0.014;482.8;29.4;;;;;;;;;;;;;;;;;;
 ;02:02:41;4.200;0.014;482.8;29.4;;;;;;;;;;;;;;;;;;
 ;02:02:42;4.200;0.014;482.8;29.4;;;;;;;;;;;;;;;;;;
 ;02:02:43;4.200;0.014;482.8;29.4;;;;;;;;;;;;;;;;;;
 ;02:02:44;4.200;0.014;482.8;29.4;;;;;;;;;;;;;;;;;;
 ;02:02:45;4.200;0.014;482.8;29.4;;;;;;;;;;;;;;;;;;
 ;02:02:46;4.200;0.014;482.8;29.4;;;;;;;;;;;;;;;;;;
 ;02:02:47;4.200;0.014;482.8;29.4;;;;;;;;;;;;;;;;;;
 ;02:02:48;4.200;0.014;482.8;29.4;;;;;;;;;;;;;;;;;;
 ;02:02:49;4.200;0.014;482.8;29.4;;;;;;;;;;;;;;;;;;
 ;02:02:50;4.200;0.014;482.8;29.4;;;;;;;;;;;;;;;;;;
 ;02:02:51;4.200;0.014;482.8;29.4;;;;;;;;;;;;;;;;;;
 ;02:02:52;4.200;0.014;482.8;29.4;;;;;;;;;;;;;;;;;;
 ;02:02:53;4.200;0.014;482.8;29.4;;;;;;;;;;;;;;;;;;
 ;02:02:54;4.200;0.014;482.8;29.4;;;;;;;;;;;;;;;;;;
 ;02:02:55;4.200;0.014;482.9;29.4;;;;;;;;;;;;;;;;;;
 ;02:02:56;4.200;0.014;482.9;29.4;;;;;;;;;;;;;;;;;;
 ;02:02:57;4.200;0.014;482.9;29.4;;;;;;;;;;;;;;;;;;
 ;02:02:58;4.200;0.014;482.9;29.4;;;;;;;;;;;;;;;;;;
 ;02:02:59;4.200;0.014;482.9;29.4;;;;;;;;;;;;;;;;;;
 ;02:03:00;4.200;0.014;482.9;29.4;;;;;;;;;;;;;;;;;;
 ;02:03:01;4.200;0.014;482.9;29.4;;;;;;;;;;;;;;;;;;
 ;02:03:02;4.200;0.014;482.9;29.4;;;;;;;;;;;;;;;;;;
 ;02:03:03;4.200;0.014;482.9;29.4;;;;;;;;;;;;;;;;;;
 ;02:03:04;4.200;0.014;482.9;29.4;;;;;;;;;;;;;;;;;;
 ;02:03:05;4.200;0.014;482.9;29.4;;;;;;;;;;;;;;;;;;
 ;02:03:06;4.200;0.014;482.9;29.4;;;;;;;;;;;;;;;;;;
 ;02:03:07;4.200;0.014;482.9;29.4;;;;;;;;;;;;;;;;;;
 ;02:03:08;4.200;0.014;482.9;29.4;;;;;;;;;;;;;;;;;;
 ;02:03:09;4.200;0.014;482.9;29.4;;;;;;;;;;;;;;;;;;
 ;02:03:10;4.200;0.014;482.9;29.4;;;;;;;;;;;;;;;;;;
 ;02:03:11;4.200;0.014;482.9;29.4;;;;;;;;;;;;;;;;;;
 ;02:03:12;4.200;0.014;482.9;29.4;;;;;;;;;;;;;;;;;;
 ;02:03:13;4.200;0.014;482.9;29.4;;;;;;;;;;;;;;;;;;
 ;02:03:14;4.200;0.014;482.9;29.4;;;;;;;;;;;;;;;;;;
 ;02:03:15;4.200;0.014;482.9;29.4;;;;;;;;;;;;;;;;;;
 ;02:03:16;4.200;0.014;482.9;29.4;;;;;;;;;;;;;;;;;;
 ;02:03:17;4.200;0.014;482.9;29.4;;;;;;;;;;;;;;;;;;
 ;02:03:18;4.200;0.014;482.9;29.4;;;;;;;;;;;;;;;;;;
 ;02:03:19;4.200;0.014;482.9;29.4;;;;;;;;;;;;;;;;;;
 ;02:03:20;4.200;0.014;482.9;29.4;;;;;;;;;;;;;;;;;;
 ;02:03:21;4.200;0.014;483.0;29.4;;;;;;;;;;;;;;;;;;
 ;02:03:22;4.200;0.014;483.0;29.4;;;;;;;;;;;;;;;;;;
 ;02:03:23;4.200;0.014;483.0;29.4;;;;;;;;;;;;;;;;;;
 ;02:03:24;4.200;0.014;483.0;29.4;;;;;;;;;;;;;;;;;;
 ;02:03:25;4.200;0.014;483.0;29.4;;;;;;;;;;;;;;;;;;
 ;02:03:26;4.200;0.014;483.0;29.4;;;;;;;;;;;;;;;;;;
 ;02:03:27;4.200;0.014;483.0;29.4;;;;;;;;;;;;;;;;;;
 ;02:03:28;4.200;0.014;483.0;29.4;;;;;;;;;;;;;;;;;;
 ;02:03:29;4.200;0.014;483.0;29.4;;;;;;;;;;;;;;;;;;
 ;02:03:30;4.200;0.014;483.0;29.4;;;;;;;;;;;;;;;;;;
 ;02:03:31;4.200;0.014;483.0;29.4;;;;;;;;;;;;;;;;;;
 ;02:03:32;4.200;0.014;483.0;29.4;;;;;;;;;;;;;;;;;;
 ;02:03:33;4.200;0.014;483.0;29.4;;;;;;;;;;;;;;;;;;
 ;02:03:34;4.200;0.013;483.0;29.4;;;;;;;;;;;;;;;;;;
 ;02:03:35;4.200;0.013;483.0;29.4;;;;;;;;;;;;;;;;;;
 ;02:03:36;4.200;0.013;483.0;29.4;;;;;;;;;;;;;;;;;;
 ;02:03:37;4.200;0.013;483.0;29.4;;;;;;;;;;;;;;;;;;
 ;02:03:38;4.200;0.013;483.0;29.4;;;;;;;;;;;;;;;;;;
 ;02:03:39;4.200;0.013;483.0;29.4;;;;;;;;;;;;;;;;;;
 ;02:03:40;4.200;0.013;483.0;29.4;;;;;;;;;;;;;;;;;;
 ;02:03:41;4.200;0.013;483.0;29.4;;;;;;;;;;;;;;;;;;
 ;02:03:42;4.200;0.013;483.0;29.4;;;;;;;;;;;;;;;;;;
 ;02:03:43;4.200;0.013;483.0;29.4;;;;;;;;;;;;;;;;;;
 ;02:03:44;4.200;0.013;483.0;29.4;;;;;;;;;;;;;;;;;;
 ;02:03:45;4.200;0.013;483.0;29.4;;;;;;;;;;;;;;;;;;
 ;02:03:46;4.200;0.013;483.0;29.4;;;;;;;;;;;;;;;;;;
 ;02:03:47;4.200;0.013;483.1;29.4;;;;;;;;;;;;;;;;;;
 ;02:03:48;4.200;0.013;483.1;29.4;;;;;;;;;;;;;;;;;;
 ;02:03:49;4.200;0.013;483.1;29.4;;;;;;;;;;;;;;;;;;
 ;02:03:50;4.200;0.013;483.1;29.4;;;;;;;;;;;;;;;;;;
 ;02:03:51;4.200;0.013;483.1;29.4;;;;;;;;;;;;;;;;;;
 ;02:03:52;4.200;0.013;483.1;29.4;;;;;;;;;;;;;;;;;;
 ;02:03:53;4.200;0.013;483.1;29.4;;;;;;;;;;;;;;;;;;
 ;02:03:54;4.200;0.013;483.1;29.4;;;;;;;;;;;;;;;;;;
 ;02:03:55;4.200;0.013;483.1;29.4;;;;;;;;;;;;;;;;;;
 ;02:03:56;4.200;0.013;483.1;29.4;;;;;;;;;;;;;;;;;;
 ;02:03:57;4.200;0.013;483.1;29.4;;;;;;;;;;;;;;;;;;
 ;02:03:58;4.200;0.013;483.1;29.4;;;;;;;;;;;;;;;;;;
 ;02:03:59;4.200;0.013;483.1;29.4;;;;;;;;;;;;;;;;;;
 ;02:04:00;4.200;0.013;483.1;29.4;;;;;;;;;;;;;;;;;;
 ;02:04:01;4.200;0.013;483.1;29.4;;;;;;;;;;;;;;;;;;
 ;02:04:02;4.200;0.013;483.1;29.4;;;;;;;;;;;;;;;;;;
 ;02:04:03;4.200;0.013;483.1;29.4;;;;;;;;;;;;;;;;;;
 ;02:04:04;4.200;0.013;483.1;29.4;;;;;;;;;;;;;;;;;;
 ;02:04:05;4.200;0.013;483.1;29.4;;;;;;;;;;;;;;;;;;
 ;02:04:06;4.200;0.013;483.1;29.4;;;;;;;;;;;;;;;;;;
 ;02:04:07;4.200;0.013;483.1;29.4;;;;;;;;;;;;;;;;;;
 ;02:04:08;4.200;0.013;483.1;29.4;;;;;;;;;;;;;;;;;;
 ;02:04:09;4.200;0.013;483.1;29.4;;;;;;;;;;;;;;;;;;
 ;02:04:10;4.200;0.013;483.1;29.4;;;;;;;;;;;;;;;;;;
 ;02:04:11;4.200;0.013;483.1;29.4;;;;;;;;;;;;;;;;;;
 ;02:04:12;4.200;0.013;483.1;29.4;;;;;;;;;;;;;;;;;;
 ;02:04:13;4.200;0.013;483.2;29.4;;;;;;;;;;;;;;;;;;
 ;02:04:14;4.200;0.013;483.2;29.4;;;;;;;;;;;;;;;;;;
 ;02:04:15;4.200;0.013;483.2;29.4;;;;;;;;;;;;;;;;;;
 ;02:04:16;4.200;0.013;483.2;29.4;;;;;;;;;;;;;;;;;;
 ;02:04:17;4.200;0.013;483.2;29.4;;;;;;;;;;;;;;;;;;
 ;02:04:18;4.200;0.013;483.2;29.4;;;;;;;;;;;;;;;;;;
 ;02:04:19;4.200;0.013;483.2;29.4;;;;;;;;;;;;;;;;;;
 ;02:04:20;4.200;0.013;483.2;29.4;;;;;;;;;;;;;;;;;;
 ;02:04:21;4.200;0.013;483.2;29.4;;;;;;;;;;;;;;;;;;
 ;02:04:22;4.200;0.013;483.2;29.4;;;;;;;;;;;;;;;;;;
 ;02:04:23;4.200;0.013;483.2;29.4;;;;;;;;;;;;;;;;;;
 ;02:04:24;4.200;0.013;483.2;29.4;;;;;;;;;;;;;;;;;;
 ;02:04:25;4.200;0.013;483.2;29.4;;;;;;;;;;;;;;;;;;
 ;02:04:26;4.200;0.013;483.2;29.4;;;;;;;;;;;;;;;;;;
 ;02:04:27;4.200;0.013;483.2;29.4;;;;;;;;;;;;;;;;;;
 ;02:04:28;4.200;0.013;483.2;29.4;;;;;;;;;;;;;;;;;;
 ;02:04:29;4.200;0.013;483.2;29.4;;;;;;;;;;;;;;;;;;
 ;02:04:30;4.200;0.013;483.2;29.4;;;;;;;;;;;;;;;;;;
 ;02:04:31;4.200;0.013;483.2;29.4;;;;;;;;;;;;;;;;;;
 ;02:04:32;4.200;0.013;483.2;29.4;;;;;;;;;;;;;;;;;;
 ;02:04:33;4.200;0.013;483.2;29.4;;;;;;;;;;;;;;;;;;
 ;02:04:34;4.200;0.013;483.2;29.4;;;;;;;;;;;;;;;;;;
 ;02:04:35;4.200;0.013;483.2;29.4;;;;;;;;;;;;;;;;;;
 ;02:04:36;4.200;0.013;483.2;29.4;;;;;;;;;;;;;;;;;;
 ;02:04:37;4.200;0.013;483.2;29.4;;;;;;;;;;;;;;;;;;
 ;02:04:38;4.200;0.013;483.2;29.4;;;;;;;;;;;;;;;;;;
 ;02:04:39;4.200;0.013;483.2;29.4;;;;;;;;;;;;;;;;;;
 ;02:04:40;4.200;0.013;483.3;29.4;;;;;;;;;;;;;;;;;;
 ;02:04:41;4.200;0.013;483.3;29.4;;;;;;;;;;;;;;;;;;
 ;02:04:42;4.200;0.013;483.3;29.4;;;;;;;;;;;;;;;;;;
 ;02:04:43;4.200;0.013;483.3;29.4;;;;;;;;;;;;;;;;;;
 ;02:04:44;4.200;0.013;483.3;29.4;;;;;;;;;;;;;;;;;;
 ;02:04:45;4.200;0.013;483.3;29.4;;;;;;;;;;;;;;;;;;
 ;02:04:46;4.200;0.013;483.3;29.4;;;;;;;;;;;;;;;;;;
 ;02:04:47;4.200;0.013;483.3;29.4;;;;;;;;;;;;;;;;;;
 ;02:04:48;4.200;0.013;483.3;29.4;;;;;;;;;;;;;;;;;;
 ;02:04:49;4.200;0.013;483.3;29.4;;;;;;;;;;;;;;;;;;
 ;02:04:50;4.200;0.013;483.3;29.4;;;;;;;;;;;;;;;;;;
 ;02:04:51;4.200;0.013;483.3;29.4;;;;;;;;;;;;;;;;;;
 ;02:04:52;4.200;0.013;483.3;29.4;;;;;;;;;;;;;;;;;;
 ;02:04:53;4.200;0.013;483.3;29.4;;;;;;;;;;;;;;;;;;
 ;02:04:54;4.200;0.013;483.3;29.4;;;;;;;;;;;;;;;;;;
 ;02:04:55;4.200;0.013;483.3;29.4;;;;;;;;;;;;;;;;;;
 ;02:04:56;4.200;0.013;483.3;29.4;;;;;;;;;;;;;;;;;;
 ;02:04:57;4.200;0.013;483.3;29.4;;;;;;;;;;;;;;;;;;
 ;02:04:58;4.200;0.013;483.3;29.4;;;;;;;;;;;;;;;;;;
 ;02:04:59;4.200;0.013;483.3;29.4;;;;;;;;;;;;;;;;;;
 ;02:05:00;4.200;0.013;483.3;29.4;;;;;;;;;;;;;;;;;;
 ;02:05:01;4.200;0.013;483.3;29.4;;;;;;;;;;;;;;;;;;
 ;02:05:02;4.200;0.013;483.3;29.4;;;;;;;;;;;;;;;;;;
 ;02:05:03;4.200;0.013;483.3;29.4;;;;;;;;;;;;;;;;;;
 ;02:05:04;4.200;0.013;483.3;29.4;;;;;;;;;;;;;;;;;;
 ;02:05:05;4.200;0.013;483.3;29.4;;;;;;;;;;;;;;;;;;
 ;02:05:06;4.200;0.013;483.4;29.4;;;;;;;;;;;;;;;;;;
 ;02:05:07;4.200;0.013;483.4;29.4;;;;;;;;;;;;;;;;;;
 ;02:05:08;4.200;0.013;483.4;29.4;;;;;;;;;;;;;;;;;;
 ;02:05:09;4.200;0.013;483.4;29.4;;;;;;;;;;;;;;;;;;
 ;02:05:10;4.200;0.013;483.4;29.4;;;;;;;;;;;;;;;;;;
 ;02:05:11;4.200;0.013;483.4;29.4;;;;;;;;;;;;;;;;;;
 ;02:05:12;4.200;0.013;483.4;29.4;;;;;;;;;;;;;;;;;;
 ;02:05:13;4.200;0.013;483.4;29.4;;;;;;;;;;;;;;;;;;
 ;02:05:14;4.200;0.013;483.4;29.4;;;;;;;;;;;;;;;;;;
 ;02:05:15;4.200;0.013;483.4;29.4;;;;;;;;;;;;;;;;;;
 ;02:05:16;4.200;0.013;483.4;29.4;;;;;;;;;;;;;;;;;;
 ;02:05:17;4.200;0.013;483.4;29.4;;;;;;;;;;;;;;;;;;
 ;02:05:18;4.200;0.013;483.4;29.4;;;;;;;;;;;;;;;;;;
 ;02:05:19;4.200;0.013;483.4;29.4;;;;;;;;;;;;;;;;;;
 ;02:05:20;4.200;0.013;483.4;29.4;;;;;;;;;;;;;;;;;;
 ;02:05:21;4.200;0.013;483.4;29.4;;;;;;;;;;;;;;;;;;
 ;02:05:22;4.200;0.013;483.4;29.4;;;;;;;;;;;;;;;;;;
 ;02:05:23;4.200;0.013;483.4;29.4;;;;;;;;;;;;;;;;;;
 ;02:05:24;4.200;0.013;483.4;29.4;;;;;;;;;;;;;;;;;;
 ;02:05:25;4.200;0.013;483.4;29.4;;;;;;;;;;;;;;;;;;
 ;02:05:26;4.200;0.013;483.4;29.4;;;;;;;;;;;;;;;;;;
 ;02:05:27;4.200;0.013;483.4;29.4;;;;;;;;;;;;;;;;;;
 ;02:05:28;4.200;0.013;483.4;29.4;;;;;;;;;;;;;;;;;;
 ;02:05:29;4.200;0.013;483.4;29.4;;;;;;;;;;;;;;;;;;
 ;02:05:30;4.200;0.013;483.4;29.4;;;;;;;;;;;;;;;;;;
 ;02:05:31;4.200;0.013;483.4;29.4;;;;;;;;;;;;;;;;;;
 ;02:05:32;4.200;0.013;483.4;29.4;;;;;;;;;;;;;;;;;;
 ;02:05:33;4.200;0.013;483.5;29.4;;;;;;;;;;;;;;;;;;
 ;02:05:34;4.200;0.013;483.5;29.4;;;;;;;;;;;;;;;;;;
 ;02:05:35;4.200;0.013;483.5;29.4;;;;;;;;;;;;;;;;;;
 ;02:05:36;4.200;0.013;483.5;29.4;;;;;;;;;;;;;;;;;;
 ;02:05:37;4.200;0.013;483.5;29.4;;;;;;;;;;;;;;;;;;
 ;02:05:38;4.200;0.013;483.5;29.4;;;;;;;;;;;;;;;;;;
 ;02:05:39;4.200;0.013;483.5;29.4;;;;;;;;;;;;;;;;;;
 ;02:05:40;4.200;0.013;483.5;29.4;;;;;;;;;;;;;;;;;;
 ;02:05:41;4.200;0.013;483.5;29.4;;;;;;;;;;;;;;;;;;
 ;02:05:42;4.200;0.013;483.5;29.4;;;;;;;;;;;;;;;;;;
 ;02:05:43;4.200;0.013;483.5;29.4;;;;;;;;;;;;;;;;;;
 ;02:05:44;4.200;0.013;483.5;29.4;;;;;;;;;;;;;;;;;;
 ;02:05:45;4.200;0.013;483.5;29.4;;;;;;;;;;;;;;;;;;
 ;02:05:46;4.200;0.013;483.5;29.4;;;;;;;;;;;;;;;;;;
 ;02:05:47;4.200;0.013;483.5;29.4;;;;;;;;;;;;;;;;;;
 ;02:05:48;4.200;0.013;483.5;29.4;;;;;;;;;;;;;;;;;;
 ;02:05:49;4.200;0.013;483.5;29.4;;;;;;;;;;;;;;;;;;
 ;02:05:50;4.200;0.013;483.5;29.4;;;;;;;;;;;;;;;;;;
 ;02:05:51;4.200;0.013;483.5;29.4;;;;;;;;;;;;;;;;;;
 ;02:05:52;4.200;0.013;483.5;29.4;;;;;;;;;;;;;;;;;;
 ;02:05:53;4.200;0.013;483.5;29.4;;;;;;;;;;;;;;;;;;
 ;02:05:54;4.200;0.013;483.5;29.4;;;;;;;;;;;;;;;;;;
 ;02:05:55;4.200;0.013;483.5;29.4;;;;;;;;;;;;;;;;;;
 ;02:05:56;4.200;0.013;483.5;29.4;;;;;;;;;;;;;;;;;;
 ;02:05:57;4.200;0.013;483.5;29.4;;;;;;;;;;;;;;;;;;
 ;02:05:58;4.200;0.013;483.5;29.4;;;;;;;;;;;;;;;;;;
 ;02:05:59;4.200;0.013;483.5;29.4;;;;;;;;;;;;;;;;;;
 ;02:06:00;4.200;0.013;483.5;29.4;;;;;;;;;;;;;;;;;;
 ;02:06:01;4.200;0.013;483.6;29.4;;;;;;;;;;;;;;;;;;
 ;02:06:02;4.200;0.013;483.6;29.4;;;;;;;;;;;;;;;;;;
 ;02:06:03;4.200;0.013;483.6;29.4;;;;;;;;;;;;;;;;;;
 ;02:06:04;4.200;0.013;483.6;29.4;;;;;;;;;;;;;;;;;;
 ;02:06:05;4.200;0.013;483.6;29.4;;;;;;;;;;;;;;;;;;
 ;02:06:06;4.200;0.013;483.6;29.4;;;;;;;;;;;;;;;;;;
 ;02:06:07;4.200;0.013;483.6;29.4;;;;;;;;;;;;;;;;;;
 ;02:06:08;4.200;0.013;483.6;29.4;;;;;;;;;;;;;;;;;;
 ;02:06:09;4.200;0.013;483.6;29.4;;;;;;;;;;;;;;;;;;
 ;02:06:10;4.200;0.013;483.6;29.4;;;;;;;;;;;;;;;;;;
 ;02:06:11;4.200;0.013;483.6;29.4;;;;;;;;;;;;;;;;;;
 ;02:06:12;4.200;0.013;483.6;29.4;;;;;;;;;;;;;;;;;;
 ;02:06:13;4.200;0.013;483.6;29.4;;;;;;;;;;;;;;;;;;
 ;02:06:14;4.200;0.013;483.6;29.4;;;;;;;;;;;;;;;;;;
 ;02:06:15;4.200;0.013;483.6;29.4;;;;;;;;;;;;;;;;;;
 ;02:06:16;4.200;0.013;483.6;29.4;;;;;;;;;;;;;;;;;;
 ;02:06:17;4.200;0.013;483.6;29.4;;;;;;;;;;;;;;;;;;
 ;02:06:18;4.200;0.013;483.6;29.4;;;;;;;;;;;;;;;;;;
 ;02:06:19;4.200;0.013;483.6;29.4;;;;;;;;;;;;;;;;;;
 ;02:06:20;4.200;0.013;483.6;29.4;;;;;;;;;;;;;;;;;;
 ;02:06:21;4.200;0.013;483.6;29.4;;;;;;;;;;;;;;;;;;
 ;02:06:22;4.200;0.013;483.6;29.4;;;;;;;;;;;;;;;;;;
 ;02:06:23;4.200;0.013;483.6;29.4;;;;;;;;;;;;;;;;;;
 ;02:06:24;4.200;0.013;483.6;29.4;;;;;;;;;;;;;;;;;;
 ;02:06:25;4.200;0.013;483.6;29.4;;;;;;;;;;;;;;;;;;
 ;02:06:26;4.200;0.013;483.6;29.4;;;;;;;;;;;;;;;;;;
 ;02:06:27;4.200;0.013;483.6;29.4;;;;;;;;;;;;;;;;;;
 ;02:06:28;4.200;0.013;483.7;29.4;;;;;;;;;;;;;;;;;;
 ;02:06:29;4.200;0.013;483.7;29.4;;;;;;;;;;;;;;;;;;
 ;02:06:30;4.200;0.013;483.7;29.4;;;;;;;;;;;;;;;;;;
 ;02:06:31;4.200;0.013;483.7;29.4;;;;;;;;;;;;;;;;;;
 ;02:06:32;4.200;0.013;483.7;29.4;;;;;;;;;;;;;;;;;;
 ;02:06:33;4.200;0.013;483.7;29.4;;;;;;;;;;;;;;;;;;
 ;02:06:34;4.200;0.013;483.7;29.4;;;;;;;;;;;;;;;;;;
 ;02:06:35;4.200;0.013;483.7;29.4;;;;;;;;;;;;;;;;;;
 ;02:06:36;4.200;0.013;483.7;29.4;;;;;;;;;;;;;;;;;;
 ;02:06:37;4.200;0.013;483.7;29.4;;;;;;;;;;;;;;;;;;
 ;02:06:38;4.200;0.013;483.7;29.4;;;;;;;;;;;;;;;;;;
 ;02:06:39;4.200;0.013;483.7;29.4;;;;;;;;;;;;;;;;;;
 ;02:06:40;4.200;0.013;483.7;29.4;;;;;;;;;;;;;;;;;;
 ;02:06:41;4.200;0.013;483.7;29.4;;;;;;;;;;;;;;;;;;
 ;02:06:42;4.200;0.013;483.7;29.4;;;;;;;;;;;;;;;;;;
 ;02:06:43;4.200;0.013;483.7;29.4;;;;;;;;;;;;;;;;;;
 ;02:06:44;4.200;0.013;483.7;29.4;;;;;;;;;;;;;;;;;;
 ;02:06:45;4.200;0.013;483.7;29.4;;;;;;;;;;;;;;;;;;
 ;02:06:46;4.200;0.013;483.7;29.4;;;;;;;;;;;;;;;;;;
 ;02:06:47;4.200;0.013;483.7;29.4;;;;;;;;;;;;;;;;;;
 ;02:06:48;4.200;0.013;483.7;29.4;;;;;;;;;;;;;;;;;;
 ;02:06:49;4.200;0.013;483.7;29.4;;;;;;;;;;;;;;;;;;
 ;02:06:50;4.200;0.013;483.7;29.4;;;;;;;;;;;;;;;;;;
 ;02:06:51;4.200;0.013;483.7;29.4;;;;;;;;;;;;;;;;;;
 ;02:06:52;4.200;0.013;483.7;29.4;;;;;;;;;;;;;;;;;;
 ;02:06:53;4.200;0.013;483.7;29.4;;;;;;;;;;;;;;;;;;
 ;02:06:54;4.200;0.013;483.7;29.4;;;;;;;;;;;;;;;;;;
 ;02:06:55;4.200;0.013;483.7;29.4;;;;;;;;;;;;;;;;;;
 ;02:06:56;4.200;0.013;483.8;29.4;;;;;;;;;;;;;;;;;;
 ;02:06:57;4.200;0.013;483.8;29.4;;;;;;;;;;;;;;;;;;
 ;02:06:58;4.200;0.013;483.8;29.4;;;;;;;;;;;;;;;;;;
 ;02:06:59;4.200;0.013;483.8;29.4;;;;;;;;;;;;;;;;;;
 ;02:07:00;4.200;0.013;483.8;29.4;;;;;;;;;;;;;;;;;;
 ;02:07:01;4.200;0.013;483.8;29.4;;;;;;;;;;;;;;;;;;
 ;02:07:02;4.200;0.013;483.8;29.4;;;;;;;;;;;;;;;;;;
 ;02:07:03;4.200;0.013;483.8;29.4;;;;;;;;;;;;;;;;;;
 ;02:07:04;4.200;0.013;483.8;29.4;;;;;;;;;;;;;;;;;;
 ;02:07:05;4.200;0.013;483.8;29.4;;;;;;;;;;;;;;;;;;
 ;02:07:06;4.200;0.013;483.8;29.4;;;;;;;;;;;;;;;;;;
 ;02:07:07;4.200;0.013;483.8;29.4;;;;;;;;;;;;;;;;;;
 ;02:07:08;4.200;0.013;483.8;29.4;;;;;;;;;;;;;;;;;;
 ;02:07:09;4.200;0.013;483.8;29.4;;;;;;;;;;;;;;;;;;
 ;02:07:10;4.200;0.013;483.8;29.4;;;;;;;;;;;;;;;;;;
 ;02:07:11;4.200;0.013;483.8;29.4;;;;;;;;;;;;;;;;;;
 ;02:07:12;4.200;0.013;483.8;29.4;;;;;;;;;;;;;;;;;;
 ;02:07:13;4.200;0.013;483.8;29.4;;;;;;;;;;;;;;;;;;
 ;02:07:14;4.200;0.013;483.8;29.4;;;;;;;;;;;;;;;;;;
 ;02:07:15;4.200;0.013;483.8;29.4;;;;;;;;;;;;;;;;;;
 ;02:07:16;4.200;0.013;483.8;29.4;;;;;;;;;;;;;;;;;;
 ;02:07:17;4.200;0.013;483.8;29.4;;;;;;;;;;;;;;;;;;
 ;02:07:18;4.200;0.013;483.8;29.4;;;;;;;;;;;;;;;;;;
 ;02:07:19;4.200;0.013;483.8;29.4;;;;;;;;;;;;;;;;;;
 ;02:07:20;4.200;0.013;483.8;29.4;;;;;;;;;;;;;;;;;;
 ;02:07:21;4.200;0.013;483.8;29.4;;;;;;;;;;;;;;;;;;
 ;02:07:22;4.200;0.013;483.8;29.4;;;;;;;;;;;;;;;;;;
 ;02:07:23;4.200;0.013;483.8;29.4;;;;;;;;;;;;;;;;;;
 ;02:07:24;4.200;0.013;483.9;29.4;;;;;;;;;;;;;;;;;;
 ;02:07:25;4.200;0.013;483.9;29.4;;;;;;;;;;;;;;;;;;
 ;02:07:26;4.200;0.013;483.9;29.4;;;;;;;;;;;;;;;;;;
 ;02:07:27;4.200;0.013;483.9;29.4;;;;;;;;;;;;;;;;;;
 ;02:07:28;4.200;0.013;483.9;29.4;;;;;;;;;;;;;;;;;;
 ;02:07:29;4.200;0.013;483.9;29.4;;;;;;;;;;;;;;;;;;
 ;02:07:30;4.200;0.013;483.9;29.4;;;;;;;;;;;;;;;;;;
 ;02:07:31;4.200;0.013;483.9;29.4;;;;;;;;;;;;;;;;;;
 ;02:07:32;4.200;0.013;483.9;29.4;;;;;;;;;;;;;;;;;;
 ;02:07:33;4.200;0.013;483.9;29.4;;;;;;;;;;;;;;;;;;
 ;02:07:34;4.200;0.013;483.9;29.3;;;;;;;;;;;;;;;;;;
 ;02:07:35;4.200;0.013;483.9;29.3;;;;;;;;;;;;;;;;;;
 ;02:07:36;4.200;0.013;483.9;29.3;;;;;;;;;;;;;;;;;;
 ;02:07:37;4.200;0.013;483.9;29.3;;;;;;;;;;;;;;;;;;
 ;02:07:38;4.200;0.013;483.9;29.4;;;;;;;;;;;;;;;;;;
 ;02:07:39;4.200;0.013;483.9;29.4;;;;;;;;;;;;;;;;;;
 ;02:07:40;4.200;0.013;483.9;29.3;;;;;;;;;;;;;;;;;;
 ;02:07:41;4.200;0.013;483.9;29.4;;;;;;;;;;;;;;;;;;
 ;02:07:42;4.200;0.013;483.9;29.4;;;;;;;;;;;;;;;;;;
 ;02:07:43;4.200;0.013;483.9;29.4;;;;;;;;;;;;;;;;;;
 ;02:07:44;4.200;0.013;483.9;29.4;;;;;;;;;;;;;;;;;;
 ;02:07:45;4.200;0.013;483.9;29.3;;;;;;;;;;;;;;;;;;
 ;02:07:46;4.200;0.013;483.9;29.4;;;;;;;;;;;;;;;;;;
 ;02:07:47;4.200;0.013;483.9;29.4;;;;;;;;;;;;;;;;;;
 ;02:07:48;4.200;0.013;483.9;29.3;;;;;;;;;;;;;;;;;;
 ;02:07:49;4.200;0.013;483.9;29.3;;;;;;;;;;;;;;;;;;
 ;02:07:50;4.200;0.013;483.9;29.4;;;;;;;;;;;;;;;;;;
 ;02:07:51;4.200;0.013;484.0;29.3;;;;;;;;;;;;;;;;;;
 ;02:07:52;4.200;0.013;484.0;29.4;;;;;;;;;;;;;;;;;;
 ;02:07:53;4.200;0.013;484.0;29.3;;;;;;;;;;;;;;;;;;
 ;02:07:54;4.200;0.013;484.0;29.3;;;;;;;;;;;;;;;;;;
 ;02:07:55;4.200;0.013;484.0;29.3;;;;;;;;;;;;;;;;;;
 ;02:07:56;4.200;0.013;484.0;29.3;;;;;;;;;;;;;;;;;;
 ;02:07:57;4.200;0.013;484.0;29.3;;;;;;;;;;;;;;;;;;
 ;02:07:58;4.200;0.013;484.0;29.3;;;;;;;;;;;;;;;;;;
 ;02:07:59;4.200;0.013;484.0;29.3;;;;;;;;;;;;;;;;;;
 ;02:08:00;4.200;0.013;484.0;29.3;;;;;;;;;;;;;;;;;;
 ;02:08:01;4.200;0.013;484.0;29.3;;;;;;;;;;;;;;;;;;
 ;02:08:02;4.200;0.013;484.0;29.3;;;;;;;;;;;;;;;;;;
 ;02:08:03;4.200;0.013;484.0;29.3;;;;;;;;;;;;;;;;;;
 ;02:08:04;4.200;0.013;484.0;29.3;;;;;;;;;;;;;;;;;;
 ;02:08:05;4.200;0.013;484.0;29.3;;;;;;;;;;;;;;;;;;
 ;02:08:06;4.200;0.013;484.0;29.3;;;;;;;;;;;;;;;;;;
 ;02:08:07;4.200;0.013;484.0;29.3;;;;;;;;;;;;;;;;;;
 ;02:08:08;4.200;0.013;484.0;29.3;;;;;;;;;;;;;;;;;;
 ;02:08:09;4.200;0.013;484.0;29.3;;;;;;;;;;;;;;;;;;
 ;02:08:10;4.200;0.013;484.0;29.3;;;;;;;;;;;;;;;;;;
 ;02:08:11;4.200;0.013;484.0;29.3;;;;;;;;;;;;;;;;;;
 ;02:08:12;4.200;0.013;484.0;29.3;;;;;;;;;;;;;;;;;;
 ;02:08:13;4.200;0.013;484.0;29.3;;;;;;;;;;;;;;;;;;
 ;02:08:14;4.200;0.013;484.0;29.3;;;;;;;;;;;;;;;;;;
 ;02:08:15;4.200;0.013;484.0;29.3;;;;;;;;;;;;;;;;;;
 ;02:08:16;4.200;0.013;484.0;29.3;;;;;;;;;;;;;;;;;;
 ;02:08:17;4.200;0.013;484.0;29.3;;;;;;;;;;;;;;;;;;
 ;02:08:18;4.200;0.013;484.0;29.3;;;;;;;;;;;;;;;;;;
 ;02:08:19;4.200;0.013;484.1;29.3;;;;;;;;;;;;;;;;;;
 ;02:08:20;4.200;0.013;484.1;29.3;;;;;;;;;;;;;;;;;;
 ;02:08:21;4.200;0.013;484.1;29.3;;;;;;;;;;;;;;;;;;
 ;02:08:22;4.200;0.013;484.1;29.3;;;;;;;;;;;;;;;;;;
 ;02:08:23;4.200;0.013;484.1;29.3;;;;;;;;;;;;;;;;;;
 ;02:08:24;4.200;0.013;484.1;29.3;;;;;;;;;;;;;;;;;;
 ;02:08:25;4.200;0.013;484.1;29.3;;;;;;;;;;;;;;;;;;
 ;02:08:26;4.200;0.013;484.1;29.3;;;;;;;;;;;;;;;;;;
 ;02:08:27;4.200;0.013;484.1;29.3;;;;;;;;;;;;;;;;;;
 ;02:08:28;4.200;0.013;484.1;29.3;;;;;;;;;;;;;;;;;;
 ;02:08:29;4.200;0.013;484.1;29.3;;;;;;;;;;;;;;;;;;
 ;02:08:30;4.200;0.013;484.1;29.3;;;;;;;;;;;;;;;;;;
 ;02:08:31;4.200;0.013;484.1;29.3;;;;;;;;;;;;;;;;;;
 ;02:08:32;4.200;0.013;484.1;29.3;;;;;;;;;;;;;;;;;;
 ;02:08:33;4.200;0.013;484.1;29.3;;;;;;;;;;;;;;;;;;
 ;02:08:34;4.200;0.013;484.1;29.3;;;;;;;;;;;;;;;;;;
 ;02:08:35;4.200;0.013;484.1;29.3;;;;;;;;;;;;;;;;;;
 ;02:08:36;4.200;0.013;484.1;29.3;;;;;;;;;;;;;;;;;;
 ;02:08:37;4.200;0.013;484.1;29.3;;;;;;;;;;;;;;;;;;
 ;02:08:38;4.200;0.013;484.1;29.3;;;;;;;;;;;;;;;;;;
 ;02:08:39;4.200;0.013;484.1;29.3;;;;;;;;;;;;;;;;;;
 ;02:08:40;4.200;0.013;484.1;29.3;;;;;;;;;;;;;;;;;;
 ;02:08:41;4.200;0.013;484.1;29.3;;;;;;;;;;;;;;;;;;
 ;02:08:42;4.200;0.013;484.1;29.3;;;;;;;;;;;;;;;;;;
 ;02:08:43;4.200;0.013;484.1;29.3;;;;;;;;;;;;;;;;;;
 ;02:08:44;4.200;0.013;484.1;29.3;;;;;;;;;;;;;;;;;;
 ;02:08:45;4.200;0.013;484.1;29.3;;;;;;;;;;;;;;;;;;
 ;02:08:46;4.200;0.013;484.1;29.3;;;;;;;;;;;;;;;;;;
 ;02:08:47;4.200;0.013;484.2;29.3;;;;;;;;;;;;;;;;;;
 ;02:08:48;4.200;0.013;484.2;29.3;;;;;;;;;;;;;;;;;;
 ;02:08:49;4.200;0.013;484.2;29.3;;;;;;;;;;;;;;;;;;
 ;02:08:50;4.200;0.013;484.2;29.3;;;;;;;;;;;;;;;;;;
 ;02:08:51;4.200;0.013;484.2;29.3;;;;;;;;;;;;;;;;;;
 ;02:08:52;4.200;0.013;484.2;29.3;;;;;;;;;;;;;;;;;;
 ;02:08:53;4.200;0.013;484.2;29.3;;;;;;;;;;;;;;;;;;
 ;02:08:54;4.200;0.013;484.2;29.3;;;;;;;;;;;;;;;;;;
 ;02:08:55;4.200;0.013;484.2;29.3;;;;;;;;;;;;;;;;;;
 ;02:08:56;4.200;0.013;484.2;29.3;;;;;;;;;;;;;;;;;;
 ;02:08:57;4.200;0.013;484.2;29.3;;;;;;;;;;;;;;;;;;
 ;02:08:58;4.200;0.013;484.2;29.3;;;;;;;;;;;;;;;;;;
 ;02:08:59;4.200;0.013;484.2;29.3;;;;;;;;;;;;;;;;;;
 ;02:09:00;4.200;0.013;484.2;29.3;;;;;;;;;;;;;;;;;;
 ;02:09:01;4.200;0.013;484.2;29.3;;;;;;;;;;;;;;;;;;
 ;02:09:02;4.200;0.013;484.2;29.3;;;;;;;;;;;;;;;;;;
 ;02:09:03;4.200;0.013;484.2;29.3;;;;;;;;;;;;;;;;;;
 ;02:09:04;4.200;0.013;484.2;29.3;;;;;;;;;;;;;;;;;;
 ;02:09:05;4.200;0.013;484.2;29.3;;;;;;;;;;;;;;;;;;
 ;02:09:06;4.200;0.013;484.2;29.3;;;;;;;;;;;;;;;;;;
 ;02:09:07;4.200;0.013;484.2;29.3;;;;;;;;;;;;;;;;;;
 ;02:09:08;4.200;0.013;484.2;29.3;;;;;;;;;;;;;;;;;;
 ;02:09:09;4.200;0.013;484.2;29.3;;;;;;;;;;;;;;;;;;
 ;02:09:10;4.200;0.013;484.2;29.3;;;;;;;;;;;;;;;;;;
 ;02:09:11;4.200;0.013;484.2;29.3;;;;;;;;;;;;;;;;;;
 ;02:09:12;4.200;0.013;484.2;29.3;;;;;;;;;;;;;;;;;;
 ;02:09:13;4.200;0.013;484.2;29.3;;;;;;;;;;;;;;;;;;
 ;02:09:14;4.200;0.013;484.2;29.3;;;;;;;;;;;;;;;;;;
 ;02:09:15;4.200;0.013;484.3;29.3;;;;;;;;;;;;;;;;;;
 ;02:09:16;4.200;0.013;484.3;29.3;;;;;;;;;;;;;;;;;;
 ;02:09:17;4.200;0.013;484.3;29.3;;;;;;;;;;;;;;;;;;
 ;02:09:18;4.200;0.013;484.3;29.3;;;;;;;;;;;;;;;;;;
 ;02:09:19;4.200;0.013;484.3;29.3;;;;;;;;;;;;;;;;;;
 ;02:09:20;4.200;0.013;484.3;29.3;;;;;;;;;;;;;;;;;;
 ;02:09:21;4.200;0.013;484.3;29.3;;;;;;;;;;;;;;;;;;
 ;02:09:22;4.200;0.013;484.3;29.3;;;;;;;;;;;;;;;;;;
 ;02:09:23;4.200;0.013;484.3;29.3;;;;;;;;;;;;;;;;;;
 ;02:09:24;4.200;0.013;484.3;29.3;;;;;;;;;;;;;;;;;;
 ;02:09:25;4.200;0.013;484.3;29.3;;;;;;;;;;;;;;;;;;
 ;02:09:26;4.200;0.013;484.3;29.3;;;;;;;;;;;;;;;;;;
 ;02:09:27;4.200;0.013;484.3;29.3;;;;;;;;;;;;;;;;;;
 ;02:09:28;4.200;0.013;484.3;29.3;;;;;;;;;;;;;;;;;;
 ;02:09:29;4.200;0.013;484.3;29.3;;;;;;;;;;;;;;;;;;
 ;02:09:30;4.200;0.013;484.3;29.3;;;;;;;;;;;;;;;;;;
 ;02:09:31;4.200;0.013;484.3;29.3;;;;;;;;;;;;;;;;;;
 ;02:09:32;4.200;0.013;484.3;29.3;;;;;;;;;;;;;;;;;;
 ;02:09:33;4.200;0.013;484.3;29.3;;;;;;;;;;;;;;;;;;
 ;02:09:34;4.200;0.013;484.3;29.3;;;;;;;;;;;;;;;;;;
 ;02:09:35;4.200;0.013;484.3;29.3;;;;;;;;;;;;;;;;;;
 ;02:09:36;4.200;0.013;484.3;29.3;;;;;;;;;;;;;;;;;;
 ;02:09:37;4.200;0.013;484.3;29.3;;;;;;;;;;;;;;;;;;
 ;02:09:38;4.200;0.013;484.3;29.3;;;;;;;;;;;;;;;;;;
 ;02:09:39;4.200;0.013;484.3;29.3;;;;;;;;;;;;;;;;;;
 ;02:09:40;4.200;0.013;484.3;29.3;;;;;;;;;;;;;;;;;;
 ;02:09:41;4.200;0.013;484.3;29.3;;;;;;;;;;;;;;;;;;
 ;02:09:42;4.200;0.013;484.4;29.3;;;;;;;;;;;;;;;;;;
 ;02:09:43;4.200;0.013;484.4;29.3;;;;;;;;;;;;;;;;;;
 ;02:09:44;4.200;0.013;484.4;29.3;;;;;;;;;;;;;;;;;;
 ;02:09:45;4.200;0.013;484.4;29.3;;;;;;;;;;;;;;;;;;
 ;02:09:46;4.200;0.013;484.4;29.3;;;;;;;;;;;;;;;;;;
 ;02:09:47;4.200;0.013;484.4;29.3;;;;;;;;;;;;;;;;;;
 ;02:09:48;4.200;0.013;484.4;29.3;;;;;;;;;;;;;;;;;;
 ;02:09:49;4.200;0.013;484.4;29.3;;;;;;;;;;;;;;;;;;
 ;02:09:50;4.200;0.013;484.4;29.3;;;;;;;;;;;;;;;;;;
 ;02:09:51;4.200;0.013;484.4;29.3;;;;;;;;;;;;;;;;;;
 ;02:09:52;4.200;0.013;484.4;29.3;;;;;;;;;;;;;;;;;;
 ;02:09:53;4.200;0.013;484.4;29.3;;;;;;;;;;;;;;;;;;
 ;02:09:54;4.200;0.013;484.4;29.3;;;;;;;;;;;;;;;;;;
 ;02:09:55;4.200;0.013;484.4;29.3;;;;;;;;;;;;;;;;;;
 ;02:09:56;4.200;0.013;484.4;29.3;;;;;;;;;;;;;;;;;;
 ;02:09:57;4.200;0.013;484.4;29.3;;;;;;;;;;;;;;;;;;
 ;02:09:58;4.200;0.013;484.4;29.3;;;;;;;;;;;;;;;;;;
 ;02:09:59;4.200;0.013;484.4;29.3;;;;;;;;;;;;;;;;;;
 ;02:10:00;4.200;0.013;484.4;29.3;;;;;;;;;;;;;;;;;;
 ;02:10:01;4.200;0.013;484.4;29.3;;;;;;;;;;;;;;;;;;
 ;02:10:02;4.200;0.013;484.4;29.3;;;;;;;;;;;;;;;;;;
 ;02:10:03;4.200;0.013;484.4;29.3;;;;;;;;;;;;;;;;;;
 ;02:10:04;4.200;0.013;484.4;29.3;;;;;;;;;;;;;;;;;;
 ;02:10:05;4.200;0.013;484.4;29.3;;;;;;;;;;;;;;;;;;
 ;02:10:06;4.200;0.013;484.4;29.3;;;;;;;;;;;;;;;;;;
 ;02:10:07;4.200;0.013;484.4;29.3;;;;;;;;;;;;;;;;;;
 ;02:10:08;4.200;0.013;484.4;29.3;;;;;;;;;;;;;;;;;;
 ;02:10:09;4.200;0.013;484.4;29.3;;;;;;;;;;;;;;;;;;
 ;02:10:10;4.200;0.013;484.5;29.3;;;;;;;;;;;;;;;;;;
 ;02:10:11;4.200;0.013;484.5;29.3;;;;;;;;;;;;;;;;;;
 ;02:10:12;4.200;0.013;484.5;29.3;;;;;;;;;;;;;;;;;;
 ;02:10:13;4.200;0.013;484.5;29.3;;;;;;;;;;;;;;;;;;
 ;02:10:14;4.200;0.013;484.5;29.3;;;;;;;;;;;;;;;;;;
 ;02:10:15;4.200;0.013;484.5;29.3;;;;;;;;;;;;;;;;;;
 ;02:10:16;4.200;0.013;484.5;29.3;;;;;;;;;;;;;;;;;;
 ;02:10:17;4.200;0.013;484.5;29.3;;;;;;;;;;;;;;;;;;
 ;02:10:18;4.200;0.013;484.5;29.3;;;;;;;;;;;;;;;;;;
 ;02:10:19;4.200;0.013;484.5;29.3;;;;;;;;;;;;;;;;;;
 ;02:10:20;4.200;0.013;484.5;29.3;;;;;;;;;;;;;;;;;;
 ;02:10:21;4.200;0.013;484.5;29.3;;;;;;;;;;;;;;;;;;
 ;02:10:22;4.200;0.013;484.5;29.3;;;;;;;;;;;;;;;;;;
 ;02:10:23;4.200;0.013;484.5;29.3;;;;;;;;;;;;;;;;;;
 ;02:10:24;4.200;0.013;484.5;29.3;;;;;;;;;;;;;;;;;;
 ;02:10:25;4.200;0.013;484.5;29.3;;;;;;;;;;;;;;;;;;
 ;02:10:26;4.200;0.013;484.5;29.3;;;;;;;;;;;;;;;;;;
 ;02:10:27;4.200;0.013;484.5;29.3;;;;;;;;;;;;;;;;;;
 ;02:10:28;4.200;0.013;484.5;29.3;;;;;;;;;;;;;;;;;;
 ;02:10:29;4.200;0.013;484.5;29.3;;;;;;;;;;;;;;;;;;
 ;02:10:30;4.200;0.013;484.5;29.3;;;;;;;;;;;;;;;;;;
 ;02:10:31;4.200;0.013;484.5;29.3;;;;;;;;;;;;;;;;;;
 ;02:10:32;4.200;0.013;484.5;29.3;;;;;;;;;;;;;;;;;;
 ;02:10:33;4.200;0.013;484.5;29.3;;;;;;;;;;;;;;;;;;
 ;02:10:34;4.200;0.013;484.5;29.3;;;;;;;;;;;;;;;;;;
 ;02:10:35;4.200;0.013;484.5;29.3;;;;;;;;;;;;;;;;;;
 ;02:10:36;4.200;0.013;484.5;29.3;;;;;;;;;;;;;;;;;;
 ;02:10:37;4.200;0.013;484.5;29.3;;;;;;;;;;;;;;;;;;
 ;02:10:38;4.200;0.013;484.6;29.3;;;;;;;;;;;;;;;;;;
 ;02:10:39;4.200;0.013;484.6;29.3;;;;;;;;;;;;;;;;;;
 ;02:10:40;4.200;0.013;484.6;29.3;;;;;;;;;;;;;;;;;;
 ;02:10:41;4.200;0.013;484.6;29.3;;;;;;;;;;;;;;;;;;
 ;02:10:42;4.200;0.013;484.6;29.3;;;;;;;;;;;;;;;;;;
 ;02:10:43;4.200;0.013;484.6;29.3;;;;;;;;;;;;;;;;;;
 ;02:10:44;4.200;0.013;484.6;29.3;;;;;;;;;;;;;;;;;;
 ;02:10:45;4.200;0.013;484.6;29.3;;;;;;;;;;;;;;;;;;
 ;02:10:46;4.200;0.013;484.6;29.3;;;;;;;;;;;;;;;;;;
 ;02:10:47;4.200;0.013;484.6;29.3;;;;;;;;;;;;;;;;;;
 ;02:10:48;4.200;0.013;484.6;29.3;;;;;;;;;;;;;;;;;;
 ;02:10:49;4.200;0.013;484.6;29.3;;;;;;;;;;;;;;;;;;
 ;02:10:50;4.200;0.013;484.6;29.3;;;;;;;;;;;;;;;;;;
 ;02:10:51;4.200;0.013;484.6;29.3;;;;;;;;;;;;;;;;;;
 ;02:10:52;4.200;0.013;484.6;29.3;;;;;;;;;;;;;;;;;;
 ;02:10:53;4.200;0.013;484.6;29.3;;;;;;;;;;;;;;;;;;
 ;02:10:54;4.200;0.013;484.6;29.3;;;;;;;;;;;;;;;;;;
 ;02:10:55;4.200;0.013;484.6;29.3;;;;;;;;;;;;;;;;;;
 ;02:10:56;4.200;0.013;484.6;29.3;;;;;;;;;;;;;;;;;;
 ;02:10:57;4.200;0.012;484.6;29.3;;;;;;;;;;;;;;;;;;
 ;02:10:58;4.200;0.012;484.6;29.3;;;;;;;;;;;;;;;;;;
 ;02:10:59;4.200;0.012;484.6;29.3;;;;;;;;;;;;;;;;;;
 ;02:11:00;4.200;0.012;484.6;29.3;;;;;;;;;;;;;;;;;;
 ;02:11:01;4.200;0.012;484.6;29.3;;;;;;;;;;;;;;;;;;
 ;02:11:02;4.200;0.012;484.6;29.3;;;;;;;;;;;;;;;;;;
 ;02:11:03;4.200;0.012;484.6;29.3;;;;;;;;;;;;;;;;;;
 ;02:11:04;4.200;0.012;484.6;29.3;;;;;;;;;;;;;;;;;;
 ;02:11:05;4.200;0.012;484.6;29.3;;;;;;;;;;;;;;;;;;
 ;02:11:06;4.200;0.012;484.7;29.3;;;;;;;;;;;;;;;;;;
 ;02:11:07;4.200;0.012;484.7;29.3;;;;;;;;;;;;;;;;;;
 ;02:11:08;4.200;0.012;484.7;29.3;;;;;;;;;;;;;;;;;;
 ;02:11:09;4.200;0.012;484.7;29.3;;;;;;;;;;;;;;;;;;
 ;02:11:10;4.200;0.012;484.7;29.3;;;;;;;;;;;;;;;;;;
 ;02:11:11;4.200;0.012;484.7;29.3;;;;;;;;;;;;;;;;;;
 ;02:11:12;4.200;0.012;484.7;29.3;;;;;;;;;;;;;;;;;;
 ;02:11:13;4.200;0.012;484.7;29.3;;;;;;;;;;;;;;;;;;
 ;02:11:14;4.200;0.012;484.7;29.3;;;;;;;;;;;;;;;;;;
 ;02:11:15;4.200;0.012;484.7;29.3;;;;;;;;;;;;;;;;;;
 ;02:11:16;4.200;0.012;484.7;29.3;;;;;;;;;;;;;;;;;;
 ;02:11:17;4.200;0.012;484.7;29.3;;;;;;;;;;;;;;;;;;
 ;02:11:18;4.200;0.012;484.7;29.3;;;;;;;;;;;;;;;;;;
 ;02:11:19;4.200;0.012;484.7;29.3;;;;;;;;;;;;;;;;;;
 ;02:11:20;4.200;0.012;484.7;29.3;;;;;;;;;;;;;;;;;;
 ;02:11:21;4.200;0.012;484.7;29.3;;;;;;;;;;;;;;;;;;
 ;02:11:22;4.200;0.012;484.7;29.3;;;;;;;;;;;;;;;;;;
 ;02:11:23;4.200;0.012;484.7;29.3;;;;;;;;;;;;;;;;;;
 ;02:11:24;4.200;0.012;484.7;29.3;;;;;;;;;;;;;;;;;;
 ;02:11:25;4.200;0.012;484.7;29.3;;;;;;;;;;;;;;;;;;
 ;02:11:26;4.200;0.012;484.7;29.3;;;;;;;;;;;;;;;;;;
 ;02:11:27;4.200;0.012;484.7;29.3;;;;;;;;;;;;;;;;;;
 ;02:11:28;4.200;0.012;484.7;29.3;;;;;;;;;;;;;;;;;;
 ;02:11:29;4.200;0.012;484.7;29.3;;;;;;;;;;;;;;;;;;
 ;02:11:30;4.200;0.012;484.7;29.3;;;;;;;;;;;;;;;;;;
 ;02:11:31;4.200;0.012;484.7;29.3;;;;;;;;;;;;;;;;;;
 ;02:11:32;4.200;0.012;484.7;29.3;;;;;;;;;;;;;;;;;;
 ;02:11:33;4.200;0.012;484.7;29.3;;;;;;;;;;;;;;;;;;
 ;02:11:34;4.200;0.012;484.7;29.3;;;;;;;;;;;;;;;;;;
 ;02:11:35;4.200;0.012;484.7;29.3;;;;;;;;;;;;;;;;;;
 ;02:11:36;4.200;0.012;484.8;29.3;;;;;;;;;;;;;;;;;;
 ;02:11:37;4.200;0.012;484.8;29.3;;;;;;;;;;;;;;;;;;
 ;02:11:38;4.200;0.012;484.8;29.3;;;;;;;;;;;;;;;;;;
 ;02:11:39;4.200;0.012;484.8;29.3;;;;;;;;;;;;;;;;;;
 ;02:11:40;4.200;0.012;484.8;29.3;;;;;;;;;;;;;;;;;;
 ;02:11:41;4.200;0.012;484.8;29.3;;;;;;;;;;;;;;;;;;
 ;02:11:42;4.200;0.012;484.8;29.3;;;;;;;;;;;;;;;;;;
 ;02:11:43;4.200;0.012;484.8;29.3;;;;;;;;;;;;;;;;;;
 ;02:11:44;4.200;0.012;484.8;29.3;;;;;;;;;;;;;;;;;;
 ;02:11:45;4.200;0.012;484.8;29.3;;;;;;;;;;;;;;;;;;
 ;02:11:46;4.200;0.012;484.8;29.3;;;;;;;;;;;;;;;;;;
 ;02:11:47;4.200;0.012;484.8;29.3;;;;;;;;;;;;;;;;;;
 ;02:11:48;4.200;0.012;484.8;29.3;;;;;;;;;;;;;;;;;;
 ;02:11:49;4.200;0.012;484.8;29.3;;;;;;;;;;;;;;;;;;
 ;02:11:50;4.200;0.012;484.8;29.3;;;;;;;;;;;;;;;;;;
 ;02:11:51;4.200;0.012;484.8;29.3;;;;;;;;;;;;;;;;;;
 ;02:11:52;4.200;0.012;484.8;29.3;;;;;;;;;;;;;;;;;;
 ;02:11:53;4.200;0.012;484.8;29.3;;;;;;;;;;;;;;;;;;
 ;02:11:54;4.200;0.012;484.8;29.3;;;;;;;;;;;;;;;;;;
 ;02:11:55;4.200;0.012;484.8;29.3;;;;;;;;;;;;;;;;;;
 ;02:11:56;4.200;0.012;484.8;29.3;;;;;;;;;;;;;;;;;;
 ;02:11:57;4.200;0.012;484.8;29.3;;;;;;;;;;;;;;;;;;
 ;02:11:58;4.200;0.012;484.8;29.3;;;;;;;;;;;;;;;;;;
 ;02:11:59;4.200;0.012;484.8;29.3;;;;;;;;;;;;;;;;;;
 ;02:12:00;4.200;0.012;484.8;29.3;;;;;;;;;;;;;;;;;;
 ;02:12:01;4.200;0.012;484.8;29.3;;;;;;;;;;;;;;;;;;
 ;02:12:02;4.200;0.012;484.8;29.3;;;;;;;;;;;;;;;;;;
 ;02:12:03;4.200;0.012;484.8;29.3;;;;;;;;;;;;;;;;;;
 ;02:12:04;4.200;0.012;484.8;29.3;;;;;;;;;;;;;;;;;;
 ;02:12:05;4.200;0.012;484.8;29.3;;;;;;;;;;;;;;;;;;
 ;02:12:06;4.200;0.012;484.9;29.3;;;;;;;;;;;;;;;;;;
 ;02:12:07;4.200;0.012;484.9;29.3;;;;;;;;;;;;;;;;;;
 ;02:12:08;4.200;0.012;484.9;29.3;;;;;;;;;;;;;;;;;;
 ;02:12:09;4.200;0.012;484.9;29.2;;;;;;;;;;;;;;;;;;
 ;02:12:10;4.200;0.012;484.9;29.3;;;;;;;;;;;;;;;;;;
 ;02:12:11;4.200;0.012;484.9;29.2;;;;;;;;;;;;;;;;;;
 ;02:12:12;4.200;0.012;484.9;29.2;;;;;;;;;;;;;;;;;;
 ;02:12:13;4.200;0.012;484.9;29.2;;;;;;;;;;;;;;;;;;
 ;02:12:14;4.200;0.012;484.9;29.2;;;;;;;;;;;;;;;;;;
 ;02:12:15;4.200;0.012;484.9;29.2;;;;;;;;;;;;;;;;;;
 ;02:12:16;4.200;0.012;484.9;29.2;;;;;;;;;;;;;;;;;;
 ;02:12:17;4.200;0.012;484.9;29.2;;;;;;;;;;;;;;;;;;
 ;02:12:18;4.200;0.012;484.9;29.3;;;;;;;;;;;;;;;;;;
 ;02:12:19;4.200;0.012;484.9;29.2;;;;;;;;;;;;;;;;;;
 ;02:12:20;4.200;0.012;484.9;29.2;;;;;;;;;;;;;;;;;;
 ;02:12:21;4.200;0.012;484.9;29.2;;;;;;;;;;;;;;;;;;
 ;02:12:22;4.200;0.012;484.9;29.2;;;;;;;;;;;;;;;;;;
 ;02:12:23;4.200;0.012;484.9;29.2;;;;;;;;;;;;;;;;;;
 ;02:12:24;4.200;0.012;484.9;29.2;;;;;;;;;;;;;;;;;;
 ;02:12:25;4.200;0.012;484.9;29.2;;;;;;;;;;;;;;;;;;
 ;02:12:26;4.200;0.012;484.9;29.2;;;;;;;;;;;;;;;;;;
 ;02:12:27;4.200;0.012;484.9;29.2;;;;;;;;;;;;;;;;;;
 ;02:12:28;4.200;0.012;484.9;29.2;;;;;;;;;;;;;;;;;;
 ;02:12:29;4.200;0.012;484.9;29.2;;;;;;;;;;;;;;;;;;
 ;02:12:30;4.200;0.012;484.9;29.2;;;;;;;;;;;;;;;;;;
 ;02:12:31;4.200;0.012;484.9;29.2;;;;;;;;;;;;;;;;;;
 ;02:12:32;4.200;0.012;484.9;29.2;;;;;;;;;;;;;;;;;;
 ;02:12:33;4.200;0.012;484.9;29.2;;;;;;;;;;;;;;;;;;
 ;02:12:34;4.200;0.012;484.9;29.2;;;;;;;;;;;;;;;;;;
 ;02:12:35;4.200;0.012;484.9;29.2;;;;;;;;;;;;;;;;;;
 ;02:12:36;4.200;0.012;485.0;29.2;;;;;;;;;;;;;;;;;;
 ;02:12:37;4.200;0.012;485.0;29.2;;;;;;;;;;;;;;;;;;
 ;02:12:38;4.200;0.012;485.0;29.2;;;;;;;;;;;;;;;;;;
 ;02:12:39;4.200;0.012;485.0;29.2;;;;;;;;;;;;;;;;;;
 ;02:12:40;4.200;0.012;485.0;29.2;;;;;;;;;;;;;;;;;;
 ;02:12:41;4.200;0.012;485.0;29.2;;;;;;;;;;;;;;;;;;
 ;02:12:42;4.200;0.012;485.0;29.2;;;;;;;;;;;;;;;;;;
 ;02:12:43;4.200;0.012;485.0;29.2;;;;;;;;;;;;;;;;;;
 ;02:12:44;4.200;0.012;485.0;29.2;;;;;;;;;;;;;;;;;;
 ;02:12:45;4.200;0.012;485.0;29.2;;;;;;;;;;;;;;;;;;
 ;02:12:46;4.200;0.012;485.0;29.2;;;;;;;;;;;;;;;;;;
 ;02:12:47;4.200;0.012;485.0;29.2;;;;;;;;;;;;;;;;;;
 ;02:12:48;4.200;0.012;485.0;29.2;;;;;;;;;;;;;;;;;;
 ;02:12:49;4.200;0.012;485.0;29.2;;;;;;;;;;;;;;;;;;
 ;02:12:50;4.200;0.012;485.0;29.2;;;;;;;;;;;;;;;;;;
 ;02:12:51;4.200;0.012;485.0;29.2;;;;;;;;;;;;;;;;;;
 ;02:12:52;4.200;0.012;485.0;29.2;;;;;;;;;;;;;;;;;;
 ;02:12:53;4.200;0.012;485.0;29.2;;;;;;;;;;;;;;;;;;
 ;02:12:54;4.200;0.012;485.0;29.2;;;;;;;;;;;;;;;;;;
 ;02:12:55;4.200;0.012;485.0;29.2;;;;;;;;;;;;;;;;;;
 ;02:12:56;4.200;0.012;485.0;29.2;;;;;;;;;;;;;;;;;;
 ;02:12:57;4.200;0.012;485.0;29.2;;;;;;;;;;;;;;;;;;
 ;02:12:58;4.200;0.012;485.0;29.2;;;;;;;;;;;;;;;;;;
 ;02:12:59;4.200;0.012;485.0;29.2;;;;;;;;;;;;;;;;;;
 ;02:13:00;4.200;0.012;485.0;29.2;;;;;;;;;;;;;;;;;;
 ;02:13:01;4.200;0.012;485.0;29.2;;;;;;;;;;;;;;;;;;
 ;02:13:02;4.200;0.012;485.0;29.2;;;;;;;;;;;;;;;;;;
 ;02:13:03;4.200;0.012;485.0;29.2;;;;;;;;;;;;;;;;;;
 ;02:13:04;4.200;0.012;485.0;29.2;;;;;;;;;;;;;;;;;;
 ;02:13:05;4.200;0.012;485.0;29.2;;;;;;;;;;;;;;;;;;
 ;02:13:06;4.200;0.012;485.1;29.2;;;;;;;;;;;;;;;;;;
 ;02:13:07;4.200;0.012;485.1;29.2;;;;;;;;;;;;;;;;;;
 ;02:13:08;4.200;0.012;485.1;29.2;;;;;;;;;;;;;;;;;;
 ;02:13:09;4.200;0.012;485.1;29.2;;;;;;;;;;;;;;;;;;
 ;02:13:10;4.200;0.012;485.1;29.2;;;;;;;;;;;;;;;;;;
 ;02:13:11;4.200;0.012;485.1;29.2;;;;;;;;;;;;;;;;;;
 ;02:13:12;4.200;0.012;485.1;29.2;;;;;;;;;;;;;;;;;;
 ;02:13:13;4.200;0.012;485.1;29.2;;;;;;;;;;;;;;;;;;
 ;02:13:14;4.200;0.012;485.1;29.2;;;;;;;;;;;;;;;;;;
 ;02:13:15;4.200;0.012;485.1;29.2;;;;;;;;;;;;;;;;;;
 ;02:13:16;4.200;0.012;485.1;29.2;;;;;;;;;;;;;;;;;;
 ;02:13:17;4.200;0.012;485.1;29.2;;;;;;;;;;;;;;;;;;
 ;02:13:18;4.200;0.012;485.1;29.2;;;;;;;;;;;;;;;;;;
 ;02:13:19;4.200;0.012;485.1;29.2;;;;;;;;;;;;;;;;;;
 ;02:13:20;4.200;0.012;485.1;29.2;;;;;;;;;;;;;;;;;;
 ;02:13:21;4.200;0.012;485.1;29.2;;;;;;;;;;;;;;;;;;
 ;02:13:22;4.200;0.012;485.1;29.2;;;;;;;;;;;;;;;;;;
 ;02:13:23;4.200;0.012;485.1;29.2;;;;;;;;;;;;;;;;;;
 ;02:13:24;4.200;0.012;485.1;29.2;;;;;;;;;;;;;;;;;;
 ;02:13:25;4.200;0.012;485.1;29.2;;;;;;;;;;;;;;;;;;
 ;02:13:26;4.200;0.012;485.1;29.2;;;;;;;;;;;;;;;;;;
 ;02:13:27;4.200;0.012;485.1;29.2;;;;;;;;;;;;;;;;;;
 ;02:13:28;4.200;0.012;485.1;29.2;;;;;;;;;;;;;;;;;;
 ;02:13:29;4.200;0.012;485.1;29.2;;;;;;;;;;;;;;;;;;
 ;02:13:30;4.200;0.012;485.1;29.2;;;;;;;;;;;;;;;;;;
 ;02:13:31;4.200;0.012;485.1;29.2;;;;;;;;;;;;;;;;;;
 ;02:13:32;4.200;0.012;485.1;29.2;;;;;;;;;;;;;;;;;;
 ;02:13:33;4.200;0.012;485.1;29.2;;;;;;;;;;;;;;;;;;
 ;02:13:34;4.200;0.012;485.1;29.2;;;;;;;;;;;;;;;;;;
 ;02:13:35;4.200;0.012;485.1;29.2;;;;;;;;;;;;;;;;;;
 ;02:13:36;4.200;0.012;485.2;29.2;;;;;;;;;;;;;;;;;;
 ;02:13:37;4.200;0.012;485.2;29.2;;;;;;;;;;;;;;;;;;
 ;02:13:38;4.200;0.012;485.2;29.2;;;;;;;;;;;;;;;;;;
 ;02:13:39;4.200;0.012;485.2;29.2;;;;;;;;;;;;;;;;;;
 ;02:13:40;4.200;0.012;485.2;29.2;;;;;;;;;;;;;;;;;;
 ;02:13:41;4.200;0.012;485.2;29.2;;;;;;;;;;;;;;;;;;
 ;02:13:42;4.200;0.012;485.2;29.2;;;;;;;;;;;;;;;;;;
 ;02:13:43;4.200;0.012;485.2;29.2;;;;;;;;;;;;;;;;;;
 ;02:13:44;4.200;0.012;485.2;29.2;;;;;;;;;;;;;;;;;;
 ;02:13:45;4.200;0.012;485.2;29.2;;;;;;;;;;;;;;;;;;
 ;02:13:46;4.200;0.012;485.2;29.2;;;;;;;;;;;;;;;;;;
 ;02:13:47;4.200;0.012;485.2;29.2;;;;;;;;;;;;;;;;;;
 ;02:13:48;4.200;0.012;485.2;29.2;;;;;;;;;;;;;;;;;;
 ;02:13:49;4.200;0.012;485.2;29.2;;;;;;;;;;;;;;;;;;
 ;02:13:50;4.200;0.012;485.2;29.2;;;;;;;;;;;;;;;;;;
 ;02:13:51;4.200;0.012;485.2;29.2;;;;;;;;;;;;;;;;;;
 ;02:13:52;4.200;0.012;485.2;29.2;;;;;;;;;;;;;;;;;;
 ;02:13:53;4.200;0.012;485.2;29.2;;;;;;;;;;;;;;;;;;
 ;02:13:54;4.200;0.012;485.2;29.2;;;;;;;;;;;;;;;;;;
 ;02:13:55;4.200;0.012;485.2;29.2;;;;;;;;;;;;;;;;;;
 ;02:13:56;4.200;0.012;485.2;29.2;;;;;;;;;;;;;;;;;;
 ;02:13:57;4.200;0.012;485.2;29.2;;;;;;;;;;;;;;;;;;
 ;02:13:58;4.200;0.012;485.2;29.2;;;;;;;;;;;;;;;;;;
 ;02:13:59;4.200;0.012;485.2;29.2;;;;;;;;;;;;;;;;;;
 ;02:14:00;4.200;0.012;485.2;29.2;;;;;;;;;;;;;;;;;;
 ;02:14:01;4.200;0.012;485.2;29.2;;;;;;;;;;;;;;;;;;
 ;02:14:02;4.200;0.012;485.2;29.2;;;;;;;;;;;;;;;;;;
 ;02:14:03;4.200;0.012;485.2;29.2;;;;;;;;;;;;;;;;;;
 ;02:14:04;4.200;0.012;485.2;29.2;;;;;;;;;;;;;;;;;;
 ;02:14:05;4.200;0.012;485.2;29.2;;;;;;;;;;;;;;;;;;
 ;02:14:06;4.200;0.012;485.3;29.2;;;;;;;;;;;;;;;;;;
 ;02:14:07;4.200;0.012;485.3;29.2;;;;;;;;;;;;;;;;;;
 ;02:14:08;4.200;0.012;485.3;29.2;;;;;;;;;;;;;;;;;;
 ;02:14:09;4.200;0.012;485.3;29.2;;;;;;;;;;;;;;;;;;
 ;02:14:10;4.200;0.012;485.3;29.2;;;;;;;;;;;;;;;;;;
 ;02:14:11;4.200;0.012;485.3;29.2;;;;;;;;;;;;;;;;;;
 ;02:14:12;4.200;0.012;485.3;29.2;;;;;;;;;;;;;;;;;;
 ;02:14:13;4.200;0.012;485.3;29.2;;;;;;;;;;;;;;;;;;
 ;02:14:14;4.200;0.012;485.3;29.2;;;;;;;;;;;;;;;;;;
 ;02:14:15;4.200;0.012;485.3;29.2;;;;;;;;;;;;;;;;;;
 ;02:14:16;4.200;0.012;485.3;29.2;;;;;;;;;;;;;;;;;;
 ;02:14:17;4.200;0.012;485.3;29.2;;;;;;;;;;;;;;;;;;
 ;02:14:18;4.200;0.012;485.3;29.2;;;;;;;;;;;;;;;;;;
 ;02:14:19;4.200;0.012;485.3;29.2;;;;;;;;;;;;;;;;;;
 ;02:14:20;4.200;0.012;485.3;29.2;;;;;;;;;;;;;;;;;;
 ;02:14:21;4.200;0.012;485.3;29.2;;;;;;;;;;;;;;;;;;
 ;02:14:22;4.200;0.012;485.3;29.2;;;;;;;;;;;;;;;;;;
 ;02:14:23;4.200;0.012;485.3;29.2;;;;;;;;;;;;;;;;;;
 ;02:14:24;4.200;0.012;485.3;29.2;;;;;;;;;;;;;;;;;;
 ;02:14:25;4.200;0.012;485.3;29.2;;;;;;;;;;;;;;;;;;
 ;02:14:26;4.200;0.012;485.3;29.2;;;;;;;;;;;;;;;;;;
 ;02:14:27;4.200;0.012;485.3;29.2;;;;;;;;;;;;;;;;;;
 ;02:14:28;4.200;0.012;485.3;29.2;;;;;;;;;;;;;;;;;;
 ;02:14:29;4.200;0.012;485.3;29.2;;;;;;;;;;;;;;;;;;
 ;02:14:30;4.200;0.012;485.3;29.2;;;;;;;;;;;;;;;;;;
 ;02:14:31;4.200;0.012;485.3;29.2;;;;;;;;;;;;;;;;;;
 ;02:14:32;4.200;0.012;485.3;29.2;;;;;;;;;;;;;;;;;;
 ;02:14:33;4.200;0.012;485.3;29.2;;;;;;;;;;;;;;;;;;
 ;02:14:34;4.200;0.012;485.3;29.2;;;;;;;;;;;;;;;;;;
 ;02:14:35;4.200;0.012;485.3;29.2;;;;;;;;;;;;;;;;;;
 ;02:14:36;4.200;0.012;485.4;29.2;;;;;;;;;;;;;;;;;;
 ;02:14:37;4.200;0.012;485.4;29.2;;;;;;;;;;;;;;;;;;
 ;02:14:38;4.200;0.012;485.4;29.2;;;;;;;;;;;;;;;;;;
 ;02:14:39;4.200;0.012;485.4;29.2;;;;;;;;;;;;;;;;;;
 ;02:14:40;4.200;0.012;485.4;29.2;;;;;;;;;;;;;;;;;;
 ;02:14:41;4.200;0.012;485.4;29.2;;;;;;;;;;;;;;;;;;
 ;02:14:42;4.200;0.012;485.4;29.2;;;;;;;;;;;;;;;;;;
 ;02:14:43;4.200;0.012;485.4;29.2;;;;;;;;;;;;;;;;;;
 ;02:14:44;4.200;0.012;485.4;29.2;;;;;;;;;;;;;;;;;;
 ;02:14:45;4.200;0.012;485.4;29.2;;;;;;;;;;;;;;;;;;
 ;02:14:46;4.200;0.012;485.4;29.2;;;;;;;;;;;;;;;;;;
 ;02:14:47;4.200;0.012;485.4;29.2;;;;;;;;;;;;;;;;;;
 ;02:14:48;4.200;0.012;485.4;29.2;;;;;;;;;;;;;;;;;;
 ;02:14:49;4.200;0.012;485.4;29.2;;;;;;;;;;;;;;;;;;
 ;02:14:50;4.200;0.012;485.4;29.2;;;;;;;;;;;;;;;;;;
 ;02:14:51;4.200;0.012;485.4;29.2;;;;;;;;;;;;;;;;;;
 ;02:14:52;4.200;0.012;485.4;29.2;;;;;;;;;;;;;;;;;;
 ;02:14:53;4.200;0.012;485.4;29.2;;;;;;;;;;;;;;;;;;
 ;02:14:54;4.200;0.012;485.4;29.2;;;;;;;;;;;;;;;;;;
 ;02:14:55;4.200;0.012;485.4;29.2;;;;;;;;;;;;;;;;;;
 ;02:14:56;4.200;0.012;485.4;29.2;;;;;;;;;;;;;;;;;;
 ;02:14:57;4.200;0.012;485.4;29.2;;;;;;;;;;;;;;;;;;
 ;02:14:58;4.200;0.012;485.4;29.2;;;;;;;;;;;;;;;;;;
 ;02:14:59;4.200;0.012;485.4;29.2;;;;;;;;;;;;;;;;;;
 ;02:15:00;4.200;0.012;485.4;29.2;;;;;;;;;;;;;;;;;;
 ;02:15:01;4.200;0.012;485.4;29.2;;;;;;;;;;;;;;;;;;
 ;02:15:02;4.200;0.012;485.4;29.2;;;;;;;;;;;;;;;;;;
 ;02:15:03;4.200;0.012;485.4;29.2;;;;;;;;;;;;;;;;;;
 ;02:15:04;4.200;0.012;485.4;29.2;;;;;;;;;;;;;;;;;;
 ;02:15:05;4.200;0.012;485.4;29.2;;;;;;;;;;;;;;;;;;
 ;02:15:06;4.200;0.012;485.5;29.2;;;;;;;;;;;;;;;;;;
 ;02:15:07;4.200;0.012;485.5;29.2;;;;;;;;;;;;;;;;;;
 ;02:15:08;4.200;0.012;485.5;29.2;;;;;;;;;;;;;;;;;;
 ;02:15:09;4.200;0.012;485.5;29.2;;;;;;;;;;;;;;;;;;
 ;02:15:10;4.200;0.012;485.5;29.2;;;;;;;;;;;;;;;;;;
 ;02:15:11;4.200;0.012;485.5;29.2;;;;;;;;;;;;;;;;;;
 ;02:15:12;4.200;0.012;485.5;29.2;;;;;;;;;;;;;;;;;;
 ;02:15:13;4.200;0.012;485.5;29.2;;;;;;;;;;;;;;;;;;
 ;02:15:14;4.200;0.012;485.5;29.2;;;;;;;;;;;;;;;;;;
 ;02:15:15;4.200;0.012;485.5;29.2;;;;;;;;;;;;;;;;;;
 ;02:15:16;4.200;0.012;485.5;29.2;;;;;;;;;;;;;;;;;;
 ;02:15:17;4.200;0.012;485.5;29.2;;;;;;;;;;;;;;;;;;
 ;02:15:18;4.200;0.012;485.5;29.2;;;;;;;;;;;;;;;;;;
 ;02:15:19;4.200;0.012;485.5;29.2;;;;;;;;;;;;;;;;;;
 ;02:15:20;4.200;0.012;485.5;29.2;;;;;;;;;;;;;;;;;;
 ;02:15:21;4.200;0.011;485.5;29.2;;;;;;;;;;;;;;;;;;
 ;02:15:22;4.200;0.011;485.5;29.2;;;;;;;;;;;;;;;;;;
 ;02:15:23;4.200;0.011;485.5;29.2;;;;;;;;;;;;;;;;;;
 ;02:15:24;4.200;0.011;485.5;29.2;;;;;;;;;;;;;;;;;;
 ;02:15:25;4.200;0.011;485.5;29.2;;;;;;;;;;;;;;;;;;
 ;02:15:26;4.200;0.011;485.5;29.2;;;;;;;;;;;;;;;;;;
 ;02:15:27;4.200;0.011;485.5;29.2;;;;;;;;;;;;;;;;;;
 ;02:15:28;4.200;0.011;485.5;29.2;;;;;;;;;;;;;;;;;;
 ;02:15:29;4.200;0.011;485.5;29.2;;;;;;;;;;;;;;;;;;
 ;02:15:30;4.200;0.011;485.5;29.2;;;;;;;;;;;;;;;;;;
 ;02:15:31;4.200;0.011;485.5;29.2;;;;;;;;;;;;;;;;;;
 ;02:15:32;4.200;0.011;485.5;29.2;;;;;;;;;;;;;;;;;;
 ;02:15:33;4.200;0.011;485.5;29.2;;;;;;;;;;;;;;;;;;
 ;02:15:34;4.200;0.011;485.5;29.2;;;;;;;;;;;;;;;;;;
 ;02:15:35;4.200;0.011;485.5;29.2;;;;;;;;;;;;;;;;;;
 ;02:15:36;4.200;0.011;485.5;29.2;;;;;;;;;;;;;;;;;;
 ;02:15:37;4.200;0.011;485.6;29.2;;;;;;;;;;;;;;;;;;
 ;02:15:38;4.200;0.011;485.6;29.2;;;;;;;;;;;;;;;;;;
 ;02:15:39;4.200;0.011;485.6;29.2;;;;;;;;;;;;;;;;;;
 ;02:15:40;4.200;0.011;485.6;29.2;;;;;;;;;;;;;;;;;;
 ;02:15:41;4.200;0.011;485.6;29.2;;;;;;;;;;;;;;;;;;
 ;02:15:42;4.200;0.011;485.6;29.2;;;;;;;;;;;;;;;;;;
 ;02:15:43;4.200;0.010;485.6;29.2;;;;;;;;;;;;;;;;;;
 ;02:15:44;4.200;0.010;485.6;29.2;;;;;;;;;;;;;;;;;;
 ;02:15:45;4.200;0.011;485.6;29.2;;;;;;;;;;;;;;;;;;
 ;02:15:46;4.200;0.011;485.6;29.2;;;;;;;;;;;;;;;;;;
 ;02:15:47;4.200;0.011;485.6;29.2;;;;;;;;;;;;;;;;;;
 ;02:15:48;4.200;0.011;485.6;29.2;;;;;;;;;;;;;;;;;;
 ;02:15:49;4.200;0.011;485.6;29.2;;;;;;;;;;;;;;;;;;
 ;02:15:50;4.200;0.011;485.6;29.2;;;;;;;;;;;;;;;;;;
 ;02:15:51;4.200;0.011;485.6;29.2;;;;;;;;;;;;;;;;;;
 ;02:15:52;4.200;0.011;485.6;29.2;;;;;;;;;;;;;;;;;;
 ;02:15:53;4.200;0.011;485.6;29.2;;;;;;;;;;;;;;;;;;
 ;02:15:54;4.200;0.011;485.6;29.2;;;;;;;;;;;;;;;;;;
 ;02:15:55;4.200;0.011;485.6;29.2;;;;;;;;;;;;;;;;;;
 ;02:15:56;4.200;0.011;485.6;29.2;;;;;;;;;;;;;;;;;;
 ;02:15:57;4.200;0.011;485.6;29.2;;;;;;;;;;;;;;;;;;
 ;02:15:58;4.200;0.011;485.6;29.2;;;;;;;;;;;;;;;;;;
 ;02:15:59;4.200;0.011;485.6;29.2;;;;;;;;;;;;;;;;;;
 ;02:16:00;4.200;0.011;485.6;29.2;;;;;;;;;;;;;;;;;;
 ;02:16:01;4.200;0.011;485.6;29.2;;;;;;;;;;;;;;;;;;
 ;02:16:02;4.200;0.011;485.6;29.2;;;;;;;;;;;;;;;;;;
 ;02:16:03;4.200;0.011;485.6;29.2;;;;;;;;;;;;;;;;;;
 ;02:16:04;4.200;0.011;485.6;29.2;;;;;;;;;;;;;;;;;;
 ;02:16:05;4.200;0.011;485.6;29.2;;;;;;;;;;;;;;;;;;
 ;02:16:06;4.200;0.011;485.6;29.2;;;;;;;;;;;;;;;;;;
 ;02:16:07;4.200;0.011;485.6;29.2;;;;;;;;;;;;;;;;;;
 ;02:16:08;4.200;0.011;485.6;29.2;;;;;;;;;;;;;;;;;;
 ;02:16:09;4.200;0.011;485.6;29.2;;;;;;;;;;;;;;;;;;
 ;02:16:10;4.200;0.011;485.7;29.2;;;;;;;;;;;;;;;;;;
 ;02:16:11;4.200;0.011;485.7;29.2;;;;;;;;;;;;;;;;;;
 ;02:16:12;4.200;0.011;485.7;29.2;;;;;;;;;;;;;;;;;;
 ;02:16:13;4.200;0.011;485.7;29.2;;;;;;;;;;;;;;;;;;
 ;02:16:14;4.200;0.011;485.7;29.2;;;;;;;;;;;;;;;;;;
 ;02:16:15;4.200;0.011;485.7;29.2;;;;;;;;;;;;;;;;;;
 ;02:16:16;4.200;0.011;485.7;29.2;;;;;;;;;;;;;;;;;;
 ;02:16:17;4.200;0.011;485.7;29.2;;;;;;;;;;;;;;;;;;
 ;02:16:18;4.200;0.011;485.7;29.2;;;;;;;;;;;;;;;;;;
 ;02:16:19;4.200;0.011;485.7;29.2;;;;;;;;;;;;;;;;;;
 ;02:16:20;4.200;0.011;485.7;29.2;;;;;;;;;;;;;;;;;;
 ;02:16:21;4.200;0.011;485.7;29.2;;;;;;;;;;;;;;;;;;
 ;02:16:22;4.200;0.011;485.7;29.2;;;;;;;;;;;;;;;;;;
 ;02:16:23;4.200;0.011;485.7;29.2;;;;;;;;;;;;;;;;;;
 ;02:16:24;4.200;0.011;485.7;29.2;;;;;;;;;;;;;;;;;;
 ;02:16:25;4.200;0.011;485.7;29.2;;;;;;;;;;;;;;;;;;
 ;02:16:26;4.200;0.011;485.7;29.2;;;;;;;;;;;;;;;;;;
 ;02:16:27;4.200;0.011;485.7;29.2;;;;;;;;;;;;;;;;;;
 ;02:16:28;4.200;0.011;485.7;29.2;;;;;;;;;;;;;;;;;;
 ;02:16:29;4.200;0.011;485.7;29.2;;;;;;;;;;;;;;;;;;
 ;02:16:30;4.200;0.011;485.7;29.2;;;;;;;;;;;;;;;;;;
 ;02:16:31;4.200;0.011;485.7;29.2;;;;;;;;;;;;;;;;;;
 ;02:16:32;4.200;0.011;485.7;29.2;;;;;;;;;;;;;;;;;;
 ;02:16:33;4.200;0.011;485.7;29.2;;;;;;;;;;;;;;;;;;
 ;02:16:34;4.200;0.011;485.7;29.2;;;;;;;;;;;;;;;;;;
 ;02:16:35;4.200;0.011;485.7;29.2;;;;;;;;;;;;;;;;;;
 ;02:16:36;4.200;0.011;485.7;29.2;;;;;;;;;;;;;;;;;;
 ;02:16:37;4.200;0.011;485.7;29.2;;;;;;;;;;;;;;;;;;
 ;02:16:38;4.200;0.011;485.7;29.2;;;;;;;;;;;;;;;;;;
 ;02:16:39;4.200;0.011;485.7;29.2;;;;;;;;;;;;;;;;;;
 ;02:16:40;4.200;0.011;485.7;29.2;;;;;;;;;;;;;;;;;;
 ;02:16:41;4.200;0.011;485.7;29.2;;;;;;;;;;;;;;;;;;
 ;02:16:42;4.200;0.011;485.7;29.2;;;;;;;;;;;;;;;;;;
 ;02:16:43;4.200;0.011;485.8;29.2;;;;;;;;;;;;;;;;;;
 ;02:16:44;4.200;0.011;485.8;29.2;;;;;;;;;;;;;;;;;;
 ;02:16:45;4.200;0.011;485.8;29.2;;;;;;;;;;;;;;;;;;
 ;02:16:46;4.200;0.011;485.8;29.2;;;;;;;;;;;;;;;;;;
 ;02:16:47;4.200;0.011;485.8;29.2;;;;;;;;;;;;;;;;;;
 ;02:16:48;4.200;0.011;485.8;29.2;;;;;;;;;;;;;;;;;;
 ;02:16:49;4.200;0.011;485.8;29.2;;;;;;;;;;;;;;;;;;
 ;02:16:50;4.200;0.011;485.8;29.2;;;;;;;;;;;;;;;;;;
 ;02:16:51;4.200;0.011;485.8;29.2;;;;;;;;;;;;;;;;;;
 ;02:16:52;4.200;0.011;485.8;29.2;;;;;;;;;;;;;;;;;;
 ;02:16:53;4.200;0.011;485.8;29.2;;;;;;;;;;;;;;;;;;
 ;02:16:54;4.200;0.011;485.8;29.2;;;;;;;;;;;;;;;;;;
 ;02:16:55;4.200;0.011;485.8;29.2;;;;;;;;;;;;;;;;;;
 ;02:16:56;4.200;0.011;485.8;29.2;;;;;;;;;;;;;;;;;;
 ;02:16:57;4.200;0.011;485.8;29.2;;;;;;;;;;;;;;;;;;
 ;02:16:58;4.200;0.011;485.8;29.2;;;;;;;;;;;;;;;;;;
 ;02:16:59;4.200;0.011;485.8;29.2;;;;;;;;;;;;;;;;;;
 ;02:17:00;4.200;0.011;485.8;29.2;;;;;;;;;;;;;;;;;;
 ;02:17:01;4.200;0.011;485.8;29.2;;;;;;;;;;;;;;;;;;
 ;02:17:02;4.200;0.011;485.8;29.2;;;;;;;;;;;;;;;;;;
 ;02:17:03;4.200;0.011;485.8;29.2;;;;;;;;;;;;;;;;;;
 ;02:17:04;4.200;0.011;485.8;29.2;;;;;;;;;;;;;;;;;;
 ;02:17:05;4.200;0.011;485.8;29.2;;;;;;;;;;;;;;;;;;
 ;02:17:06;4.200;0.011;485.8;29.2;;;;;;;;;;;;;;;;;;
 ;02:17:07;4.200;0.011;485.8;29.2;;;;;;;;;;;;;;;;;;
 ;02:17:08;4.200;0.011;485.8;29.2;;;;;;;;;;;;;;;;;;
 ;02:17:09;4.200;0.011;485.8;29.2;;;;;;;;;;;;;;;;;;
 ;02:17:10;4.200;0.011;485.8;29.2;;;;;;;;;;;;;;;;;;
 ;02:17:11;4.200;0.011;485.8;29.2;;;;;;;;;;;;;;;;;;
 ;02:17:12;4.200;0.011;485.8;29.2;;;;;;;;;;;;;;;;;;
 ;02:17:13;4.200;0.011;485.8;29.2;;;;;;;;;;;;;;;;;;
 ;02:17:14;4.200;0.011;485.8;29.2;;;;;;;;;;;;;;;;;;
 ;02:17:15;4.200;0.011;485.9;29.2;;;;;;;;;;;;;;;;;;
 ;02:17:16;4.200;0.011;485.9;29.2;;;;;;;;;;;;;;;;;;
 ;02:17:17;4.200;0.011;485.9;29.2;;;;;;;;;;;;;;;;;;
 ;02:17:18;4.200;0.011;485.9;29.2;;;;;;;;;;;;;;;;;;
 ;02:17:19;4.200;0.011;485.9;29.2;;;;;;;;;;;;;;;;;;
 ;02:17:20;4.200;0.011;485.9;29.2;;;;;;;;;;;;;;;;;;
 ;02:17:21;4.200;0.010;485.9;29.2;;;;;;;;;;;;;;;;;;
 ;02:17:22;4.200;0.010;485.9;29.2;;;;;;;;;;;;;;;;;;
 ;02:17:23;4.200;0.011;485.9;29.2;;;;;;;;;;;;;;;;;;
 ;02:17:24;4.200;0.010;485.9;29.2;;;;;;;;;;;;;;;;;;
 ;02:17:25;4.200;0.011;485.9;29.2;;;;;;;;;;;;;;;;;;
 ;02:17:26;4.200;0.011;485.9;29.2;;;;;;;;;;;;;;;;;;
 ;02:17:27;4.200;0.011;485.9;29.2;;;;;;;;;;;;;;;;;;
 ;02:17:28;4.200;0.011;485.9;29.2;;;;;;;;;;;;;;;;;;
 ;02:17:29;4.200;0.011;485.9;29.2;;;;;;;;;;;;;;;;;;
 ;02:17:30;4.200;0.011;485.9;29.2;;;;;;;;;;;;;;;;;;
 ;02:17:31;4.200;0.011;485.9;29.2;;;;;;;;;;;;;;;;;;
 ;02:17:32;4.200;0.011;485.9;29.2;;;;;;;;;;;;;;;;;;
 ;02:17:33;4.200;0.011;485.9;29.2;;;;;;;;;;;;;;;;;;
 ;02:17:34;4.200;0.011;485.9;29.2;;;;;;;;;;;;;;;;;;
 ;02:17:35;4.200;0.011;485.9;29.2;;;;;;;;;;;;;;;;;;
 ;02:17:36;4.200;0.011;485.9;29.2;;;;;;;;;;;;;;;;;;
 ;02:17:37;4.200;0.011;485.9;29.2;;;;;;;;;;;;;;;;;;
 ;02:17:38;4.200;0.010;485.9;29.2;;;;;;;;;;;;;;;;;;
 ;02:17:39;4.200;0.011;485.9;29.2;;;;;;;;;;;;;;;;;;
 ;02:17:40;4.200;0.011;485.9;29.2;;;;;;;;;;;;;;;;;;
 ;02:17:41;4.200;0.011;485.9;29.2;;;;;;;;;;;;;;;;;;
 ;02:17:42;4.200;0.011;485.9;29.2;;;;;;;;;;;;;;;;;;
 ;02:17:43;4.199;0.011;485.9;29.2;;;;;;;;;;;;;;;;;;
 ;02:17:44;4.199;0.011;485.9;29.2;;;;;;;;;;;;;;;;;;
 ;02:17:45;4.200;0.011;485.9;29.2;;;;;;;;;;;;;;;;;;
 ;02:17:46;4.200;0.011;485.9;29.2;;;;;;;;;;;;;;;;;;
 ;02:17:47;4.200;0.011;485.9;29.2;;;;;;;;;;;;;;;;;;
 ;02:17:48;4.200;0.011;486.0;29.2;;;;;;;;;;;;;;;;;;
 ;02:17:49;4.200;0.011;486.0;29.2;;;;;;;;;;;;;;;;;;
 ;02:17:50;4.200;0.011;486.0;29.2;;;;;;;;;;;;;;;;;;
 ;02:17:51;4.200;0.011;486.0;29.2;;;;;;;;;;;;;;;;;;
 ;02:17:52;4.200;0.011;486.0;29.2;;;;;;;;;;;;;;;;;;
 ;02:17:53;4.200;0.011;486.0;29.2;;;;;;;;;;;;;;;;;;
 ;02:17:54;4.200;0.011;486.0;29.2;;;;;;;;;;;;;;;;;;
 ;02:17:55;4.200;0.011;486.0;29.2;;;;;;;;;;;;;;;;;;
 ;02:17:56;4.200;0.011;486.0;29.2;;;;;;;;;;;;;;;;;;
 ;02:17:57;4.200;0.011;486.0;29.2;;;;;;;;;;;;;;;;;;
 ;02:17:58;4.200;0.011;486.0;29.2;;;;;;;;;;;;;;;;;;
 ;02:17:59;4.200;0.011;486.0;29.2;;;;;;;;;;;;;;;;;;
 ;02:18:00;4.200;0.011;486.0;29.2;;;;;;;;;;;;;;;;;;
 ;02:18:01;4.200;0.011;486.0;29.2;;;;;;;;;;;;;;;;;;
 ;02:18:02;4.200;0.011;486.0;29.2;;;;;;;;;;;;;;;;;;
 ;02:18:03;4.200;0.011;486.0;29.2;;;;;;;;;;;;;;;;;;
 ;02:18:04;4.200;0.011;486.0;29.2;;;;;;;;;;;;;;;;;;
 ;02:18:05;4.200;0.011;486.0;29.2;;;;;;;;;;;;;;;;;;
 ;02:18:06;4.200;0.011;486.0;29.2;;;;;;;;;;;;;;;;;;
 ;02:18:07;4.200;0.011;486.0;29.2;;;;;;;;;;;;;;;;;;
 ;02:18:08;4.200;0.011;486.0;29.2;;;;;;;;;;;;;;;;;;
 ;02:18:09;4.200;0.011;486.0;29.2;;;;;;;;;;;;;;;;;;
 ;02:18:10;4.200;0.011;486.0;29.2;;;;;;;;;;;;;;;;;;
 ;02:18:11;4.200;0.011;486.0;29.2;;;;;;;;;;;;;;;;;;
 ;02:18:12;4.200;0.011;486.0;29.2;;;;;;;;;;;;;;;;;;
 ;02:18:13;4.200;0.011;486.0;29.2;;;;;;;;;;;;;;;;;;
 ;02:18:14;4.200;0.011;486.0;29.2;;;;;;;;;;;;;;;;;;
 ;02:18:15;4.200;0.011;486.0;29.2;;;;;;;;;;;;;;;;;;
 ;02:18:16;4.200;0.011;486.0;29.2;;;;;;;;;;;;;;;;;;
 ;02:18:17;4.200;0.011;486.0;29.2;;;;;;;;;;;;;;;;;;
 ;02:18:18;4.200;0.011;486.0;29.2;;;;;;;;;;;;;;;;;;
 ;02:18:19;4.200;0.011;486.0;29.2;;;;;;;;;;;;;;;;;;
 ;02:18:20;4.200;0.011;486.0;29.2;;;;;;;;;;;;;;;;;;
 ;02:18:21;4.200;0.011;486.1;29.2;;;;;;;;;;;;;;;;;;
 ;02:18:22;4.200;0.011;486.1;29.2;;;;;;;;;;;;;;;;;;
 ;02:18:23;4.200;0.011;486.1;29.2;;;;;;;;;;;;;;;;;;
 ;02:18:24;4.200;0.011;486.1;29.2;;;;;;;;;;;;;;;;;;
 ;02:18:25;4.200;0.011;486.1;29.2;;;;;;;;;;;;;;;;;;
 ;02:18:26;4.200;0.011;486.1;29.2;;;;;;;;;;;;;;;;;;
 ;02:18:27;4.200;0.011;486.1;29.2;;;;;;;;;;;;;;;;;;
 ;02:18:28;4.200;0.011;486.1;29.2;;;;;;;;;;;;;;;;;;
 ;02:18:29;4.200;0.011;486.1;29.2;;;;;;;;;;;;;;;;;;
 ;02:18:30;4.200;0.011;486.1;29.2;;;;;;;;;;;;;;;;;;
 ;02:18:31;4.200;0.011;486.1;29.2;;;;;;;;;;;;;;;;;;
 ;02:18:32;4.200;0.011;486.1;29.2;;;;;;;;;;;;;;;;;;
 ;02:18:33;4.200;0.011;486.1;29.2;;;;;;;;;;;;;;;;;;
 ;02:18:34;4.200;0.011;486.1;29.2;;;;;;;;;;;;;;;;;;
 ;02:18:35;4.200;0.011;486.1;29.2;;;;;;;;;;;;;;;;;;
 ;02:18:36;4.200;0.011;486.1;29.2;;;;;;;;;;;;;;;;;;
 ;02:18:37;4.200;0.011;486.1;29.2;;;;;;;;;;;;;;;;;;
 ;02:18:38;4.200;0.011;486.1;29.2;;;;;;;;;;;;;;;;;;
 ;02:18:39;4.200;0.011;486.1;29.2;;;;;;;;;;;;;;;;;;
 ;02:18:40;4.200;0.011;486.1;29.2;;;;;;;;;;;;;;;;;;
 ;02:18:41;4.200;0.011;486.1;29.2;;;;;;;;;;;;;;;;;;
 ;02:18:42;4.200;0.011;486.1;29.2;;;;;;;;;;;;;;;;;;
 ;02:18:43;4.200;0.011;486.1;29.2;;;;;;;;;;;;;;;;;;
 ;02:18:44;4.200;0.011;486.1;29.2;;;;;;;;;;;;;;;;;;
 ;02:18:45;4.200;0.011;486.1;29.2;;;;;;;;;;;;;;;;;;
 ;02:18:46;4.200;0.011;486.1;29.2;;;;;;;;;;;;;;;;;;
 ;02:18:47;4.200;0.011;486.1;29.2;;;;;;;;;;;;;;;;;;
 ;02:18:48;4.200;0.011;486.1;29.2;;;;;;;;;;;;;;;;;;
 ;02:18:49;4.200;0.011;486.1;29.2;;;;;;;;;;;;;;;;;;
 ;02:18:50;4.200;0.011;486.1;29.2;;;;;;;;;;;;;;;;;;
 ;02:18:51;4.200;0.011;486.1;29.2;;;;;;;;;;;;;;;;;;
 ;02:18:52;4.200;0.011;486.1;29.2;;;;;;;;;;;;;;;;;;
 ;02:18:53;4.200;0.011;486.1;29.2;;;;;;;;;;;;;;;;;;
 ;02:18:54;4.200;0.011;486.2;29.2;;;;;;;;;;;;;;;;;;
 ;02:18:55;4.200;0.011;486.2;29.2;;;;;;;;;;;;;;;;;;
 ;02:18:56;4.200;0.011;486.2;29.2;;;;;;;;;;;;;;;;;;
 ;02:18:57;4.200;0.011;486.2;29.2;;;;;;;;;;;;;;;;;;
 ;02:18:58;4.200;0.011;486.2;29.2;;;;;;;;;;;;;;;;;;
 ;02:18:59;4.200;0.011;486.2;29.2;;;;;;;;;;;;;;;;;;
 ;02:19:00;4.200;0.011;486.2;29.2;;;;;;;;;;;;;;;;;;
 ;02:19:01;4.200;0.011;486.2;29.2;;;;;;;;;;;;;;;;;;
 ;02:19:02;4.200;0.011;486.2;29.2;;;;;;;;;;;;;;;;;;
 ;02:19:03;4.200;0.011;486.2;29.2;;;;;;;;;;;;;;;;;;
 ;02:19:04;4.200;0.011;486.2;29.2;;;;;;;;;;;;;;;;;;
 ;02:19:05;4.200;0.011;486.2;29.2;;;;;;;;;;;;;;;;;;
 ;02:19:06;4.200;0.011;486.2;29.2;;;;;;;;;;;;;;;;;;
 ;02:19:07;4.200;0.011;486.2;29.2;;;;;;;;;;;;;;;;;;
 ;02:19:08;4.200;0.011;486.2;29.2;;;;;;;;;;;;;;;;;;
 ;02:19:09;4.200;0.011;486.2;29.2;;;;;;;;;;;;;;;;;;
 ;02:19:10;4.200;0.011;486.2;29.2;;;;;;;;;;;;;;;;;;
 ;02:19:11;4.200;0.011;486.2;29.2;;;;;;;;;;;;;;;;;;
 ;02:19:12;4.200;0.011;486.2;29.2;;;;;;;;;;;;;;;;;;
 ;02:19:13;4.200;0.011;486.2;29.2;;;;;;;;;;;;;;;;;;
 ;02:19:14;4.200;0.011;486.2;29.2;;;;;;;;;;;;;;;;;;
 ;02:19:15;4.200;0.011;486.2;29.2;;;;;;;;;;;;;;;;;;
 ;02:19:16;4.200;0.011;486.2;29.2;;;;;;;;;;;;;;;;;;
 ;02:19:17;4.200;0.011;486.2;29.2;;;;;;;;;;;;;;;;;;
 ;02:19:18;4.200;0.011;486.2;29.2;;;;;;;;;;;;;;;;;;
 ;02:19:19;4.200;0.011;486.2;29.2;;;;;;;;;;;;;;;;;;
 ;02:19:20;4.200;0.011;486.2;29.2;;;;;;;;;;;;;;;;;;
 ;02:19:21;4.200;0.011;486.2;29.2;;;;;;;;;;;;;;;;;;
 ;02:19:22;4.200;0.011;486.2;29.2;;;;;;;;;;;;;;;;;;
 ;02:19:23;4.200;0.011;486.2;29.2;;;;;;;;;;;;;;;;;;
 ;02:19:24;4.200;0.011;486.2;29.2;;;;;;;;;;;;;;;;;;
 ;02:19:25;4.200;0.011;486.2;29.2;;;;;;;;;;;;;;;;;;
 ;02:19:26;4.200;0.011;486.3;29.2;;;;;;;;;;;;;;;;;;
 ;02:19:27;4.200;0.011;486.3;29.2;;;;;;;;;;;;;;;;;;
 ;02:19:28;4.200;0.011;486.3;29.2;;;;;;;;;;;;;;;;;;
 ;02:19:29;4.200;0.011;486.3;29.2;;;;;;;;;;;;;;;;;;
 ;02:19:30;4.200;0.011;486.3;29.2;;;;;;;;;;;;;;;;;;
 ;02:19:31;4.200;0.011;486.3;29.2;;;;;;;;;;;;;;;;;;
 ;02:19:32;4.200;0.011;486.3;29.2;;;;;;;;;;;;;;;;;;
 ;02:19:33;4.200;0.011;486.3;29.2;;;;;;;;;;;;;;;;;;
 ;02:19:34;4.200;0.011;486.3;29.2;;;;;;;;;;;;;;;;;;
 ;02:19:35;4.200;0.011;486.3;29.2;;;;;;;;;;;;;;;;;;
 ;02:19:36;4.200;0.011;486.3;29.2;;;;;;;;;;;;;;;;;;
 ;02:19:37;4.200;0.011;486.3;29.2;;;;;;;;;;;;;;;;;;
 ;02:19:38;4.200;0.011;486.3;29.2;;;;;;;;;;;;;;;;;;
 ;02:19:39;4.200;0.011;486.3;29.2;;;;;;;;;;;;;;;;;;
 ;02:19:40;4.200;0.011;486.3;29.2;;;;;;;;;;;;;;;;;;
 ;02:19:41;4.200;0.011;486.3;29.2;;;;;;;;;;;;;;;;;;
 ;02:19:42;4.200;0.011;486.3;29.2;;;;;;;;;;;;;;;;;;
 ;02:19:43;4.200;0.011;486.3;29.2;;;;;;;;;;;;;;;;;;
 ;02:19:44;4.200;0.011;486.3;29.2;;;;;;;;;;;;;;;;;;
 ;02:19:45;4.200;0.011;486.3;29.2;;;;;;;;;;;;;;;;;;
 ;02:19:46;4.200;0.011;486.3;29.2;;;;;;;;;;;;;;;;;;
 ;02:19:47;4.200;0.011;486.3;29.2;;;;;;;;;;;;;;;;;;
 ;02:19:48;4.200;0.011;486.3;29.2;;;;;;;;;;;;;;;;;;
 ;02:19:49;4.200;0.011;486.3;29.2;;;;;;;;;;;;;;;;;;
 ;02:19:50;4.200;0.011;486.3;29.2;;;;;;;;;;;;;;;;;;
 ;02:19:51;4.200;0.011;486.3;29.2;;;;;;;;;;;;;;;;;;
 ;02:19:52;4.200;0.011;486.3;29.2;;;;;;;;;;;;;;;;;;
 ;02:19:53;4.200;0.011;486.3;29.2;;;;;;;;;;;;;;;;;;
 ;02:19:54;4.200;0.011;486.3;29.2;;;;;;;;;;;;;;;;;;
 ;02:19:55;4.200;0.011;486.3;29.2;;;;;;;;;;;;;;;;;;
 ;02:19:56;4.200;0.011;486.3;29.2;;;;;;;;;;;;;;;;;;
 ;02:19:57;4.200;0.011;486.3;29.2;;;;;;;;;;;;;;;;;;
 ;02:19:58;4.200;0.011;486.3;29.2;;;;;;;;;;;;;;;;;;
 ;02:19:59;4.200;0.011;486.4;29.2;;;;;;;;;;;;;;;;;;
 ;02:20:00;4.200;0.011;486.4;29.2;;;;;;;;;;;;;;;;;;
 ;02:20:01;4.200;0.011;486.4;29.2;;;;;;;;;;;;;;;;;;
 ;02:20:02;4.200;0.011;486.4;29.2;;;;;;;;;;;;;;;;;;
 ;02:20:03;4.200;0.011;486.4;29.2;;;;;;;;;;;;;;;;;;
 ;02:20:04;4.200;0.011;486.4;29.2;;;;;;;;;;;;;;;;;;
 ;02:20:05;4.200;0.011;486.4;29.2;;;;;;;;;;;;;;;;;;
 ;02:20:06;4.200;0.011;486.4;29.2;;;;;;;;;;;;;;;;;;
 ;02:20:07;4.200;0.011;486.4;29.2;;;;;;;;;;;;;;;;;;
 ;02:20:08;4.200;0.011;486.4;29.2;;;;;;;;;;;;;;;;;;
 ;02:20:09;4.200;0.011;486.4;29.2;;;;;;;;;;;;;;;;;;
 ;02:20:10;4.200;0.011;486.4;29.2;;;;;;;;;;;;;;;;;;
 ;02:20:11;4.200;0.011;486.4;29.2;;;;;;;;;;;;;;;;;;
 ;02:20:12;4.200;0.011;486.4;29.2;;;;;;;;;;;;;;;;;;
 ;02:20:13;4.200;0.011;486.4;29.2;;;;;;;;;;;;;;;;;;
 ;02:20:14;4.200;0.011;486.4;29.2;;;;;;;;;;;;;;;;;;
 ;02:20:15;4.200;0.011;486.4;29.2;;;;;;;;;;;;;;;;;;
 ;02:20:16;4.200;0.011;486.4;29.2;;;;;;;;;;;;;;;;;;
 ;02:20:17;4.200;0.011;486.4;29.2;;;;;;;;;;;;;;;;;;
 ;02:20:18;4.200;0.011;486.4;29.2;;;;;;;;;;;;;;;;;;
 ;02:20:19;4.200;0.011;486.4;29.2;;;;;;;;;;;;;;;;;;
 ;02:20:20;4.200;0.011;486.4;29.2;;;;;;;;;;;;;;;;;;
 ;02:20:21;4.200;0.011;486.4;29.2;;;;;;;;;;;;;;;;;;
 ;02:20:22;4.200;0.011;486.4;29.2;;;;;;;;;;;;;;;;;;
 ;02:20:23;4.200;0.011;486.4;29.2;;;;;;;;;;;;;;;;;;
 ;02:20:24;4.200;0.011;486.4;29.2;;;;;;;;;;;;;;;;;;
 ;02:20:25;4.200;0.011;486.4;29.2;;;;;;;;;;;;;;;;;;
 ;02:20:26;4.200;0.011;486.4;29.2;;;;;;;;;;;;;;;;;;
 ;02:20:27;4.200;0.011;486.4;29.2;;;;;;;;;;;;;;;;;;
 ;02:20:28;4.200;0.011;486.4;29.2;;;;;;;;;;;;;;;;;;
 ;02:20:29;4.200;0.011;486.4;29.2;;;;;;;;;;;;;;;;;;
 ;02:20:30;4.200;0.011;486.4;29.2;;;;;;;;;;;;;;;;;;
 ;02:20:31;4.200;0.011;486.4;29.2;;;;;;;;;;;;;;;;;;
 ;02:20:32;4.200;0.011;486.5;29.2;;;;;;;;;;;;;;;;;;
 ;02:20:33;4.200;0.011;486.5;29.2;;;;;;;;;;;;;;;;;;
 ;02:20:34;4.200;0.011;486.5;29.2;;;;;;;;;;;;;;;;;;
 ;02:20:35;4.200;0.011;486.5;29.2;;;;;;;;;;;;;;;;;;
 ;02:20:36;4.200;0.011;486.5;29.2;;;;;;;;;;;;;;;;;;
 ;02:20:37;4.200;0.011;486.5;29.2;;;;;;;;;;;;;;;;;;
 ;02:20:38;4.200;0.011;486.5;29.2;;;;;;;;;;;;;;;;;;
 ;02:20:39;4.200;0.011;486.5;29.2;;;;;;;;;;;;;;;;;;
 ;02:20:40;4.200;0.011;486.5;29.2;;;;;;;;;;;;;;;;;;
 ;02:20:41;4.200;0.011;486.5;29.2;;;;;;;;;;;;;;;;;;
 ;02:20:42;4.200;0.011;486.5;29.2;;;;;;;;;;;;;;;;;;
 ;02:20:43;4.200;0.011;486.5;29.2;;;;;;;;;;;;;;;;;;
 ;02:20:44;4.200;0.011;486.5;29.2;;;;;;;;;;;;;;;;;;
 ;02:20:45;4.200;0.011;486.5;29.2;;;;;;;;;;;;;;;;;;
 ;02:20:46;4.200;0.011;486.5;29.2;;;;;;;;;;;;;;;;;;
 ;02:20:47;4.200;0.011;486.5;29.2;;;;;;;;;;;;;;;;;;
 ;02:20:48;4.200;0.011;486.5;29.2;;;;;;;;;;;;;;;;;;
 ;02:20:49;4.200;0.011;486.5;29.2;;;;;;;;;;;;;;;;;;
 ;02:20:50;4.200;0.011;486.5;29.2;;;;;;;;;;;;;;;;;;
 ;02:20:51;4.200;0.011;486.5;29.2;;;;;;;;;;;;;;;;;;
 ;02:20:52;4.200;0.011;486.5;29.2;;;;;;;;;;;;;;;;;;
 ;02:20:53;4.200;0.011;486.5;29.2;;;;;;;;;;;;;;;;;;
 ;02:20:54;4.200;0.011;486.5;29.2;;;;;;;;;;;;;;;;;;
 ;02:20:55;4.200;0.011;486.5;29.2;;;;;;;;;;;;;;;;;;
 ;02:20:56;4.200;0.011;486.5;29.2;;;;;;;;;;;;;;;;;;
 ;02:20:57;4.200;0.011;486.5;29.2;;;;;;;;;;;;;;;;;;
 ;02:20:58;4.200;0.011;486.5;29.2;;;;;;;;;;;;;;;;;;
 ;02:20:59;4.200;0.011;486.5;29.2;;;;;;;;;;;;;;;;;;
 ;02:21:00;4.200;0.011;486.5;29.2;;;;;;;;;;;;;;;;;;
 ;02:21:01;4.200;0.011;486.5;29.2;;;;;;;;;;;;;;;;;;
 ;02:21:02;4.200;0.011;486.5;29.2;;;;;;;;;;;;;;;;;;
 ;02:21:03;4.200;0.011;486.5;29.2;;;;;;;;;;;;;;;;;;
 ;02:21:04;4.200;0.011;486.6;29.2;;;;;;;;;;;;;;;;;;
 ;02:21:05;4.200;0.011;486.6;29.2;;;;;;;;;;;;;;;;;;
 ;02:21:06;4.200;0.011;486.6;29.2;;;;;;;;;;;;;;;;;;
 ;02:21:07;4.200;0.011;486.6;29.2;;;;;;;;;;;;;;;;;;
 ;02:21:08;4.200;0.011;486.6;29.2;;;;;;;;;;;;;;;;;;
 ;02:21:09;4.200;0.011;486.6;29.2;;;;;;;;;;;;;;;;;;
 ;02:21:10;4.200;0.011;486.6;29.2;;;;;;;;;;;;;;;;;;
 ;02:21:11;4.200;0.011;486.6;29.2;;;;;;;;;;;;;;;;;;
 ;02:21:12;4.200;0.011;486.6;29.2;;;;;;;;;;;;;;;;;;
 ;02:21:13;4.200;0.011;486.6;29.2;;;;;;;;;;;;;;;;;;
 ;02:21:14;4.200;0.011;486.6;29.2;;;;;;;;;;;;;;;;;;
 ;02:21:15;4.200;0.011;486.6;29.2;;;;;;;;;;;;;;;;;;
 ;02:21:16;4.200;0.011;486.6;29.2;;;;;;;;;;;;;;;;;;
 ;02:21:17;4.200;0.011;486.6;29.2;;;;;;;;;;;;;;;;;;
 ;02:21:18;4.200;0.011;486.6;29.2;;;;;;;;;;;;;;;;;;
 ;02:21:19;4.200;0.011;486.6;29.2;;;;;;;;;;;;;;;;;;
 ;02:21:20;4.200;0.011;486.6;29.2;;;;;;;;;;;;;;;;;;
 ;02:21:21;4.200;0.011;486.6;29.2;;;;;;;;;;;;;;;;;;
 ;02:21:22;4.200;0.011;486.6;29.2;;;;;;;;;;;;;;;;;;
 ;02:21:23;4.200;0.011;486.6;29.2;;;;;;;;;;;;;;;;;;
 ;02:21:24;4.200;0.011;486.6;29.2;;;;;;;;;;;;;;;;;;
 ;02:21:25;4.200;0.011;486.6;29.2;;;;;;;;;;;;;;;;;;
 ;02:21:26;4.200;0.011;486.6;29.2;;;;;;;;;;;;;;;;;;
 ;02:21:27;4.200;0.011;486.6;29.2;;;;;;;;;;;;;;;;;;
 ;02:21:28;4.200;0.011;486.6;29.2;;;;;;;;;;;;;;;;;;
 ;02:21:29;4.200;0.011;486.6;29.2;;;;;;;;;;;;;;;;;;
 ;02:21:30;4.200;0.011;486.6;29.2;;;;;;;;;;;;;;;;;;
 ;02:21:31;4.200;0.011;486.6;29.2;;;;;;;;;;;;;;;;;;
 ;02:21:32;4.200;0.011;486.6;29.2;;;;;;;;;;;;;;;;;;
 ;02:21:33;4.200;0.011;486.6;29.2;;;;;;;;;;;;;;;;;;
 ;02:21:34;4.200;0.011;486.6;29.2;;;;;;;;;;;;;;;;;;
 ;02:21:35;4.200;0.011;486.6;29.2;;;;;;;;;;;;;;;;;;
 ;02:21:36;4.200;0.011;486.6;29.2;;;;;;;;;;;;;;;;;;
 ;02:21:37;4.200;0.011;486.7;29.2;;;;;;;;;;;;;;;;;;
 ;02:21:38;4.200;0.011;486.7;29.2;;;;;;;;;;;;;;;;;;
 ;02:21:39;4.200;0.011;486.7;29.2;;;;;;;;;;;;;;;;;;
 ;02:21:40;4.200;0.011;486.7;29.2;;;;;;;;;;;;;;;;;;
 ;02:21:41;4.200;0.011;486.7;29.2;;;;;;;;;;;;;;;;;;
 ;02:21:42;4.200;0.011;486.7;29.2;;;;;;;;;;;;;;;;;;
 ;02:21:43;4.200;0.011;486.7;29.2;;;;;;;;;;;;;;;;;;
 ;02:21:44;4.200;0.011;486.7;29.2;;;;;;;;;;;;;;;;;;
 ;02:21:45;4.200;0.011;486.7;29.2;;;;;;;;;;;;;;;;;;
 ;02:21:46;4.200;0.011;486.7;29.2;;;;;;;;;;;;;;;;;;
 ;02:21:47;4.200;0.011;486.7;29.2;;;;;;;;;;;;;;;;;;
 ;02:21:48;4.200;0.011;486.7;29.2;;;;;;;;;;;;;;;;;;
 ;02:21:49;4.200;0.011;486.7;29.2;;;;;;;;;;;;;;;;;;
 ;02:21:50;4.200;0.011;486.7;29.2;;;;;;;;;;;;;;;;;;
 ;02:21:51;4.200;0.011;486.7;29.2;;;;;;;;;;;;;;;;;;
 ;02:21:52;4.200;0.011;486.7;29.2;;;;;;;;;;;;;;;;;;
 ;02:21:53;4.200;0.011;486.7;29.2;;;;;;;;;;;;;;;;;;
 ;02:21:54;4.200;0.011;486.7;29.2;;;;;;;;;;;;;;;;;;
 ;02:21:55;4.200;0.011;486.7;29.2;;;;;;;;;;;;;;;;;;
 ;02:21:56;4.200;0.011;486.7;29.2;;;;;;;;;;;;;;;;;;
 ;02:21:57;4.200;0.011;486.7;29.2;;;;;;;;;;;;;;;;;;
 ;02:21:58;4.200;0.011;486.7;29.2;;;;;;;;;;;;;;;;;;
 ;02:21:59;4.200;0.011;486.7;29.2;;;;;;;;;;;;;;;;;;
 ;02:22:00;4.200;0.011;486.7;29.2;;;;;;;;;;;;;;;;;;
 ;02:22:01;4.200;0.011;486.7;29.2;;;;;;;;;;;;;;;;;;
 ;02:22:02;4.200;0.011;486.7;29.2;;;;;;;;;;;;;;;;;;
 ;02:22:03;4.200;0.011;486.7;29.2;;;;;;;;;;;;;;;;;;
 ;02:22:04;4.200;0.011;486.7;29.2;;;;;;;;;;;;;;;;;;
 ;02:22:05;4.200;0.011;486.7;29.2;;;;;;;;;;;;;;;;;;
 ;02:22:06;4.200;0.011;486.7;29.2;;;;;;;;;;;;;;;;;;
 ;02:22:07;4.200;0.011;486.7;29.2;;;;;;;;;;;;;;;;;;
 ;02:22:08;4.200;0.011;486.7;29.2;;;;;;;;;;;;;;;;;;
 ;02:22:09;4.200;0.011;486.7;29.2;;;;;;;;;;;;;;;;;;
 ;02:22:10;4.200;0.011;486.8;29.2;;;;;;;;;;;;;;;;;;
 ;02:22:11;4.200;0.011;486.8;29.2;;;;;;;;;;;;;;;;;;
 ;02:22:12;4.200;0.011;486.8;29.2;;;;;;;;;;;;;;;;;;
 ;02:22:13;4.200;0.011;486.8;29.2;;;;;;;;;;;;;;;;;;
 ;02:22:14;4.200;0.011;486.8;29.2;;;;;;;;;;;;;;;;;;
 ;02:22:15;4.200;0.011;486.8;29.2;;;;;;;;;;;;;;;;;;
 ;02:22:16;4.200;0.011;486.8;29.2;;;;;;;;;;;;;;;;;;
 ;02:22:17;4.200;0.011;486.8;29.2;;;;;;;;;;;;;;;;;;
 ;02:22:18;4.200;0.011;486.8;29.2;;;;;;;;;;;;;;;;;;
 ;02:22:19;4.200;0.011;486.8;29.2;;;;;;;;;;;;;;;;;;
 ;02:22:20;4.200;0.011;486.8;29.2;;;;;;;;;;;;;;;;;;
 ;02:22:21;4.200;0.011;486.8;29.2;;;;;;;;;;;;;;;;;;
 ;02:22:22;4.200;0.011;486.8;29.2;;;;;;;;;;;;;;;;;;
 ;02:22:23;4.200;0.011;486.8;29.2;;;;;;;;;;;;;;;;;;
 ;02:22:24;4.200;0.011;486.8;29.2;;;;;;;;;;;;;;;;;;
 ;02:22:25;4.200;0.011;486.8;29.2;;;;;;;;;;;;;;;;;;
 ;02:22:26;4.200;0.011;486.8;29.2;;;;;;;;;;;;;;;;;;
 ;02:22:27;4.200;0.011;486.8;29.2;;;;;;;;;;;;;;;;;;
 ;02:22:28;4.200;0.011;486.8;29.2;;;;;;;;;;;;;;;;;;
 ;02:22:29;4.200;0.011;486.8;29.2;;;;;;;;;;;;;;;;;;
 ;02:22:30;4.200;0.011;486.8;29.2;;;;;;;;;;;;;;;;;;
 ;02:22:31;4.200;0.011;486.8;29.2;;;;;;;;;;;;;;;;;;
 ;02:22:32;4.200;0.011;486.8;29.2;;;;;;;;;;;;;;;;;;
 ;02:22:33;4.200;0.011;486.8;29.2;;;;;;;;;;;;;;;;;;
 ;02:22:34;4.200;0.011;486.8;29.2;;;;;;;;;;;;;;;;;;
 ;02:22:35;4.200;0.011;486.8;29.2;;;;;;;;;;;;;;;;;;
 ;02:22:36;4.200;0.011;486.8;29.2;;;;;;;;;;;;;;;;;;
 ;02:22:37;4.200;0.011;486.8;29.2;;;;;;;;;;;;;;;;;;
 ;02:22:38;4.200;0.011;486.8;29.2;;;;;;;;;;;;;;;;;;
 ;02:22:39;4.200;0.011;486.8;29.2;;;;;;;;;;;;;;;;;;
 ;02:22:40;4.200;0.011;486.8;29.2;;;;;;;;;;;;;;;;;;
 ;02:22:41;4.200;0.011;486.8;29.2;;;;;;;;;;;;;;;;;;
 ;02:22:42;4.200;0.011;486.8;29.2;;;;;;;;;;;;;;;;;;
 ;02:22:43;4.200;0.011;486.9;29.2;;;;;;;;;;;;;;;;;;
 ;02:22:44;4.200;0.011;486.9;29.2;;;;;;;;;;;;;;;;;;
 ;02:22:45;4.200;0.011;486.9;29.2;;;;;;;;;;;;;;;;;;
 ;02:22:46;4.200;0.011;486.9;29.2;;;;;;;;;;;;;;;;;;
 ;02:22:47;4.200;0.011;486.9;29.2;;;;;;;;;;;;;;;;;;
 ;02:22:48;4.200;0.011;486.9;29.2;;;;;;;;;;;;;;;;;;
 ;02:22:49;4.200;0.011;486.9;29.2;;;;;;;;;;;;;;;;;;
 ;02:22:50;4.200;0.011;486.9;29.2;;;;;;;;;;;;;;;;;;
 ;02:22:51;4.200;0.011;486.9;29.2;;;;;;;;;;;;;;;;;;
 ;02:22:52;4.200;0.011;486.9;29.2;;;;;;;;;;;;;;;;;;
 ;02:22:53;4.200;0.011;486.9;29.2;;;;;;;;;;;;;;;;;;
 ;02:22:54;4.200;0.011;486.9;29.2;;;;;;;;;;;;;;;;;;
 ;02:22:55;4.200;0.011;486.9;29.2;;;;;;;;;;;;;;;;;;
 ;02:22:56;4.200;0.011;486.9;29.2;;;;;;;;;;;;;;;;;;
 ;02:22:57;4.200;0.011;486.9;29.2;;;;;;;;;;;;;;;;;;
 ;02:22:58;4.200;0.011;486.9;29.2;;;;;;;;;;;;;;;;;;
 ;02:22:59;4.200;0.011;486.9;29.2;;;;;;;;;;;;;;;;;;
 ;02:23:00;4.200;0.011;486.9;29.2;;;;;;;;;;;;;;;;;;
 ;02:23:01;4.200;0.011;486.9;29.2;;;;;;;;;;;;;;;;;;
 ;02:23:02;4.200;0.011;486.9;29.2;;;;;;;;;;;;;;;;;;
 ;02:23:03;4.200;0.011;486.9;29.2;;;;;;;;;;;;;;;;;;
 ;02:23:04;4.200;0.011;486.9;29.2;;;;;;;;;;;;;;;;;;
 ;02:23:05;4.200;0.011;486.9;29.2;;;;;;;;;;;;;;;;;;
 ;02:23:06;4.200;0.011;486.9;29.2;;;;;;;;;;;;;;;;;;
 ;02:23:07;4.200;0.011;486.9;29.2;;;;;;;;;;;;;;;;;;
 ;02:23:08;4.200;0.011;486.9;29.2;;;;;;;;;;;;;;;;;;
 ;02:23:09;4.200;0.011;486.9;29.2;;;;;;;;;;;;;;;;;;
 ;02:23:10;4.200;0.011;486.9;29.2;;;;;;;;;;;;;;;;;;
 ;02:23:11;4.200;0.011;486.9;29.2;;;;;;;;;;;;;;;;;;
 ;02:23:12;4.200;0.011;486.9;29.2;;;;;;;;;;;;;;;;;;
 ;02:23:13;4.200;0.011;486.9;29.2;;;;;;;;;;;;;;;;;;
 ;02:23:14;4.200;0.011;486.9;29.2;;;;;;;;;;;;;;;;;;
 ;02:23:15;4.200;0.011;487.0;29.2;;;;;;;;;;;;;;;;;;
 ;02:23:16;4.200;0.011;487.0;29.2;;;;;;;;;;;;;;;;;;
 ;02:23:17;4.200;0.011;487.0;29.2;;;;;;;;;;;;;;;;;;
 ;02:23:18;4.200;0.011;487.0;29.2;;;;;;;;;;;;;;;;;;
 ;02:23:19;4.200;0.011;487.0;29.2;;;;;;;;;;;;;;;;;;
 ;02:23:20;4.200;0.011;487.0;29.2;;;;;;;;;;;;;;;;;;
 ;02:23:21;4.200;0.011;487.0;29.2;;;;;;;;;;;;;;;;;;
 ;02:23:22;4.200;0.011;487.0;29.2;;;;;;;;;;;;;;;;;;
 ;02:23:23;4.200;0.011;487.0;29.2;;;;;;;;;;;;;;;;;;
 ;02:23:24;4.200;0.011;487.0;29.2;;;;;;;;;;;;;;;;;;
 ;02:23:25;4.200;0.011;487.0;29.2;;;;;;;;;;;;;;;;;;
 ;02:23:26;4.200;0.011;487.0;29.2;;;;;;;;;;;;;;;;;;
 ;02:23:27;4.200;0.011;487.0;29.2;;;;;;;;;;;;;;;;;;
 ;02:23:28;4.200;0.011;487.0;29.2;;;;;;;;;;;;;;;;;;
 ;02:23:29;4.200;0.011;487.0;29.2;;;;;;;;;;;;;;;;;;
 ;02:23:30;4.200;0.011;487.0;29.2;;;;;;;;;;;;;;;;;;
 ;02:23:31;4.200;0.011;487.0;29.2;;;;;;;;;;;;;;;;;;
 ;02:23:32;4.200;0.011;487.0;29.2;;;;;;;;;;;;;;;;;;
 ;02:23:33;4.200;0.011;487.0;29.2;;;;;;;;;;;;;;;;;;
 ;02:23:34;4.200;0.011;487.0;29.2;;;;;;;;;;;;;;;;;;
 ;02:23:35;4.200;0.011;487.0;29.2;;;;;;;;;;;;;;;;;;
 ;02:23:36;4.200;0.011;487.0;29.2;;;;;;;;;;;;;;;;;;
 ;02:23:37;4.200;0.011;487.0;29.2;;;;;;;;;;;;;;;;;;
 ;02:23:38;4.200;0.011;487.0;29.2;;;;;;;;;;;;;;;;;;
 ;02:23:39;4.200;0.011;487.0;29.2;;;;;;;;;;;;;;;;;;
 ;02:23:40;4.200;0.011;487.0;29.2;;;;;;;;;;;;;;;;;;
 ;02:23:41;4.200;0.011;487.0;29.2;;;;;;;;;;;;;;;;;;
 ;02:23:42;4.200;0.011;487.0;29.2;;;;;;;;;;;;;;;;;;
 ;02:23:43;4.200;0.011;487.0;29.2;;;;;;;;;;;;;;;;;;
 ;02:23:44;4.200;0.011;487.0;29.2;;;;;;;;;;;;;;;;;;
 ;02:23:45;4.200;0.011;487.0;29.2;;;;;;;;;;;;;;;;;;
 ;02:23:46;4.200;0.011;487.0;29.2;;;;;;;;;;;;;;;;;;
 ;02:23:47;4.200;0.011;487.0;29.2;;;;;;;;;;;;;;;;;;
 ;02:23:48;4.200;0.011;487.1;29.2;;;;;;;;;;;;;;;;;;
 ;02:23:49;4.200;0.011;487.1;29.2;;;;;;;;;;;;;;;;;;
 ;02:23:50;4.200;0.011;487.1;29.2;;;;;;;;;;;;;;;;;;
 ;02:23:51;4.200;0.011;487.1;29.2;;;;;;;;;;;;;;;;;;
 ;02:23:52;4.200;0.011;487.1;29.2;;;;;;;;;;;;;;;;;;
 ;02:23:53;4.200;0.011;487.1;29.2;;;;;;;;;;;;;;;;;;
 ;02:23:54;4.200;0.011;487.1;29.2;;;;;;;;;;;;;;;;;;
 ;02:23:55;4.200;0.011;487.1;29.2;;;;;;;;;;;;;;;;;;
 ;02:23:56;4.200;0.011;487.1;29.2;;;;;;;;;;;;;;;;;;
 ;02:23:57;4.200;0.011;487.1;29.2;;;;;;;;;;;;;;;;;;
 ;02:23:58;4.200;0.011;487.1;29.2;;;;;;;;;;;;;;;;;;
 ;02:23:59;4.200;0.011;487.1;29.2;;;;;;;;;;;;;;;;;;
 ;02:24:00;4.200;0.011;487.1;29.2;;;;;;;;;;;;;;;;;;
 ;02:24:01;4.200;0.011;487.1;29.2;;;;;;;;;;;;;;;;;;
 ;02:24:02;4.200;0.011;487.1;29.2;;;;;;;;;;;;;;;;;;
 ;02:24:03;4.200;0.011;487.1;29.2;;;;;;;;;;;;;;;;;;
 ;02:24:04;4.200;0.011;487.1;29.2;;;;;;;;;;;;;;;;;;
 ;02:24:05;4.200;0.011;487.1;29.2;;;;;;;;;;;;;;;;;;
 ;02:24:06;4.200;0.011;487.1;29.2;;;;;;;;;;;;;;;;;;
 ;02:24:07;4.200;0.011;487.1;29.2;;;;;;;;;;;;;;;;;;
 ;02:24:08;4.200;0.011;487.1;29.2;;;;;;;;;;;;;;;;;;
 ;02:24:09;4.200;0.011;487.1;29.2;;;;;;;;;;;;;;;;;;
 ;02:24:10;4.200;0.011;487.1;29.2;;;;;;;;;;;;;;;;;;
 ;02:24:11;4.200;0.011;487.1;29.2;;;;;;;;;;;;;;;;;;
 ;02:24:12;4.200;0.011;487.1;29.2;;;;;;;;;;;;;;;;;;
 ;02:24:13;4.200;0.011;487.1;29.2;;;;;;;;;;;;;;;;;;
 ;02:24:14;4.200;0.011;487.1;29.2;;;;;;;;;;;;;;;;;;
 ;02:24:15;4.200;0.011;487.1;29.2;;;;;;;;;;;;;;;;;;
 ;02:24:16;4.200;0.011;487.1;29.2;;;;;;;;;;;;;;;;;;
 ;02:24:17;4.200;0.011;487.1;29.2;;;;;;;;;;;;;;;;;;
 ;02:24:18;4.200;0.011;487.1;29.2;;;;;;;;;;;;;;;;;;
 ;02:24:19;4.200;0.011;487.1;29.2;;;;;;;;;;;;;;;;;;
 ;02:24:20;4.200;0.011;487.1;29.2;;;;;;;;;;;;;;;;;;
 ;02:24:21;4.200;0.011;487.2;29.2;;;;;;;;;;;;;;;;;;
 ;02:24:22;4.200;0.011;487.2;29.2;;;;;;;;;;;;;;;;;;
 ;02:24:23;4.200;0.011;487.2;29.2;;;;;;;;;;;;;;;;;;
 ;02:24:24;4.200;0.011;487.2;29.2;;;;;;;;;;;;;;;;;;
 ;02:24:25;4.200;0.011;487.2;29.2;;;;;;;;;;;;;;;;;;
 ;02:24:26;4.200;0.011;487.2;29.2;;;;;;;;;;;;;;;;;;
 ;02:24:27;4.200;0.011;487.2;29.2;;;;;;;;;;;;;;;;;;
 ;02:24:28;4.200;0.011;487.2;29.2;;;;;;;;;;;;;;;;;;
 ;02:24:29;4.200;0.011;487.2;29.2;;;;;;;;;;;;;;;;;;
 ;02:24:30;4.200;0.011;487.2;29.2;;;;;;;;;;;;;;;;;;
 ;02:24:31;4.200;0.011;487.2;29.2;;;;;;;;;;;;;;;;;;
 ;02:24:32;4.200;0.011;487.2;29.2;;;;;;;;;;;;;;;;;;
 ;02:24:33;4.200;0.011;487.2;29.2;;;;;;;;;;;;;;;;;;
 ;02:24:34;4.200;0.011;487.2;29.2;;;;;;;;;;;;;;;;;;
 ;02:24:35;4.200;0.011;487.2;29.2;;;;;;;;;;;;;;;;;;
 ;02:24:36;4.200;0.011;487.2;29.2;;;;;;;;;;;;;;;;;;
 ;02:24:37;4.200;0.011;487.2;29.2;;;;;;;;;;;;;;;;;;
 ;02:24:38;4.200;0.011;487.2;29.2;;;;;;;;;;;;;;;;;;
 ;02:24:39;4.200;0.011;487.2;29.2;;;;;;;;;;;;;;;;;;
 ;02:24:40;4.200;0.011;487.2;29.2;;;;;;;;;;;;;;;;;;
 ;02:24:41;4.200;0.011;487.2;29.2;;;;;;;;;;;;;;;;;;
 ;02:24:42;4.200;0.011;487.2;29.2;;;;;;;;;;;;;;;;;;
 ;02:24:43;4.200;0.011;487.2;29.2;;;;;;;;;;;;;;;;;;
 ;02:24:44;4.200;0.011;487.2;29.2;;;;;;;;;;;;;;;;;;
 ;02:24:45;4.200;0.011;487.2;29.2;;;;;;;;;;;;;;;;;;
 ;02:24:46;4.200;0.011;487.2;29.2;;;;;;;;;;;;;;;;;;
 ;02:24:47;4.200;0.011;487.2;29.2;;;;;;;;;;;;;;;;;;
 ;02:24:48;4.200;0.011;487.2;29.2;;;;;;;;;;;;;;;;;;
 ;02:24:49;4.200;0.011;487.2;29.2;;;;;;;;;;;;;;;;;;
 ;02:24:50;4.200;0.011;487.2;29.2;;;;;;;;;;;;;;;;;;
 ;02:24:51;4.200;0.011;487.2;29.2;;;;;;;;;;;;;;;;;;
 ;02:24:52;4.200;0.011;487.2;29.2;;;;;;;;;;;;;;;;;;
 ;02:24:53;4.200;0.011;487.2;29.2;;;;;;;;;;;;;;;;;;
 ;02:24:54;4.200;0.011;487.3;29.2;;;;;;;;;;;;;;;;;;
 ;02:24:55;4.200;0.011;487.3;29.2;;;;;;;;;;;;;;;;;;
 ;02:24:56;4.200;0.011;487.3;29.2;;;;;;;;;;;;;;;;;;
 ;02:24:57;4.200;0.011;487.3;29.2;;;;;;;;;;;;;;;;;;
 ;02:24:58;4.200;0.011;487.3;29.2;;;;;;;;;;;;;;;;;;
 ;02:24:59;4.200;0.011;487.3;29.2;;;;;;;;;;;;;;;;;;
 ;02:25:00;4.200;0.011;487.3;29.2;;;;;;;;;;;;;;;;;;
 ;02:25:01;4.200;0.011;487.3;29.2;;;;;;;;;;;;;;;;;;
 ;02:25:02;4.200;0.011;487.3;29.2;;;;;;;;;;;;;;;;;;
 ;02:25:03;4.200;0.011;487.3;29.2;;;;;;;;;;;;;;;;;;
 ;02:25:04;4.200;0.011;487.3;29.2;;;;;;;;;;;;;;;;;;
 ;02:25:05;4.200;0.011;487.3;29.2;;;;;;;;;;;;;;;;;;
 ;02:25:06;4.200;0.011;487.3;29.2;;;;;;;;;;;;;;;;;;
 ;02:25:07;4.200;0.011;487.3;29.2;;;;;;;;;;;;;;;;;;
 ;02:25:08;4.200;0.011;487.3;29.2;;;;;;;;;;;;;;;;;;
 ;02:25:09;4.200;0.011;487.3;29.2;;;;;;;;;;;;;;;;;;
 ;02:25:10;4.200;0.011;487.3;29.2;;;;;;;;;;;;;;;;;;
 ;02:25:11;4.200;0.011;487.3;29.2;;;;;;;;;;;;;;;;;;
 ;02:25:12;4.200;0.011;487.3;29.2;;;;;;;;;;;;;;;;;;
 ;02:25:13;4.200;0.011;487.3;29.2;;;;;;;;;;;;;;;;;;
 ;02:25:14;4.200;0.011;487.3;29.2;;;;;;;;;;;;;;;;;;
 ;02:25:15;4.200;0.011;487.3;29.2;;;;;;;;;;;;;;;;;;
 ;02:25:16;4.200;0.011;487.3;29.2;;;;;;;;;;;;;;;;;;
 ;02:25:17;4.200;0.011;487.3;29.2;;;;;;;;;;;;;;;;;;
 ;02:25:18;4.200;0.011;487.3;29.2;;;;;;;;;;;;;;;;;;
 ;02:25:19;4.200;0.011;487.3;29.2;;;;;;;;;;;;;;;;;;
 ;02:25:20;4.200;0.011;487.3;29.2;;;;;;;;;;;;;;;;;;
 ;02:25:21;4.200;0.011;487.3;29.2;;;;;;;;;;;;;;;;;;
 ;02:25:22;4.200;0.011;487.3;29.2;;;;;;;;;;;;;;;;;;
 ;02:25:23;4.200;0.011;487.3;29.2;;;;;;;;;;;;;;;;;;
 ;02:25:24;4.200;0.011;487.3;29.2;;;;;;;;;;;;;;;;;;
 ;02:25:25;4.200;0.011;487.3;29.2;;;;;;;;;;;;;;;;;;
 ;02:25:26;4.200;0.011;487.4;29.2;;;;;;;;;;;;;;;;;;
 ;02:25:27;4.200;0.011;487.4;29.2;;;;;;;;;;;;;;;;;;
 ;02:25:28;4.200;0.011;487.4;29.2;;;;;;;;;;;;;;;;;;
 ;02:25:29;4.200;0.011;487.4;29.2;;;;;;;;;;;;;;;;;;
 ;02:25:30;4.200;0.011;487.4;29.2;;;;;;;;;;;;;;;;;;
 ;02:25:31;4.200;0.011;487.4;29.2;;;;;;;;;;;;;;;;;;
 ;02:25:32;4.200;0.011;487.4;29.2;;;;;;;;;;;;;;;;;;
 ;02:25:33;4.200;0.011;487.4;29.2;;;;;;;;;;;;;;;;;;
 ;02:25:34;4.200;0.011;487.4;29.2;;;;;;;;;;;;;;;;;;
 ;02:25:35;4.200;0.011;487.4;29.2;;;;;;;;;;;;;;;;;;
 ;02:25:36;4.200;0.011;487.4;29.2;;;;;;;;;;;;;;;;;;
 ;02:25:37;4.200;0.011;487.4;29.2;;;;;;;;;;;;;;;;;;
 ;02:25:38;4.200;0.011;487.4;29.2;;;;;;;;;;;;;;;;;;
 ;02:25:39;4.200;0.011;487.4;29.2;;;;;;;;;;;;;;;;;;
 ;02:25:40;4.200;0.011;487.4;29.2;;;;;;;;;;;;;;;;;;
 ;02:25:41;4.200;0.011;487.4;29.2;;;;;;;;;;;;;;;;;;
 ;02:25:42;4.200;0.011;487.4;29.2;;;;;;;;;;;;;;;;;;
 ;02:25:43;4.200;0.011;487.4;29.2;;;;;;;;;;;;;;;;;;
 ;02:25:44;4.200;0.011;487.4;29.2;;;;;;;;;;;;;;;;;;
 ;02:25:45;4.200;0.011;487.4;29.2;;;;;;;;;;;;;;;;;;
 ;02:25:46;4.200;0.011;487.4;29.2;;;;;;;;;;;;;;;;;;
 ;02:25:47;4.200;0.011;487.4;29.2;;;;;;;;;;;;;;;;;;
 ;02:25:48;4.200;0.011;487.4;29.2;;;;;;;;;;;;;;;;;;
 ;02:25:49;4.200;0.011;487.4;29.2;;;;;;;;;;;;;;;;;;
 ;02:25:50;4.200;0.011;487.4;29.2;;;;;;;;;;;;;;;;;;
 ;02:25:51;4.200;0.011;487.4;29.2;;;;;;;;;;;;;;;;;;
 ;02:25:52;4.200;0.011;487.4;29.2;;;;;;;;;;;;;;;;;;
 ;02:25:53;4.200;0.011;487.4;29.2;;;;;;;;;;;;;;;;;;
 ;02:25:54;4.200;0.011;487.4;29.2;;;;;;;;;;;;;;;;;;
 ;02:25:55;4.200;0.011;487.4;29.2;;;;;;;;;;;;;;;;;;
 ;02:25:56;4.200;0.011;487.4;29.2;;;;;;;;;;;;;;;;;;
 ;02:25:57;4.200;0.011;487.4;29.2;;;;;;;;;;;;;;;;;;
 ;02:25:58;4.200;0.011;487.4;29.2;;;;;;;;;;;;;;;;;;
 ;02:25:59;4.200;0.011;487.5;29.2;;;;;;;;;;;;;;;;;;
 ;02:26:00;4.200;0.011;487.5;29.2;;;;;;;;;;;;;;;;;;
 ;02:26:01;4.200;0.011;487.5;29.2;;;;;;;;;;;;;;;;;;
 ;02:26:02;4.200;0.011;487.5;29.2;;;;;;;;;;;;;;;;;;
 ;02:26:03;4.200;0.011;487.5;29.2;;;;;;;;;;;;;;;;;;
 ;02:26:04;4.200;0.011;487.5;29.2;;;;;;;;;;;;;;;;;;
 ;02:26:05;4.200;0.011;487.5;29.2;;;;;;;;;;;;;;;;;;
 ;02:26:06;4.200;0.011;487.5;29.2;;;;;;;;;;;;;;;;;;
 ;02:26:07;4.200;0.011;487.5;29.2;;;;;;;;;;;;;;;;;;
 ;02:26:08;4.200;0.011;487.5;29.2;;;;;;;;;;;;;;;;;;
 ;02:26:09;4.200;0.011;487.5;29.2;;;;;;;;;;;;;;;;;;
 ;02:26:10;4.200;0.011;487.5;29.2;;;;;;;;;;;;;;;;;;
 ;02:26:11;4.200;0.011;487.5;29.2;;;;;;;;;;;;;;;;;;
 ;02:26:12;4.200;0.011;487.5;29.2;;;;;;;;;;;;;;;;;;
 ;02:26:13;4.200;0.011;487.5;29.2;;;;;;;;;;;;;;;;;;
 ;02:26:14;4.200;0.011;487.5;29.2;;;;;;;;;;;;;;;;;;
 ;02:26:15;4.200;0.011;487.5;29.2;;;;;;;;;;;;;;;;;;
 ;02:26:16;4.200;0.011;487.5;29.2;;;;;;;;;;;;;;;;;;
 ;02:26:17;4.200;0.011;487.5;29.2;;;;;;;;;;;;;;;;;;
 ;02:26:18;4.200;0.011;487.5;29.2;;;;;;;;;;;;;;;;;;
 ;02:26:19;4.200;0.011;487.5;29.2;;;;;;;;;;;;;;;;;;
 ;02:26:20;4.200;0.011;487.5;29.2;;;;;;;;;;;;;;;;;;
 ;02:26:21;4.200;0.011;487.5;29.2;;;;;;;;;;;;;;;;;;
 ;02:26:22;4.200;0.011;487.5;29.2;;;;;;;;;;;;;;;;;;
 ;02:26:23;4.200;0.011;487.5;29.2;;;;;;;;;;;;;;;;;;
 ;02:26:24;4.200;0.011;487.5;29.2;;;;;;;;;;;;;;;;;;
 ;02:26:25;4.200;0.011;487.5;29.2;;;;;;;;;;;;;;;;;;
 ;02:26:26;4.200;0.011;487.5;29.2;;;;;;;;;;;;;;;;;;
 ;02:26:27;4.200;0.011;487.5;29.2;;;;;;;;;;;;;;;;;;
 ;02:26:28;4.200;0.011;487.5;29.2;;;;;;;;;;;;;;;;;;
 ;02:26:29;4.200;0.011;487.5;29.2;;;;;;;;;;;;;;;;;;
 ;02:26:30;4.200;0.011;487.5;29.2;;;;;;;;;;;;;;;;;;
 ;02:26:31;4.200;0.011;487.5;29.2;;;;;;;;;;;;;;;;;;
 ;02:26:32;4.200;0.011;487.6;29.2;;;;;;;;;;;;;;;;;;
 ;02:26:33;4.200;0.011;487.6;29.2;;;;;;;;;;;;;;;;;;
 ;02:26:34;4.200;0.011;487.6;29.2;;;;;;;;;;;;;;;;;;
 ;02:26:35;4.200;0.011;487.6;29.2;;;;;;;;;;;;;;;;;;
 ;02:26:36;4.200;0.011;487.6;29.2;;;;;;;;;;;;;;;;;;
 ;02:26:37;4.200;0.011;487.6;29.2;;;;;;;;;;;;;;;;;;
 ;02:26:38;4.200;0.011;487.6;29.2;;;;;;;;;;;;;;;;;;
 ;02:26:39;4.200;0.011;487.6;29.2;;;;;;;;;;;;;;;;;;
 ;02:26:40;4.200;0.011;487.6;29.2;;;;;;;;;;;;;;;;;;
 ;02:26:41;4.200;0.011;487.6;29.1;;;;;;;;;;;;;;;;;;
 ;02:26:42;4.200;0.010;487.6;29.2;;;;;;;;;;;;;;;;;;
 ;02:26:43;4.200;0.010;487.6;29.2;;;;;;;;;;;;;;;;;;
 ;02:26:44;4.200;0.010;487.6;29.2;;;;;;;;;;;;;;;;;;
 ;02:26:45;4.200;0.010;487.6;29.2;;;;;;;;;;;;;;;;;;
 ;02:26:46;4.200;0.010;487.6;29.2;;;;;;;;;;;;;;;;;;
 ;02:26:47;4.200;0.010;487.6;29.2;;;;;;;;;;;;;;;;;;
 ;02:26:48;4.200;0.010;487.6;29.2;;;;;;;;;;;;;;;;;;
 ;02:26:49;4.200;0.010;487.6;29.2;;;;;;;;;;;;;;;;;;
 ;02:26:50;4.200;0.010;487.6;29.1;;;;;;;;;;;;;;;;;;
 ;02:26:51;4.200;0.010;487.6;29.2;;;;;;;;;;;;;;;;;;
 ;02:26:52;4.200;0.010;487.6;29.2;;;;;;;;;;;;;;;;;;
 ;02:26:53;4.200;0.010;487.6;29.1;;;;;;;;;;;;;;;;;;
 ;02:26:54;4.200;0.010;487.6;29.2;;;;;;;;;;;;;;;;;;
 ;02:26:55;4.200;0.010;487.6;29.1;;;;;;;;;;;;;;;;;;
 ;02:26:56;4.200;0.010;487.6;29.1;;;;;;;;;;;;;;;;;;
 ;02:26:57;4.200;0.011;487.6;29.2;;;;;;;;;;;;;;;;;;
 ;02:26:58;4.200;0.010;487.6;29.2;;;;;;;;;;;;;;;;;;
 ;02:26:59;4.200;0.010;487.6;29.1;;;;;;;;;;;;;;;;;;
 ;02:27:00;4.200;0.010;487.6;29.2;;;;;;;;;;;;;;;;;;
 ;02:27:01;4.200;0.010;487.6;29.1;;;;;;;;;;;;;;;;;;
 ;02:27:02;4.200;0.011;487.6;29.1;;;;;;;;;;;;;;;;;;
 ;02:27:03;4.200;0.010;487.6;29.2;;;;;;;;;;;;;;;;;;
 ;02:27:04;4.200;0.010;487.6;29.2;;;;;;;;;;;;;;;;;;
 ;02:27:05;4.200;0.010;487.7;29.1;;;;;;;;;;;;;;;;;;
 ;02:27:06;4.200;0.010;487.7;29.1;;;;;;;;;;;;;;;;;;
 ;02:27:07;4.200;0.010;487.7;29.1;;;;;;;;;;;;;;;;;;
 ;02:27:08;4.200;0.010;487.7;29.1;;;;;;;;;;;;;;;;;;
 ;02:27:09;4.200;0.010;487.7;29.1;;;;;;;;;;;;;;;;;;
 ;02:27:10;4.200;0.010;487.7;29.1;;;;;;;;;;;;;;;;;;
 ;02:27:11;4.200;0.010;487.7;29.2;;;;;;;;;;;;;;;;;;
 ;02:27:12;4.200;0.010;487.7;29.1;;;;;;;;;;;;;;;;;;
 ;02:27:13;4.200;0.010;487.7;29.2;;;;;;;;;;;;;;;;;;
 ;02:27:14;4.200;0.010;487.7;29.1;;;;;;;;;;;;;;;;;;
 ;02:27:15;4.200;0.010;487.7;29.1;;;;;;;;;;;;;;;;;;
 ;02:27:16;4.200;0.010;487.7;29.1;;;;;;;;;;;;;;;;;;
 ;02:27:17;4.200;0.010;487.7;29.1;;;;;;;;;;;;;;;;;;
 ;02:27:18;4.200;0.010;487.7;29.1;;;;;;;;;;;;;;;;;;
 ;02:27:19;4.200;0.010;487.7;29.1;;;;;;;;;;;;;;;;;;
 ;02:27:20;4.200;0.010;487.7;29.2;;;;;;;;;;;;;;;;;;
 ;02:27:21;4.200;0.010;487.7;29.1;;;;;;;;;;;;;;;;;;
 ;02:27:22;4.200;0.010;487.7;29.1;;;;;;;;;;;;;;;;;;
 ;02:27:23;4.200;0.010;487.7;29.1;;;;;;;;;;;;;;;;;;
 ;02:27:24;4.200;0.010;487.7;29.1;;;;;;;;;;;;;;;;;;
 ;02:27:25;4.200;0.010;487.7;29.1;;;;;;;;;;;;;;;;;;
 ;02:27:26;4.200;0.010;487.7;29.1;;;;;;;;;;;;;;;;;;
 ;02:27:27;4.200;0.010;487.7;29.1;;;;;;;;;;;;;;;;;;
 ;02:27:28;4.200;0.010;487.7;29.1;;;;;;;;;;;;;;;;;;
 ;02:27:29;4.200;0.010;487.7;29.1;;;;;;;;;;;;;;;;;;
 ;02:27:30;4.200;0.010;487.7;29.1;;;;;;;;;;;;;;;;;;
 ;02:27:31;4.200;0.010;487.7;29.1;;;;;;;;;;;;;;;;;;
 ;02:27:32;4.200;0.010;487.7;29.1;;;;;;;;;;;;;;;;;;
 ;02:27:33;4.200;0.010;487.7;29.1;;;;;;;;;;;;;;;;;;
 ;02:27:34;4.200;0.010;487.7;29.1;;;;;;;;;;;;;;;;;;
 ;02:27:35;4.200;0.010;487.7;29.1;;;;;;;;;;;;;;;;;;
 ;02:27:36;4.200;0.010;487.7;29.1;;;;;;;;;;;;;;;;;;
 ;02:27:37;4.200;0.010;487.7;29.1;;;;;;;;;;;;;;;;;;
 ;02:27:38;4.200;0.010;487.7;29.1;;;;;;;;;;;;;;;;;;
 ;02:27:39;4.200;0.010;487.8;29.1;;;;;;;;;;;;;;;;;;
 ;02:27:40;4.200;0.010;487.8;29.1;;;;;;;;;;;;;;;;;;
 ;02:27:41;4.200;0.010;487.8;29.1;;;;;;;;;;;;;;;;;;
 ;02:27:42;4.200;0.010;487.8;29.1;;;;;;;;;;;;;;;;;;
 ;02:27:43;4.200;0.010;487.8;29.1;;;;;;;;;;;;;;;;;;
 ;02:27:44;4.200;0.010;487.8;29.1;;;;;;;;;;;;;;;;;;
 ;02:27:45;4.200;0.010;487.8;29.1;;;;;;;;;;;;;;;;;;
 ;02:27:46;4.200;0.010;487.8;29.1;;;;;;;;;;;;;;;;;;
 ;02:27:47;4.200;0.010;487.8;29.1;;;;;;;;;;;;;;;;;;
 ;02:27:48;4.200;0.010;487.8;29.1;;;;;;;;;;;;;;;;;;
 ;02:27:49;4.200;0.010;487.8;29.1;;;;;;;;;;;;;;;;;;
 ;02:27:50;4.200;0.010;487.8;29.1;;;;;;;;;;;;;;;;;;
 ;02:27:51;4.200;0.010;487.8;29.1;;;;;;;;;;;;;;;;;;
 ;02:27:52;4.200;0.010;487.8;29.1;;;;;;;;;;;;;;;;;;
 ;02:27:53;4.200;0.010;487.8;29.1;;;;;;;;;;;;;;;;;;
 ;02:27:54;4.200;0.010;487.8;29.1;;;;;;;;;;;;;;;;;;
 ;02:27:55;4.200;0.010;487.8;29.1;;;;;;;;;;;;;;;;;;
 ;02:27:56;4.200;0.010;487.8;29.1;;;;;;;;;;;;;;;;;;
 ;02:27:57;4.200;0.010;487.8;29.1;;;;;;;;;;;;;;;;;;
 ;02:27:58;4.200;0.010;487.8;29.1;;;;;;;;;;;;;;;;;;
 ;02:27:59;4.200;0.010;487.8;29.1;;;;;;;;;;;;;;;;;;
 ;02:28:00;4.200;0.010;487.8;29.1;;;;;;;;;;;;;;;;;;
 ;02:28:01;4.200;0.010;487.8;29.1;;;;;;;;;;;;;;;;;;
 ;02:28:02;4.200;0.010;487.8;29.1;;;;;;;;;;;;;;;;;;
 ;02:28:03;4.200;0.010;487.8;29.1;;;;;;;;;;;;;;;;;;
 ;02:28:04;4.200;0.010;487.8;29.1;;;;;;;;;;;;;;;;;;
 ;02:28:05;4.200;0.010;487.8;29.1;;;;;;;;;;;;;;;;;;
 ;02:28:06;4.200;0.010;487.8;29.1;;;;;;;;;;;;;;;;;;
 ;02:28:07;4.200;0.010;487.8;29.1;;;;;;;;;;;;;;;;;;
 ;02:28:08;4.200;0.011;487.8;29.1;;;;;;;;;;;;;;;;;;
 ;02:28:09;4.200;0.010;487.8;29.1;;;;;;;;;;;;;;;;;;
 ;02:28:10;4.200;0.010;487.8;29.1;;;;;;;;;;;;;;;;;;
 ;02:28:11;4.200;0.010;487.8;29.1;;;;;;;;;;;;;;;;;;
 ;02:28:12;4.200;0.010;487.8;29.1;;;;;;;;;;;;;;;;;;
 ;02:28:13;4.200;0.010;487.9;29.1;;;;;;;;;;;;;;;;;;
 ;02:28:14;4.200;0.010;487.9;29.1;;;;;;;;;;;;;;;;;;
 ;02:28:15;4.200;0.010;487.9;29.1;;;;;;;;;;;;;;;;;;
 ;02:28:16;4.200;0.010;487.9;29.1;;;;;;;;;;;;;;;;;;
 ;02:28:17;4.200;0.010;487.9;29.1;;;;;;;;;;;;;;;;;;
 ;02:28:18;4.200;0.010;487.9;29.1;;;;;;;;;;;;;;;;;;
 ;02:28:19;4.200;0.010;487.9;29.1;;;;;;;;;;;;;;;;;;
 ;02:28:20;4.200;0.010;487.9;29.1;;;;;;;;;;;;;;;;;;
 ;02:28:21;4.200;0.010;487.9;29.1;;;;;;;;;;;;;;;;;;
 ;02:28:22;4.200;0.010;487.9;29.1;;;;;;;;;;;;;;;;;;
 ;02:28:23;4.200;0.010;487.9;29.1;;;;;;;;;;;;;;;;;;
 ;02:28:24;4.200;0.010;487.9;29.1;;;;;;;;;;;;;;;;;;
 ;02:28:25;4.200;0.010;487.9;29.1;;;;;;;;;;;;;;;;;;
 ;02:28:26;4.200;0.010;487.9;29.1;;;;;;;;;;;;;;;;;;
 ;02:28:27;4.200;0.010;487.9;29.1;;;;;;;;;;;;;;;;;;
 ;02:28:28;4.200;0.010;487.9;29.1;;;;;;;;;;;;;;;;;;
 ;02:28:29;4.200;0.010;487.9;29.1;;;;;;;;;;;;;;;;;;
 ;02:28:30;4.200;0.010;487.9;29.1;;;;;;;;;;;;;;;;;;
 ;02:28:31;4.200;0.010;487.9;29.1;;;;;;;;;;;;;;;;;;
 ;02:28:32;4.200;0.010;487.9;29.1;;;;;;;;;;;;;;;;;;
 ;02:28:33;4.200;0.010;487.9;29.1;;;;;;;;;;;;;;;;;;
 ;02:28:34;4.200;0.010;487.9;29.1;;;;;;;;;;;;;;;;;;
 ;02:28:35;4.200;0.010;487.9;29.1;;;;;;;;;;;;;;;;;;
 ;02:28:36;4.200;0.010;487.9;29.1;;;;;;;;;;;;;;;;;;
 ;02:28:37;4.200;0.010;487.9;29.1;;;;;;;;;;;;;;;;;;
 ;02:28:38;4.200;0.010;487.9;29.1;;;;;;;;;;;;;;;;;;
 ;02:28:39;4.200;0.010;487.9;29.1;;;;;;;;;;;;;;;;;;
 ;02:28:40;4.200;0.010;487.9;29.1;;;;;;;;;;;;;;;;;;
 ;02:28:41;4.200;0.010;487.9;29.1;;;;;;;;;;;;;;;;;;
 ;02:28:42;4.200;0.010;487.9;29.1;;;;;;;;;;;;;;;;;;
 ;02:28:43;4.200;0.010;487.9;29.1;;;;;;;;;;;;;;;;;;
 ;02:28:44;4.200;0.010;487.9;29.1;;;;;;;;;;;;;;;;;;
 ;02:28:45;4.200;0.010;487.9;29.1;;;;;;;;;;;;;;;;;;
 ;02:28:46;4.200;0.010;487.9;29.1;;;;;;;;;;;;;;;;;;
 ;02:28:47;4.200;0.010;488.0;29.1;;;;;;;;;;;;;;;;;;
 ;02:28:48;4.200;0.010;488.0;29.1;;;;;;;;;;;;;;;;;;
 ;02:28:49;4.200;0.010;488.0;29.1;;;;;;;;;;;;;;;;;;
 ;02:28:50;4.200;0.010;488.0;29.1;;;;;;;;;;;;;;;;;;
 ;02:28:51;4.200;0.010;488.0;29.1;;;;;;;;;;;;;;;;;;
 ;02:28:52;4.200;0.010;488.0;29.1;;;;;;;;;;;;;;;;;;
 ;02:28:53;4.200;0.010;488.0;29.1;;;;;;;;;;;;;;;;;;
 ;02:28:54;4.200;0.010;488.0;29.1;;;;;;;;;;;;;;;;;;
 ;02:28:55;4.200;0.010;488.0;29.1;;;;;;;;;;;;;;;;;;
 ;02:28:56;4.200;0.010;488.0;29.1;;;;;;;;;;;;;;;;;;
 ;02:28:57;4.200;0.010;488.0;29.1;;;;;;;;;;;;;;;;;;
 ;02:28:58;4.200;0.010;488.0;29.1;;;;;;;;;;;;;;;;;;
 ;02:28:59;4.200;0.010;488.0;29.1;;;;;;;;;;;;;;;;;;
 ;02:29:00;4.200;0.010;488.0;29.1;;;;;;;;;;;;;;;;;;
 ;02:29:01;4.200;0.010;488.0;29.1;;;;;;;;;;;;;;;;;;
 ;02:29:02;4.200;0.010;488.0;29.1;;;;;;;;;;;;;;;;;;
 ;02:29:03;4.200;0.010;488.0;29.1;;;;;;;;;;;;;;;;;;
 ;02:29:04;4.200;0.010;488.0;29.1;;;;;;;;;;;;;;;;;;
 ;02:29:05;4.200;0.010;488.0;29.1;;;;;;;;;;;;;;;;;;
 ;02:29:06;4.200;0.010;488.0;29.1;;;;;;;;;;;;;;;;;;
 ;02:29:07;4.200;0.009;488.0;29.1;;;;;;;;;;;;;;;;;;
 ;02:29:08;4.200;0.009;488.0;29.1;;;;;;;;;;;;;;;;;;
 ;02:29:09;4.196;0.000;0.0;29.1;;;;;;;;;;;;;;;;;;
 ;02:29:10;4.164;0.050;0.0;29.1;;;;;;;;;;;;;;;;;;
 ;02:29:11;4.119;0.123;0.1;29.1;;;;;;;;;;;;;;;;;;
 ;02:29:12;4.096;0.156;0.1;29.1;;;;;;;;;;;;;;;;;;
 ;02:29:13;4.073;0.189;0.2;29.1;;;;;;;;;;;;;;;;;;
 ;02:29:14;4.051;0.222;0.2;29.1;;;;;;;;;;;;;;;;;;
 ;02:29:15;4.028;0.255;0.3;29.1;;;;;;;;;;;;;;;;;;
 ;02:29:16;4.006;0.288;0.4;29.1;;;;;;;;;;;;;;;;;;
 ;02:29:17;3.982;0.321;0.5;29.1;;;;;;;;;;;;;;;;;;
 ;02:29:18;3.959;0.354;0.6;29.1;;;;;;;;;;;;;;;;;;
 ;02:29:19;3.935;0.387;0.7;29.1;;;;;;;;;;;;;;;;;;
 ;02:29:20;3.911;0.420;0.8;29.1;;;;;;;;;;;;;;;;;;
 ;02:29:21;3.887;0.453;0.9;29.1;;;;;;;;;;;;;;;;;;
 ;02:29:22;3.862;0.486;1.1;29.1;;;;;;;;;;;;;;;;;;
 ;02:29:23;3.833;0.519;1.2;29.1;;;;;;;;;;;;;;;;;;
 ;02:29:24;3.792;0.552;1.4;29.1;;;;;;;;;;;;;;;;;;
 ;02:29:25;3.763;0.585;1.5;29.1;;;;;;;;;;;;;;;;;;
 ;02:29:26;3.741;0.617;1.7;29.1;;;;;;;;;;;;;;;;;;
 ;02:29:27;3.718;0.651;1.9;29.1;;;;;;;;;;;;;;;;;;
 ;02:29:28;3.700;0.684;2.1;29.1;;;;;;;;;;;;;;;;;;
 ;02:29:29;3.680;0.716;2.3;29.1;;;;;;;;;;;;;;;;;;
 ;02:29:30;3.657;0.749;2.5;29.1;;;;;;;;;;;;;;;;;;
 ;02:29:31;3.634;0.782;2.7;29.1;;;;;;;;;;;;;;;;;;
 ;02:29:32;3.614;0.815;2.9;29.1;;;;;;;;;;;;;;;;;;
 ;02:29:33;3.597;0.848;3.2;29.1;;;;;;;;;;;;;;;;;;
 ;02:29:34;3.580;0.881;3.4;29.1;;;;;;;;;;;;;;;;;;
 ;02:29:35;3.565;0.914;3.7;29.1;;;;;;;;;;;;;;;;;;
 ;02:29:36;3.556;0.944;3.9;29.1;;;;;;;;;;;;;;;;;;
 ;02:29:37;3.546;0.961;4.2;29.1;;;;;;;;;;;;;;;;;;
 ;02:29:38;3.538;0.972;4.5;29.1;;;;;;;;;;;;;;;;;;
 ;02:29:39;3.529;0.983;4.8;29.1;;;;;;;;;;;;;;;;;;
 ;02:29:40;3.521;0.994;5.0;29.1;;;;;;;;;;;;;;;;;;
 ;02:29:41;3.517;0.999;5.3;29.1;;;;;;;;;;;;;;;;;;
 ;02:29:42;3.515;0.999;5.6;29.1;;;;;;;;;;;;;;;;;;
 ;02:29:43;3.513;0.999;5.9;29.1;;;;;;;;;;;;;;;;;;
 ;02:29:44;3.512;1.000;6.1;29.1;;;;;;;;;;;;;;;;;;
 ;02:29:45;3.511;1.000;6.4;29.2;;;;;;;;;;;;;;;;;;
 ;02:29:46;3.509;1.000;6.7;29.2;;;;;;;;;;;;;;;;;;
 ;02:29:47;3.507;1.000;7.0;29.2;;;;;;;;;;;;;;;;;;
 ;02:29:48;3.505;1.000;7.3;29.2;;;;;;;;;;;;;;;;;;
 ;02:29:49;3.504;1.000;7.5;29.2;;;;;;;;;;;;;;;;;;
 ;02:29:50;3.503;1.000;7.8;29.2;;;;;;;;;;;;;;;;;;
 ;02:29:51;3.502;1.000;8.1;29.2;;;;;;;;;;;;;;;;;;
 ;02:29:52;3.500;0.999;8.4;29.2;;;;;;;;;;;;;;;;;;
 ;02:29:53;3.498;0.999;8.6;29.2;;;;;;;;;;;;;;;;;;
 ;02:29:54;3.497;1.000;8.9;29.2;;;;;;;;;;;;;;;;;;
 ;02:29:55;3.496;1.000;9.2;29.2;;;;;;;;;;;;;;;;;;
 ;02:29:56;3.495;1.000;9.5;29.2;;;;;;;;;;;;;;;;;;
 ;02:29:57;3.494;1.000;9.8;29.2;;;;;;;;;;;;;;;;;;
 ;02:29:58;3.492;1.000;10.0;29.2;;;;;;;;;;;;;;;;;;
 ;02:29:59;3.491;1.000;10.3;29.2;;;;;;;;;;;;;;;;;;
 ;02:30:00;3.490;1.000;10.6;29.2;;;;;;;;;;;;;;;;;;
 ;02:30:01;3.488;1.000;10.9;29.2;;;;;;;;;;;;;;;;;;
 ;02:30:02;3.487;1.000;11.1;29.2;;;;;;;;;;;;;;;;;;
 ;02:30:03;3.485;1.000;11.4;29.2;;;;;;;;;;;;;;;;;;
 ;02:30:04;3.484;1.000;11.7;29.2;;;;;;;;;;;;;;;;;;
 ;02:30:05;3.482;1.000;12.0;29.2;;;;;;;;;;;;;;;;;;
 ;02:30:06;3.481;1.000;12.3;29.3;;;;;;;;;;;;;;;;;;
 ;02:30:07;3.479;0.999;12.5;29.3;;;;;;;;;;;;;;;;;;
 ;02:30:08;3.478;1.000;12.8;29.3;;;;;;;;;;;;;;;;;;
 ;02:30:09;3.477;1.000;13.1;29.3;;;;;;;;;;;;;;;;;;
 ;02:30:10;3.476;1.000;13.4;29.3;;;;;;;;;;;;;;;;;;
 ;02:30:11;3.475;1.000;13.6;29.3;;;;;;;;;;;;;;;;;;
 ;02:30:12;3.474;1.000;13.9;29.3;;;;;;;;;;;;;;;;;;
 ;02:30:13;3.473;1.000;14.2;29.3;;;;;;;;;;;;;;;;;;
 ;02:30:14;3.472;1.000;14.5;29.3;;;;;;;;;;;;;;;;;;
 ;02:30:15;3.471;1.000;14.8;29.3;;;;;;;;;;;;;;;;;;
 ;02:30:16;3.471;1.000;15.0;29.3;;;;;;;;;;;;;;;;;;
 ;02:30:17;3.470;1.000;15.3;29.3;;;;;;;;;;;;;;;;;;
 ;02:30:18;3.469;1.000;15.6;29.3;;;;;;;;;;;;;;;;;;
 ;02:30:19;3.468;1.000;15.9;29.3;;;;;;;;;;;;;;;;;;
 ;02:30:20;3.467;1.000;16.1;29.4;;;;;;;;;;;;;;;;;;
 ;02:30:21;3.467;1.000;16.4;29.4;;;;;;;;;;;;;;;;;;
 ;02:30:22;3.466;1.000;16.7;29.4;;;;;;;;;;;;;;;;;;
 ;02:30:23;3.465;1.000;17.0;29.4;;;;;;;;;;;;;;;;;;
 ;02:30:24;3.465;1.000;17.3;29.4;;;;;;;;;;;;;;;;;;
 ;02:30:25;3.464;1.000;17.5;29.4;;;;;;;;;;;;;;;;;;
 ;02:30:26;3.463;1.000;17.8;29.4;;;;;;;;;;;;;;;;;;
 ;02:30:27;3.462;1.000;18.1;29.4;;;;;;;;;;;;;;;;;;
 ;02:30:28;3.462;0.999;18.4;29.4;;;;;;;;;;;;;;;;;;
 ;02:30:29;3.460;0.999;18.6;29.4;;;;;;;;;;;;;;;;;;
 ;02:30:30;3.459;1.000;18.9;29.4;;;;;;;;;;;;;;;;;;
 ;02:30:31;3.458;1.000;19.2;29.4;;;;;;;;;;;;;;;;;;
 ;02:30:32;3.457;1.000;19.5;29.5;;;;;;;;;;;;;;;;;;
 ;02:30:33;3.456;1.000;19.8;29.5;;;;;;;;;;;;;;;;;;
 ;02:30:34;3.455;1.000;20.0;29.5;;;;;;;;;;;;;;;;;;
 ;02:30:35;3.455;1.000;20.3;29.5;;;;;;;;;;;;;;;;;;
 ;02:30:36;3.454;1.000;20.6;29.5;;;;;;;;;;;;;;;;;;
 ;02:30:37;3.453;1.000;20.9;29.5;;;;;;;;;;;;;;;;;;
 ;02:30:38;3.452;1.000;21.1;29.5;;;;;;;;;;;;;;;;;;
 ;02:30:39;3.452;1.000;21.4;29.5;;;;;;;;;;;;;;;;;;
 ;02:30:40;3.451;1.000;21.7;29.5;;;;;;;;;;;;;;;;;;
 ;02:30:41;3.450;1.000;22.0;29.5;;;;;;;;;;;;;;;;;;
 ;02:30:42;3.450;1.000;22.3;29.5;;;;;;;;;;;;;;;;;;
 ;02:30:43;3.449;1.000;22.5;29.6;;;;;;;;;;;;;;;;;;
 ;02:30:44;3.448;1.000;22.8;29.6;;;;;;;;;;;;;;;;;;
 ;02:30:45;3.447;1.000;23.1;29.6;;;;;;;;;;;;;;;;;;
 ;02:30:46;3.447;1.000;23.4;29.6;;;;;;;;;;;;;;;;;;
 ;02:30:47;3.446;1.000;23.6;29.6;;;;;;;;;;;;;;;;;;
 ;02:30:48;3.446;1.000;23.9;29.6;;;;;;;;;;;;;;;;;;
 ;02:30:49;3.445;1.000;24.2;29.6;;;;;;;;;;;;;;;;;;
 ;02:30:50;3.445;1.000;24.5;29.6;;;;;;;;;;;;;;;;;;
 ;02:30:51;3.444;1.000;24.8;29.6;;;;;;;;;;;;;;;;;;
 ;02:30:52;3.444;1.000;25.0;29.7;;;;;;;;;;;;;;;;;;
 ;02:30:53;3.443;1.000;25.3;29.7;;;;;;;;;;;;;;;;;;
 ;02:30:54;3.443;1.000;25.6;29.7;;;;;;;;;;;;;;;;;;
 ;02:30:55;3.443;1.000;25.9;29.7;;;;;;;;;;;;;;;;;;
 ;02:30:56;3.442;1.000;26.1;29.7;;;;;;;;;;;;;;;;;;
 ;02:30:57;3.441;1.000;26.4;29.7;;;;;;;;;;;;;;;;;;
 ;02:30:58;3.441;1.000;26.7;29.7;;;;;;;;;;;;;;;;;;
 ;02:30:59;3.440;0.999;27.0;29.7;;;;;;;;;;;;;;;;;;
 ;02:31:00;3.439;1.000;27.3;29.7;;;;;;;;;;;;;;;;;;
 ;02:31:01;3.438;1.000;27.5;29.7;;;;;;;;;;;;;;;;;;
 ;02:31:02;3.437;1.000;27.8;29.8;;;;;;;;;;;;;;;;;;
 ;02:31:03;3.436;1.000;28.1;29.8;;;;;;;;;;;;;;;;;;
 ;02:31:04;3.435;1.000;28.4;29.8;;;;;;;;;;;;;;;;;;
 ;02:31:05;3.434;1.000;28.6;29.8;;;;;;;;;;;;;;;;;;
 ;02:31:06;3.434;1.000;28.9;29.8;;;;;;;;;;;;;;;;;;
 ;02:31:07;3.433;1.000;29.2;29.8;;;;;;;;;;;;;;;;;;
 ;02:31:08;3.433;1.000;29.5;29.8;;;;;;;;;;;;;;;;;;
 ;02:31:09;3.432;1.000;29.8;29.8;;;;;;;;;;;;;;;;;;
 ;02:31:10;3.431;1.000;30.0;29.8;;;;;;;;;;;;;;;;;;
 ;02:31:11;3.431;1.000;30.3;29.9;;;;;;;;;;;;;;;;;;
 ;02:31:12;3.430;1.000;30.6;29.9;;;;;;;;;;;;;;;;;;
 ;02:31:13;3.430;1.000;30.9;29.9;;;;;;;;;;;;;;;;;;
 ;02:31:14;3.429;1.000;31.1;29.9;;;;;;;;;;;;;;;;;;
 ;02:31:15;3.428;1.000;31.4;29.9;;;;;;;;;;;;;;;;;;
 ;02:31:16;3.428;1.000;31.7;29.9;;;;;;;;;;;;;;;;;;
 ;02:31:17;3.428;1.000;32.0;29.9;;;;;;;;;;;;;;;;;;
 ;02:31:18;3.427;1.000;32.3;29.9;;;;;;;;;;;;;;;;;;
 ;02:31:19;3.426;1.000;32.5;29.9;;;;;;;;;;;;;;;;;;
 ;02:31:20;3.425;1.000;32.8;30.0;;;;;;;;;;;;;;;;;;
 ;02:31:21;3.425;1.000;33.1;30.0;;;;;;;;;;;;;;;;;;
 ;02:31:22;3.424;1.000;33.4;30.0;;;;;;;;;;;;;;;;;;
 ;02:31:23;3.423;1.000;33.6;30.0;;;;;;;;;;;;;;;;;;
 ;02:31:24;3.423;1.000;33.9;30.0;;;;;;;;;;;;;;;;;;
 ;02:31:25;3.423;1.000;34.2;30.0;;;;;;;;;;;;;;;;;;
 ;02:31:26;3.422;1.000;34.5;30.0;;;;;;;;;;;;;;;;;;
 ;02:31:27;3.421;1.000;34.8;30.0;;;;;;;;;;;;;;;;;;
 ;02:31:28;3.421;1.000;35.0;30.0;;;;;;;;;;;;;;;;;;
 ;02:31:29;3.421;1.000;35.3;30.0;;;;;;;;;;;;;;;;;;
 ;02:31:30;3.420;1.000;35.6;30.1;;;;;;;;;;;;;;;;;;
 ;02:31:31;3.419;1.000;35.9;30.1;;;;;;;;;;;;;;;;;;
 ;02:31:32;3.418;1.000;36.1;30.1;;;;;;;;;;;;;;;;;;
 ;02:31:33;3.418;1.000;36.4;30.1;;;;;;;;;;;;;;;;;;
 ;02:31:34;3.418;1.000;36.7;30.1;;;;;;;;;;;;;;;;;;
 ;02:31:35;3.417;1.000;37.0;30.1;;;;;;;;;;;;;;;;;;
 ;02:31:36;3.417;1.000;37.3;30.1;;;;;;;;;;;;;;;;;;
 ;02:31:37;3.416;1.000;37.5;30.1;;;;;;;;;;;;;;;;;;
 ;02:31:38;3.415;1.000;37.8;30.2;;;;;;;;;;;;;;;;;;
 ;02:31:39;3.415;1.000;38.1;30.2;;;;;;;;;;;;;;;;;;
 ;02:31:40;3.414;0.999;38.4;30.2;;;;;;;;;;;;;;;;;;
 ;02:31:41;3.414;1.000;38.6;30.2;;;;;;;;;;;;;;;;;;
 ;02:31:42;3.413;1.000;38.9;30.2;;;;;;;;;;;;;;;;;;
 ;02:31:43;3.412;1.000;39.2;30.2;;;;;;;;;;;;;;;;;;
 ;02:31:44;3.412;1.000;39.5;30.2;;;;;;;;;;;;;;;;;;
 ;02:31:45;3.411;1.000;39.8;30.2;;;;;;;;;;;;;;;;;;
 ;02:31:46;3.411;1.000;40.0;30.2;;;;;;;;;;;;;;;;;;
 ;02:31:47;3.410;1.000;40.3;30.2;;;;;;;;;;;;;;;;;;
 ;02:31:48;3.409;1.000;40.6;30.3;;;;;;;;;;;;;;;;;;
 ;02:31:49;3.409;1.000;40.9;30.3;;;;;;;;;;;;;;;;;;
 ;02:31:50;3.408;1.000;41.1;30.3;;;;;;;;;;;;;;;;;;
 ;02:31:51;3.407;1.000;41.4;30.3;;;;;;;;;;;;;;;;;;
 ;02:31:52;3.406;1.000;41.7;30.3;;;;;;;;;;;;;;;;;;
 ;02:31:53;3.406;1.000;42.0;30.3;;;;;;;;;;;;;;;;;;
 ;02:31:54;3.406;1.000;42.3;30.3;;;;;;;;;;;;;;;;;;
 ;02:31:55;3.405;1.000;42.5;30.3;;;;;;;;;;;;;;;;;;
 ;02:31:56;3.405;1.000;42.8;30.4;;;;;;;;;;;;;;;;;;
 ;02:31:57;3.404;1.000;43.1;30.4;;;;;;;;;;;;;;;;;;
 ;02:31:58;3.404;1.000;43.4;30.4;;;;;;;;;;;;;;;;;;
 ;02:31:59;3.404;1.000;43.6;30.4;;;;;;;;;;;;;;;;;;
 ;02:32:00;3.403;1.000;43.9;30.4;;;;;;;;;;;;;;;;;;
 ;02:32:01;3.403;1.000;44.2;30.4;;;;;;;;;;;;;;;;;;
 ;02:32:02;3.402;1.000;44.5;30.4;;;;;;;;;;;;;;;;;;
 ;02:32:03;3.401;1.000;44.8;30.4;;;;;;;;;;;;;;;;;;
 ;02:32:04;3.401;1.000;45.0;30.5;;;;;;;;;;;;;;;;;;
 ;02:32:05;3.400;1.000;45.3;30.5;;;;;;;;;;;;;;;;;;
 ;02:32:06;3.400;1.000;45.6;30.5;;;;;;;;;;;;;;;;;;
 ;02:32:07;3.399;1.000;45.9;30.5;;;;;;;;;;;;;;;;;;
 ;02:32:08;3.400;1.000;46.1;30.5;;;;;;;;;;;;;;;;;;
 ;02:32:09;3.399;1.000;46.4;30.5;;;;;;;;;;;;;;;;;;
 ;02:32:10;3.398;1.000;46.7;30.5;;;;;;;;;;;;;;;;;;
 ;02:32:11;3.398;1.000;47.0;30.5;;;;;;;;;;;;;;;;;;
 ;02:32:12;3.397;1.000;47.3;30.5;;;;;;;;;;;;;;;;;;
 ;02:32:13;3.396;1.000;47.5;30.5;;;;;;;;;;;;;;;;;;
 ;02:32:14;3.396;1.000;47.8;30.6;;;;;;;;;;;;;;;;;;
 ;02:32:15;3.395;1.000;48.1;30.6;;;;;;;;;;;;;;;;;;
 ;02:32:16;3.394;1.000;48.4;30.6;;;;;;;;;;;;;;;;;;
 ;02:32:17;3.393;1.000;48.6;30.6;;;;;;;;;;;;;;;;;;
 ;02:32:18;3.393;1.000;48.9;30.6;;;;;;;;;;;;;;;;;;
 ;02:32:19;3.393;1.000;49.2;30.6;;;;;;;;;;;;;;;;;;
 ;02:32:20;3.392;1.000;49.5;30.6;;;;;;;;;;;;;;;;;;
 ;02:32:21;3.391;1.000;49.8;30.6;;;;;;;;;;;;;;;;;;
 ;02:32:22;3.391;1.000;50.0;30.7;;;;;;;;;;;;;;;;;;
 ;02:32:23;3.390;1.000;50.3;30.7;;;;;;;;;;;;;;;;;;
 ;02:32:24;3.390;1.000;50.6;30.7;;;;;;;;;;;;;;;;;;
 ;02:32:25;3.389;1.000;50.9;30.7;;;;;;;;;;;;;;;;;;
 ;02:32:26;3.388;1.000;51.1;30.7;;;;;;;;;;;;;;;;;;
 ;02:32:27;3.388;1.000;51.4;30.7;;;;;;;;;;;;;;;;;;
 ;02:32:28;3.387;1.000;51.7;30.7;;;;;;;;;;;;;;;;;;
 ;02:32:29;3.386;0.999;52.0;30.7;;;;;;;;;;;;;;;;;;
 ;02:32:30;3.385;0.999;52.3;30.7;;;;;;;;;;;;;;;;;;
 ;02:32:31;3.384;1.000;52.5;30.7;;;;;;;;;;;;;;;;;;
 ;02:32:32;3.384;1.000;52.8;30.8;;;;;;;;;;;;;;;;;;
 ;02:32:33;3.383;1.000;53.1;30.8;;;;;;;;;;;;;;;;;;
 ;02:32:34;3.383;1.000;53.4;30.8;;;;;;;;;;;;;;;;;;
 ;02:32:35;3.383;1.000;53.6;30.8;;;;;;;;;;;;;;;;;;
 ;02:32:36;3.382;1.000;53.9;30.8;;;;;;;;;;;;;;;;;;
 ;02:32:37;3.381;1.000;54.2;30.8;;;;;;;;;;;;;;;;;;
 ;02:32:38;3.380;1.000;54.5;30.8;;;;;;;;;;;;;;;;;;
 ;02:32:39;3.379;1.000;54.8;30.9;;;;;;;;;;;;;;;;;;
 ;02:32:40;3.379;1.000;55.0;30.9;;;;;;;;;;;;;;;;;;
 ;02:32:41;3.379;1.000;55.3;30.9;;;;;;;;;;;;;;;;;;
 ;02:32:42;3.379;1.000;55.6;30.9;;;;;;;;;;;;;;;;;;
 ;02:32:43;3.379;1.000;55.9;30.9;;;;;;;;;;;;;;;;;;
 ;02:32:44;3.378;1.000;56.1;30.9;;;;;;;;;;;;;;;;;;
 ;02:32:45;3.377;1.000;56.4;30.9;;;;;;;;;;;;;;;;;;
 ;02:32:46;3.377;1.000;56.7;30.9;;;;;;;;;;;;;;;;;;
 ;02:32:47;3.376;1.000;57.0;31.0;;;;;;;;;;;;;;;;;;
 ;02:32:48;3.376;1.000;57.3;31.0;;;;;;;;;;;;;;;;;;
 ;02:32:49;3.375;1.000;57.5;31.0;;;;;;;;;;;;;;;;;;
 ;02:32:50;3.375;1.000;57.8;31.0;;;;;;;;;;;;;;;;;;
 ;02:32:51;3.375;1.000;58.1;31.0;;;;;;;;;;;;;;;;;;
 ;02:32:52;3.374;1.000;58.4;31.0;;;;;;;;;;;;;;;;;;
 ;02:32:53;3.374;1.000;58.6;31.0;;;;;;;;;;;;;;;;;;
 ;02:32:54;3.374;1.000;58.9;31.1;;;;;;;;;;;;;;;;;;
 ;02:32:55;3.373;1.000;59.2;31.1;;;;;;;;;;;;;;;;;;
 ;02:32:56;3.373;1.000;59.5;31.1;;;;;;;;;;;;;;;;;;
 ;02:32:57;3.372;1.000;59.8;31.1;;;;;;;;;;;;;;;;;;
 ;02:32:58;3.372;1.000;60.0;31.1;;;;;;;;;;;;;;;;;;
 ;02:32:59;3.371;1.000;60.3;31.1;;;;;;;;;;;;;;;;;;
 ;02:33:00;3.371;1.000;60.6;31.1;;;;;;;;;;;;;;;;;;
 ;02:33:01;3.371;1.000;60.9;31.1;;;;;;;;;;;;;;;;;;
 ;02:33:02;3.370;1.000;61.1;31.2;;;;;;;;;;;;;;;;;;
 ;02:33:03;3.369;1.000;61.4;31.2;;;;;;;;;;;;;;;;;;
 ;02:33:04;3.369;1.000;61.7;31.2;;;;;;;;;;;;;;;;;;
 ;02:33:05;3.369;1.000;62.0;31.2;;;;;;;;;;;;;;;;;;
 ;02:33:06;3.369;1.000;62.3;31.2;;;;;;;;;;;;;;;;;;
 ;02:33:07;3.369;1.000;62.5;31.2;;;;;;;;;;;;;;;;;;
 ;02:33:08;3.369;1.000;62.8;31.2;;;;;;;;;;;;;;;;;;
 ;02:33:09;3.368;1.000;63.1;31.2;;;;;;;;;;;;;;;;;;
 ;02:33:10;3.368;1.000;63.4;31.3;;;;;;;;;;;;;;;;;;
 ;02:33:11;3.367;1.000;63.6;31.3;;;;;;;;;;;;;;;;;;
 ;02:33:12;3.367;1.000;63.9;31.3;;;;;;;;;;;;;;;;;;
 ;02:33:13;3.367;1.000;64.2;31.3;;;;;;;;;;;;;;;;;;
 ;02:33:14;3.367;1.000;64.5;31.3;;;;;;;;;;;;;;;;;;
 ;02:33:15;3.366;1.000;64.8;31.3;;;;;;;;;;;;;;;;;;
 ;02:33:16;3.365;1.000;65.0;31.3;;;;;;;;;;;;;;;;;;
 ;02:33:17;3.364;1.000;65.3;31.3;;;;;;;;;;;;;;;;;;
 ;02:33:18;3.364;1.000;65.6;31.4;;;;;;;;;;;;;;;;;;
 ;02:33:19;3.364;1.000;65.9;31.4;;;;;;;;;;;;;;;;;;
 ;02:33:20;3.363;1.000;66.1;31.4;;;;;;;;;;;;;;;;;;
 ;02:33:21;3.363;1.000;66.4;31.4;;;;;;;;;;;;;;;;;;
 ;02:33:22;3.362;1.000;66.7;31.4;;;;;;;;;;;;;;;;;;
 ;02:33:23;3.361;1.000;67.0;31.4;;;;;;;;;;;;;;;;;;
 ;02:33:24;3.361;1.000;67.3;31.4;;;;;;;;;;;;;;;;;;
 ;02:33:25;3.361;1.000;67.6;31.4;;;;;;;;;;;;;;;;;;
 ;02:33:26;3.360;1.000;67.8;31.5;;;;;;;;;;;;;;;;;;
 ;02:33:27;3.360;1.000;68.1;31.5;;;;;;;;;;;;;;;;;;
 ;02:33:28;3.359;1.000;68.4;31.5;;;;;;;;;;;;;;;;;;
 ;02:33:29;3.358;0.999;68.7;31.5;;;;;;;;;;;;;;;;;;
 ;02:33:30;3.357;0.999;68.9;31.5;;;;;;;;;;;;;;;;;;
 ;02:33:31;3.357;1.000;69.2;31.5;;;;;;;;;;;;;;;;;;
 ;02:33:32;3.357;1.000;69.5;31.5;;;;;;;;;;;;;;;;;;
 ;02:33:33;3.356;1.000;69.8;31.5;;;;;;;;;;;;;;;;;;
 ;02:33:34;3.356;1.000;70.0;31.6;;;;;;;;;;;;;;;;;;
 ;02:33:35;3.355;1.000;70.3;31.6;;;;;;;;;;;;;;;;;;
 ;02:33:36;3.354;1.000;70.6;31.6;;;;;;;;;;;;;;;;;;
 ;02:33:37;3.353;1.000;70.9;31.6;;;;;;;;;;;;;;;;;;
 ;02:33:38;3.353;1.000;71.1;31.6;;;;;;;;;;;;;;;;;;
 ;02:33:39;3.352;1.000;71.4;31.6;;;;;;;;;;;;;;;;;;
 ;02:33:40;3.352;1.000;71.7;31.6;;;;;;;;;;;;;;;;;;
 ;02:33:41;3.352;1.000;72.0;31.6;;;;;;;;;;;;;;;;;;
 ;02:33:42;3.352;1.000;72.3;31.6;;;;;;;;;;;;;;;;;;
 ;02:33:43;3.352;1.000;72.6;31.7;;;;;;;;;;;;;;;;;;
 ;02:33:44;3.351;1.000;72.8;31.7;;;;;;;;;;;;;;;;;;
 ;02:33:45;3.350;1.000;73.1;31.7;;;;;;;;;;;;;;;;;;
 ;02:33:46;3.350;1.000;73.4;31.7;;;;;;;;;;;;;;;;;;
 ;02:33:47;3.349;1.000;73.7;31.7;;;;;;;;;;;;;;;;;;
 ;02:33:48;3.349;1.000;73.9;31.7;;;;;;;;;;;;;;;;;;
 ;02:33:49;3.349;1.000;74.2;31.7;;;;;;;;;;;;;;;;;;
 ;02:33:50;3.348;1.000;74.5;31.8;;;;;;;;;;;;;;;;;;
 ;02:33:51;3.347;1.000;74.8;31.8;;;;;;;;;;;;;;;;;;
 ;02:33:52;3.347;1.000;75.0;31.8;;;;;;;;;;;;;;;;;;
 ;02:33:53;3.347;1.000;75.3;31.8;;;;;;;;;;;;;;;;;;
 ;02:33:54;3.348;1.000;75.6;31.8;;;;;;;;;;;;;;;;;;
 ;02:33:55;3.348;1.000;75.9;31.8;;;;;;;;;;;;;;;;;;
 ;02:33:56;3.348;1.000;76.1;31.8;;;;;;;;;;;;;;;;;;
 ;02:33:57;3.347;1.000;76.4;31.8;;;;;;;;;;;;;;;;;;
 ;02:33:58;3.347;1.000;76.7;31.9;;;;;;;;;;;;;;;;;;
 ;02:33:59;3.345;1.000;77.0;31.9;;;;;;;;;;;;;;;;;;
 ;02:34:00;3.345;1.000;77.3;31.9;;;;;;;;;;;;;;;;;;
 ;02:34:01;3.344;1.000;77.6;31.9;;;;;;;;;;;;;;;;;;
 ;02:34:02;3.343;1.000;77.8;31.9;;;;;;;;;;;;;;;;;;
 ;02:34:03;3.342;1.000;78.1;31.9;;;;;;;;;;;;;;;;;;
 ;02:34:04;3.342;1.000;78.4;31.9;;;;;;;;;;;;;;;;;;
 ;02:34:05;3.342;1.000;78.7;31.9;;;;;;;;;;;;;;;;;;
 ;02:34:06;3.342;1.000;78.9;31.9;;;;;;;;;;;;;;;;;;
 ;02:34:07;3.341;1.000;79.2;32.0;;;;;;;;;;;;;;;;;;
 ;02:34:08;3.341;1.000;79.5;32.0;;;;;;;;;;;;;;;;;;
 ;02:34:09;3.341;1.000;79.8;32.0;;;;;;;;;;;;;;;;;;
 ;02:34:10;3.340;1.000;80.0;32.0;;;;;;;;;;;;;;;;;;
 ;02:34:11;3.340;1.000;80.3;32.0;;;;;;;;;;;;;;;;;;
 ;02:34:12;3.341;1.000;80.6;32.0;;;;;;;;;;;;;;;;;;
 ;02:34:13;3.340;1.000;80.9;32.0;;;;;;;;;;;;;;;;;;
 ;02:34:14;3.339;1.000;81.1;32.0;;;;;;;;;;;;;;;;;;
 ;02:34:15;3.339;1.000;81.4;32.0;;;;;;;;;;;;;;;;;;
 ;02:34:16;3.338;1.000;81.7;32.0;;;;;;;;;;;;;;;;;;
 ;02:34:17;3.338;1.000;82.0;32.1;;;;;;;;;;;;;;;;;;
 ;02:34:18;3.338;1.000;82.3;32.1;;;;;;;;;;;;;;;;;;
 ;02:34:19;3.337;1.000;82.6;32.1;;;;;;;;;;;;;;;;;;
 ;02:34:20;3.336;1.000;82.8;32.1;;;;;;;;;;;;;;;;;;
 ;02:34:21;3.336;1.000;83.1;32.1;;;;;;;;;;;;;;;;;;
 ;02:34:22;3.335;1.000;83.4;32.1;;;;;;;;;;;;;;;;;;
 ;02:34:23;3.335;1.000;83.6;32.1;;;;;;;;;;;;;;;;;;
 ;02:34:24;3.334;1.000;83.9;32.1;;;;;;;;;;;;;;;;;;
 ;02:34:25;3.334;1.000;84.2;32.2;;;;;;;;;;;;;;;;;;
 ;02:34:26;3.333;1.000;84.5;32.2;;;;;;;;;;;;;;;;;;
 ;02:34:27;3.333;1.000;84.8;32.2;;;;;;;;;;;;;;;;;;
 ;02:34:28;3.333;1.000;85.1;32.2;;;;;;;;;;;;;;;;;;
 ;02:34:29;3.332;1.000;85.3;32.2;;;;;;;;;;;;;;;;;;
 ;02:34:30;3.332;1.000;85.6;32.2;;;;;;;;;;;;;;;;;;
 ;02:34:31;3.333;1.000;85.9;32.2;;;;;;;;;;;;;;;;;;
 ;02:34:32;3.333;1.000;86.2;32.2;;;;;;;;;;;;;;;;;;
 ;02:34:33;3.332;1.000;86.4;32.2;;;;;;;;;;;;;;;;;;
 ;02:34:34;3.332;1.000;86.7;32.2;;;;;;;;;;;;;;;;;;
 ;02:34:35;3.331;1.000;87.0;32.3;;;;;;;;;;;;;;;;;;
 ;02:34:36;3.331;1.000;87.3;32.3;;;;;;;;;;;;;;;;;;
 ;02:34:37;3.330;1.000;87.5;32.3;;;;;;;;;;;;;;;;;;
 ;02:34:38;3.330;1.000;87.8;32.3;;;;;;;;;;;;;;;;;;
 ;02:34:39;3.330;1.000;88.1;32.3;;;;;;;;;;;;;;;;;;
 ;02:34:40;3.330;1.000;88.4;32.3;;;;;;;;;;;;;;;;;;
 ;02:34:41;3.328;0.999;88.6;32.3;;;;;;;;;;;;;;;;;;
 ;02:34:42;3.327;1.000;88.9;32.3;;;;;;;;;;;;;;;;;;
 ;02:34:43;3.327;1.000;89.2;32.4;;;;;;;;;;;;;;;;;;
 ;02:34:44;3.326;1.000;89.5;32.4;;;;;;;;;;;;;;;;;;
 ;02:34:45;3.326;1.000;89.8;32.4;;;;;;;;;;;;;;;;;;
 ;02:34:46;3.325;1.000;90.1;32.4;;;;;;;;;;;;;;;;;;
 ;02:34:47;3.325;1.000;90.3;32.4;;;;;;;;;;;;;;;;;;
 ;02:34:48;3.324;1.000;90.6;32.4;;;;;;;;;;;;;;;;;;
 ;02:34:49;3.323;1.000;90.9;32.4;;;;;;;;;;;;;;;;;;
 ;02:34:50;3.322;1.000;91.2;32.4;;;;;;;;;;;;;;;;;;
 ;02:34:51;3.322;1.000;91.4;32.4;;;;;;;;;;;;;;;;;;
 ;02:34:52;3.321;1.000;91.7;32.5;;;;;;;;;;;;;;;;;;
 ;02:34:53;3.321;1.000;92.0;32.5;;;;;;;;;;;;;;;;;;
 ;02:34:54;3.320;1.000;92.3;32.5;;;;;;;;;;;;;;;;;;
 ;02:34:55;3.319;1.000;92.6;32.5;;;;;;;;;;;;;;;;;;
 ;02:34:56;3.319;1.000;92.8;32.5;;;;;;;;;;;;;;;;;;
 ;02:34:57;3.319;1.000;93.1;32.5;;;;;;;;;;;;;;;;;;
 ;02:34:58;3.319;1.000;93.4;32.5;;;;;;;;;;;;;;;;;;
 ;02:34:59;3.319;1.000;93.7;32.5;;;;;;;;;;;;;;;;;;
 ;02:35:00;3.318;1.000;93.9;32.5;;;;;;;;;;;;;;;;;;
 ;02:35:01;3.317;1.000;94.2;32.5;;;;;;;;;;;;;;;;;;
 ;02:35:02;3.317;1.000;94.5;32.5;;;;;;;;;;;;;;;;;;
 ;02:35:03;3.316;1.000;94.8;32.6;;;;;;;;;;;;;;;;;;
 ;02:35:04;3.315;1.000;95.1;32.6;;;;;;;;;;;;;;;;;;
 ;02:35:05;3.315;1.000;95.3;32.6;;;;;;;;;;;;;;;;;;
 ;02:35:06;3.315;1.000;95.6;32.6;;;;;;;;;;;;;;;;;;
 ;02:35:07;3.315;1.000;95.9;32.6;;;;;;;;;;;;;;;;;;
 ;02:35:08;3.314;1.000;96.2;32.6;;;;;;;;;;;;;;;;;;
 ;02:35:09;3.314;1.000;96.4;32.6;;;;;;;;;;;;;;;;;;
 ;02:35:10;3.314;1.000;96.7;32.6;;;;;;;;;;;;;;;;;;
 ;02:35:11;3.313;1.000;97.0;32.6;;;;;;;;;;;;;;;;;;
 ;02:35:12;3.312;1.000;97.3;32.7;;;;;;;;;;;;;;;;;;
 ;02:35:13;3.312;1.000;97.5;32.7;;;;;;;;;;;;;;;;;;
 ;02:35:14;3.312;1.000;97.8;32.7;;;;;;;;;;;;;;;;;;
 ;02:35:15;3.311;1.000;98.1;32.7;;;;;;;;;;;;;;;;;;
 ;02:35:16;3.311;1.000;98.4;32.7;;;;;;;;;;;;;;;;;;
 ;02:35:17;3.311;1.000;98.7;32.7;;;;;;;;;;;;;;;;;;
 ;02:35:18;3.310;1.000;98.9;32.7;;;;;;;;;;;;;;;;;;
 ;02:35:19;3.309;1.000;99.2;32.7;;;;;;;;;;;;;;;;;;
 ;02:35:20;3.309;1.002;99.5;32.7;;;;;;;;;;;;;;;;;;
 ;02:35:21;3.308;1.002;99.8;32.7;;;;;;;;;;;;;;;;;;
 ;02:35:22;3.308;1.002;100.1;32.7;;;;;;;;;;;;;;;;;;
 ;02:35:23;3.306;1.002;100.3;32.8;;;;;;;;;;;;;;;;;;
 ;02:35:24;3.305;1.001;100.6;32.8;;;;;;;;;;;;;;;;;;
 ;02:35:25;3.305;1.000;100.9;32.8;;;;;;;;;;;;;;;;;;
 ;02:35:26;3.306;0.997;101.2;32.8;;;;;;;;;;;;;;;;;;
 ;02:35:27;3.305;0.998;101.5;32.8;;;;;;;;;;;;;;;;;;
 ;02:35:28;3.305;0.997;101.7;32.8;;;;;;;;;;;;;;;;;;
 ;02:35:29;3.305;0.996;102.0;32.8;;;;;;;;;;;;;;;;;;
 ;02:35:30;3.304;0.996;102.3;32.8;;;;;;;;;;;;;;;;;;
 ;02:35:31;3.305;0.995;102.5;32.9;;;;;;;;;;;;;;;;;;
 ;02:35:32;3.304;0.995;102.8;32.9;;;;;;;;;;;;;;;;;;
 ;02:35:33;3.304;0.994;103.1;32.9;;;;;;;;;;;;;;;;;;
 ;02:35:34;3.305;0.993;103.4;32.9;;;;;;;;;;;;;;;;;;
 ;02:35:35;3.305;0.992;103.6;32.9;;;;;;;;;;;;;;;;;;
 ;02:35:36;3.305;0.991;103.9;32.9;;;;;;;;;;;;;;;;;;
 ;02:35:37;3.304;0.991;104.2;32.9;;;;;;;;;;;;;;;;;;
 ;02:35:38;3.304;0.990;104.5;32.9;;;;;;;;;;;;;;;;;;
 ;02:35:39;3.305;0.990;104.8;32.9;;;;;;;;;;;;;;;;;;
 ;02:35:40;3.305;0.990;105.0;32.9;;;;;;;;;;;;;;;;;;
 ;02:35:41;3.304;0.989;105.3;33.0;;;;;;;;;;;;;;;;;;
 ;02:35:42;3.305;0.988;105.6;33.0;;;;;;;;;;;;;;;;;;
 ;02:35:43;3.304;0.988;105.8;33.0;;;;;;;;;;;;;;;;;;
 ;02:35:44;3.305;0.987;106.1;33.0;;;;;;;;;;;;;;;;;;
 ;02:35:45;3.305;0.986;106.4;33.0;;;;;;;;;;;;;;;;;;
 ;02:35:46;3.305;0.986;106.7;33.0;;;;;;;;;;;;;;;;;;
 ;02:35:47;3.305;0.985;107.0;33.0;;;;;;;;;;;;;;;;;;
 ;02:35:48;3.304;0.985;107.2;33.0;;;;;;;;;;;;;;;;;;
 ;02:35:49;3.305;0.984;107.5;33.0;;;;;;;;;;;;;;;;;;
 ;02:35:50;3.305;0.984;107.8;33.0;;;;;;;;;;;;;;;;;;
 ;02:35:51;3.304;0.984;108.1;33.0;;;;;;;;;;;;;;;;;;
 ;02:35:52;3.305;0.983;108.3;33.0;;;;;;;;;;;;;;;;;;
 ;02:35:53;3.305;0.983;108.6;33.1;;;;;;;;;;;;;;;;;;
 ;02:35:54;3.305;0.983;108.9;33.1;;;;;;;;;;;;;;;;;;
 ;02:35:55;3.304;0.983;109.1;33.1;;;;;;;;;;;;;;;;;;
 ;02:35:56;3.305;0.982;109.4;33.1;;;;;;;;;;;;;;;;;;
 ;02:35:57;3.305;0.981;109.7;33.1;;;;;;;;;;;;;;;;;;
 ;02:35:58;3.305;0.980;110.0;33.1;;;;;;;;;;;;;;;;;;
 ;02:35:59;3.305;0.980;110.2;33.1;;;;;;;;;;;;;;;;;;
 ;02:36:00;3.304;0.980;110.5;33.1;;;;;;;;;;;;;;;;;;
 ;02:36:01;3.304;0.979;110.8;33.1;;;;;;;;;;;;;;;;;;
 ;02:36:02;3.304;0.979;111.1;33.1;;;;;;;;;;;;;;;;;;
 ;02:36:03;3.304;0.978;111.3;33.2;;;;;;;;;;;;;;;;;;
 ;02:36:04;3.304;0.978;111.6;33.2;;;;;;;;;;;;;;;;;;
 ;02:36:05;3.304;0.978;111.8;33.2;;;;;;;;;;;;;;;;;;
 ;02:36:06;3.304;0.977;112.1;33.2;;;;;;;;;;;;;;;;;;
 ;02:36:07;3.304;0.977;112.4;33.2;;;;;;;;;;;;;;;;;;
 ;02:36:08;3.305;0.976;112.7;33.2;;;;;;;;;;;;;;;;;;
 ;02:36:09;3.304;0.976;112.9;33.2;;;;;;;;;;;;;;;;;;
 ;02:36:10;3.304;0.975;113.2;33.2;;;;;;;;;;;;;;;;;;
 ;02:36:11;3.305;0.975;113.5;33.2;;;;;;;;;;;;;;;;;;
 ;02:36:12;3.305;0.974;113.8;33.2;;;;;;;;;;;;;;;;;;
 ;02:36:13;3.305;0.973;114.0;33.2;;;;;;;;;;;;;;;;;;
 ;02:36:14;3.305;0.973;114.3;33.2;;;;;;;;;;;;;;;;;;
 ;02:36:15;3.304;0.973;114.6;33.3;;;;;;;;;;;;;;;;;;
 ;02:36:16;3.305;0.973;114.8;33.3;;;;;;;;;;;;;;;;;;
 ;02:36:17;3.305;0.972;115.1;33.3;;;;;;;;;;;;;;;;;;
 ;02:36:18;3.305;0.971;115.4;33.3;;;;;;;;;;;;;;;;;;
 ;02:36:19;3.305;0.971;115.7;33.3;;;;;;;;;;;;;;;;;;
 ;02:36:20;3.306;0.970;115.9;33.3;;;;;;;;;;;;;;;;;;
 ;02:36:21;3.305;0.971;116.2;33.3;;;;;;;;;;;;;;;;;;
 ;02:36:22;3.305;0.970;116.5;33.3;;;;;;;;;;;;;;;;;;
 ;02:36:23;3.305;0.970;116.7;33.3;;;;;;;;;;;;;;;;;;
 ;02:36:24;3.305;0.970;117.0;33.3;;;;;;;;;;;;;;;;;;
 ;02:36:25;3.305;0.969;117.3;33.4;;;;;;;;;;;;;;;;;;
 ;02:36:26;3.306;0.968;117.5;33.4;;;;;;;;;;;;;;;;;;
 ;02:36:27;3.304;0.969;117.8;33.4;;;;;;;;;;;;;;;;;;
 ;02:36:28;3.305;0.968;118.1;33.4;;;;;;;;;;;;;;;;;;
 ;02:36:29;3.305;0.968;118.4;33.4;;;;;;;;;;;;;;;;;;
 ;02:36:30;3.306;0.966;118.6;33.4;;;;;;;;;;;;;;;;;;
 ;02:36:31;3.305;0.967;118.9;33.4;;;;;;;;;;;;;;;;;;
 ;02:36:32;3.305;0.966;119.2;33.4;;;;;;;;;;;;;;;;;;
 ;02:36:33;3.305;0.966;119.4;33.4;;;;;;;;;;;;;;;;;;
 ;02:36:34;3.304;0.966;119.7;33.4;;;;;;;;;;;;;;;;;;
 ;02:36:35;3.305;0.964;120.0;33.4;;;;;;;;;;;;;;;;;;
 ;02:36:36;3.306;0.964;120.2;33.5;;;;;;;;;;;;;;;;;;
 ;02:36:37;3.305;0.964;120.5;33.5;;;;;;;;;;;;;;;;;;
 ;02:36:38;3.305;0.964;120.8;33.5;;;;;;;;;;;;;;;;;;
 ;02:36:39;3.305;0.964;121.0;33.5;;;;;;;;;;;;;;;;;;
 ;02:36:40;3.305;0.964;121.3;33.5;;;;;;;;;;;;;;;;;;
 ;02:36:41;3.305;0.963;121.6;33.5;;;;;;;;;;;;;;;;;;
 ;02:36:42;3.305;0.963;121.8;33.5;;;;;;;;;;;;;;;;;;
 ;02:36:43;3.304;0.963;122.1;33.5;;;;;;;;;;;;;;;;;;
 ;02:36:44;3.304;0.962;122.4;33.5;;;;;;;;;;;;;;;;;;
 ;02:36:45;3.305;0.961;122.6;33.5;;;;;;;;;;;;;;;;;;
 ;02:36:46;3.305;0.961;122.9;33.5;;;;;;;;;;;;;;;;;;
 ;02:36:47;3.305;0.961;123.2;33.5;;;;;;;;;;;;;;;;;;
 ;02:36:48;3.304;0.961;123.4;33.5;;;;;;;;;;;;;;;;;;
 ;02:36:49;3.304;0.960;123.7;33.5;;;;;;;;;;;;;;;;;;
 ;02:36:50;3.304;0.960;124.0;33.5;;;;;;;;;;;;;;;;;;
 ;02:36:51;3.305;0.959;124.2;33.6;;;;;;;;;;;;;;;;;;
 ;02:36:52;3.305;0.959;124.5;33.6;;;;;;;;;;;;;;;;;;
 ;02:36:53;3.305;0.958;124.8;33.6;;;;;;;;;;;;;;;;;;
 ;02:36:54;3.305;0.957;125.0;33.6;;;;;;;;;;;;;;;;;;
 ;02:36:55;3.305;0.957;125.3;33.6;;;;;;;;;;;;;;;;;;
 ;02:36:56;3.304;0.957;125.6;33.6;;;;;;;;;;;;;;;;;;
 ;02:36:57;3.304;0.957;125.8;33.6;;;;;;;;;;;;;;;;;;
 ;02:36:58;3.304;0.956;126.1;33.6;;;;;;;;;;;;;;;;;;
 ;02:36:59;3.305;0.955;126.4;33.6;;;;;;;;;;;;;;;;;;
 ;02:37:00;3.305;0.955;126.6;33.6;;;;;;;;;;;;;;;;;;
 ;02:37:01;3.305;0.954;126.9;33.6;;;;;;;;;;;;;;;;;;
 ;02:37:02;3.305;0.954;127.2;33.6;;;;;;;;;;;;;;;;;;
 ;02:37:03;3.304;0.953;127.4;33.6;;;;;;;;;;;;;;;;;;
 ;02:37:04;3.305;0.953;127.7;33.7;;;;;;;;;;;;;;;;;;
 ;02:37:05;3.305;0.951;128.0;33.7;;;;;;;;;;;;;;;;;;
 ;02:37:06;3.305;0.952;128.2;33.7;;;;;;;;;;;;;;;;;;
 ;02:37:07;3.304;0.952;128.5;33.7;;;;;;;;;;;;;;;;;;
 ;02:37:08;3.304;0.951;128.7;33.7;;;;;;;;;;;;;;;;;;
 ;02:37:09;3.304;0.951;129.0;33.7;;;;;;;;;;;;;;;;;;
 ;02:37:10;3.304;0.951;129.3;33.7;;;;;;;;;;;;;;;;;;
 ;02:37:11;3.305;0.949;129.5;33.7;;;;;;;;;;;;;;;;;;
 ;02:37:12;3.304;0.949;129.8;33.7;;;;;;;;;;;;;;;;;;
 ;02:37:13;3.305;0.948;130.1;33.7;;;;;;;;;;;;;;;;;;
 ;02:37:14;3.305;0.947;130.3;33.7;;;;;;;;;;;;;;;;;;
 ;02:37:15;3.305;0.947;130.6;33.7;;;;;;;;;;;;;;;;;;
 ;02:37:16;3.305;0.946;130.9;33.7;;;;;;;;;;;;;;;;;;
 ;02:37:17;3.305;0.946;131.1;33.7;;;;;;;;;;;;;;;;;;
 ;02:37:18;3.304;0.946;131.4;33.7;;;;;;;;;;;;;;;;;;
 ;02:37:19;3.305;0.945;131.6;33.7;;;;;;;;;;;;;;;;;;
 ;02:37:20;3.304;0.945;131.9;33.7;;;;;;;;;;;;;;;;;;
 ;02:37:21;3.305;0.943;132.2;33.7;;;;;;;;;;;;;;;;;;
 ;02:37:22;3.304;0.943;132.4;33.8;;;;;;;;;;;;;;;;;;
 ;02:37:23;3.305;0.942;132.7;33.8;;;;;;;;;;;;;;;;;;
 ;02:37:24;3.305;0.942;133.0;33.8;;;;;;;;;;;;;;;;;;
 ;02:37:25;3.304;0.940;133.2;33.8;;;;;;;;;;;;;;;;;;
 ;02:37:26;3.304;0.939;133.5;33.8;;;;;;;;;;;;;;;;;;
 ;02:37:27;3.304;0.938;133.7;33.8;;;;;;;;;;;;;;;;;;
 ;02:37:28;3.304;0.938;134.0;33.8;;;;;;;;;;;;;;;;;;
 ;02:37:29;3.304;0.937;134.3;33.8;;;;;;;;;;;;;;;;;;
 ;02:37:30;3.304;0.937;134.5;33.8;;;;;;;;;;;;;;;;;;
 ;02:37:31;3.304;0.936;134.8;33.8;;;;;;;;;;;;;;;;;;
 ;02:37:32;3.304;0.935;135.0;33.8;;;;;;;;;;;;;;;;;;
 ;02:37:33;3.304;0.935;135.3;33.8;;;;;;;;;;;;;;;;;;
 ;02:37:34;3.304;0.934;135.6;33.8;;;;;;;;;;;;;;;;;;
 ;02:37:35;3.304;0.933;135.8;33.8;;;;;;;;;;;;;;;;;;
 ;02:37:36;3.304;0.932;136.1;33.9;;;;;;;;;;;;;;;;;;
 ;02:37:37;3.304;0.932;136.3;33.9;;;;;;;;;;;;;;;;;;
 ;02:37:38;3.304;0.931;136.6;33.9;;;;;;;;;;;;;;;;;;
 ;02:37:39;3.304;0.931;136.9;33.9;;;;;;;;;;;;;;;;;;
 ;02:37:40;3.305;0.929;137.1;33.9;;;;;;;;;;;;;;;;;;
 ;02:37:41;3.306;0.928;137.4;33.9;;;;;;;;;;;;;;;;;;
 ;02:37:42;3.305;0.928;137.6;33.9;;;;;;;;;;;;;;;;;;
 ;02:37:43;3.305;0.928;137.9;33.9;;;;;;;;;;;;;;;;;;
 ;02:37:44;3.305;0.927;138.1;33.9;;;;;;;;;;;;;;;;;;
 ;02:37:45;3.304;0.928;138.4;33.9;;;;;;;;;;;;;;;;;;
 ;02:37:46;3.305;0.925;138.7;33.9;;;;;;;;;;;;;;;;;;
 ;02:37:47;3.304;0.926;138.9;33.9;;;;;;;;;;;;;;;;;;
 ;02:37:48;3.304;0.925;139.2;33.9;;;;;;;;;;;;;;;;;;
 ;02:37:49;3.304;0.925;139.4;33.9;;;;;;;;;;;;;;;;;;
 ;02:37:50;3.306;0.922;139.7;33.9;;;;;;;;;;;;;;;;;;
 ;02:37:51;3.304;0.924;139.9;33.9;;;;;;;;;;;;;;;;;;
 ;02:37:52;3.305;0.922;140.2;34.0;;;;;;;;;;;;;;;;;;
 ;02:37:53;3.305;0.922;140.5;34.0;;;;;;;;;;;;;;;;;;
 ;02:37:54;3.304;0.921;140.7;34.0;;;;;;;;;;;;;;;;;;
 ;02:37:55;3.304;0.921;141.0;34.0;;;;;;;;;;;;;;;;;;
 ;02:37:56;3.305;0.920;141.2;34.0;;;;;;;;;;;;;;;;;;
 ;02:37:57;3.304;0.920;141.5;34.0;;;;;;;;;;;;;;;;;;
 ;02:37:58;3.305;0.918;141.7;34.0;;;;;;;;;;;;;;;;;;
 ;02:37:59;3.304;0.919;142.0;34.0;;;;;;;;;;;;;;;;;;
 ;02:38:00;3.304;0.919;142.2;34.0;;;;;;;;;;;;;;;;;;
 ;02:38:01;3.304;0.918;142.5;34.0;;;;;;;;;;;;;;;;;;
 ;02:38:02;3.304;0.918;142.8;34.0;;;;;;;;;;;;;;;;;;
 ;02:38:03;3.304;0.917;143.0;34.0;;;;;;;;;;;;;;;;;;
 ;02:38:04;3.304;0.916;143.3;34.0;;;;;;;;;;;;;;;;;;
 ;02:38:05;3.304;0.915;143.5;34.0;;;;;;;;;;;;;;;;;;
 ;02:38:06;3.304;0.915;143.8;34.0;;;;;;;;;;;;;;;;;;
 ;02:38:07;3.304;0.914;144.0;34.0;;;;;;;;;;;;;;;;;;
 ;02:38:08;3.304;0.913;144.3;34.0;;;;;;;;;;;;;;;;;;
 ;02:38:09;3.304;0.912;144.5;34.0;;;;;;;;;;;;;;;;;;
 ;02:38:10;3.304;0.912;144.8;34.1;;;;;;;;;;;;;;;;;;
 ;02:38:11;3.304;0.911;145.0;34.1;;;;;;;;;;;;;;;;;;
 ;02:38:12;3.304;0.910;145.3;34.1;;;;;;;;;;;;;;;;;;
 ;02:38:13;3.304;0.910;145.5;34.1;;;;;;;;;;;;;;;;;;
 ;02:38:14;3.304;0.909;145.8;34.1;;;;;;;;;;;;;;;;;;
 ;02:38:15;3.304;0.908;146.0;34.1;;;;;;;;;;;;;;;;;;
 ;02:38:16;3.304;0.908;146.3;34.1;;;;;;;;;;;;;;;;;;
 ;02:38:17;3.304;0.907;146.6;34.1;;;;;;;;;;;;;;;;;;
 ;02:38:18;3.304;0.907;146.8;34.1;;;;;;;;;;;;;;;;;;
 ;02:38:19;3.304;0.905;147.1;34.1;;;;;;;;;;;;;;;;;;
 ;02:38:20;3.304;0.906;147.3;34.1;;;;;;;;;;;;;;;;;;
 ;02:38:21;3.306;0.902;147.6;34.1;;;;;;;;;;;;;;;;;;
 ;02:38:22;3.304;0.905;147.8;34.1;;;;;;;;;;;;;;;;;;
 ;02:38:23;3.305;0.902;148.1;34.1;;;;;;;;;;;;;;;;;;
 ;02:38:24;3.304;0.903;148.3;34.1;;;;;;;;;;;;;;;;;;
 ;02:38:25;3.304;0.901;148.6;34.1;;;;;;;;;;;;;;;;;;
 ;02:38:26;3.304;0.902;148.8;34.1;;;;;;;;;;;;;;;;;;
 ;02:38:27;3.304;0.900;149.1;34.1;;;;;;;;;;;;;;;;;;
 ;02:38:28;3.304;0.900;149.3;34.1;;;;;;;;;;;;;;;;;;
 ;02:38:29;3.305;0.898;149.6;34.2;;;;;;;;;;;;;;;;;;
 ;02:38:30;3.304;0.899;149.8;34.2;;;;;;;;;;;;;;;;;;
 ;02:38:31;3.304;0.898;150.1;34.2;;;;;;;;;;;;;;;;;;
 ;02:38:32;3.304;0.898;150.3;34.2;;;;;;;;;;;;;;;;;;
 ;02:38:33;3.304;0.897;150.6;34.2;;;;;;;;;;;;;;;;;;
 ;02:38:34;3.304;0.896;150.8;34.2;;;;;;;;;;;;;;;;;;
 ;02:38:35;3.304;0.895;151.1;34.2;;;;;;;;;;;;;;;;;;
 ;02:38:36;3.304;0.895;151.3;34.2;;;;;;;;;;;;;;;;;;
 ;02:38:37;3.304;0.894;151.6;34.2;;;;;;;;;;;;;;;;;;
 ;02:38:38;3.304;0.894;151.8;34.2;;;;;;;;;;;;;;;;;;
 ;02:38:39;3.304;0.893;152.1;34.2;;;;;;;;;;;;;;;;;;
 ;02:38:40;3.304;0.892;152.3;34.2;;;;;;;;;;;;;;;;;;
 ;02:38:41;3.304;0.892;152.5;34.2;;;;;;;;;;;;;;;;;;
 ;02:38:42;3.304;0.891;152.8;34.2;;;;;;;;;;;;;;;;;;
 ;02:38:43;3.304;0.891;153.0;34.2;;;;;;;;;;;;;;;;;;
 ;02:38:44;3.304;0.890;153.3;34.2;;;;;;;;;;;;;;;;;;
 ;02:38:45;3.304;0.890;153.5;34.2;;;;;;;;;;;;;;;;;;
 ;02:38:46;3.304;0.889;153.8;34.2;;;;;;;;;;;;;;;;;;
 ;02:38:47;3.304;0.888;154.0;34.2;;;;;;;;;;;;;;;;;;
 ;02:38:48;3.305;0.886;154.3;34.2;;;;;;;;;;;;;;;;;;
 ;02:38:49;3.304;0.887;154.5;34.2;;;;;;;;;;;;;;;;;;
 ;02:38:50;3.305;0.885;154.8;34.2;;;;;;;;;;;;;;;;;;
 ;02:38:51;3.304;0.886;155.0;34.2;;;;;;;;;;;;;;;;;;
 ;02:38:52;3.305;0.884;155.3;34.3;;;;;;;;;;;;;;;;;;
 ;02:38:53;3.304;0.885;155.5;34.3;;;;;;;;;;;;;;;;;;
 ;02:38:54;3.305;0.881;155.8;34.3;;;;;;;;;;;;;;;;;;
 ;02:38:55;3.303;0.884;156.0;34.3;;;;;;;;;;;;;;;;;;
 ;02:38:56;3.305;0.880;156.2;34.3;;;;;;;;;;;;;;;;;;
 ;02:38:57;3.304;0.882;156.5;34.3;;;;;;;;;;;;;;;;;;
 ;02:38:58;3.304;0.880;156.7;34.3;;;;;;;;;;;;;;;;;;
 ;02:38:59;3.305;0.878;157.0;34.3;;;;;;;;;;;;;;;;;;
 ;02:39:00;3.303;0.880;157.2;34.3;;;;;;;;;;;;;;;;;;
 ;02:39:01;3.304;0.878;157.5;34.3;;;;;;;;;;;;;;;;;;
 ;02:39:02;3.303;0.879;157.7;34.3;;;;;;;;;;;;;;;;;;
 ;02:39:03;3.306;0.875;158.0;34.3;;;;;;;;;;;;;;;;;;
 ;02:39:04;3.303;0.878;158.2;34.3;;;;;;;;;;;;;;;;;;
 ;02:39:05;3.304;0.876;158.4;34.3;;;;;;;;;;;;;;;;;;
 ;02:39:06;3.305;0.874;158.7;34.3;;;;;;;;;;;;;;;;;;
 ;02:39:07;3.304;0.875;158.9;34.3;;;;;;;;;;;;;;;;;;
 ;02:39:08;3.305;0.872;159.2;34.3;;;;;;;;;;;;;;;;;;
 ;02:39:09;3.303;0.874;159.4;34.3;;;;;;;;;;;;;;;;;;
 ;02:39:10;3.304;0.872;159.7;34.3;;;;;;;;;;;;;;;;;;
 ;02:39:11;3.303;0.873;159.9;34.3;;;;;;;;;;;;;;;;;;
 ;02:39:12;3.305;0.870;160.1;34.3;;;;;;;;;;;;;;;;;;
 ;02:39:13;3.304;0.871;160.4;34.3;;;;;;;;;;;;;;;;;;
 ;02:39:14;3.304;0.869;160.6;34.3;;;;;;;;;;;;;;;;;;
 ;02:39:15;3.305;0.867;160.9;34.3;;;;;;;;;;;;;;;;;;
 ;02:39:16;3.303;0.870;161.1;34.4;;;;;;;;;;;;;;;;;;
 ;02:39:17;3.305;0.866;161.3;34.4;;;;;;;;;;;;;;;;;;
 ;02:39:18;3.304;0.868;161.6;34.4;;;;;;;;;;;;;;;;;;
 ;02:39:19;3.305;0.866;161.8;34.4;;;;;;;;;;;;;;;;;;
 ;02:39:20;3.305;0.864;162.1;34.4;;;;;;;;;;;;;;;;;;
 ;02:39:21;3.303;0.866;162.3;34.4;;;;;;;;;;;;;;;;;;
 ;02:39:22;3.304;0.864;162.5;34.4;;;;;;;;;;;;;;;;;;
 ;02:39:23;3.304;0.864;162.8;34.4;;;;;;;;;;;;;;;;;;
 ;02:39:24;3.306;0.861;163.0;34.4;;;;;;;;;;;;;;;;;;
 ;02:39:25;3.303;0.864;163.3;34.4;;;;;;;;;;;;;;;;;;
 ;02:39:26;3.304;0.861;163.5;34.4;;;;;;;;;;;;;;;;;;
 ;02:39:27;3.304;0.861;163.7;34.4;;;;;;;;;;;;;;;;;;
 ;02:39:28;3.303;0.862;164.0;34.4;;;;;;;;;;;;;;;;;;
 ;02:39:29;3.305;0.858;164.2;34.4;;;;;;;;;;;;;;;;;;
 ;02:39:30;3.303;0.861;164.5;34.4;;;;;;;;;;;;;;;;;;
 ;02:39:31;3.305;0.857;164.7;34.4;;;;;;;;;;;;;;;;;;
 ;02:39:32;3.303;0.859;164.9;34.4;;;;;;;;;;;;;;;;;;
 ;02:39:33;3.304;0.857;165.2;34.4;;;;;;;;;;;;;;;;;;
 ;02:39:34;3.304;0.856;165.4;34.4;;;;;;;;;;;;;;;;;;
 ;02:39:35;3.303;0.857;165.7;34.4;;;;;;;;;;;;;;;;;;
 ;02:39:36;3.305;0.853;165.9;34.4;;;;;;;;;;;;;;;;;;
 ;02:39:37;3.303;0.857;166.1;34.4;;;;;;;;;;;;;;;;;;
 ;02:39:38;3.304;0.853;166.4;34.4;;;;;;;;;;;;;;;;;;
 ;02:39:39;3.304;0.853;166.6;34.4;;;;;;;;;;;;;;;;;;
 ;02:39:40;3.304;0.853;166.8;34.4;;;;;;;;;;;;;;;;;;
 ;02:39:41;3.305;0.850;167.1;34.4;;;;;;;;;;;;;;;;;;
 ;02:39:42;3.303;0.853;167.3;34.4;;;;;;;;;;;;;;;;;;
 ;02:39:43;3.304;0.850;167.5;34.4;;;;;;;;;;;;;;;;;;
 ;02:39:44;3.303;0.852;167.8;34.4;;;;;;;;;;;;;;;;;;
 ;02:39:45;3.305;0.848;168.0;34.4;;;;;;;;;;;;;;;;;;
 ;02:39:46;3.303;0.850;168.3;34.4;;;;;;;;;;;;;;;;;;
 ;02:39:47;3.304;0.848;168.5;34.4;;;;;;;;;;;;;;;;;;
 ;02:39:48;3.303;0.848;168.7;34.5;;;;;;;;;;;;;;;;;;
 ;02:39:49;3.304;0.846;169.0;34.5;;;;;;;;;;;;;;;;;;
 ;02:39:50;3.305;0.845;169.2;34.5;;;;;;;;;;;;;;;;;;
 ;02:39:51;3.303;0.847;169.4;34.5;;;;;;;;;;;;;;;;;;
 ;02:39:52;3.305;0.843;169.7;34.5;;;;;;;;;;;;;;;;;;
 ;02:39:53;3.303;0.846;169.9;34.5;;;;;;;;;;;;;;;;;;
 ;02:39:54;3.304;0.843;170.1;34.5;;;;;;;;;;;;;;;;;;
 ;02:39:55;3.304;0.843;170.4;34.5;;;;;;;;;;;;;;;;;;
 ;02:39:56;3.304;0.843;170.6;34.5;;;;;;;;;;;;;;;;;;
 ;02:39:57;3.304;0.842;170.8;34.5;;;;;;;;;;;;;;;;;;
 ;02:39:58;3.304;0.842;171.1;34.5;;;;;;;;;;;;;;;;;;
 ;02:39:59;3.305;0.839;171.3;34.5;;;;;;;;;;;;;;;;;;
 ;02:40:00;3.303;0.842;171.5;34.5;;;;;;;;;;;;;;;;;;
 ;02:40:01;3.305;0.838;171.8;34.5;;;;;;;;;;;;;;;;;;
 ;02:40:02;3.305;0.838;172.0;34.5;;;;;;;;;;;;;;;;;;
 ;02:40:03;3.303;0.841;172.2;34.5;;;;;;;;;;;;;;;;;;
 ;02:40:04;3.305;0.835;172.5;34.5;;;;;;;;;;;;;;;;;;
 ;02:40:05;3.304;0.836;172.7;34.5;;;;;;;;;;;;;;;;;;
 ;02:40:06;3.303;0.839;172.9;34.5;;;;;;;;;;;;;;;;;;
 ;02:40:07;3.305;0.833;173.2;34.5;;;;;;;;;;;;;;;;;;
 ;02:40:08;3.304;0.835;173.4;34.5;;;;;;;;;;;;;;;;;;
 ;02:40:09;3.303;0.836;173.6;34.5;;;;;;;;;;;;;;;;;;
 ;02:40:10;3.306;0.830;173.9;34.5;;;;;;;;;;;;;;;;;;
 ;02:40:11;3.304;0.833;174.1;34.5;;;;;;;;;;;;;;;;;;
 ;02:40:12;3.303;0.834;174.3;34.5;;;;;;;;;;;;;;;;;;
 ;02:40:13;3.306;0.828;174.6;34.5;;;;;;;;;;;;;;;;;;
 ;02:40:14;3.304;0.832;174.8;34.5;;;;;;;;;;;;;;;;;;
 ;02:40:15;3.304;0.831;175.0;34.5;;;;;;;;;;;;;;;;;;
 ;02:40:16;3.306;0.826;175.2;34.5;;;;;;;;;;;;;;;;;;
 ;02:40:17;3.303;0.830;175.5;34.5;;;;;;;;;;;;;;;;;;
 ;02:40:18;3.304;0.829;175.7;34.5;;;;;;;;;;;;;;;;;;
 ;02:40:19;3.306;0.824;175.9;34.5;;;;;;;;;;;;;;;;;;
 ;02:40:20;3.303;0.829;176.2;34.5;;;;;;;;;;;;;;;;;;
 ;02:40:21;3.304;0.827;176.4;34.5;;;;;;;;;;;;;;;;;;
 ;02:40:22;3.305;0.825;176.6;34.5;;;;;;;;;;;;;;;;;;
 ;02:40:23;3.303;0.828;176.9;34.5;;;;;;;;;;;;;;;;;;
 ;02:40:24;3.305;0.822;177.1;34.5;;;;;;;;;;;;;;;;;;
 ;02:40:25;3.304;0.824;177.3;34.5;;;;;;;;;;;;;;;;;;
 ;02:40:26;3.303;0.826;177.5;34.5;;;;;;;;;;;;;;;;;;
 ;02:40:27;3.306;0.820;177.8;34.5;;;;;;;;;;;;;;;;;;
 ;02:40:28;3.304;0.822;178.0;34.5;;;;;;;;;;;;;;;;;;
 ;02:40:29;3.303;0.823;178.2;34.5;;;;;;;;;;;;;;;;;;
 ;02:40:30;3.306;0.818;178.5;34.6;;;;;;;;;;;;;;;;;;
 ;02:40:31;3.304;0.820;178.7;34.6;;;;;;;;;;;;;;;;;;
 ;02:40:32;3.303;0.821;178.9;34.6;;;;;;;;;;;;;;;;;;
 ;02:40:33;3.306;0.816;179.1;34.6;;;;;;;;;;;;;;;;;;
 ;02:40:34;3.304;0.819;179.4;34.6;;;;;;;;;;;;;;;;;;
 ;02:40:35;3.303;0.821;179.6;34.6;;;;;;;;;;;;;;;;;;
 ;02:40:36;3.306;0.815;179.8;34.6;;;;;;;;;;;;;;;;;;
 ;02:40:37;3.304;0.818;180.1;34.6;;;;;;;;;;;;;;;;;;
 ;02:40:38;3.303;0.819;180.3;34.6;;;;;;;;;;;;;;;;;;
 ;02:40:39;3.305;0.813;180.5;34.6;;;;;;;;;;;;;;;;;;
 ;02:40:40;3.304;0.816;180.7;34.6;;;;;;;;;;;;;;;;;;
 ;02:40:41;3.303;0.816;181.0;34.6;;;;;;;;;;;;;;;;;;
 ;02:40:42;3.305;0.811;181.2;34.6;;;;;;;;;;;;;;;;;;
 ;02:40:43;3.303;0.815;181.4;34.6;;;;;;;;;;;;;;;;;;
 ;02:40:44;3.303;0.814;181.6;34.6;;;;;;;;;;;;;;;;;;
 ;02:40:45;3.305;0.809;181.9;34.6;;;;;;;;;;;;;;;;;;
 ;02:40:46;3.303;0.813;182.1;34.6;;;;;;;;;;;;;;;;;;
 ;02:40:47;3.304;0.811;182.3;34.6;;;;;;;;;;;;;;;;;;
 ;02:40:48;3.306;0.807;182.5;34.6;;;;;;;;;;;;;;;;;;
 ;02:40:49;3.303;0.811;182.8;34.6;;;;;;;;;;;;;;;;;;
 ;02:40:50;3.303;0.810;183.0;34.6;;;;;;;;;;;;;;;;;;
 ;02:40:51;3.306;0.804;183.2;34.6;;;;;;;;;;;;;;;;;;
 ;02:40:52;3.304;0.807;183.4;34.6;;;;;;;;;;;;;;;;;;
 ;02:40:53;3.303;0.809;183.7;34.6;;;;;;;;;;;;;;;;;;
 ;02:40:54;3.305;0.804;183.9;34.6;;;;;;;;;;;;;;;;;;
 ;02:40:55;3.304;0.806;184.1;34.6;;;;;;;;;;;;;;;;;;
 ;02:40:56;3.303;0.808;184.3;34.6;;;;;;;;;;;;;;;;;;
 ;02:40:57;3.305;0.803;184.6;34.6;;;;;;;;;;;;;;;;;;
 ;02:40:58;3.304;0.804;184.8;34.6;;;;;;;;;;;;;;;;;;
 ;02:40:59;3.303;0.806;185.0;34.6;;;;;;;;;;;;;;;;;;
 ;02:41:00;3.305;0.801;185.2;34.6;;;;;;;;;;;;;;;;;;
 ;02:41:01;3.304;0.803;185.4;34.6;;;;;;;;;;;;;;;;;;
 ;02:41:02;3.303;0.804;185.7;34.6;;;;;;;;;;;;;;;;;;
 ;02:41:03;3.305;0.798;185.9;34.6;;;;;;;;;;;;;;;;;;
 ;02:41:04;3.304;0.801;186.1;34.6;;;;;;;;;;;;;;;;;;
 ;02:41:05;3.303;0.801;186.3;34.6;;;;;;;;;;;;;;;;;;
 ;02:41:06;3.306;0.796;186.6;34.6;;;;;;;;;;;;;;;;;;
 ;02:41:07;3.304;0.800;186.8;34.6;;;;;;;;;;;;;;;;;;
 ;02:41:08;3.303;0.800;187.0;34.6;;;;;;;;;;;;;;;;;;
 ;02:41:09;3.306;0.793;187.2;34.6;;;;;;;;;;;;;;;;;;
 ;02:41:10;3.305;0.795;187.4;34.6;;;;;;;;;;;;;;;;;;
 ;02:41:11;3.303;0.799;187.7;34.6;;;;;;;;;;;;;;;;;;
 ;02:41:12;3.305;0.794;187.9;34.6;;;;;;;;;;;;;;;;;;
 ;02:41:13;3.305;0.794;188.1;34.6;;;;;;;;;;;;;;;;;;
 ;02:41:14;3.302;0.799;188.3;34.6;;;;;;;;;;;;;;;;;;
 ;02:41:15;3.304;0.794;188.5;34.6;;;;;;;;;;;;;;;;;;
 ;02:41:16;3.307;0.788;188.8;34.6;;;;;;;;;;;;;;;;;;
 ;02:41:17;3.304;0.792;189.0;34.6;;;;;;;;;;;;;;;;;;
 ;02:41:18;3.302;0.795;189.2;34.6;;;;;;;;;;;;;;;;;;
 ;02:41:19;3.305;0.789;189.4;34.6;;;;;;;;;;;;;;;;;;
 ;02:41:20;3.306;0.788;189.6;34.6;;;;;;;;;;;;;;;;;;
 ;02:41:21;3.303;0.793;189.9;34.6;;;;;;;;;;;;;;;;;;
 ;02:41:22;3.303;0.791;190.1;34.6;;;;;;;;;;;;;;;;;;
 ;02:41:23;3.306;0.785;190.3;34.6;;;;;;;;;;;;;;;;;;
 ;02:41:24;3.304;0.789;190.5;34.6;;;;;;;;;;;;;;;;;;
 ;02:41:25;3.302;0.791;190.7;34.6;;;;;;;;;;;;;;;;;;
 ;02:41:26;3.306;0.785;191.0;34.6;;;;;;;;;;;;;;;;;;
 ;02:41:27;3.306;0.784;191.2;34.6;;;;;;;;;;;;;;;;;;
 ;02:41:28;3.303;0.789;191.4;34.6;;;;;;;;;;;;;;;;;;
 ;02:41:29;3.304;0.787;191.6;34.6;;;;;;;;;;;;;;;;;;
 ;02:41:30;3.306;0.781;191.8;34.6;;;;;;;;;;;;;;;;;;
 ;02:41:31;3.304;0.785;192.1;34.6;;;;;;;;;;;;;;;;;;
 ;02:41:32;3.303;0.787;192.3;34.6;;;;;;;;;;;;;;;;;;
 ;02:41:33;3.306;0.781;192.5;34.6;;;;;;;;;;;;;;;;;;
 ;02:41:34;3.305;0.781;192.7;34.6;;;;;;;;;;;;;;;;;;
 ;02:41:35;3.303;0.785;192.9;34.6;;;;;;;;;;;;;;;;;;
 ;02:41:36;3.304;0.782;193.1;34.6;;;;;;;;;;;;;;;;;;
 ;02:41:37;3.306;0.777;193.4;34.6;;;;;;;;;;;;;;;;;;
 ;02:41:38;3.304;0.782;193.6;34.6;;;;;;;;;;;;;;;;;;
 ;02:41:39;3.303;0.783;193.8;34.6;;;;;;;;;;;;;;;;;;
 ;02:41:40;3.306;0.776;194.0;34.6;;;;;;;;;;;;;;;;;;
 ;02:41:41;3.305;0.777;194.2;34.6;;;;;;;;;;;;;;;;;;
 ;02:41:42;3.302;0.782;194.4;34.6;;;;;;;;;;;;;;;;;;
 ;02:41:43;3.304;0.777;194.7;34.6;;;;;;;;;;;;;;;;;;
 ;02:41:44;3.306;0.773;194.9;34.6;;;;;;;;;;;;;;;;;;
 ;02:41:45;3.303;0.778;195.1;34.6;;;;;;;;;;;;;;;;;;
 ;02:41:46;3.303;0.779;195.3;34.6;;;;;;;;;;;;;;;;;;
 ;02:41:47;3.306;0.772;195.5;34.6;;;;;;;;;;;;;;;;;;
 ;02:41:48;3.305;0.774;195.7;34.6;;;;;;;;;;;;;;;;;;
 ;02:41:49;3.303;0.778;196.0;34.6;;;;;;;;;;;;;;;;;;
 ;02:41:50;3.305;0.773;196.2;34.6;;;;;;;;;;;;;;;;;;
 ;02:41:51;3.305;0.771;196.4;34.6;;;;;;;;;;;;;;;;;;
 ;02:41:52;3.303;0.776;196.6;34.6;;;;;;;;;;;;;;;;;;
 ;02:41:53;3.303;0.775;196.8;34.6;;;;;;;;;;;;;;;;;;
 ;02:41:54;3.306;0.768;197.0;34.6;;;;;;;;;;;;;;;;;;
 ;02:41:55;3.305;0.770;197.2;34.6;;;;;;;;;;;;;;;;;;
 ;02:41:56;3.302;0.775;197.5;34.6;;;;;;;;;;;;;;;;;;
 ;02:41:57;3.304;0.770;197.7;34.6;;;;;;;;;;;;;;;;;;
 ;02:41:58;3.307;0.764;197.9;34.6;;;;;;;;;;;;;;;;;;
 ;02:41:59;3.304;0.768;198.1;34.6;;;;;;;;;;;;;;;;;;
 ;02:42:00;3.302;0.772;198.3;34.6;;;;;;;;;;;;;;;;;;
 ;02:42:01;3.305;0.767;198.5;34.7;;;;;;;;;;;;;;;;;;
 ;02:42:02;3.306;0.764;198.7;34.6;;;;;;;;;;;;;;;;;;
 ;02:42:03;3.303;0.769;198.9;34.7;;;;;;;;;;;;;;;;;;
 ;02:42:04;3.303;0.768;199.2;34.7;;;;;;;;;;;;;;;;;;
 ;02:42:05;3.306;0.762;199.4;34.7;;;;;;;;;;;;;;;;;;
 ;02:42:06;3.304;0.765;199.6;34.7;;;;;;;;;;;;;;;;;;
 ;02:42:07;3.302;0.768;199.8;34.7;;;;;;;;;;;;;;;;;;
 ;02:42:08;3.305;0.762;200.0;34.7;;;;;;;;;;;;;;;;;;
 ;02:42:09;3.306;0.761;200.2;34.7;;;;;;;;;;;;;;;;;;
 ;02:42:10;3.303;0.766;200.4;34.7;;;;;;;;;;;;;;;;;;
 ;02:42:11;3.302;0.766;200.6;34.7;;;;;;;;;;;;;;;;;;
 ;02:42:12;3.306;0.758;200.9;34.7;;;;;;;;;;;;;;;;;;
 ;02:42:13;3.306;0.758;201.1;34.7;;;;;;;;;;;;;;;;;;
 ;02:42:14;3.303;0.764;201.3;34.7;;;;;;;;;;;;;;;;;;
 ;02:42:15;3.303;0.762;201.5;34.7;;;;;;;;;;;;;;;;;;
 ;02:42:16;3.306;0.756;201.7;34.7;;;;;;;;;;;;;;;;;;
 ;02:42:17;3.304;0.760;201.9;34.7;;;;;;;;;;;;;;;;;;
 ;02:42:18;3.302;0.763;202.1;34.7;;;;;;;;;;;;;;;;;;
 ;02:42:19;3.305;0.757;202.3;34.7;;;;;;;;;;;;;;;;;;
 ;02:42:20;3.307;0.753;202.5;34.7;;;;;;;;;;;;;;;;;;
 ;02:42:21;3.304;0.757;202.8;34.7;;;;;;;;;;;;;;;;;;
 ;02:42:22;3.302;0.761;203.0;34.7;;;;;;;;;;;;;;;;;;
 ;02:42:23;3.304;0.755;203.2;34.7;;;;;;;;;;;;;;;;;;
 ;02:42:24;3.306;0.751;203.4;34.7;;;;;;;;;;;;;;;;;;
 ;02:42:25;3.304;0.756;203.6;34.7;;;;;;;;;;;;;;;;;;
 ;02:42:26;3.302;0.759;203.8;34.7;;;;;;;;;;;;;;;;;;
 ;02:42:27;3.305;0.752;204.0;34.7;;;;;;;;;;;;;;;;;;
 ;02:42:28;3.305;0.751;204.2;34.7;;;;;;;;;;;;;;;;;;
 ;02:42:29;3.303;0.757;204.4;34.7;;;;;;;;;;;;;;;;;;
 ;02:42:30;3.303;0.755;204.6;34.7;;;;;;;;;;;;;;;;;;
 ;02:42:31;3.305;0.748;204.9;34.7;;;;;;;;;;;;;;;;;;
 ;02:42:32;3.304;0.751;205.1;34.7;;;;;;;;;;;;;;;;;;
 ;02:42:33;3.302;0.756;205.3;34.7;;;;;;;;;;;;;;;;;;
 ;02:42:34;3.303;0.752;205.5;34.7;;;;;;;;;;;;;;;;;;
 ;02:42:35;3.305;0.746;205.7;34.7;;;;;;;;;;;;;;;;;;
 ;02:42:36;3.304;0.750;205.9;34.7;;;;;;;;;;;;;;;;;;
 ;02:42:37;3.302;0.754;206.1;34.7;;;;;;;;;;;;;;;;;;
 ;02:42:38;3.304;0.747;206.3;34.7;;;;;;;;;;;;;;;;;;
 ;02:42:39;3.306;0.743;206.5;34.7;;;;;;;;;;;;;;;;;;
 ;02:42:40;3.303;0.748;206.7;34.7;;;;;;;;;;;;;;;;;;
 ;02:42:41;3.302;0.751;206.9;34.7;;;;;;;;;;;;;;;;;;
 ;02:42:42;3.304;0.744;207.1;34.7;;;;;;;;;;;;;;;;;;
 ;02:42:43;3.305;0.741;207.4;34.7;;;;;;;;;;;;;;;;;;
 ;02:42:44;3.303;0.746;207.6;34.7;;;;;;;;;;;;;;;;;;
 ;02:42:45;3.302;0.749;207.8;34.7;;;;;;;;;;;;;;;;;;
 ;02:42:46;3.304;0.742;208.0;34.7;;;;;;;;;;;;;;;;;;
 ;02:42:47;3.305;0.739;208.2;34.7;;;;;;;;;;;;;;;;;;
 ;02:42:48;3.303;0.744;208.4;34.7;;;;;;;;;;;;;;;;;;
 ;02:42:49;3.301;0.747;208.6;34.7;;;;;;;;;;;;;;;;;;
 ;02:42:50;3.304;0.740;208.8;34.7;;;;;;;;;;;;;;;;;;
 ;02:42:51;3.305;0.737;209.0;34.7;;;;;;;;;;;;;;;;;;
 ;02:42:52;3.303;0.742;209.2;34.7;;;;;;;;;;;;;;;;;;
 ;02:42:53;3.301;0.745;209.4;34.7;;;;;;;;;;;;;;;;;;
 ;02:42:54;3.304;0.738;209.6;34.7;;;;;;;;;;;;;;;;;;
 ;02:42:55;3.305;0.735;209.8;34.7;;;;;;;;;;;;;;;;;;
 ;02:42:56;3.303;0.740;210.0;34.7;;;;;;;;;;;;;;;;;;
 ;02:42:57;3.301;0.743;210.2;34.7;;;;;;;;;;;;;;;;;;
 ;02:42:58;3.304;0.736;210.4;34.7;;;;;;;;;;;;;;;;;;
 ;02:42:59;3.305;0.733;210.6;34.7;;;;;;;;;;;;;;;;;;
 ;02:43:00;3.303;0.738;210.9;34.7;;;;;;;;;;;;;;;;;;
 ;02:43:01;3.301;0.741;211.1;34.7;;;;;;;;;;;;;;;;;;
 ;02:43:02;3.304;0.734;211.3;34.7;;;;;;;;;;;;;;;;;;
 ;02:43:03;3.305;0.731;211.5;34.7;;;;;;;;;;;;;;;;;;
 ;02:43:04;3.303;0.736;211.7;34.7;;;;;;;;;;;;;;;;;;
 ;02:43:05;3.301;0.739;211.9;34.7;;;;;;;;;;;;;;;;;;
 ;02:43:06;3.304;0.732;212.1;34.7;;;;;;;;;;;;;;;;;;
 ;02:43:07;3.305;0.729;212.3;34.6;;;;;;;;;;;;;;;;;;
 ;02:43:08;3.303;0.734;212.5;34.6;;;;;;;;;;;;;;;;;;
 ;02:43:09;3.301;0.737;212.7;34.7;;;;;;;;;;;;;;;;;;
 ;02:43:10;3.304;0.730;212.9;34.6;;;;;;;;;;;;;;;;;;
 ;02:43:11;3.305;0.727;213.1;34.6;;;;;;;;;;;;;;;;;;
 ;02:43:12;3.303;0.732;213.3;34.6;;;;;;;;;;;;;;;;;;
 ;02:43:13;3.301;0.735;213.5;34.6;;;;;;;;;;;;;;;;;;
 ;02:43:14;3.304;0.728;213.7;34.6;;;;;;;;;;;;;;;;;;
 ;02:43:15;3.305;0.725;213.9;34.7;;;;;;;;;;;;;;;;;;
 ;02:43:16;3.303;0.731;214.1;34.6;;;;;;;;;;;;;;;;;;
 ;02:43:17;3.301;0.734;214.3;34.6;;;;;;;;;;;;;;;;;;
 ;02:43:18;3.304;0.726;214.5;34.6;;;;;;;;;;;;;;;;;;
 ;02:43:19;3.305;0.723;214.7;34.6;;;;;;;;;;;;;;;;;;
 ;02:43:20;3.303;0.729;214.9;34.6;;;;;;;;;;;;;;;;;;
 ;02:43:21;3.301;0.732;215.1;34.6;;;;;;;;;;;;;;;;;;
 ;02:43:22;3.304;0.724;215.3;34.6;;;;;;;;;;;;;;;;;;
 ;02:43:23;3.305;0.721;215.5;34.6;;;;;;;;;;;;;;;;;;
 ;02:43:24;3.303;0.726;215.7;34.6;;;;;;;;;;;;;;;;;;
 ;02:43:25;3.301;0.730;215.9;34.6;;;;;;;;;;;;;;;;;;
 ;02:43:26;3.304;0.722;216.1;34.6;;;;;;;;;;;;;;;;;;
 ;02:43:27;3.305;0.719;216.3;34.6;;;;;;;;;;;;;;;;;;
 ;02:43:28;3.303;0.724;216.5;34.6;;;;;;;;;;;;;;;;;;
 ;02:43:29;3.301;0.728;216.7;34.6;;;;;;;;;;;;;;;;;;
 ;02:43:30;3.304;0.720;216.9;34.6;;;;;;;;;;;;;;;;;;
 ;02:43:31;3.305;0.717;217.1;34.6;;;;;;;;;;;;;;;;;;
 ;02:43:32;3.303;0.723;217.3;34.6;;;;;;;;;;;;;;;;;;
 ;02:43:33;3.301;0.726;217.5;34.6;;;;;;;;;;;;;;;;;;
 ;02:43:34;3.304;0.718;217.7;34.6;;;;;;;;;;;;;;;;;;
 ;02:43:35;3.305;0.715;217.9;34.6;;;;;;;;;;;;;;;;;;
 ;02:43:36;3.303;0.721;218.1;34.6;;;;;;;;;;;;;;;;;;
 ;02:43:37;3.301;0.724;218.3;34.6;;;;;;;;;;;;;;;;;;
 ;02:43:38;3.303;0.717;218.5;34.6;;;;;;;;;;;;;;;;;;
 ;02:43:39;3.305;0.713;218.7;34.6;;;;;;;;;;;;;;;;;;
 ;02:43:40;3.303;0.719;218.9;34.6;;;;;;;;;;;;;;;;;;
 ;02:43:41;3.301;0.723;219.1;34.6;;;;;;;;;;;;;;;;;;
 ;02:43:42;3.303;0.717;219.3;34.6;;;;;;;;;;;;;;;;;;
 ;02:43:43;3.306;0.711;219.5;34.6;;;;;;;;;;;;;;;;;;
 ;02:43:44;3.304;0.714;219.7;34.6;;;;;;;;;;;;;;;;;;
 ;02:43:45;3.302;0.719;219.9;34.6;;;;;;;;;;;;;;;;;;
 ;02:43:46;3.302;0.718;220.1;34.6;;;;;;;;;;;;;;;;;;
 ;02:43:47;3.305;0.710;220.3;34.6;;;;;;;;;;;;;;;;;;
 ;02:43:48;3.305;0.712;220.5;34.6;;;;;;;;;;;;;;;;;;
 ;02:43:49;3.302;0.717;220.7;34.6;;;;;;;;;;;;;;;;;;
 ;02:43:50;3.302;0.716;220.9;34.6;;;;;;;;;;;;;;;;;;
 ;02:43:51;3.305;0.708;221.1;34.6;;;;;;;;;;;;;;;;;;
 ;02:43:52;3.305;0.710;221.3;34.6;;;;;;;;;;;;;;;;;;
 ;02:43:53;3.302;0.715;221.5;34.6;;;;;;;;;;;;;;;;;;
 ;02:43:54;3.301;0.716;221.7;34.6;;;;;;;;;;;;;;;;;;
 ;02:43:55;3.304;0.708;221.9;34.6;;;;;;;;;;;;;;;;;;
 ;02:43:56;3.306;0.705;222.1;34.6;;;;;;;;;;;;;;;;;;
 ;02:43:57;3.303;0.710;222.3;34.6;;;;;;;;;;;;;;;;;;
 ;02:43:58;3.301;0.714;222.5;34.6;;;;;;;;;;;;;;;;;;
 ;02:43:59;3.303;0.708;222.7;34.6;;;;;;;;;;;;;;;;;;
 ;02:44:00;3.305;0.704;222.9;34.6;;;;;;;;;;;;;;;;;;
 ;02:44:01;3.303;0.709;223.1;34.6;;;;;;;;;;;;;;;;;;
 ;02:44:02;3.301;0.713;223.3;34.6;;;;;;;;;;;;;;;;;;
 ;02:44:03;3.302;0.710;223.5;34.6;;;;;;;;;;;;;;;;;;
 ;02:44:04;3.306;0.701;223.7;34.6;;;;;;;;;;;;;;;;;;
 ;02:44:05;3.305;0.703;223.9;34.6;;;;;;;;;;;;;;;;;;
 ;02:44:06;3.302;0.709;224.1;34.6;;;;;;;;;;;;;;;;;;
 ;02:44:07;3.301;0.710;224.3;34.6;;;;;;;;;;;;;;;;;;
 ;02:44:08;3.304;0.701;224.5;34.6;;;;;;;;;;;;;;;;;;
 ;02:44:09;3.305;0.700;224.7;34.6;;;;;;;;;;;;;;;;;;
 ;02:44:10;3.302;0.706;224.9;34.6;;;;;;;;;;;;;;;;;;
 ;02:44:11;3.301;0.709;225.1;34.6;;;;;;;;;;;;;;;;;;
 ;02:44:12;3.303;0.702;225.3;34.6;;;;;;;;;;;;;;;;;;
 ;02:44:13;3.306;0.696;225.4;34.6;;;;;;;;;;;;;;;;;;
 ;02:44:14;3.304;0.700;225.6;34.6;;;;;;;;;;;;;;;;;;
 ;02:44:15;3.301;0.706;225.8;34.6;;;;;;;;;;;;;;;;;;
 ;02:44:16;3.302;0.704;226.0;34.6;;;;;;;;;;;;;;;;;;
 ;02:44:17;3.305;0.696;226.2;34.6;;;;;;;;;;;;;;;;;;
 ;02:44:18;3.304;0.699;226.4;34.6;;;;;;;;;;;;;;;;;;
 ;02:44:19;3.301;0.704;226.6;34.6;;;;;;;;;;;;;;;;;;
 ;02:44:20;3.302;0.702;226.8;34.6;;;;;;;;;;;;;;;;;;
 ;02:44:21;3.305;0.694;227.0;34.6;;;;;;;;;;;;;;;;;;
 ;02:44:22;3.304;0.696;227.2;34.6;;;;;;;;;;;;;;;;;;
 ;02:44:23;3.302;0.703;227.4;34.6;;;;;;;;;;;;;;;;;;
 ;02:44:24;3.301;0.702;227.6;34.6;;;;;;;;;;;;;;;;;;
 ;02:44:25;3.305;0.692;227.8;34.6;;;;;;;;;;;;;;;;;;
 ;02:44:26;3.306;0.691;228.0;34.6;;;;;;;;;;;;;;;;;;
 ;02:44:27;3.303;0.696;228.2;34.6;;;;;;;;;;;;;;;;;;
 ;02:44:28;3.301;0.701;228.4;34.6;;;;;;;;;;;;;;;;;;
 ;02:44:29;3.303;0.695;228.6;34.6;;;;;;;;;;;;;;;;;;
 ;02:44:30;3.305;0.690;228.7;34.6;;;;;;;;;;;;;;;;;;
 ;02:44:31;3.304;0.693;228.9;34.6;;;;;;;;;;;;;;;;;;
 ;02:44:32;3.301;0.699;229.1;34.6;;;;;;;;;;;;;;;;;;
 ;02:44:33;3.301;0.698;229.3;34.6;;;;;;;;;;;;;;;;;;
 ;02:44:34;3.305;0.689;229.5;34.6;;;;;;;;;;;;;;;;;;
 ;02:44:35;3.306;0.687;229.7;34.6;;;;;;;;;;;;;;;;;;
 ;02:44:36;3.303;0.693;229.9;34.6;;;;;;;;;;;;;;;;;;
 ;02:44:37;3.301;0.697;230.1;34.6;;;;;;;;;;;;;;;;;;
 ;02:44:38;3.302;0.693;230.3;34.6;;;;;;;;;;;;;;;;;;
 ;02:44:39;3.305;0.686;230.5;34.6;;;;;;;;;;;;;;;;;;
 ;02:44:40;3.304;0.689;230.7;34.6;;;;;;;;;;;;;;;;;;
 ;02:44:41;3.302;0.694;230.9;34.6;;;;;;;;;;;;;;;;;;
 ;02:44:42;3.301;0.695;231.1;34.6;;;;;;;;;;;;;;;;;;
 ;02:44:43;3.304;0.686;231.2;34.6;;;;;;;;;;;;;;;;;;
 ;02:44:44;3.306;0.683;231.4;34.6;;;;;;;;;;;;;;;;;;
 ;02:44:45;3.303;0.688;231.6;34.6;;;;;;;;;;;;;;;;;;
 ;02:44:46;3.301;0.693;231.8;34.6;;;;;;;;;;;;;;;;;;
 ;02:44:47;3.302;0.689;232.0;34.6;;;;;;;;;;;;;;;;;;
 ;02:44:48;3.306;0.681;232.2;34.6;;;;;;;;;;;;;;;;;;
 ;02:44:49;3.305;0.683;232.4;34.6;;;;;;;;;;;;;;;;;;
 ;02:44:50;3.302;0.689;232.6;34.6;;;;;;;;;;;;;;;;;;
 ;02:44:51;3.301;0.691;232.8;34.6;;;;;;;;;;;;;;;;;;
 ;02:44:52;3.304;0.684;233.0;34.6;;;;;;;;;;;;;;;;;;
 ;02:44:53;3.306;0.679;233.2;34.6;;;;;;;;;;;;;;;;;;
 ;02:44:54;3.304;0.683;233.3;34.6;;;;;;;;;;;;;;;;;;
 ;02:44:55;3.301;0.689;233.5;34.5;;;;;;;;;;;;;;;;;;
 ;02:44:56;3.301;0.688;233.7;34.5;;;;;;;;;;;;;;;;;;
 ;02:44:57;3.305;0.679;233.9;34.5;;;;;;;;;;;;;;;;;;
 ;02:44:58;3.305;0.678;234.1;34.5;;;;;;;;;;;;;;;;;;
 ;02:44:59;3.303;0.683;234.3;34.5;;;;;;;;;;;;;;;;;;
 ;02:45:00;3.301;0.687;234.5;34.5;;;;;;;;;;;;;;;;;;
 ;02:45:01;3.303;0.682;234.7;34.5;;;;;;;;;;;;;;;;;;
 ;02:45:02;3.306;0.675;234.9;34.5;;;;;;;;;;;;;;;;;;
 ;02:45:03;3.304;0.678;235.0;34.5;;;;;;;;;;;;;;;;;;
 ;02:45:04;3.302;0.684;235.2;34.5;;;;;;;;;;;;;;;;;;
 ;02:45:05;3.301;0.684;235.4;34.5;;;;;;;;;;;;;;;;;;
 ;02:45:06;3.305;0.675;235.6;34.5;;;;;;;;;;;;;;;;;;
 ;02:45:07;3.305;0.673;235.8;34.5;;;;;;;;;;;;;;;;;;
 ;02:45:08;3.303;0.679;236.0;34.5;;;;;;;;;;;;;;;;;;
 ;02:45:09;3.301;0.683;236.2;34.5;;;;;;;;;;;;;;;;;;
 ;02:45:10;3.303;0.679;236.4;34.5;;;;;;;;;;;;;;;;;;
 ;02:45:11;3.306;0.671;236.6;34.5;;;;;;;;;;;;;;;;;;
 ;02:45:12;3.304;0.674;236.7;34.5;;;;;;;;;;;;;;;;;;
 ;02:45:13;3.302;0.679;236.9;34.5;;;;;;;;;;;;;;;;;;
 ;02:45:14;3.301;0.682;237.1;34.5;;;;;;;;;;;;;;;;;;
 ;02:45:15;3.304;0.674;237.3;34.5;;;;;;;;;;;;;;;;;;
 ;02:45:16;3.306;0.669;237.5;34.5;;;;;;;;;;;;;;;;;;
 ;02:45:17;3.304;0.673;237.7;34.5;;;;;;;;;;;;;;;;;;
 ;02:45:18;3.301;0.679;237.9;34.5;;;;;;;;;;;;;;;;;;
 ;02:45:19;3.302;0.677;238.1;34.5;;;;;;;;;;;;;;;;;;
 ;02:45:20;3.305;0.668;238.2;34.5;;;;;;;;;;;;;;;;;;
 ;02:45:21;3.305;0.668;238.4;34.5;;;;;;;;;;;;;;;;;;
 ;02:45:22;3.303;0.674;238.6;34.5;;;;;;;;;;;;;;;;;;
 ;02:45:23;3.301;0.678;238.8;34.5;;;;;;;;;;;;;;;;;;
 ;02:45:24;3.303;0.673;239.0;34.5;;;;;;;;;;;;;;;;;;
 ;02:45:25;3.306;0.665;239.2;34.5;;;;;;;;;;;;;;;;;;
 ;02:45:26;3.304;0.668;239.4;34.5;;;;;;;;;;;;;;;;;;
 ;02:45:27;3.302;0.673;239.5;34.5;;;;;;;;;;;;;;;;;;
 ;02:45:28;3.301;0.676;239.7;34.5;;;;;;;;;;;;;;;;;;
 ;02:45:29;3.304;0.668;239.9;34.5;;;;;;;;;;;;;;;;;;
 ;02:45:30;3.305;0.664;240.1;34.5;;;;;;;;;;;;;;;;;;
 ;02:45:31;3.303;0.669;240.3;34.5;;;;;;;;;;;;;;;;;;
 ;02:45:32;3.301;0.674;240.5;34.5;;;;;;;;;;;;;;;;;;
 ;02:45:33;3.302;0.671;240.7;34.5;;;;;;;;;;;;;;;;;;
 ;02:45:34;3.305;0.662;240.9;34.5;;;;;;;;;;;;;;;;;;
 ;02:45:35;3.305;0.662;241.0;34.5;;;;;;;;;;;;;;;;;;
 ;02:45:36;3.303;0.668;241.2;34.5;;;;;;;;;;;;;;;;;;
 ;02:45:37;3.301;0.672;241.4;34.5;;;;;;;;;;;;;;;;;;
 ;02:45:38;3.302;0.668;241.6;34.5;;;;;;;;;;;;;;;;;;
 ;02:45:39;3.306;0.659;241.8;34.5;;;;;;;;;;;;;;;;;;
 ;02:45:40;3.305;0.661;242.0;34.5;;;;;;;;;;;;;;;;;;
 ;02:45:41;3.302;0.667;242.1;34.5;;;;;;;;;;;;;;;;;;
 ;02:45:42;3.301;0.670;242.3;34.5;;;;;;;;;;;;;;;;;;
 ;02:45:43;3.303;0.664;242.5;34.5;;;;;;;;;;;;;;;;;;
 ;02:45:44;3.306;0.657;242.7;34.5;;;;;;;;;;;;;;;;;;
 ;02:45:45;3.304;0.660;242.9;34.5;;;;;;;;;;;;;;;;;;
 ;02:45:46;3.302;0.666;243.1;34.5;;;;;;;;;;;;;;;;;;
 ;02:45:47;3.301;0.668;243.3;34.5;;;;;;;;;;;;;;;;;;
 ;02:45:48;3.304;0.660;243.4;34.5;;;;;;;;;;;;;;;;;;
 ;02:45:49;3.306;0.655;243.6;34.5;;;;;;;;;;;;;;;;;;
 ;02:45:50;3.304;0.659;243.8;34.5;;;;;;;;;;;;;;;;;;
 ;02:45:51;3.301;0.665;244.0;34.5;;;;;;;;;;;;;;;;;;
 ;02:45:52;3.301;0.665;244.2;34.5;;;;;;;;;;;;;;;;;;
 ;02:45:53;3.304;0.656;244.4;34.5;;;;;;;;;;;;;;;;;;
 ;02:45:54;3.306;0.653;244.5;34.5;;;;;;;;;;;;;;;;;;
 ;02:45:55;3.303;0.658;244.7;34.5;;;;;;;;;;;;;;;;;;
 ;02:45:56;3.301;0.664;244.9;34.5;;;;;;;;;;;;;;;;;;
 ;02:45:57;3.301;0.662;245.1;34.5;;;;;;;;;;;;;;;;;;
 ;02:45:58;3.305;0.653;245.3;34.5;;;;;;;;;;;;;;;;;;
 ;02:45:59;3.305;0.652;245.4;34.5;;;;;;;;;;;;;;;;;;
 ;02:46:00;3.303;0.657;245.6;34.5;;;;;;;;;;;;;;;;;;
 ;02:46:01;3.301;0.662;245.8;34.5;;;;;;;;;;;;;;;;;;
 ;02:46:02;3.302;0.659;246.0;34.5;;;;;;;;;;;;;;;;;;
 ;02:46:03;3.306;0.650;246.2;34.5;;;;;;;;;;;;;;;;;;
 ;02:46:04;3.305;0.651;246.4;34.4;;;;;;;;;;;;;;;;;;
 ;02:46:05;3.303;0.656;246.5;34.4;;;;;;;;;;;;;;;;;;
 ;02:46:06;3.301;0.660;246.7;34.4;;;;;;;;;;;;;;;;;;
 ;02:46:07;3.303;0.655;246.9;34.4;;;;;;;;;;;;;;;;;;
 ;02:46:08;3.306;0.647;247.1;34.4;;;;;;;;;;;;;;;;;;
 ;02:46:09;3.305;0.650;247.3;34.4;;;;;;;;;;;;;;;;;;
 ;02:46:10;3.302;0.655;247.5;34.4;;;;;;;;;;;;;;;;;;
 ;02:46:11;3.301;0.659;247.6;34.4;;;;;;;;;;;;;;;;;;
 ;02:46:12;3.303;0.652;247.8;34.4;;;;;;;;;;;;;;;;;;
 ;02:46:13;3.306;0.644;248.0;34.4;;;;;;;;;;;;;;;;;;
 ;02:46:14;3.305;0.647;248.2;34.4;;;;;;;;;;;;;;;;;;
 ;02:46:15;3.303;0.652;248.4;34.4;;;;;;;;;;;;;;;;;;
 ;02:46:16;3.301;0.656;248.5;34.4;;;;;;;;;;;;;;;;;;
 ;02:46:17;3.303;0.651;248.7;34.4;;;;;;;;;;;;;;;;;;
 ;02:46:18;3.306;0.643;248.9;34.4;;;;;;;;;;;;;;;;;;
 ;02:46:19;3.305;0.646;249.1;34.4;;;;;;;;;;;;;;;;;;
 ;02:46:20;3.302;0.651;249.3;34.4;;;;;;;;;;;;;;;;;;
 ;02:46:21;3.301;0.654;249.4;34.4;;;;;;;;;;;;;;;;;;
 ;02:46:22;3.303;0.647;249.6;34.4;;;;;;;;;;;;;;;;;;
 ;02:46:23;3.306;0.642;249.8;34.4;;;;;;;;;;;;;;;;;;
 ;02:46:24;3.303;0.646;250.0;34.4;;;;;;;;;;;;;;;;;;
 ;02:46:25;3.301;0.652;250.2;34.4;;;;;;;;;;;;;;;;;;
 ;02:46:26;3.301;0.651;250.3;34.4;;;;;;;;;;;;;;;;;;
 ;02:46:27;3.305;0.642;250.5;34.4;;;;;;;;;;;;;;;;;;
 ;02:46:28;3.304;0.643;250.7;34.4;;;;;;;;;;;;;;;;;;
 ;02:46:29;3.302;0.648;250.9;34.4;;;;;;;;;;;;;;;;;;
 ;02:46:30;3.301;0.651;251.1;34.4;;;;;;;;;;;;;;;;;;
 ;02:46:31;3.303;0.644;251.2;34.4;;;;;;;;;;;;;;;;;;
 ;02:46:32;3.306;0.638;251.4;34.4;;;;;;;;;;;;;;;;;;
 ;02:46:33;3.304;0.642;251.6;34.4;;;;;;;;;;;;;;;;;;
 ;02:46:34;3.301;0.647;251.8;34.4;;;;;;;;;;;;;;;;;;
 ;02:46:35;3.301;0.648;252.0;34.4;;;;;;;;;;;;;;;;;;
 ;02:46:36;3.304;0.639;252.1;34.4;;;;;;;;;;;;;;;;;;
 ;02:46:37;3.305;0.636;252.3;34.4;;;;;;;;;;;;;;;;;;
 ;02:46:38;3.303;0.642;252.5;34.4;;;;;;;;;;;;;;;;;;
 ;02:46:39;3.301;0.647;252.7;34.4;;;;;;;;;;;;;;;;;;
 ;02:46:40;3.302;0.645;252.8;34.4;;;;;;;;;;;;;;;;;;
 ;02:46:41;3.305;0.636;253.0;34.4;;;;;;;;;;;;;;;;;;
 ;02:46:42;3.305;0.636;253.2;34.4;;;;;;;;;;;;;;;;;;
 ;02:46:43;3.303;0.641;253.4;34.4;;;;;;;;;;;;;;;;;;
 ;02:46:44;3.301;0.645;253.6;34.4;;;;;;;;;;;;;;;;;;
 ;02:46:45;3.303;0.640;253.7;34.4;;;;;;;;;;;;;;;;;;
 ;02:46:46;3.306;0.633;253.9;34.4;;;;;;;;;;;;;;;;;;
 ;02:46:47;3.304;0.635;254.1;34.4;;;;;;;;;;;;;;;;;;
 ;02:46:48;3.302;0.641;254.3;34.4;;;;;;;;;;;;;;;;;;
 ;02:46:49;3.301;0.643;254.4;34.4;;;;;;;;;;;;;;;;;;
 ;02:46:50;3.304;0.635;254.6;34.4;;;;;;;;;;;;;;;;;;
 ;02:46:51;3.306;0.630;254.8;34.4;;;;;;;;;;;;;;;;;;
 ;02:46:52;3.304;0.635;255.0;34.4;;;;;;;;;;;;;;;;;;
 ;02:46:53;3.301;0.640;255.1;34.4;;;;;;;;;;;;;;;;;;
 ;02:46:54;3.301;0.641;255.3;34.4;;;;;;;;;;;;;;;;;;
 ;02:46:55;3.304;0.632;255.5;34.4;;;;;;;;;;;;;;;;;;
 ;02:46:56;3.306;0.629;255.7;34.3;;;;;;;;;;;;;;;;;;
 ;02:46:57;3.303;0.634;255.9;34.3;;;;;;;;;;;;;;;;;;
 ;02:46:58;3.301;0.639;256.0;34.3;;;;;;;;;;;;;;;;;;
 ;02:46:59;3.301;0.639;256.2;34.3;;;;;;;;;;;;;;;;;;
 ;02:47:00;3.305;0.629;256.4;34.3;;;;;;;;;;;;;;;;;;
 ;02:47:01;3.305;0.627;256.6;34.3;;;;;;;;;;;;;;;;;;
 ;02:47:02;3.303;0.633;256.7;34.3;;;;;;;;;;;;;;;;;;
 ;02:47:03;3.301;0.638;256.9;34.3;;;;;;;;;;;;;;;;;;
 ;02:47:04;3.301;0.636;257.1;34.3;;;;;;;;;;;;;;;;;;
 ;02:47:05;3.305;0.626;257.3;34.3;;;;;;;;;;;;;;;;;;
 ;02:47:06;3.305;0.627;257.4;34.3;;;;;;;;;;;;;;;;;;
 ;02:47:07;3.302;0.632;257.6;34.3;;;;;;;;;;;;;;;;;;
 ;02:47:08;3.301;0.637;257.8;34.3;;;;;;;;;;;;;;;;;;
 ;02:47:09;3.302;0.631;258.0;34.3;;;;;;;;;;;;;;;;;;
 ;02:47:10;3.305;0.624;258.1;34.3;;;;;;;;;;;;;;;;;;
 ;02:47:11;3.304;0.626;258.3;34.3;;;;;;;;;;;;;;;;;;
 ;02:47:12;3.302;0.632;258.5;34.3;;;;;;;;;;;;;;;;;;
 ;02:47:13;3.301;0.634;258.7;34.3;;;;;;;;;;;;;;;;;;
 ;02:47:14;3.304;0.626;258.8;34.3;;;;;;;;;;;;;;;;;;
 ;02:47:15;3.306;0.621;259.0;34.3;;;;;;;;;;;;;;;;;;
 ;02:47:16;3.304;0.626;259.2;34.3;;;;;;;;;;;;;;;;;;
 ;02:47:17;3.301;0.631;259.4;34.3;;;;;;;;;;;;;;;;;;
 ;02:47:18;3.301;0.631;259.5;34.3;;;;;;;;;;;;;;;;;;
 ;02:47:19;3.305;0.622;259.7;34.3;;;;;;;;;;;;;;;;;;
 ;02:47:20;3.305;0.620;259.9;34.3;;;;;;;;;;;;;;;;;;
 ;02:47:21;3.303;0.625;260.1;34.3;;;;;;;;;;;;;;;;;;
 ;02:47:22;3.301;0.630;260.2;34.3;;;;;;;;;;;;;;;;;;
 ;02:47:23;3.302;0.627;260.4;34.3;;;;;;;;;;;;;;;;;;
 ;02:47:24;3.305;0.619;260.6;34.3;;;;;;;;;;;;;;;;;;
 ;02:47:25;3.304;0.621;260.7;34.3;;;;;;;;;;;;;;;;;;
 ;02:47:26;3.302;0.626;260.9;34.3;;;;;;;;;;;;;;;;;;
 ;02:47:27;3.300;0.629;261.1;34.3;;;;;;;;;;;;;;;;;;
 ;02:47:28;3.303;0.622;261.3;34.3;;;;;;;;;;;;;;;;;;
 ;02:47:29;3.306;0.615;261.4;34.3;;;;;;;;;;;;;;;;;;
 ;02:47:30;3.304;0.619;261.6;34.3;;;;;;;;;;;;;;;;;;
 ;02:47:31;3.302;0.624;261.8;34.3;;;;;;;;;;;;;;;;;;
 ;02:47:32;3.300;0.628;262.0;34.3;;;;;;;;;;;;;;;;;;
 ;02:47:33;3.303;0.621;262.1;34.3;;;;;;;;;;;;;;;;;;
 ;02:47:34;3.306;0.613;262.3;34.3;;;;;;;;;;;;;;;;;;
 ;02:47:35;3.305;0.615;262.5;34.3;;;;;;;;;;;;;;;;;;
 ;02:47:36;3.303;0.620;262.6;34.3;;;;;;;;;;;;;;;;;;
 ;02:47:37;3.300;0.625;262.8;34.3;;;;;;;;;;;;;;;;;;
 ;02:47:38;3.301;0.623;263.0;34.3;;;;;;;;;;;;;;;;;;
 ;02:47:39;3.305;0.613;263.2;34.3;;;;;;;;;;;;;;;;;;
 ;02:47:40;3.306;0.611;263.3;34.3;;;;;;;;;;;;;;;;;;
 ;02:47:41;3.304;0.616;263.5;34.3;;;;;;;;;;;;;;;;;;
 ;02:47:42;3.301;0.622;263.7;34.3;;;;;;;;;;;;;;;;;;
 ;02:47:43;3.301;0.623;263.9;34.2;;;;;;;;;;;;;;;;;;
 ;02:47:44;3.304;0.614;264.0;34.2;;;;;;;;;;;;;;;;;;
 ;02:47:45;3.306;0.608;264.2;34.2;;;;;;;;;;;;;;;;;;
 ;02:47:46;3.305;0.612;264.4;34.2;;;;;;;;;;;;;;;;;;
 ;02:47:47;3.302;0.618;264.5;34.2;;;;;;;;;;;;;;;;;;
 ;02:47:48;3.300;0.622;264.7;34.2;;;;;;;;;;;;;;;;;;
 ;02:47:49;3.302;0.616;264.9;34.2;;;;;;;;;;;;;;;;;;
 ;02:47:50;3.306;0.607;265.0;34.2;;;;;;;;;;;;;;;;;;
 ;02:47:51;3.305;0.609;265.2;34.2;;;;;;;;;;;;;;;;;;
 ;02:47:52;3.303;0.614;265.4;34.2;;;;;;;;;;;;;;;;;;
 ;02:47:53;3.301;0.619;265.6;34.2;;;;;;;;;;;;;;;;;;
 ;02:47:54;3.301;0.618;265.7;34.2;;;;;;;;;;;;;;;;;;
 ;02:47:55;3.305;0.608;265.9;34.2;;;;;;;;;;;;;;;;;;
 ;02:47:56;3.306;0.605;266.1;34.2;;;;;;;;;;;;;;;;;;
 ;02:47:57;3.304;0.610;266.2;34.2;;;;;;;;;;;;;;;;;;
 ;02:47:58;3.301;0.615;266.4;34.2;;;;;;;;;;;;;;;;;;
 ;02:47:59;3.304;0.609;266.6;34.2;;;;;;;;;;;;;;;;;;
 ;02:48:00;3.305;0.605;266.7;34.2;;;;;;;;;;;;;;;;;;
 ;02:48:01;3.303;0.611;266.9;34.2;;;;;;;;;;;;;;;;;;
 ;02:48:02;3.301;0.616;267.1;34.2;;;;;;;;;;;;;;;;;;
 ;02:48:03;3.302;0.612;267.3;34.2;;;;;;;;;;;;;;;;;;
 ;02:48:04;3.305;0.603;267.4;34.2;;;;;;;;;;;;;;;;;;
 ;02:48:05;3.305;0.605;267.6;34.2;;;;;;;;;;;;;;;;;;
 ;02:48:06;3.303;0.610;267.8;34.2;;;;;;;;;;;;;;;;;;
 ;02:48:07;3.301;0.614;267.9;34.2;;;;;;;;;;;;;;;;;;
 ;02:48:08;3.302;0.608;268.1;34.2;;;;;;;;;;;;;;;;;;
 ;02:48:09;3.306;0.601;268.3;34.2;;;;;;;;;;;;;;;;;;
 ;02:48:10;3.305;0.604;268.4;34.2;;;;;;;;;;;;;;;;;;
 ;02:48:11;3.302;0.609;268.6;34.2;;;;;;;;;;;;;;;;;;
 ;02:48:12;3.302;0.608;268.8;34.2;;;;;;;;;;;;;;;;;;
 ;02:48:13;3.306;0.599;268.9;34.2;;;;;;;;;;;;;;;;;;
 ;02:48:14;3.304;0.604;269.1;34.2;;;;;;;;;;;;;;;;;;
 ;02:48:15;3.301;0.610;269.3;34.2;;;;;;;;;;;;;;;;;;
 ;02:48:16;3.301;0.610;269.4;34.2;;;;;;;;;;;;;;;;;;
 ;02:48:17;3.304;0.601;269.6;34.2;;;;;;;;;;;;;;;;;;
 ;02:48:18;3.306;0.598;269.8;34.2;;;;;;;;;;;;;;;;;;
 ;02:48:19;3.303;0.603;270.0;34.2;;;;;;;;;;;;;;;;;;
 ;02:48:20;3.301;0.608;270.1;34.2;;;;;;;;;;;;;;;;;;
 ;02:48:21;3.301;0.607;270.3;34.2;;;;;;;;;;;;;;;;;;
 ;02:48:22;3.305;0.598;270.5;34.2;;;;;;;;;;;;;;;;;;
 ;02:48:23;3.305;0.598;270.6;34.2;;;;;;;;;;;;;;;;;;
 ;02:48:24;3.303;0.604;270.8;34.2;;;;;;;;;;;;;;;;;;
 ;02:48:25;3.300;0.608;271.0;34.2;;;;;;;;;;;;;;;;;;
 ;02:48:26;3.302;0.603;271.1;34.2;;;;;;;;;;;;;;;;;;
 ;02:48:27;3.305;0.594;271.3;34.2;;;;;;;;;;;;;;;;;;
 ;02:48:28;3.305;0.596;271.5;34.2;;;;;;;;;;;;;;;;;;
 ;02:48:29;3.303;0.601;271.6;34.1;;;;;;;;;;;;;;;;;;
 ;02:48:30;3.301;0.606;271.8;34.2;;;;;;;;;;;;;;;;;;
 ;02:48:31;3.302;0.602;272.0;34.1;;;;;;;;;;;;;;;;;;
 ;02:48:32;3.305;0.593;272.1;34.1;;;;;;;;;;;;;;;;;;
 ;02:48:33;3.305;0.593;272.3;34.1;;;;;;;;;;;;;;;;;;
 ;02:48:34;3.303;0.599;272.5;34.1;;;;;;;;;;;;;;;;;;
 ;02:48:35;3.301;0.604;272.6;34.1;;;;;;;;;;;;;;;;;;
 ;02:48:36;3.301;0.602;272.8;34.1;;;;;;;;;;;;;;;;;;
 ;02:48:37;3.305;0.592;273.0;34.1;;;;;;;;;;;;;;;;;;
 ;02:48:38;3.305;0.592;273.1;34.1;;;;;;;;;;;;;;;;;;
 ;02:48:39;3.303;0.597;273.3;34.1;;;;;;;;;;;;;;;;;;
 ;02:48:40;3.301;0.602;273.5;34.1;;;;;;;;;;;;;;;;;;
 ;02:48:41;3.301;0.599;273.6;34.1;;;;;;;;;;;;;;;;;;
 ;02:48:42;3.305;0.590;273.8;34.1;;;;;;;;;;;;;;;;;;
 ;02:48:43;3.305;0.590;273.9;34.1;;;;;;;;;;;;;;;;;;
 ;02:48:44;3.303;0.596;274.1;34.1;;;;;;;;;;;;;;;;;;
 ;02:48:45;3.300;0.600;274.3;34.1;;;;;;;;;;;;;;;;;;
 ;02:48:46;3.301;0.596;274.4;34.1;;;;;;;;;;;;;;;;;;
 ;02:48:47;3.305;0.588;274.6;34.1;;;;;;;;;;;;;;;;;;
 ;02:48:48;3.305;0.589;274.8;34.1;;;;;;;;;;;;;;;;;;
 ;02:48:49;3.303;0.594;274.9;34.1;;;;;;;;;;;;;;;;;;
 ;02:48:50;3.301;0.598;275.1;34.1;;;;;;;;;;;;;;;;;;
 ;02:48:51;3.302;0.593;275.3;34.1;;;;;;;;;;;;;;;;;;
 ;02:48:52;3.305;0.585;275.4;34.1;;;;;;;;;;;;;;;;;;
 ;02:48:53;3.305;0.588;275.6;34.1;;;;;;;;;;;;;;;;;;
 ;02:48:54;3.302;0.593;275.8;34.1;;;;;;;;;;;;;;;;;;
 ;02:48:55;3.300;0.597;275.9;34.1;;;;;;;;;;;;;;;;;;
 ;02:48:56;3.302;0.592;276.1;34.1;;;;;;;;;;;;;;;;;;
 ;02:48:57;3.305;0.583;276.3;34.1;;;;;;;;;;;;;;;;;;
 ;02:48:58;3.305;0.586;276.4;34.1;;;;;;;;;;;;;;;;;;
 ;02:48:59;3.302;0.591;276.6;34.1;;;;;;;;;;;;;;;;;;
 ;02:49:00;3.300;0.596;276.7;34.1;;;;;;;;;;;;;;;;;;
 ;02:49:01;3.302;0.591;276.9;34.1;;;;;;;;;;;;;;;;;;
 ;02:49:02;3.305;0.581;277.1;34.1;;;;;;;;;;;;;;;;;;
 ;02:49:03;3.306;0.581;277.2;34.1;;;;;;;;;;;;;;;;;;
 ;02:49:04;3.303;0.587;277.4;34.1;;;;;;;;;;;;;;;;;;
 ;02:49:05;3.301;0.592;277.6;34.1;;;;;;;;;;;;;;;;;;
 ;02:49:06;3.301;0.592;277.7;34.1;;;;;;;;;;;;;;;;;;
 ;02:49:07;3.304;0.583;277.9;34.1;;;;;;;;;;;;;;;;;;
 ;02:49:08;3.306;0.578;278.0;34.1;;;;;;;;;;;;;;;;;;
 ;02:49:09;3.305;0.582;278.2;34.1;;;;;;;;;;;;;;;;;;
 ;02:49:10;3.302;0.588;278.4;34.1;;;;;;;;;;;;;;;;;;
 ;02:49:11;3.300;0.592;278.5;34.1;;;;;;;;;;;;;;;;;;
 ;02:49:12;3.302;0.586;278.7;34.1;;;;;;;;;;;;;;;;;;
 ;02:49:13;3.306;0.577;278.9;34.1;;;;;;;;;;;;;;;;;;
 ;02:49:14;3.306;0.578;279.0;34.1;;;;;;;;;;;;;;;;;;
 ;02:49:15;3.303;0.583;279.2;34.1;;;;;;;;;;;;;;;;;;
 ;02:49:16;3.301;0.589;279.3;34.1;;;;;;;;;;;;;;;;;;
 ;02:49:17;3.301;0.588;279.5;34.1;;;;;;;;;;;;;;;;;;
 ;02:49:18;3.304;0.578;279.7;34.1;;;;;;;;;;;;;;;;;;
 ;02:49:19;3.305;0.576;279.8;34.1;;;;;;;;;;;;;;;;;;
 ;02:49:20;3.303;0.582;280.0;34.1;;;;;;;;;;;;;;;;;;
 ;02:49:21;3.301;0.587;280.2;34.1;;;;;;;;;;;;;;;;;;
 ;02:49:22;3.301;0.585;280.3;34.0;;;;;;;;;;;;;;;;;;
 ;02:49:23;3.305;0.576;280.5;34.0;;;;;;;;;;;;;;;;;;
 ;02:49:24;3.305;0.574;280.6;34.0;;;;;;;;;;;;;;;;;;
 ;02:49:25;3.303;0.580;280.8;34.0;;;;;;;;;;;;;;;;;;
 ;02:49:26;3.301;0.585;281.0;34.0;;;;;;;;;;;;;;;;;;
 ;02:49:27;3.301;0.582;281.1;34.0;;;;;;;;;;;;;;;;;;
 ;02:49:28;3.305;0.574;281.3;34.0;;;;;;;;;;;;;;;;;;
 ;02:49:29;3.305;0.574;281.4;34.0;;;;;;;;;;;;;;;;;;
 ;02:49:30;3.302;0.580;281.6;34.0;;;;;;;;;;;;;;;;;;
 ;02:49:31;3.300;0.584;281.8;34.0;;;;;;;;;;;;;;;;;;
 ;02:49:32;3.302;0.580;281.9;34.0;;;;;;;;;;;;;;;;;;
 ;02:49:33;3.306;0.570;282.1;34.0;;;;;;;;;;;;;;;;;;
 ;02:49:34;3.306;0.570;282.2;34.0;;;;;;;;;;;;;;;;;;
 ;02:49:35;3.303;0.576;282.4;34.0;;;;;;;;;;;;;;;;;;
 ;02:49:36;3.301;0.581;282.6;34.0;;;;;;;;;;;;;;;;;;
 ;02:49:37;3.301;0.580;282.7;34.0;;;;;;;;;;;;;;;;;;
 ;02:49:38;3.304;0.572;282.9;34.0;;;;;;;;;;;;;;;;;;
 ;02:49:39;3.306;0.568;283.0;34.0;;;;;;;;;;;;;;;;;;
 ;02:49:40;3.304;0.573;283.2;34.0;;;;;;;;;;;;;;;;;;
 ;02:49:41;3.301;0.579;283.4;34.0;;;;;;;;;;;;;;;;;;
 ;02:49:42;3.300;0.581;283.5;34.0;;;;;;;;;;;;;;;;;;
 ;02:49:43;3.303;0.572;283.7;34.0;;;;;;;;;;;;;;;;;;
 ;02:49:44;3.306;0.565;283.8;34.0;;;;;;;;;;;;;;;;;;
 ;02:49:45;3.305;0.568;284.0;34.0;;;;;;;;;;;;;;;;;;
 ;02:49:46;3.303;0.573;284.2;34.0;;;;;;;;;;;;;;;;;;
 ;02:49:47;3.300;0.579;284.3;34.0;;;;;;;;;;;;;;;;;;
 ;02:49:48;3.301;0.576;284.5;34.0;;;;;;;;;;;;;;;;;;
 ;02:49:49;3.305;0.566;284.6;34.0;;;;;;;;;;;;;;;;;;
 ;02:49:50;3.306;0.563;284.8;34.0;;;;;;;;;;;;;;;;;;
 ;02:49:51;3.304;0.568;285.0;34.0;;;;;;;;;;;;;;;;;;
 ;02:49:52;3.302;0.574;285.1;34.0;;;;;;;;;;;;;;;;;;
 ;02:49:53;3.300;0.577;285.3;34.0;;;;;;;;;;;;;;;;;;
 ;02:49:54;3.303;0.570;285.4;34.0;;;;;;;;;;;;;;;;;;
 ;02:49:55;3.305;0.563;285.6;34.0;;;;;;;;;;;;;;;;;;
 ;02:49:56;3.304;0.566;285.7;34.0;;;;;;;;;;;;;;;;;;
 ;02:49:57;3.302;0.572;285.9;34.0;;;;;;;;;;;;;;;;;;
 ;02:49:58;3.300;0.575;286.1;34.0;;;;;;;;;;;;;;;;;;
 ;02:49:59;3.303;0.568;286.2;34.0;;;;;;;;;;;;;;;;;;
 ;02:50:00;3.306;0.561;286.4;34.0;;;;;;;;;;;;;;;;;;
 ;02:50:01;3.304;0.564;286.5;34.0;;;;;;;;;;;;;;;;;;
 ;02:50:02;3.302;0.570;286.7;34.0;;;;;;;;;;;;;;;;;;
 ;02:50:03;3.300;0.573;286.9;34.0;;;;;;;;;;;;;;;;;;
 ;02:50:04;3.303;0.566;287.0;34.0;;;;;;;;;;;;;;;;;;
 ;02:50:05;3.306;0.559;287.2;34.0;;;;;;;;;;;;;;;;;;
 ;02:50:06;3.304;0.562;287.3;34.0;;;;;;;;;;;;;;;;;;
 ;02:50:07;3.302;0.568;287.5;34.0;;;;;;;;;;;;;;;;;;
 ;02:50:08;3.300;0.572;287.6;33.9;;;;;;;;;;;;;;;;;;
 ;02:50:09;3.303;0.565;287.8;33.9;;;;;;;;;;;;;;;;;;
 ;02:50:10;3.306;0.556;287.9;33.9;;;;;;;;;;;;;;;;;;
 ;02:50:11;3.305;0.558;288.1;33.9;;;;;;;;;;;;;;;;;;
 ;02:50:12;3.303;0.564;288.3;33.9;;;;;;;;;;;;;;;;;;
 ;02:50:13;3.301;0.569;288.4;33.9;;;;;;;;;;;;;;;;;;
 ;02:50:14;3.301;0.567;288.6;33.9;;;;;;;;;;;;;;;;;;
 ;02:50:15;3.305;0.557;288.7;33.9;;;;;;;;;;;;;;;;;;
 ;02:50:16;3.306;0.554;288.9;33.9;;;;;;;;;;;;;;;;;;
 ;02:50:17;3.304;0.559;289.0;33.9;;;;;;;;;;;;;;;;;;
 ;02:50:18;3.302;0.565;289.2;33.9;;;;;;;;;;;;;;;;;;
 ;02:50:19;3.300;0.568;289.4;33.9;;;;;;;;;;;;;;;;;;
 ;02:50:20;3.303;0.561;289.5;33.9;;;;;;;;;;;;;;;;;;
 ;02:50:21;3.306;0.552;289.7;33.9;;;;;;;;;;;;;;;;;;
 ;02:50:22;3.305;0.554;289.8;33.9;;;;;;;;;;;;;;;;;;
 ;02:50:23;3.303;0.560;290.0;33.9;;;;;;;;;;;;;;;;;;
 ;02:50:24;3.301;0.565;290.1;33.9;;;;;;;;;;;;;;;;;;
 ;02:50:25;3.301;0.564;290.3;33.9;;;;;;;;;;;;;;;;;;
 ;02:50:26;3.305;0.554;290.4;33.9;;;;;;;;;;;;;;;;;;
 ;02:50:27;3.306;0.550;290.6;33.9;;;;;;;;;;;;;;;;;;
 ;02:50:28;3.304;0.555;290.7;33.9;;;;;;;;;;;;;;;;;;
 ;02:50:29;3.302;0.560;290.9;33.9;;;;;;;;;;;;;;;;;;
 ;02:50:30;3.300;0.564;291.1;33.9;;;;;;;;;;;;;;;;;;
 ;02:50:31;3.302;0.558;291.2;33.9;;;;;;;;;;;;;;;;;;
 ;02:50:32;3.306;0.549;291.4;33.9;;;;;;;;;;;;;;;;;;
 ;02:50:33;3.305;0.550;291.5;33.9;;;;;;;;;;;;;;;;;;
 ;02:50:34;3.303;0.555;291.7;33.9;;;;;;;;;;;;;;;;;;
 ;02:50:35;3.301;0.561;291.8;33.9;;;;;;;;;;;;;;;;;;
 ;02:50:36;3.301;0.561;292.0;33.9;;;;;;;;;;;;;;;;;;
 ;02:50:37;3.304;0.551;292.2;33.9;;;;;;;;;;;;;;;;;;
 ;02:50:38;3.305;0.549;292.3;33.9;;;;;;;;;;;;;;;;;;
 ;02:50:39;3.303;0.553;292.5;33.9;;;;;;;;;;;;;;;;;;
 ;02:50:40;3.301;0.559;292.6;33.9;;;;;;;;;;;;;;;;;;
 ;02:50:41;3.301;0.559;292.8;33.9;;;;;;;;;;;;;;;;;;
 ;02:50:42;3.304;0.550;292.9;33.9;;;;;;;;;;;;;;;;;;
 ;02:50:43;3.305;0.548;293.1;33.9;;;;;;;;;;;;;;;;;;
 ;02:50:44;3.303;0.553;293.2;33.9;;;;;;;;;;;;;;;;;;
 ;02:50:45;3.301;0.558;293.4;33.9;;;;;;;;;;;;;;;;;;
 ;02:50:46;3.302;0.554;293.5;33.9;;;;;;;;;;;;;;;;;;
 ;02:50:47;3.306;0.545;293.7;33.9;;;;;;;;;;;;;;;;;;
 ;02:50:48;3.305;0.545;293.8;33.9;;;;;;;;;;;;;;;;;;
 ;02:50:49;3.303;0.550;294.0;33.9;;;;;;;;;;;;;;;;;;
 ;02:50:50;3.301;0.555;294.1;33.9;;;;;;;;;;;;;;;;;;
 ;02:50:51;3.300;0.556;294.3;33.9;;;;;;;;;;;;;;;;;;
 ;02:50:52;3.303;0.548;294.4;33.9;;;;;;;;;;;;;;;;;;
 ;02:50:53;3.306;0.541;294.6;33.9;;;;;;;;;;;;;;;;;;
 ;02:50:54;3.305;0.545;294.7;33.9;;;;;;;;;;;;;;;;;;
 ;02:50:55;3.302;0.550;294.9;33.9;;;;;;;;;;;;;;;;;;
 ;02:50:56;3.300;0.555;295.1;33.8;;;;;;;;;;;;;;;;;;
 ;02:50:57;3.301;0.552;295.2;33.8;;;;;;;;;;;;;;;;;;
 ;02:50:58;3.305;0.543;295.4;33.8;;;;;;;;;;;;;;;;;;
 ;02:50:59;3.306;0.540;295.5;33.8;;;;;;;;;;;;;;;;;;
 ;02:51:00;3.304;0.545;295.7;33.8;;;;;;;;;;;;;;;;;;
 ;02:51:01;3.302;0.550;295.8;33.8;;;;;;;;;;;;;;;;;;
 ;02:51:02;3.300;0.553;296.0;33.8;;;;;;;;;;;;;;;;;;
 ;02:51:03;3.302;0.547;296.1;33.8;;;;;;;;;;;;;;;;;;
 ;02:51:04;3.306;0.538;296.3;33.8;;;;;;;;;;;;;;;;;;
 ;02:51:05;3.305;0.539;296.4;33.8;;;;;;;;;;;;;;;;;;
 ;02:51:06;3.303;0.545;296.6;33.8;;;;;;;;;;;;;;;;;;
 ;02:51:07;3.301;0.550;296.7;33.8;;;;;;;;;;;;;;;;;;
 ;02:51:08;3.300;0.550;296.9;33.8;;;;;;;;;;;;;;;;;;
 ;02:51:09;3.304;0.541;297.0;33.8;;;;;;;;;;;;;;;;;;
 ;02:51:10;3.305;0.537;297.2;33.8;;;;;;;;;;;;;;;;;;
 ;02:51:11;3.303;0.542;297.3;33.8;;;;;;;;;;;;;;;;;;
 ;02:51:12;3.301;0.548;297.5;33.8;;;;;;;;;;;;;;;;;;
 ;02:51:13;3.301;0.548;297.6;33.8;;;;;;;;;;;;;;;;;;
 ;02:51:14;3.304;0.539;297.8;33.8;;;;;;;;;;;;;;;;;;
 ;02:51:15;3.306;0.535;297.9;33.8;;;;;;;;;;;;;;;;;;
 ;02:51:16;3.303;0.540;298.1;33.8;;;;;;;;;;;;;;;;;;
 ;02:51:17;3.301;0.546;298.2;33.8;;;;;;;;;;;;;;;;;;
 ;02:51:18;3.300;0.548;298.4;33.8;;;;;;;;;;;;;;;;;;
 ;02:51:19;3.303;0.540;298.5;33.8;;;;;;;;;;;;;;;;;;
 ;02:51:20;3.306;0.532;298.7;33.8;;;;;;;;;;;;;;;;;;
 ;02:51:21;3.305;0.535;298.8;33.8;;;;;;;;;;;;;;;;;;
 ;02:51:22;3.302;0.541;299.0;33.8;;;;;;;;;;;;;;;;;;
 ;02:51:23;3.300;0.546;299.1;33.8;;;;;;;;;;;;;;;;;;
 ;02:51:24;3.301;0.544;299.3;33.8;;;;;;;;;;;;;;;;;;
 ;02:51:25;3.305;0.534;299.4;33.8;;;;;;;;;;;;;;;;;;
 ;02:51:26;3.306;0.531;299.6;33.8;;;;;;;;;;;;;;;;;;
 ;02:51:27;3.304;0.536;299.7;33.8;;;;;;;;;;;;;;;;;;
 ;02:51:28;3.302;0.541;299.9;33.8;;;;;;;;;;;;;;;;;;
 ;02:51:29;3.300;0.544;300.0;33.8;;;;;;;;;;;;;;;;;;
 ;02:51:30;3.302;0.538;300.2;33.8;;;;;;;;;;;;;;;;;;
 ;02:51:31;3.306;0.529;300.3;33.8;;;;;;;;;;;;;;;;;;
 ;02:51:32;3.305;0.530;300.5;33.8;;;;;;;;;;;;;;;;;;
 ;02:51:33;3.303;0.536;300.6;33.8;;;;;;;;;;;;;;;;;;
 ;02:51:34;3.301;0.541;300.8;33.8;;;;;;;;;;;;;;;;;;
 ;02:51:35;3.300;0.542;300.9;33.8;;;;;;;;;;;;;;;;;;
 ;02:51:36;3.304;0.532;301.1;33.8;;;;;;;;;;;;;;;;;;
 ;02:51:37;3.306;0.526;301.2;33.8;;;;;;;;;;;;;;;;;;
 ;02:51:38;3.305;0.530;301.4;33.8;;;;;;;;;;;;;;;;;;
 ;02:51:39;3.302;0.536;301.5;33.8;;;;;;;;;;;;;;;;;;
 ;02:51:40;3.300;0.540;301.7;33.7;;;;;;;;;;;;;;;;;;
 ;02:51:41;3.301;0.537;301.8;33.7;;;;;;;;;;;;;;;;;;
 ;02:51:42;3.305;0.527;302.0;33.7;;;;;;;;;;;;;;;;;;
 ;02:51:43;3.306;0.525;302.1;33.7;;;;;;;;;;;;;;;;;;
 ;02:51:44;3.304;0.530;302.3;33.7;;;;;;;;;;;;;;;;;;
 ;02:51:45;3.301;0.536;302.4;33.7;;;;;;;;;;;;;;;;;;
 ;02:51:46;3.300;0.538;302.6;33.7;;;;;;;;;;;;;;;;;;
 ;02:51:47;3.303;0.531;302.7;33.7;;;;;;;;;;;;;;;;;;
 ;02:51:48;3.305;0.525;302.8;33.7;;;;;;;;;;;;;;;;;;
 ;02:51:49;3.304;0.528;303.0;33.7;;;;;;;;;;;;;;;;;;
 ;02:51:50;3.302;0.533;303.1;33.7;;;;;;;;;;;;;;;;;;
 ;02:51:51;3.300;0.536;303.3;33.7;;;;;;;;;;;;;;;;;;
 ;02:51:52;3.303;0.529;303.4;33.7;;;;;;;;;;;;;;;;;;
 ;02:51:53;3.305;0.524;303.6;33.7;;;;;;;;;;;;;;;;;;
 ;02:51:54;3.303;0.528;303.7;33.7;;;;;;;;;;;;;;;;;;
 ;02:51:55;3.301;0.533;303.9;33.7;;;;;;;;;;;;;;;;;;
 ;02:51:56;3.301;0.533;304.0;33.7;;;;;;;;;;;;;;;;;;
 ;02:51:57;3.304;0.524;304.2;33.7;;;;;;;;;;;;;;;;;;
 ;02:51:58;3.306;0.520;304.3;33.7;;;;;;;;;;;;;;;;;;
 ;02:51:59;3.304;0.525;304.5;33.7;;;;;;;;;;;;;;;;;;
 ;02:52:00;3.302;0.530;304.6;33.7;;;;;;;;;;;;;;;;;;
 ;02:52:01;3.300;0.534;304.8;33.7;;;;;;;;;;;;;;;;;;
 ;02:52:02;3.302;0.529;304.9;33.7;;;;;;;;;;;;;;;;;;
 ;02:52:03;3.305;0.519;305.0;33.7;;;;;;;;;;;;;;;;;;
 ;02:52:04;3.306;0.518;305.2;33.7;;;;;;;;;;;;;;;;;;
 ;02:52:05;3.303;0.524;305.4;33.7;;;;;;;;;;;;;;;;;;
 ;02:52:06;3.301;0.529;305.5;33.7;;;;;;;;;;;;;;;;;;
 ;02:52:07;3.300;0.532;305.6;33.7;;;;;;;;;;;;;;;;;;
 ;02:52:08;3.303;0.524;305.8;33.7;;;;;;;;;;;;;;;;;;
 ;02:52:09;3.305;0.517;305.9;33.7;;;;;;;;;;;;;;;;;;
 ;02:52:10;3.304;0.521;306.1;33.7;;;;;;;;;;;;;;;;;;
 ;02:52:11;3.302;0.526;306.2;33.7;;;;;;;;;;;;;;;;;;
 ;02:52:12;3.300;0.529;306.4;33.7;;;;;;;;;;;;;;;;;;
 ;02:52:13;3.303;0.522;306.5;33.7;;;;;;;;;;;;;;;;;;
 ;02:52:14;3.306;0.515;306.7;33.7;;;;;;;;;;;;;;;;;;
 ;02:52:15;3.304;0.519;306.8;33.7;;;;;;;;;;;;;;;;;;
 ;02:52:16;3.302;0.525;306.9;33.7;;;;;;;;;;;;;;;;;;
 ;02:52:17;3.300;0.528;307.1;33.7;;;;;;;;;;;;;;;;;;
 ;02:52:18;3.303;0.521;307.2;33.7;;;;;;;;;;;;;;;;;;
 ;02:52:19;3.306;0.513;307.4;33.7;;;;;;;;;;;;;;;;;;
 ;02:52:20;3.305;0.515;307.5;33.7;;;;;;;;;;;;;;;;;;
 ;02:52:21;3.303;0.521;307.7;33.7;;;;;;;;;;;;;;;;;;
 ;02:52:22;3.301;0.526;307.8;33.7;;;;;;;;;;;;;;;;;;
 ;02:52:23;3.300;0.526;308.0;33.7;;;;;;;;;;;;;;;;;;
 ;02:52:24;3.304;0.516;308.1;33.7;;;;;;;;;;;;;;;;;;
 ;02:52:25;3.306;0.510;308.3;33.7;;;;;;;;;;;;;;;;;;
 ;02:52:26;3.305;0.515;308.4;33.7;;;;;;;;;;;;;;;;;;
 ;02:52:27;3.302;0.520;308.5;33.7;;;;;;;;;;;;;;;;;;
 ;02:52:28;3.300;0.525;308.7;33.7;;;;;;;;;;;;;;;;;;
 ;02:52:29;3.301;0.522;308.8;33.7;;;;;;;;;;;;;;;;;;
 ;02:52:30;3.305;0.512;309.0;33.7;;;;;;;;;;;;;;;;;;
 ;02:52:31;3.306;0.509;309.1;33.7;;;;;;;;;;;;;;;;;;
 ;02:52:32;3.304;0.514;309.3;33.7;;;;;;;;;;;;;;;;;;
 ;02:52:33;3.302;0.520;309.4;33.7;;;;;;;;;;;;;;;;;;
 ;02:52:34;3.300;0.523;309.6;33.7;;;;;;;;;;;;;;;;;;
 ;02:52:35;3.302;0.517;309.7;33.7;;;;;;;;;;;;;;;;;;
 ;02:52:36;3.306;0.508;309.8;33.7;;;;;;;;;;;;;;;;;;
 ;02:52:37;3.306;0.508;310.0;33.7;;;;;;;;;;;;;;;;;;
 ;02:52:38;3.303;0.513;310.1;33.6;;;;;;;;;;;;;;;;;;
 ;02:52:39;3.301;0.519;310.3;33.6;;;;;;;;;;;;;;;;;;
 ;02:52:40;3.300;0.521;310.4;33.6;;;;;;;;;;;;;;;;;;
 ;02:52:41;3.303;0.512;310.5;33.6;;;;;;;;;;;;;;;;;;
 ;02:52:42;3.306;0.505;310.7;33.6;;;;;;;;;;;;;;;;;;
 ;02:52:43;3.305;0.507;310.8;33.6;;;;;;;;;;;;;;;;;;
 ;02:52:44;3.303;0.513;311.0;33.6;;;;;;;;;;;;;;;;;;
 ;02:52:45;3.300;0.518;311.1;33.6;;;;;;;;;;;;;;;;;;
 ;02:52:46;3.301;0.517;311.3;33.6;;;;;;;;;;;;;;;;;;
 ;02:52:47;3.304;0.507;311.4;33.6;;;;;;;;;;;;;;;;;;
 ;02:52:48;3.306;0.503;311.5;33.6;;;;;;;;;;;;;;;;;;
 ;02:52:49;3.304;0.507;311.7;33.6;;;;;;;;;;;;;;;;;;
 ;02:52:50;3.302;0.512;311.8;33.6;;;;;;;;;;;;;;;;;;
 ;02:52:51;3.300;0.517;312.0;33.6;;;;;;;;;;;;;;;;;;
 ;02:52:52;3.301;0.513;312.1;33.6;;;;;;;;;;;;;;;;;;
 ;02:52:53;3.305;0.504;312.3;33.6;;;;;;;;;;;;;;;;;;
 ;02:52:54;3.305;0.504;312.4;33.6;;;;;;;;;;;;;;;;;;
 ;02:52:55;3.303;0.510;312.5;33.6;;;;;;;;;;;;;;;;;;
 ;02:52:56;3.301;0.515;312.7;33.6;;;;;;;;;;;;;;;;;;
 ;02:52:57;3.301;0.513;312.8;33.6;;;;;;;;;;;;;;;;;;
 ;02:52:58;3.304;0.503;313.0;33.6;;;;;;;;;;;;;;;;;;
 ;02:52:59;3.305;0.500;313.1;33.6;;;;;;;;;;;;;;;;;;
 ;02:53:00;3.304;0.505;313.2;33.6;;;;;;;;;;;;;;;;;;
 ;02:53:01;3.301;0.511;313.4;33.6;;;;;;;;;;;;;;;;;;
 ;02:53:02;3.300;0.514;313.5;33.6;;;;;;;;;;;;;;;;;;
 ;02:53:03;3.302;0.507;313.7;33.6;;;;;;;;;;;;;;;;;;
 ;02:53:04;3.305;0.499;313.8;33.6;;;;;;;;;;;;;;;;;;
 ;02:53:05;3.304;0.501;313.9;33.6;;;;;;;;;;;;;;;;;;
 ;02:53:06;3.302;0.506;314.1;33.6;;;;;;;;;;;;;;;;;;
 ;02:53:07;3.300;0.512;314.2;33.6;;;;;;;;;;;;;;;;;;
 ;02:53:08;3.301;0.510;314.4;33.6;;;;;;;;;;;;;;;;;;
 ;02:53:09;3.304;0.500;314.5;33.6;;;;;;;;;;;;;;;;;;
 ;02:53:10;3.305;0.496;314.6;33.6;;;;;;;;;;;;;;;;;;
 ;02:53:11;3.304;0.501;314.8;33.6;;;;;;;;;;;;;;;;;;
 ;02:53:12;3.302;0.506;314.9;33.6;;;;;;;;;;;;;;;;;;
 ;02:53:13;3.300;0.510;315.1;33.6;;;;;;;;;;;;;;;;;;
 ;02:53:14;3.301;0.506;315.2;33.6;;;;;;;;;;;;;;;;;;
 ;02:53:15;3.304;0.497;315.3;33.6;;;;;;;;;;;;;;;;;;
 ;02:53:16;3.304;0.497;315.5;33.6;;;;;;;;;;;;;;;;;;
 ;02:53:17;3.302;0.503;315.6;33.6;;;;;;;;;;;;;;;;;;
 ;02:53:18;3.301;0.507;315.8;33.6;;;;;;;;;;;;;;;;;;
 ;02:53:19;3.302;0.503;315.9;33.6;;;;;;;;;;;;;;;;;;
 ;02:53:20;3.305;0.494;316.0;33.6;;;;;;;;;;;;;;;;;;
 ;02:53:21;3.304;0.494;316.2;33.6;;;;;;;;;;;;;;;;;;
 ;02:53:22;3.303;0.499;316.3;33.6;;;;;;;;;;;;;;;;;;
 ;02:53:23;3.301;0.505;316.5;33.6;;;;;;;;;;;;;;;;;;
 ;02:53:24;3.300;0.507;316.6;33.6;;;;;;;;;;;;;;;;;;
 ;02:53:25;3.302;0.499;316.7;33.6;;;;;;;;;;;;;;;;;;
 ;02:53:26;3.305;0.491;316.9;33.6;;;;;;;;;;;;;;;;;;
 ;02:53:27;3.304;0.493;317.0;33.6;;;;;;;;;;;;;;;;;;
 ;02:53:28;3.302;0.498;317.1;33.6;;;;;;;;;;;;;;;;;;
 ;02:53:29;3.301;0.504;317.3;33.6;;;;;;;;;;;;;;;;;;
 ;02:53:30;3.300;0.504;317.4;33.6;;;;;;;;;;;;;;;;;;
 ;02:53:31;3.303;0.495;317.6;33.6;;;;;;;;;;;;;;;;;;
 ;02:53:32;3.305;0.488;317.7;33.6;;;;;;;;;;;;;;;;;;
 ;02:53:33;3.304;0.492;317.8;33.6;;;;;;;;;;;;;;;;;;
 ;02:53:34;3.302;0.497;318.0;33.6;;;;;;;;;;;;;;;;;;
 ;02:53:35;3.300;0.502;318.1;33.6;;;;;;;;;;;;;;;;;;
 ;02:53:36;3.300;0.501;318.3;33.6;;;;;;;;;;;;;;;;;;
 ;02:53:37;3.303;0.491;318.4;33.6;;;;;;;;;;;;;;;;;;
 ;02:53:38;3.305;0.487;318.5;33.6;;;;;;;;;;;;;;;;;;
 ;02:53:39;3.303;0.492;318.7;33.6;;;;;;;;;;;;;;;;;;
 ;02:53:40;3.301;0.498;318.8;33.6;;;;;;;;;;;;;;;;;;
 ;02:53:41;3.302;0.495;318.9;33.6;;;;;;;;;;;;;;;;;;
 ;02:53:42;3.304;0.487;319.1;33.6;;;;;;;;;;;;;;;;;;
 ;02:53:43;3.302;0.492;319.2;33.6;;;;;;;;;;;;;;;;;;
 ;02:53:44;3.300;0.497;319.4;33.6;;;;;;;;;;;;;;;;;;
 ;02:53:45;3.300;0.497;319.5;33.6;;;;;;;;;;;;;;;;;;
 ;02:53:46;3.303;0.490;319.6;33.6;;;;;;;;;;;;;;;;;;
 ;02:53:47;3.303;0.488;319.8;33.6;;;;;;;;;;;;;;;;;;
 ;02:53:48;3.301;0.493;319.9;33.6;;;;;;;;;;;;;;;;;;
 ;02:53:49;3.300;0.496;320.0;33.6;;;;;;;;;;;;;;;;;;
 ;02:53:50;3.303;0.488;320.2;33.6;;;;;;;;;;;;;;;;;;
 ;02:53:51;3.304;0.485;320.3;33.6;;;;;;;;;;;;;;;;;;
 ;02:53:52;3.302;0.491;320.4;33.6;;;;;;;;;;;;;;;;;;
 ;02:53:53;3.300;0.495;320.6;33.6;;;;;;;;;;;;;;;;;;
 ;02:53:54;3.302;0.489;320.7;33.6;;;;;;;;;;;;;;;;;;
 ;02:53:55;3.304;0.484;320.9;33.6;;;;;;;;;;;;;;;;;;
 ;02:53:56;3.302;0.489;321.0;33.6;;;;;;;;;;;;;;;;;;
 ;02:53:57;3.300;0.493;321.1;33.6;;;;;;;;;;;;;;;;;;
 ;02:53:58;3.301;0.489;321.3;33.6;;;;;;;;;;;;;;;;;;
 ;02:53:59;3.304;0.483;321.4;33.6;;;;;;;;;;;;;;;;;;
 ;02:54:00;3.302;0.487;321.5;33.6;;;;;;;;;;;;;;;;;;
 ;02:54:01;3.300;0.491;321.7;33.6;;;;;;;;;;;;;;;;;;
 ;02:54:02;3.301;0.488;321.8;33.6;;;;;;;;;;;;;;;;;;
 ;02:54:03;3.303;0.483;321.9;33.6;;;;;;;;;;;;;;;;;;
 ;02:54:04;3.302;0.487;322.1;33.6;;;;;;;;;;;;;;;;;;
 ;02:54:05;3.300;0.489;322.2;33.6;;;;;;;;;;;;;;;;;;
 ;02:54:06;3.303;0.482;322.3;33.6;;;;;;;;;;;;;;;;;;
 ;02:54:07;3.304;0.480;322.5;33.6;;;;;;;;;;;;;;;;;;
 ;02:54:08;3.302;0.485;322.6;33.6;;;;;;;;;;;;;;;;;;
 ;02:54:09;3.300;0.489;322.7;33.6;;;;;;;;;;;;;;;;;;
 ;02:54:10;3.301;0.487;322.9;33.6;;;;;;;;;;;;;;;;;;
 ;02:54:11;3.304;0.480;323.0;33.6;;;;;;;;;;;;;;;;;;
 ;02:54:12;3.303;0.482;323.1;33.6;;;;;;;;;;;;;;;;;;
 ;02:54:13;3.301;0.487;323.3;33.6;;;;;;;;;;;;;;;;;;
 ;02:54:14;3.300;0.487;323.4;33.6;;;;;;;;;;;;;;;;;;
 ;02:54:15;3.303;0.479;323.6;33.6;;;;;;;;;;;;;;;;;;
 ;02:54:16;3.303;0.480;323.7;33.6;;;;;;;;;;;;;;;;;;
 ;02:54:17;3.301;0.485;323.8;33.6;;;;;;;;;;;;;;;;;;
 ;02:54:18;3.301;0.485;324.0;33.6;;;;;;;;;;;;;;;;;;
 ;02:54:19;3.304;0.477;324.1;33.6;;;;;;;;;;;;;;;;;;
 ;02:54:20;3.303;0.478;324.2;33.5;;;;;;;;;;;;;;;;;;
 ;02:54:21;3.301;0.483;324.4;33.5;;;;;;;;;;;;;;;;;;
 ;02:54:22;3.300;0.485;324.5;33.5;;;;;;;;;;;;;;;;;;
 ;02:54:23;3.303;0.477;324.6;33.5;;;;;;;;;;;;;;;;;;
 ;02:54:24;3.304;0.474;324.8;33.5;;;;;;;;;;;;;;;;;;
 ;02:54:25;3.302;0.480;324.9;33.5;;;;;;;;;;;;;;;;;;
 ;02:54:26;3.300;0.484;325.0;33.5;;;;;;;;;;;;;;;;;;
 ;02:54:27;3.301;0.482;325.2;33.5;;;;;;;;;;;;;;;;;;
 ;02:54:28;3.303;0.476;325.3;33.5;;;;;;;;;;;;;;;;;;
 ;02:54:29;3.302;0.478;325.4;33.5;;;;;;;;;;;;;;;;;;
 ;02:54:30;3.301;0.481;325.6;33.5;;;;;;;;;;;;;;;;;;
 ;02:54:31;3.303;0.475;325.7;33.5;;;;;;;;;;;;;;;;;;
 ;02:54:32;3.303;0.476;325.8;33.5;;;;;;;;;;;;;;;;;;
 ;02:54:33;3.301;0.481;326.0;33.5;;;;;;;;;;;;;;;;;;
 ;02:54:34;3.301;0.477;326.1;33.5;;;;;;;;;;;;;;;;;;
 ;02:54:35;3.303;0.473;326.2;33.5;;;;;;;;;;;;;;;;;;
 ;02:54:36;3.301;0.478;326.4;33.5;;;;;;;;;;;;;;;;;;
 ;02:54:37;3.301;0.478;326.5;33.5;;;;;;;;;;;;;;;;;;
 ;02:54:38;3.304;0.470;326.6;33.5;;;;;;;;;;;;;;;;;;
 ;02:54:39;3.303;0.472;326.7;33.5;;;;;;;;;;;;;;;;;;
 ;02:54:40;3.301;0.478;326.9;33.5;;;;;;;;;;;;;;;;;;
 ;02:54:41;3.300;0.479;327.0;33.5;;;;;;;;;;;;;;;;;;
 ;02:54:42;3.303;0.471;327.1;33.5;;;;;;;;;;;;;;;;;;
 ;02:54:43;3.304;0.470;327.3;33.5;;;;;;;;;;;;;;;;;;
 ;02:54:44;3.301;0.475;327.4;33.5;;;;;;;;;;;;;;;;;;
 ;02:54:45;3.300;0.477;327.5;33.5;;;;;;;;;;;;;;;;;;
 ;02:54:46;3.302;0.471;327.7;33.5;;;;;;;;;;;;;;;;;;
 ;02:54:47;3.303;0.470;327.8;33.5;;;;;;;;;;;;;;;;;;
 ;02:54:48;3.301;0.475;327.9;33.5;;;;;;;;;;;;;;;;;;
 ;02:54:49;3.301;0.474;328.1;33.5;;;;;;;;;;;;;;;;;;
 ;02:54:50;3.303;0.467;328.2;33.5;;;;;;;;;;;;;;;;;;
 ;02:54:51;3.302;0.470;328.3;33.5;;;;;;;;;;;;;;;;;;
 ;02:54:52;3.300;0.475;328.5;33.5;;;;;;;;;;;;;;;;;;
 ;02:54:53;3.301;0.471;328.6;33.5;;;;;;;;;;;;;;;;;;
 ;02:54:54;3.304;0.465;328.7;33.5;;;;;;;;;;;;;;;;;;
 ;02:54:55;3.302;0.468;328.8;33.5;;;;;;;;;;;;;;;;;;
 ;02:54:56;3.301;0.474;329.0;33.5;;;;;;;;;;;;;;;;;;
 ;02:54:57;3.300;0.473;329.1;33.5;;;;;;;;;;;;;;;;;;
 ;02:54:58;3.303;0.464;329.2;33.5;;;;;;;;;;;;;;;;;;
 ;02:54:59;3.304;0.464;329.4;33.5;;;;;;;;;;;;;;;;;;
 ;02:55:00;3.302;0.470;329.5;33.5;;;;;;;;;;;;;;;;;;
 ;02:55:01;3.300;0.473;329.6;33.5;;;;;;;;;;;;;;;;;;
 ;02:55:02;3.301;0.469;329.8;33.5;;;;;;;;;;;;;;;;;;
 ;02:55:03;3.303;0.464;329.9;33.5;;;;;;;;;;;;;;;;;;
 ;02:55:04;3.302;0.468;330.0;33.5;;;;;;;;;;;;;;;;;;
 ;02:55:05;3.301;0.470;330.2;33.5;;;;;;;;;;;;;;;;;;
 ;02:55:06;3.303;0.463;330.3;33.5;;;;;;;;;;;;;;;;;;
 ;02:55:07;3.303;0.464;330.4;33.5;;;;;;;;;;;;;;;;;;
 ;02:55:08;3.301;0.469;330.5;33.5;;;;;;;;;;;;;;;;;;
 ;02:55:09;3.301;0.468;330.7;33.5;;;;;;;;;;;;;;;;;;
 ;02:55:10;3.303;0.460;330.8;33.5;;;;;;;;;;;;;;;;;;
 ;02:55:11;3.303;0.462;330.9;33.5;;;;;;;;;;;;;;;;;;
 ;02:55:12;3.301;0.467;331.1;33.5;;;;;;;;;;;;;;;;;;
 ;02:55:13;3.300;0.467;331.2;33.5;;;;;;;;;;;;;;;;;;
 ;02:55:14;3.303;0.460;331.3;33.5;;;;;;;;;;;;;;;;;;
 ;02:55:15;3.303;0.461;331.4;33.5;;;;;;;;;;;;;;;;;;
 ;02:55:16;3.301;0.466;331.6;33.5;;;;;;;;;;;;;;;;;;
 ;02:55:17;3.300;0.466;331.7;33.5;;;;;;;;;;;;;;;;;;
 ;02:55:18;3.303;0.460;331.8;33.5;;;;;;;;;;;;;;;;;;
 ;02:55:19;3.303;0.461;332.0;33.5;;;;;;;;;;;;;;;;;;
 ;02:55:20;3.301;0.466;332.1;33.5;;;;;;;;;;;;;;;;;;
 ;02:55:21;3.301;0.463;332.2;33.5;;;;;;;;;;;;;;;;;;
 ;02:55:22;3.304;0.456;332.3;33.5;;;;;;;;;;;;;;;;;;
 ;02:55:23;3.303;0.459;332.5;33.5;;;;;;;;;;;;;;;;;;
 ;02:55:24;3.301;0.464;332.6;33.5;;;;;;;;;;;;;;;;;;
 ;02:55:25;3.300;0.464;332.7;33.5;;;;;;;;;;;;;;;;;;
 ;02:55:26;3.303;0.456;332.9;33.5;;;;;;;;;;;;;;;;;;
 ;02:55:27;3.303;0.456;333.0;33.5;;;;;;;;;;;;;;;;;;
 ;02:55:28;3.301;0.461;333.1;33.5;;;;;;;;;;;;;;;;;;
 ;02:55:29;3.300;0.462;333.2;33.5;;;;;;;;;;;;;;;;;;
 ;02:55:30;3.303;0.456;333.4;33.5;;;;;;;;;;;;;;;;;;
 ;02:55:31;3.303;0.457;333.5;33.5;;;;;;;;;;;;;;;;;;
 ;02:55:32;3.301;0.462;333.6;33.5;;;;;;;;;;;;;;;;;;
 ;02:55:33;3.301;0.459;333.7;33.5;;;;;;;;;;;;;;;;;;
 ;02:55:34;3.304;0.453;333.9;33.5;;;;;;;;;;;;;;;;;;
 ;02:55:35;3.302;0.456;334.0;33.5;;;;;;;;;;;;;;;;;;
 ;02:55:36;3.300;0.461;334.1;33.5;;;;;;;;;;;;;;;;;;
 ;02:55:37;3.301;0.459;334.3;33.5;;;;;;;;;;;;;;;;;;
 ;02:55:38;3.303;0.453;334.4;33.5;;;;;;;;;;;;;;;;;;
 ;02:55:39;3.302;0.457;334.5;33.5;;;;;;;;;;;;;;;;;;
 ;02:55:40;3.301;0.459;334.6;33.5;;;;;;;;;;;;;;;;;;
 ;02:55:41;3.303;0.451;334.8;33.5;;;;;;;;;;;;;;;;;;
 ;02:55:42;3.304;0.451;334.9;33.5;;;;;;;;;;;;;;;;;;
 ;02:55:43;3.301;0.457;335.0;33.5;;;;;;;;;;;;;;;;;;
 ;02:55:44;3.300;0.459;335.1;33.5;;;;;;;;;;;;;;;;;;
 ;02:55:45;3.302;0.452;335.3;33.5;;;;;;;;;;;;;;;;;;
 ;02:55:46;3.304;0.449;335.4;33.5;;;;;;;;;;;;;;;;;;
 ;02:55:47;3.302;0.454;335.5;33.5;;;;;;;;;;;;;;;;;;
 ;02:55:48;3.300;0.457;335.6;33.5;;;;;;;;;;;;;;;;;;
 ;02:55:49;3.302;0.452;335.8;33.5;;;;;;;;;;;;;;;;;;
 ;02:55:50;3.303;0.449;335.9;33.5;;;;;;;;;;;;;;;;;;
 ;02:55:51;3.301;0.455;336.0;33.5;;;;;;;;;;;;;;;;;;
 ;02:55:52;3.300;0.455;336.1;33.5;;;;;;;;;;;;;;;;;;
 ;02:55:53;3.303;0.448;336.3;33.5;;;;;;;;;;;;;;;;;;
 ;02:55:54;3.303;0.449;336.4;33.5;;;;;;;;;;;;;;;;;;
 ;02:55:55;3.301;0.454;336.5;33.5;;;;;;;;;;;;;;;;;;
 ;02:55:56;3.300;0.455;336.7;33.5;;;;;;;;;;;;;;;;;;
 ;02:55:57;3.302;0.448;336.8;33.5;;;;;;;;;;;;;;;;;;
 ;02:55:58;3.303;0.448;336.9;33.5;;;;;;;;;;;;;;;;;;
 ;02:55:59;3.301;0.453;337.0;33.5;;;;;;;;;;;;;;;;;;
 ;02:56:00;3.301;0.450;337.2;33.5;;;;;;;;;;;;;;;;;;
 ;02:56:01;3.304;0.443;337.3;33.5;;;;;;;;;;;;;;;;;;
 ;02:56:02;3.303;0.446;337.4;33.5;;;;;;;;;;;;;;;;;;
 ;02:56:03;3.301;0.452;337.5;33.5;;;;;;;;;;;;;;;;;;
 ;02:56:04;3.300;0.453;337.7;33.5;;;;;;;;;;;;;;;;;;
 ;02:56:05;3.302;0.446;337.8;33.5;;;;;;;;;;;;;;;;;;
 ;02:56:06;3.304;0.443;337.9;33.5;;;;;;;;;;;;;;;;;;
 ;02:56:07;3.302;0.448;338.0;33.5;;;;;;;;;;;;;;;;;;
 ;02:56:08;3.300;0.452;338.1;33.5;;;;;;;;;;;;;;;;;;
 ;02:56:09;3.301;0.447;338.3;33.5;;;;;;;;;;;;;;;;;;
 ;02:56:10;3.304;0.442;338.4;33.5;;;;;;;;;;;;;;;;;;
 ;02:56:11;3.302;0.446;338.5;33.5;;;;;;;;;;;;;;;;;;
 ;02:56:12;3.300;0.450;338.6;33.5;;;;;;;;;;;;;;;;;;
 ;02:56:13;3.301;0.446;338.8;33.5;;;;;;;;;;;;;;;;;;
 ;02:56:14;3.304;0.440;338.9;33.5;;;;;;;;;;;;;;;;;;
 ;02:56:15;3.303;0.443;339.0;33.5;;;;;;;;;;;;;;;;;;
 ;02:56:16;3.300;0.449;339.1;33.5;;;;;;;;;;;;;;;;;;
 ;02:56:17;3.301;0.447;339.3;33.5;;;;;;;;;;;;;;;;;;
 ;02:56:18;3.304;0.438;339.4;33.5;;;;;;;;;;;;;;;;;;
 ;02:56:19;3.304;0.439;339.5;33.5;;;;;;;;;;;;;;;;;;
 ;02:56:20;3.301;0.445;339.6;33.5;;;;;;;;;;;;;;;;;;
 ;02:56:21;3.300;0.447;339.8;33.5;;;;;;;;;;;;;;;;;;
 ;02:56:22;3.301;0.443;339.9;33.5;;;;;;;;;;;;;;;;;;
 ;02:56:23;3.303;0.439;340.0;33.5;;;;;;;;;;;;;;;;;;
 ;02:56:24;3.301;0.444;340.1;33.5;;;;;;;;;;;;;;;;;;
 ;02:56:25;3.300;0.445;340.2;33.5;;;;;;;;;;;;;;;;;;
 ;02:56:26;3.303;0.438;340.4;33.5;;;;;;;;;;;;;;;;;;
 ;02:56:27;3.302;0.440;340.5;33.5;;;;;;;;;;;;;;;;;;
 ;02:56:28;3.300;0.445;340.6;33.5;;;;;;;;;;;;;;;;;;
 ;02:56:29;3.301;0.442;340.7;33.5;;;;;;;;;;;;;;;;;;
 ;02:56:30;3.304;0.436;340.9;33.5;;;;;;;;;;;;;;;;;;
 ;02:56:31;3.302;0.439;341.0;33.5;;;;;;;;;;;;;;;;;;
 ;02:56:32;3.300;0.444;341.1;33.5;;;;;;;;;;;;;;;;;;
 ;02:56:33;3.301;0.439;341.2;33.5;;;;;;;;;;;;;;;;;;
 ;02:56:34;3.304;0.434;341.3;33.5;;;;;;;;;;;;;;;;;;
 ;02:56:35;3.302;0.438;341.5;33.5;;;;;;;;;;;;;;;;;;
 ;02:56:36;3.300;0.442;341.6;33.5;;;;;;;;;;;;;;;;;;
 ;02:56:37;3.301;0.441;341.7;33.5;;;;;;;;;;;;;;;;;;
 ;02:56:38;3.304;0.433;341.8;33.5;;;;;;;;;;;;;;;;;;
 ;02:56:39;3.304;0.434;342.0;33.5;;;;;;;;;;;;;;;;;;
 ;02:56:40;3.301;0.438;342.1;33.5;;;;;;;;;;;;;;;;;;
 ;02:56:41;3.300;0.441;342.2;33.5;;;;;;;;;;;;;;;;;;
 ;02:56:42;3.302;0.437;342.3;33.5;;;;;;;;;;;;;;;;;;
 ;02:56:43;3.303;0.433;342.4;33.5;;;;;;;;;;;;;;;;;;
 ;02:56:44;3.301;0.437;342.6;33.5;;;;;;;;;;;;;;;;;;
 ;02:56:45;3.300;0.440;342.7;33.5;;;;;;;;;;;;;;;;;;
 ;02:56:46;3.302;0.434;342.8;33.5;;;;;;;;;;;;;;;;;;
 ;02:56:47;3.303;0.433;342.9;33.5;;;;;;;;;;;;;;;;;;
 ;02:56:48;3.301;0.438;343.0;33.5;;;;;;;;;;;;;;;;;;
 ;02:56:49;3.301;0.434;343.2;33.5;;;;;;;;;;;;;;;;;;
 ;02:56:50;3.303;0.430;343.3;33.5;;;;;;;;;;;;;;;;;;
 ;02:56:51;3.302;0.434;343.4;33.5;;;;;;;;;;;;;;;;;;
 ;02:56:52;3.300;0.438;343.5;33.5;;;;;;;;;;;;;;;;;;
 ;02:56:53;3.301;0.433;343.7;33.5;;;;;;;;;;;;;;;;;;
 ;02:56:54;3.304;0.428;343.8;33.5;;;;;;;;;;;;;;;;;;
 ;02:56:55;3.302;0.432;343.9;33.5;;;;;;;;;;;;;;;;;;
 ;02:56:56;3.300;0.436;344.0;33.5;;;;;;;;;;;;;;;;;;
 ;02:56:57;3.301;0.435;344.1;33.5;;;;;;;;;;;;;;;;;;
 ;02:56:58;3.304;0.427;344.3;33.5;;;;;;;;;;;;;;;;;;
 ;02:56:59;3.304;0.428;344.4;33.5;;;;;;;;;;;;;;;;;;
 ;02:57:00;3.301;0.433;344.5;33.5;;;;;;;;;;;;;;;;;;
 ;02:57:01;3.300;0.436;344.6;33.5;;;;;;;;;;;;;;;;;;
 ;02:57:02;3.301;0.431;344.7;33.5;;;;;;;;;;;;;;;;;;
 ;02:57:03;3.303;0.427;344.8;33.5;;;;;;;;;;;;;;;;;;
 ;02:57:04;3.301;0.431;345.0;33.5;;;;;;;;;;;;;;;;;;
 ;02:57:05;3.301;0.433;345.1;33.5;;;;;;;;;;;;;;;;;;
 ;02:57:06;3.303;0.427;345.2;33.5;;;;;;;;;;;;;;;;;;
 ;02:57:07;3.302;0.428;345.3;33.5;;;;;;;;;;;;;;;;;;
 ;02:57:08;3.300;0.433;345.4;33.5;;;;;;;;;;;;;;;;;;
 ;02:57:09;3.301;0.429;345.6;33.5;;;;;;;;;;;;;;;;;;
 ;02:57:10;3.304;0.423;345.7;33.5;;;;;;;;;;;;;;;;;;
 ;02:57:11;3.302;0.426;345.8;33.5;;;;;;;;;;;;;;;;;;
 ;02:57:12;3.300;0.431;345.9;33.5;;;;;;;;;;;;;;;;;;
 ;02:57:13;3.301;0.430;346.0;33.5;;;;;;;;;;;;;;;;;;
 ;02:57:14;3.304;0.422;346.2;33.5;;;;;;;;;;;;;;;;;;
 ;02:57:15;3.303;0.424;346.3;33.5;;;;;;;;;;;;;;;;;;
 ;02:57:16;3.301;0.429;346.4;33.5;;;;;;;;;;;;;;;;;;
 ;02:57:17;3.300;0.430;346.5;33.5;;;;;;;;;;;;;;;;;;
 ;02:57:18;3.303;0.423;346.6;33.5;;;;;;;;;;;;;;;;;;
 ;02:57:19;3.303;0.422;346.8;33.5;;;;;;;;;;;;;;;;;;
 ;02:57:20;3.301;0.427;346.9;33.5;;;;;;;;;;;;;;;;;;
 ;02:57:21;3.300;0.429;347.0;33.5;;;;;;;;;;;;;;;;;;
 ;02:57:22;3.302;0.423;347.1;33.5;;;;;;;;;;;;;;;;;;
 ;02:57:23;3.303;0.422;347.2;33.5;;;;;;;;;;;;;;;;;;
 ;02:57:24;3.301;0.427;347.3;33.5;;;;;;;;;;;;;;;;;;
 ;02:57:25;3.301;0.424;347.5;33.5;;;;;;;;;;;;;;;;;;
 ;02:57:26;3.304;0.418;347.6;33.5;;;;;;;;;;;;;;;;;;
 ;02:57:27;3.302;0.423;347.7;33.5;;;;;;;;;;;;;;;;;;
 ;02:57:28;3.300;0.427;347.8;33.5;;;;;;;;;;;;;;;;;;
 ;02:57:29;3.301;0.425;347.9;33.5;;;;;;;;;;;;;;;;;;
 ;02:57:30;3.304;0.417;348.0;33.5;;;;;;;;;;;;;;;;;;
 ;02:57:31;3.303;0.419;348.2;33.5;;;;;;;;;;;;;;;;;;
 ;02:57:32;3.301;0.424;348.3;33.5;;;;;;;;;;;;;;;;;;
 ;02:57:33;3.300;0.425;348.4;33.5;;;;;;;;;;;;;;;;;;
 ;02:57:34;3.303;0.417;348.5;33.5;;;;;;;;;;;;;;;;;;
 ;02:57:35;3.304;0.415;348.6;33.5;;;;;;;;;;;;;;;;;;
 ;02:57:36;3.302;0.421;348.7;33.5;;;;;;;;;;;;;;;;;;
 ;02:57:37;3.300;0.425;348.9;33.5;;;;;;;;;;;;;;;;;;
 ;02:57:38;3.301;0.422;349.0;33.5;;;;;;;;;;;;;;;;;;
 ;02:57:39;3.303;0.416;349.1;33.5;;;;;;;;;;;;;;;;;;
 ;02:57:40;3.302;0.419;349.2;33.5;;;;;;;;;;;;;;;;;;
 ;02:57:41;3.301;0.422;349.3;33.5;;;;;;;;;;;;;;;;;;
 ;02:57:42;3.303;0.416;349.4;33.5;;;;;;;;;;;;;;;;;;
 ;02:57:43;3.302;0.417;349.6;33.5;;;;;;;;;;;;;;;;;;
 ;02:57:44;3.300;0.421;349.7;33.5;;;;;;;;;;;;;;;;;;
 ;02:57:45;3.301;0.418;349.8;33.5;;;;;;;;;;;;;;;;;;
 ;02:57:46;3.304;0.412;349.9;33.5;;;;;;;;;;;;;;;;;;
 ;02:57:47;3.302;0.415;350.0;33.5;;;;;;;;;;;;;;;;;;
 ;02:57:48;3.300;0.420;350.1;33.5;;;;;;;;;;;;;;;;;;
 ;02:57:49;3.301;0.418;350.3;33.5;;;;;;;;;;;;;;;;;;
 ;02:57:50;3.304;0.411;350.4;33.5;;;;;;;;;;;;;;;;;;
 ;02:57:51;3.303;0.413;350.5;33.5;;;;;;;;;;;;;;;;;;
 ;02:57:52;3.301;0.418;350.6;33.5;;;;;;;;;;;;;;;;;;
 ;02:57:53;3.300;0.418;350.7;33.5;;;;;;;;;;;;;;;;;;
 ;02:57:54;3.303;0.412;350.8;33.5;;;;;;;;;;;;;;;;;;
 ;02:57:55;3.302;0.413;351.0;33.5;;;;;;;;;;;;;;;;;;
 ;02:57:56;3.300;0.418;351.1;33.5;;;;;;;;;;;;;;;;;;
 ;02:57:57;3.302;0.414;351.2;33.5;;;;;;;;;;;;;;;;;;
 ;02:57:58;3.303;0.410;351.3;33.5;;;;;;;;;;;;;;;;;;
 ;02:57:59;3.301;0.415;351.4;33.5;;;;;;;;;;;;;;;;;;
 ;02:58:00;3.300;0.417;351.5;33.5;;;;;;;;;;;;;;;;;;
 ;02:58:01;3.303;0.410;351.6;33.5;;;;;;;;;;;;;;;;;;
 ;02:58:02;3.303;0.408;351.8;33.5;;;;;;;;;;;;;;;;;;
 ;02:58:03;3.301;0.413;351.9;33.5;;;;;;;;;;;;;;;;;;
 ;02:58:04;3.300;0.416;352.0;33.5;;;;;;;;;;;;;;;;;;
 ;02:58:05;3.302;0.409;352.1;33.5;;;;;;;;;;;;;;;;;;
 ;02:58:06;3.303;0.409;352.2;33.5;;;;;;;;;;;;;;;;;;
 ;02:58:07;3.301;0.414;352.3;33.5;;;;;;;;;;;;;;;;;;
 ;02:58:08;3.302;0.410;352.4;33.5;;;;;;;;;;;;;;;;;;
 ;02:58:09;3.304;0.405;352.6;33.5;;;;;;;;;;;;;;;;;;
 ;02:58:10;3.302;0.409;352.7;33.5;;;;;;;;;;;;;;;;;;
 ;02:58:11;3.300;0.413;352.8;33.5;;;;;;;;;;;;;;;;;;
 ;02:58:12;3.301;0.411;352.9;33.5;;;;;;;;;;;;;;;;;;
 ;02:58:13;3.304;0.404;353.0;33.5;;;;;;;;;;;;;;;;;;
 ;02:58:14;3.303;0.406;353.1;33.5;;;;;;;;;;;;;;;;;;
 ;02:58:15;3.301;0.411;353.2;33.5;;;;;;;;;;;;;;;;;;
 ;02:58:16;3.301;0.411;353.4;33.5;;;;;;;;;;;;;;;;;;
 ;02:58:17;3.303;0.405;353.5;33.5;;;;;;;;;;;;;;;;;;
 ;02:58:18;3.302;0.407;353.6;33.5;;;;;;;;;;;;;;;;;;
 ;02:58:19;3.300;0.411;353.7;33.5;;;;;;;;;;;;;;;;;;
 ;02:58:20;3.302;0.406;353.8;33.5;;;;;;;;;;;;;;;;;;
 ;02:58:21;3.304;0.402;353.9;33.5;;;;;;;;;;;;;;;;;;
 ;02:58:22;3.302;0.406;354.0;33.5;;;;;;;;;;;;;;;;;;
 ;02:58:23;3.300;0.410;354.1;33.5;;;;;;;;;;;;;;;;;;
 ;02:58:24;3.302;0.404;354.3;33.5;;;;;;;;;;;;;;;;;;
 ;02:58:25;3.303;0.402;354.4;33.5;;;;;;;;;;;;;;;;;;
 ;02:58:26;3.301;0.407;354.5;33.5;;;;;;;;;;;;;;;;;;
 ;02:58:27;3.301;0.407;354.6;33.5;;;;;;;;;;;;;;;;;;
 ;02:58:28;3.304;0.399;354.7;33.5;;;;;;;;;;;;;;;;;;
 ;02:58:29;3.304;0.399;354.8;33.5;;;;;;;;;;;;;;;;;;
 ;02:58:30;3.302;0.405;354.9;33.5;;;;;;;;;;;;;;;;;;
 ;02:58:31;3.300;0.409;355.0;33.5;;;;;;;;;;;;;;;;;;
 ;02:58:32;3.301;0.404;355.2;33.5;;;;;;;;;;;;;;;;;;
 ;02:58:33;3.304;0.398;355.3;33.5;;;;;;;;;;;;;;;;;;
 ;02:58:34;3.302;0.401;355.4;33.5;;;;;;;;;;;;;;;;;;
 ;02:58:35;3.300;0.406;355.5;33.5;;;;;;;;;;;;;;;;;;
 ;02:58:36;3.301;0.404;355.6;33.5;;;;;;;;;;;;;;;;;;
 ;02:58:37;3.303;0.397;355.7;33.5;;;;;;;;;;;;;;;;;;
 ;02:58:38;3.303;0.399;355.8;33.5;;;;;;;;;;;;;;;;;;
 ;02:58:39;3.301;0.404;355.9;33.5;;;;;;;;;;;;;;;;;;
 ;02:58:40;3.300;0.404;356.0;33.5;;;;;;;;;;;;;;;;;;
 ;02:58:41;3.303;0.397;356.2;33.5;;;;;;;;;;;;;;;;;;
 ;02:58:42;3.303;0.396;356.3;33.5;;;;;;;;;;;;;;;;;;
 ;02:58:43;3.301;0.401;356.4;33.5;;;;;;;;;;;;;;;;;;
 ;02:58:44;3.300;0.404;356.5;33.5;;;;;;;;;;;;;;;;;;
 ;02:58:45;3.302;0.398;356.6;33.5;;;;;;;;;;;;;;;;;;
 ;02:58:46;3.304;0.393;356.7;33.5;;;;;;;;;;;;;;;;;;
 ;02:58:47;3.302;0.397;356.8;33.5;;;;;;;;;;;;;;;;;;
 ;02:58:48;3.300;0.402;356.9;33.5;;;;;;;;;;;;;;;;;;
 ;02:58:49;3.300;0.402;357.0;33.5;;;;;;;;;;;;;;;;;;
 ;02:58:50;3.303;0.395;357.2;33.5;;;;;;;;;;;;;;;;;;
 ;02:58:51;3.302;0.396;357.3;33.5;;;;;;;;;;;;;;;;;;
 ;02:58:52;3.301;0.400;357.4;33.5;;;;;;;;;;;;;;;;;;
 ;02:58:53;3.302;0.395;357.5;33.5;;;;;;;;;;;;;;;;;;
 ;02:58:54;3.303;0.393;357.6;33.5;;;;;;;;;;;;;;;;;;
 ;02:58:55;3.301;0.398;357.7;33.5;;;;;;;;;;;;;;;;;;
 ;02:58:56;3.301;0.397;357.8;33.5;;;;;;;;;;;;;;;;;;
 ;02:58:57;3.303;0.391;357.9;33.5;;;;;;;;;;;;;;;;;;
 ;02:58:58;3.302;0.394;358.0;33.5;;;;;;;;;;;;;;;;;;
 ;02:58:59;3.300;0.399;358.1;33.5;;;;;;;;;;;;;;;;;;
 ;02:59:00;3.302;0.394;358.3;33.4;;;;;;;;;;;;;;;;;;
 ;02:59:01;3.304;0.389;358.4;33.4;;;;;;;;;;;;;;;;;;
 ;02:59:02;3.302;0.392;358.5;33.4;;;;;;;;;;;;;;;;;;
 ;02:59:03;3.300;0.397;358.6;33.4;;;;;;;;;;;;;;;;;;
 ;02:59:04;3.301;0.395;358.7;33.4;;;;;;;;;;;;;;;;;;
 ;02:59:05;3.303;0.389;358.8;33.4;;;;;;;;;;;;;;;;;;
 ;02:59:06;3.302;0.392;358.9;33.4;;;;;;;;;;;;;;;;;;
 ;02:59:07;3.300;0.396;359.0;33.4;;;;;;;;;;;;;;;;;;
 ;02:59:08;3.303;0.389;359.1;33.4;;;;;;;;;;;;;;;;;;
 ;02:59:09;3.303;0.389;359.2;33.4;;;;;;;;;;;;;;;;;;
 ;02:59:10;3.301;0.394;359.3;33.4;;;;;;;;;;;;;;;;;;
 ;02:59:11;3.300;0.394;359.5;33.4;;;;;;;;;;;;;;;;;;
 ;02:59:12;3.303;0.386;359.6;33.4;;;;;;;;;;;;;;;;;;
 ;02:59:13;3.303;0.387;359.7;33.4;;;;;;;;;;;;;;;;;;
 ;02:59:14;3.301;0.393;359.8;33.4;;;;;;;;;;;;;;;;;;
 ;02:59:15;3.301;0.391;359.9;33.4;;;;;;;;;;;;;;;;;;
 ;02:59:16;3.304;0.384;360.0;33.4;;;;;;;;;;;;;;;;;;
 ;02:59:17;3.303;0.386;360.1;33.4;;;;;;;;;;;;;;;;;;
 ;02:59:18;3.301;0.391;360.2;33.4;;;;;;;;;;;;;;;;;;
 ;02:59:19;3.300;0.392;360.3;33.4;;;;;;;;;;;;;;;;;;
 ;02:59:20;3.303;0.384;360.4;33.4;;;;;;;;;;;;;;;;;;
 ;02:59:21;3.304;0.382;360.5;33.4;;;;;;;;;;;;;;;;;;
 ;02:59:22;3.302;0.387;360.6;33.4;;;;;;;;;;;;;;;;;;
 ;02:59:23;3.300;0.392;360.8;33.4;;;;;;;;;;;;;;;;;;
 ;02:59:24;3.301;0.389;360.9;33.4;;;;;;;;;;;;;;;;;;
 ;02:59:25;3.304;0.381;361.0;33.4;;;;;;;;;;;;;;;;;;
 ;02:59:26;3.303;0.383;361.1;33.4;;;;;;;;;;;;;;;;;;
 ;02:59:27;3.301;0.388;361.2;33.4;;;;;;;;;;;;;;;;;;
 ;02:59:28;3.301;0.388;361.3;33.4;;;;;;;;;;;;;;;;;;
 ;02:59:29;3.303;0.381;361.4;33.4;;;;;;;;;;;;;;;;;;
 ;02:59:30;3.302;0.383;361.5;33.4;;;;;;;;;;;;;;;;;;
 ;02:59:31;3.300;0.388;361.6;33.4;;;;;;;;;;;;;;;;;;
 ;02:59:32;3.301;0.385;361.7;33.4;;;;;;;;;;;;;;;;;;
 ;02:59:33;3.303;0.379;361.8;33.4;;;;;;;;;;;;;;;;;;
 ;02:59:34;3.302;0.382;361.9;33.4;;;;;;;;;;;;;;;;;;
 ;02:59:35;3.300;0.387;362.0;33.4;;;;;;;;;;;;;;;;;;
 ;02:59:36;3.301;0.384;362.1;33.4;;;;;;;;;;;;;;;;;;
 ;02:59:37;3.304;0.377;362.2;33.3;;;;;;;;;;;;;;;;;;
 ;02:59:38;3.303;0.380;362.4;33.3;;;;;;;;;;;;;;;;;;
 ;02:59:39;3.300;0.385;362.5;33.3;;;;;;;;;;;;;;;;;;
 ;02:59:40;3.300;0.384;362.6;33.3;;;;;;;;;;;;;;;;;;
 ;02:59:41;3.303;0.376;362.7;33.3;;;;;;;;;;;;;;;;;;
 ;02:59:42;3.303;0.377;362.8;33.3;;;;;;;;;;;;;;;;;;
 ;02:59:43;3.301;0.383;362.9;33.3;;;;;;;;;;;;;;;;;;
 ;02:59:44;3.300;0.382;363.0;33.3;;;;;;;;;;;;;;;;;;
 ;02:59:45;3.303;0.375;363.1;33.3;;;;;;;;;;;;;;;;;;
 ;02:59:46;3.303;0.375;363.2;33.3;;;;;;;;;;;;;;;;;;
 ;02:59:47;3.301;0.380;363.3;33.3;;;;;;;;;;;;;;;;;;
 ;02:59:48;3.300;0.381;363.4;33.3;;;;;;;;;;;;;;;;;;
 ;02:59:49;3.303;0.375;363.5;33.3;;;;;;;;;;;;;;;;;;
 ;02:59:50;3.303;0.375;363.6;33.3;;;;;;;;;;;;;;;;;;
 ;02:59:51;3.300;0.381;363.7;33.3;;;;;;;;;;;;;;;;;;
 ;02:59:52;3.301;0.378;363.8;33.3;;;;;;;;;;;;;;;;;;
 ;02:59:53;3.303;0.371;363.9;33.3;;;;;;;;;;;;;;;;;;
 ;02:59:54;3.302;0.375;364.0;33.3;;;;;;;;;;;;;;;;;;
 ;02:59:55;3.300;0.380;364.1;33.3;;;;;;;;;;;;;;;;;;
 ;02:59:56;3.302;0.375;364.2;33.3;;;;;;;;;;;;;;;;;;
 ;02:59:57;3.304;0.369;364.3;33.3;;;;;;;;;;;;;;;;;;
 ;02:59:58;3.302;0.373;364.5;33.3;;;;;;;;;;;;;;;;;;
 ;02:59:59;3.300;0.378;364.6;33.3;;;;;;;;;;;;;;;;;;
 ;03:00:00;3.301;0.375;364.7;33.3;;;;;;;;;;;;;;;;;;
 ;03:00:01;3.304;0.369;364.8;33.3;;;;;;;;;;;;;;;;;;
 ;03:00:02;3.302;0.372;364.9;33.3;;;;;;;;;;;;;;;;;;
 ;03:00:03;3.300;0.376;365.0;33.3;;;;;;;;;;;;;;;;;;
 ;03:00:04;3.301;0.374;365.1;33.3;;;;;;;;;;;;;;;;;;
 ;03:00:05;3.304;0.367;365.2;33.3;;;;;;;;;;;;;;;;;;
 ;03:00:06;3.303;0.369;365.3;33.3;;;;;;;;;;;;;;;;;;
 ;03:00:07;3.301;0.374;365.4;33.3;;;;;;;;;;;;;;;;;;
 ;03:00:08;3.300;0.375;365.5;33.3;;;;;;;;;;;;;;;;;;
 ;03:00:09;3.303;0.367;365.6;33.3;;;;;;;;;;;;;;;;;;
 ;03:00:10;3.304;0.365;365.7;33.3;;;;;;;;;;;;;;;;;;
 ;03:00:11;3.302;0.370;365.8;33.3;;;;;;;;;;;;;;;;;;
 ;03:00:12;3.300;0.374;365.9;33.3;;;;;;;;;;;;;;;;;;
 ;03:00:13;3.301;0.371;366.0;33.2;;;;;;;;;;;;;;;;;;
 ;03:00:14;3.304;0.364;366.1;33.2;;;;;;;;;;;;;;;;;;
 ;03:00:15;3.303;0.366;366.2;33.2;;;;;;;;;;;;;;;;;;
 ;03:00:16;3.301;0.371;366.3;33.2;;;;;;;;;;;;;;;;;;
 ;03:00:17;3.300;0.372;366.4;33.2;;;;;;;;;;;;;;;;;;
 ;03:00:18;3.303;0.364;366.5;33.2;;;;;;;;;;;;;;;;;;
 ;03:00:19;3.304;0.362;366.6;33.2;;;;;;;;;;;;;;;;;;
 ;03:00:20;3.302;0.367;366.7;33.2;;;;;;;;;;;;;;;;;;
 ;03:00:21;3.300;0.371;366.8;33.2;;;;;;;;;;;;;;;;;;
 ;03:00:22;3.301;0.368;366.9;33.2;;;;;;;;;;;;;;;;;;
 ;03:00:23;3.304;0.361;367.0;33.2;;;;;;;;;;;;;;;;;;
 ;03:00:24;3.303;0.363;367.1;33.2;;;;;;;;;;;;;;;;;;
 ;03:00:25;3.301;0.368;367.2;33.2;;;;;;;;;;;;;;;;;;
 ;03:00:26;3.300;0.369;367.3;33.2;;;;;;;;;;;;;;;;;;
 ;03:00:27;3.303;0.361;367.4;33.2;;;;;;;;;;;;;;;;;;
 ;03:00:28;3.303;0.361;367.5;33.2;;;;;;;;;;;;;;;;;;
 ;03:00:29;3.301;0.366;367.6;33.2;;;;;;;;;;;;;;;;;;
 ;03:00:30;3.300;0.368;367.7;33.2;;;;;;;;;;;;;;;;;;
 ;03:00:31;3.303;0.361;367.8;33.2;;;;;;;;;;;;;;;;;;
 ;03:00:32;3.303;0.360;367.9;33.2;;;;;;;;;;;;;;;;;;
 ;03:00:33;3.301;0.366;368.0;33.2;;;;;;;;;;;;;;;;;;
 ;03:00:34;3.301;0.364;368.1;33.2;;;;;;;;;;;;;;;;;;
 ;03:00:35;3.304;0.357;368.2;33.2;;;;;;;;;;;;;;;;;;
 ;03:00:36;3.303;0.359;368.3;33.2;;;;;;;;;;;;;;;;;;
 ;03:00:37;3.301;0.365;368.4;33.2;;;;;;;;;;;;;;;;;;
 ;03:00:38;3.300;0.365;368.5;33.2;;;;;;;;;;;;;;;;;;
 ;03:00:39;3.303;0.357;368.6;33.2;;;;;;;;;;;;;;;;;;
 ;03:00:40;3.303;0.357;368.7;33.2;;;;;;;;;;;;;;;;;;
 ;03:00:41;3.301;0.362;368.8;33.2;;;;;;;;;;;;;;;;;;
 ;03:00:42;3.300;0.364;368.9;33.2;;;;;;;;;;;;;;;;;;
 ;03:00:43;3.303;0.357;369.0;33.2;;;;;;;;;;;;;;;;;;
 ;03:00:44;3.303;0.358;369.1;33.2;;;;;;;;;;;;;;;;;;
 ;03:00:45;3.300;0.362;369.2;33.2;;;;;;;;;;;;;;;;;;
 ;03:00:46;3.301;0.360;369.3;33.2;;;;;;;;;;;;;;;;;;
 ;03:00:47;3.304;0.353;369.4;33.2;;;;;;;;;;;;;;;;;;
 ;03:00:48;3.302;0.357;369.5;33.2;;;;;;;;;;;;;;;;;;
 ;03:00:49;3.300;0.362;369.6;33.2;;;;;;;;;;;;;;;;;;
 ;03:00:50;3.301;0.360;369.7;33.2;;;;;;;;;;;;;;;;;;
 ;03:00:51;3.304;0.352;369.8;33.2;;;;;;;;;;;;;;;;;;
 ;03:00:52;3.303;0.353;369.9;33.2;;;;;;;;;;;;;;;;;;
 ;03:00:53;3.301;0.359;370.0;33.2;;;;;;;;;;;;;;;;;;
 ;03:00:54;3.300;0.360;370.1;33.2;;;;;;;;;;;;;;;;;;
 ;03:00:55;3.303;0.352;370.2;33.2;;;;;;;;;;;;;;;;;;
 ;03:00:56;3.303;0.351;370.3;33.2;;;;;;;;;;;;;;;;;;
 ;03:00:57;3.301;0.357;370.4;33.2;;;;;;;;;;;;;;;;;;
 ;03:00:58;3.300;0.359;370.5;33.2;;;;;;;;;;;;;;;;;;
 ;03:00:59;3.302;0.353;370.6;33.2;;;;;;;;;;;;;;;;;;
 ;03:01:00;3.304;0.350;370.7;33.2;;;;;;;;;;;;;;;;;;
 ;03:01:01;3.302;0.355;370.8;33.2;;;;;;;;;;;;;;;;;;
 ;03:01:02;3.300;0.358;370.9;33.2;;;;;;;;;;;;;;;;;;
 ;03:01:03;3.302;0.353;371.0;33.2;;;;;;;;;;;;;;;;;;
 ;03:01:04;3.304;0.347;371.1;33.2;;;;;;;;;;;;;;;;;;
 ;03:01:05;3.302;0.351;371.2;33.2;;;;;;;;;;;;;;;;;;
 ;03:01:06;3.300;0.356;371.3;33.2;;;;;;;;;;;;;;;;;;
 ;03:01:07;3.301;0.354;371.4;33.2;;;;;;;;;;;;;;;;;;
 ;03:01:08;3.304;0.347;371.5;33.2;;;;;;;;;;;;;;;;;;
 ;03:01:09;3.304;0.348;371.6;33.2;;;;;;;;;;;;;;;;;;
 ;03:01:10;3.301;0.353;371.7;33.2;;;;;;;;;;;;;;;;;;
 ;03:01:11;3.300;0.356;371.8;33.2;;;;;;;;;;;;;;;;;;
 ;03:01:12;3.302;0.350;371.9;33.2;;;;;;;;;;;;;;;;;;
 ;03:01:13;3.303;0.347;372.0;33.2;;;;;;;;;;;;;;;;;;
 ;03:01:14;3.301;0.351;372.1;33.2;;;;;;;;;;;;;;;;;;
 ;03:01:15;3.300;0.354;372.2;33.2;;;;;;;;;;;;;;;;;;
 ;03:01:16;3.303;0.346;372.3;33.2;;;;;;;;;;;;;;;;;;
 ;03:01:17;3.304;0.344;372.4;33.2;;;;;;;;;;;;;;;;;;
 ;03:01:18;3.302;0.349;372.5;33.2;;;;;;;;;;;;;;;;;;
 ;03:01:19;3.300;0.353;372.6;33.2;;;;;;;;;;;;;;;;;;
 ;03:01:20;3.301;0.349;372.7;33.2;;;;;;;;;;;;;;;;;;
 ;03:01:21;3.304;0.343;372.8;33.2;;;;;;;;;;;;;;;;;;
 ;03:01:22;3.302;0.346;372.9;33.2;;;;;;;;;;;;;;;;;;
 ;03:01:23;3.300;0.350;373.0;33.2;;;;;;;;;;;;;;;;;;
 ;03:01:24;3.301;0.348;373.1;33.2;;;;;;;;;;;;;;;;;;
 ;03:01:25;3.303;0.343;373.2;33.2;;;;;;;;;;;;;;;;;;
 ;03:01:26;3.302;0.347;373.3;33.2;;;;;;;;;;;;;;;;;;
 ;03:01:27;3.300;0.350;373.3;33.2;;;;;;;;;;;;;;;;;;
 ;03:01:28;3.302;0.344;373.4;33.2;;;;;;;;;;;;;;;;;;
 ;03:01:29;3.304;0.341;373.5;33.2;;;;;;;;;;;;;;;;;;
 ;03:01:30;3.302;0.346;373.6;33.2;;;;;;;;;;;;;;;;;;
 ;03:01:31;3.300;0.350;373.7;33.2;;;;;;;;;;;;;;;;;;
 ;03:01:32;3.302;0.344;373.8;33.2;;;;;;;;;;;;;;;;;;
 ;03:01:33;3.304;0.339;373.9;33.2;;;;;;;;;;;;;;;;;;
 ;03:01:34;3.302;0.343;374.0;33.2;;;;;;;;;;;;;;;;;;
 ;03:01:35;3.300;0.347;374.1;33.2;;;;;;;;;;;;;;;;;;
 ;03:01:36;3.301;0.345;374.2;33.2;;;;;;;;;;;;;;;;;;
 ;03:01:37;3.304;0.337;374.3;33.2;;;;;;;;;;;;;;;;;;
 ;03:01:38;3.304;0.339;374.4;33.2;;;;;;;;;;;;;;;;;;
 ;03:01:39;3.301;0.344;374.5;33.2;;;;;;;;;;;;;;;;;;
 ;03:01:40;3.300;0.346;374.6;33.2;;;;;;;;;;;;;;;;;;
 ;03:01:41;3.302;0.342;374.7;33.2;;;;;;;;;;;;;;;;;;
 ;03:01:42;3.303;0.338;374.8;33.2;;;;;;;;;;;;;;;;;;
 ;03:01:43;3.301;0.343;374.9;33.2;;;;;;;;;;;;;;;;;;
 ;03:01:44;3.301;0.344;375.0;33.2;;;;;;;;;;;;;;;;;;
 ;03:01:45;3.303;0.337;375.1;33.2;;;;;;;;;;;;;;;;;;
 ;03:01:46;3.302;0.339;375.2;33.2;;;;;;;;;;;;;;;;;;
 ;03:01:47;3.300;0.344;375.3;33.2;;;;;;;;;;;;;;;;;;
 ;03:01:48;3.301;0.341;375.3;33.2;;;;;;;;;;;;;;;;;;
 ;03:01:49;3.304;0.333;375.4;33.2;;;;;;;;;;;;;;;;;;
 ;03:01:50;3.303;0.335;375.5;33.2;;;;;;;;;;;;;;;;;;
 ;03:01:51;3.301;0.341;375.6;33.2;;;;;;;;;;;;;;;;;;
 ;03:01:52;3.300;0.344;375.7;33.2;;;;;;;;;;;;;;;;;;
 ;03:01:53;3.301;0.339;375.8;33.1;;;;;;;;;;;;;;;;;;
 ;03:01:54;3.304;0.332;375.9;33.1;;;;;;;;;;;;;;;;;;
 ;03:01:55;3.302;0.336;376.0;33.1;;;;;;;;;;;;;;;;;;
 ;03:01:56;3.300;0.341;376.1;33.1;;;;;;;;;;;;;;;;;;
 ;03:01:57;3.301;0.339;376.2;33.1;;;;;;;;;;;;;;;;;;
 ;03:01:58;3.303;0.332;376.3;33.1;;;;;;;;;;;;;;;;;;
 ;03:01:59;3.303;0.334;376.4;33.1;;;;;;;;;;;;;;;;;;
 ;03:02:00;3.301;0.339;376.5;33.1;;;;;;;;;;;;;;;;;;
 ;03:02:01;3.300;0.339;376.6;33.1;;;;;;;;;;;;;;;;;;
 ;03:02:02;3.303;0.331;376.7;33.1;;;;;;;;;;;;;;;;;;
 ;03:02:03;3.304;0.330;376.8;33.1;;;;;;;;;;;;;;;;;;
 ;03:02:04;3.301;0.336;376.8;33.1;;;;;;;;;;;;;;;;;;
 ;03:02:05;3.300;0.339;376.9;33.1;;;;;;;;;;;;;;;;;;
 ;03:02:06;3.303;0.332;377.0;33.1;;;;;;;;;;;;;;;;;;
 ;03:02:07;3.304;0.329;377.1;33.1;;;;;;;;;;;;;;;;;;
 ;03:02:08;3.302;0.334;377.2;33.1;;;;;;;;;;;;;;;;;;
 ;03:02:09;3.300;0.337;377.3;33.1;;;;;;;;;;;;;;;;;;
 ;03:02:10;3.302;0.332;377.4;33.1;;;;;;;;;;;;;;;;;;
 ;03:02:11;3.303;0.329;377.5;33.1;;;;;;;;;;;;;;;;;;
 ;03:02:12;3.301;0.334;377.6;33.1;;;;;;;;;;;;;;;;;;
 ;03:02:13;3.300;0.335;377.7;33.1;;;;;;;;;;;;;;;;;;
 ;03:02:14;3.303;0.329;377.8;33.1;;;;;;;;;;;;;;;;;;
 ;03:02:15;3.303;0.329;377.9;33.1;;;;;;;;;;;;;;;;;;
 ;03:02:16;3.301;0.334;378.0;33.1;;;;;;;;;;;;;;;;;;
 ;03:02:17;3.301;0.333;378.0;33.1;;;;;;;;;;;;;;;;;;
 ;03:02:18;3.304;0.325;378.1;33.1;;;;;;;;;;;;;;;;;;
 ;03:02:19;3.304;0.325;378.2;33.1;;;;;;;;;;;;;;;;;;
 ;03:02:20;3.302;0.330;378.3;33.1;;;;;;;;;;;;;;;;;;
 ;03:02:21;3.300;0.335;378.4;33.1;;;;;;;;;;;;;;;;;;
 ;03:02:22;3.301;0.330;378.5;33.1;;;;;;;;;;;;;;;;;;
 ;03:02:23;3.304;0.323;378.6;33.1;;;;;;;;;;;;;;;;;;
 ;03:02:24;3.302;0.327;378.7;33.1;;;;;;;;;;;;;;;;;;
 ;03:02:25;3.300;0.332;378.8;33.1;;;;;;;;;;;;;;;;;;
 ;03:02:26;3.301;0.330;378.9;33.1;;;;;;;;;;;;;;;;;;
 ;03:02:27;3.303;0.323;379.0;33.1;;;;;;;;;;;;;;;;;;
 ;03:02:28;3.303;0.325;379.1;33.1;;;;;;;;;;;;;;;;;;
 ;03:02:29;3.301;0.330;379.1;33.1;;;;;;;;;;;;;;;;;;
 ;03:02:30;3.300;0.330;379.2;33.1;;;;;;;;;;;;;;;;;;
 ;03:02:31;3.303;0.323;379.3;33.1;;;;;;;;;;;;;;;;;;
 ;03:02:32;3.304;0.322;379.4;33.1;;;;;;;;;;;;;;;;;;
 ;03:02:33;3.301;0.327;379.5;33.1;;;;;;;;;;;;;;;;;;
 ;03:02:34;3.300;0.330;379.6;33.1;;;;;;;;;;;;;;;;;;
 ;03:02:35;3.302;0.325;379.7;33.1;;;;;;;;;;;;;;;;;;
 ;03:02:36;3.304;0.319;379.8;33.1;;;;;;;;;;;;;;;;;;
 ;03:02:37;3.303;0.322;379.9;33.1;;;;;;;;;;;;;;;;;;
 ;03:02:38;3.301;0.327;380.0;33.1;;;;;;;;;;;;;;;;;;
 ;03:02:39;3.300;0.329;380.0;33.1;;;;;;;;;;;;;;;;;;
 ;03:02:40;3.302;0.322;380.1;33.1;;;;;;;;;;;;;;;;;;
 ;03:02:41;3.304;0.319;380.2;33.1;;;;;;;;;;;;;;;;;;
 ;03:02:42;3.302;0.324;380.3;33.1;;;;;;;;;;;;;;;;;;
 ;03:02:43;3.300;0.327;380.4;33.1;;;;;;;;;;;;;;;;;;
 ;03:02:44;3.302;0.321;380.5;33.1;;;;;;;;;;;;;;;;;;
 ;03:02:45;3.304;0.317;380.6;33.1;;;;;;;;;;;;;;;;;;
 ;03:02:46;3.302;0.321;380.7;33.1;;;;;;;;;;;;;;;;;;
 ;03:02:47;3.300;0.326;380.8;33.1;;;;;;;;;;;;;;;;;;
 ;03:02:48;3.301;0.323;380.9;33.1;;;;;;;;;;;;;;;;;;
 ;03:02:49;3.304;0.316;380.9;33.1;;;;;;;;;;;;;;;;;;
 ;03:02:50;3.303;0.319;381.0;33.1;;;;;;;;;;;;;;;;;;
 ;03:02:51;3.301;0.324;381.1;33.1;;;;;;;;;;;;;;;;;;
 ;03:02:52;3.301;0.322;381.2;33.1;;;;;;;;;;;;;;;;;;
 ;03:02:53;3.303;0.316;381.3;33.1;;;;;;;;;;;;;;;;;;
 ;03:02:54;3.302;0.319;381.4;33.1;;;;;;;;;;;;;;;;;;
 ;03:02:55;3.300;0.323;381.5;33.1;;;;;;;;;;;;;;;;;;
 ;03:02:56;3.302;0.318;381.6;33.1;;;;;;;;;;;;;;;;;;
 ;03:02:57;3.304;0.314;381.7;33.1;;;;;;;;;;;;;;;;;;
 ;03:02:58;3.302;0.319;381.7;33.1;;;;;;;;;;;;;;;;;;
 ;03:02:59;3.300;0.322;381.8;33.1;;;;;;;;;;;;;;;;;;
 ;03:03:00;3.301;0.318;381.9;33.1;;;;;;;;;;;;;;;;;;
 ;03:03:01;3.304;0.312;382.0;33.1;;;;;;;;;;;;;;;;;;
 ;03:03:02;3.303;0.315;382.1;33.1;;;;;;;;;;;;;;;;;;
 ;03:03:03;3.301;0.320;382.2;33.1;;;;;;;;;;;;;;;;;;
 ;03:03:04;3.300;0.320;382.3;33.1;;;;;;;;;;;;;;;;;;
 ;03:03:05;3.303;0.313;382.4;33.1;;;;;;;;;;;;;;;;;;
 ;03:03:06;3.304;0.311;382.4;33.1;;;;;;;;;;;;;;;;;;
 ;03:03:07;3.301;0.317;382.5;33.1;;;;;;;;;;;;;;;;;;
 ;03:03:08;3.300;0.320;382.6;33.1;;;;;;;;;;;;;;;;;;
 ;03:03:09;3.302;0.314;382.7;33.1;;;;;;;;;;;;;;;;;;
 ;03:03:10;3.304;0.310;382.8;33.1;;;;;;;;;;;;;;;;;;
 ;03:03:11;3.302;0.315;382.9;33.1;;;;;;;;;;;;;;;;;;
 ;03:03:12;3.300;0.319;383.0;33.1;;;;;;;;;;;;;;;;;;
 ;03:03:13;3.301;0.314;383.1;33.1;;;;;;;;;;;;;;;;;;
 ;03:03:14;3.304;0.308;383.1;33.1;;;;;;;;;;;;;;;;;;
 ;03:03:15;3.303;0.311;383.2;33.1;;;;;;;;;;;;;;;;;;
 ;03:03:16;3.301;0.316;383.3;33.1;;;;;;;;;;;;;;;;;;
 ;03:03:17;3.300;0.315;383.4;33.1;;;;;;;;;;;;;;;;;;
 ;03:03:18;3.304;0.307;383.5;33.1;;;;;;;;;;;;;;;;;;
 ;03:03:19;3.304;0.307;383.6;33.1;;;;;;;;;;;;;;;;;;
 ;03:03:20;3.302;0.313;383.7;33.0;;;;;;;;;;;;;;;;;;
 ;03:03:21;3.300;0.315;383.8;33.0;;;;;;;;;;;;;;;;;;
 ;03:03:22;3.301;0.311;383.8;33.0;;;;;;;;;;;;;;;;;;
 ;03:03:23;3.303;0.307;383.9;33.0;;;;;;;;;;;;;;;;;;
 ;03:03:24;3.302;0.312;384.0;33.0;;;;;;;;;;;;;;;;;;
 ;03:03:25;3.300;0.314;384.1;33.0;;;;;;;;;;;;;;;;;;
 ;03:03:26;3.303;0.307;384.2;33.0;;;;;;;;;;;;;;;;;;
 ;03:03:27;3.303;0.306;384.3;33.0;;;;;;;;;;;;;;;;;;
 ;03:03:28;3.301;0.311;384.4;33.0;;;;;;;;;;;;;;;;;;
 ;03:03:29;3.300;0.314;384.4;33.0;;;;;;;;;;;;;;;;;;
 ;03:03:30;3.302;0.307;384.5;33.0;;;;;;;;;;;;;;;;;;
 ;03:03:31;3.304;0.303;384.6;33.0;;;;;;;;;;;;;;;;;;
 ;03:03:32;3.302;0.308;384.7;33.0;;;;;;;;;;;;;;;;;;
 ;03:03:33;3.300;0.312;384.8;33.0;;;;;;;;;;;;;;;;;;
 ;03:03:34;3.301;0.307;384.9;33.0;;;;;;;;;;;;;;;;;;
 ;03:03:35;3.304;0.302;385.0;33.0;;;;;;;;;;;;;;;;;;
 ;03:03:36;3.302;0.306;385.0;33.0;;;;;;;;;;;;;;;;;;
 ;03:03:37;3.300;0.310;385.1;33.0;;;;;;;;;;;;;;;;;;
 ;03:03:38;3.301;0.307;385.2;33.0;;;;;;;;;;;;;;;;;;
 ;03:03:39;3.303;0.301;385.3;33.0;;;;;;;;;;;;;;;;;;
 ;03:03:40;3.303;0.304;385.4;33.0;;;;;;;;;;;;;;;;;;
 ;03:03:41;3.300;0.309;385.5;33.0;;;;;;;;;;;;;;;;;;
 ;03:03:42;3.301;0.307;385.6;33.0;;;;;;;;;;;;;;;;;;
 ;03:03:43;3.304;0.299;385.6;33.0;;;;;;;;;;;;;;;;;;
 ;03:03:44;3.303;0.301;385.7;33.0;;;;;;;;;;;;;;;;;;
 ;03:03:45;3.301;0.307;385.8;33.0;;;;;;;;;;;;;;;;;;
 ;03:03:46;3.300;0.309;385.9;33.0;;;;;;;;;;;;;;;;;;
 ;03:03:47;3.302;0.302;386.0;33.0;;;;;;;;;;;;;;;;;;
 ;03:03:48;3.304;0.298;386.1;33.0;;;;;;;;;;;;;;;;;;
 ;03:03:49;3.302;0.303;386.1;33.0;;;;;;;;;;;;;;;;;;
 ;03:03:50;3.300;0.307;386.2;33.0;;;;;;;;;;;;;;;;;;
 ;03:03:51;3.301;0.303;386.3;33.0;;;;;;;;;;;;;;;;;;
 ;03:03:52;3.304;0.297;386.4;33.0;;;;;;;;;;;;;;;;;;
 ;03:03:53;3.303;0.300;386.5;33.0;;;;;;;;;;;;;;;;;;
 ;03:03:54;3.300;0.305;386.6;33.0;;;;;;;;;;;;;;;;;;
 ;03:03:55;3.301;0.303;386.6;33.0;;;;;;;;;;;;;;;;;;
 ;03:03:56;3.303;0.297;386.7;33.0;;;;;;;;;;;;;;;;;;
 ;03:03:57;3.302;0.300;386.8;33.0;;;;;;;;;;;;;;;;;;
 ;03:03:58;3.300;0.304;386.9;33.0;;;;;;;;;;;;;;;;;;
 ;03:03:59;3.301;0.300;387.0;33.0;;;;;;;;;;;;;;;;;;
 ;03:04:00;3.304;0.294;387.1;33.0;;;;;;;;;;;;;;;;;;
 ;03:04:01;3.303;0.298;387.1;33.0;;;;;;;;;;;;;;;;;;
 ;03:04:02;3.300;0.303;387.2;33.0;;;;;;;;;;;;;;;;;;
 ;03:04:03;3.300;0.302;387.3;33.0;;;;;;;;;;;;;;;;;;
 ;03:04:04;3.303;0.294;387.4;33.0;;;;;;;;;;;;;;;;;;
 ;03:04:05;3.303;0.295;387.5;33.0;;;;;;;;;;;;;;;;;;
 ;03:04:06;3.301;0.300;387.6;33.0;;;;;;;;;;;;;;;;;;
 ;03:04:07;3.300;0.300;387.6;33.0;;;;;;;;;;;;;;;;;;
 ;03:04:08;3.303;0.294;387.7;33.0;;;;;;;;;;;;;;;;;;
 ;03:04:09;3.303;0.293;387.8;33.0;;;;;;;;;;;;;;;;;;
 ;03:04:10;3.301;0.299;387.9;33.0;;;;;;;;;;;;;;;;;;
 ;03:04:11;3.300;0.300;388.0;33.0;;;;;;;;;;;;;;;;;;
 ;03:04:12;3.303;0.293;388.1;33.0;;;;;;;;;;;;;;;;;;
 ;03:04:13;3.303;0.293;388.1;33.0;;;;;;;;;;;;;;;;;;
 ;03:04:14;3.301;0.299;388.2;33.0;;;;;;;;;;;;;;;;;;
 ;03:04:15;3.301;0.297;388.3;33.0;;;;;;;;;;;;;;;;;;
 ;03:04:16;3.304;0.289;388.4;33.0;;;;;;;;;;;;;;;;;;
 ;03:04:17;3.303;0.291;388.5;33.0;;;;;;;;;;;;;;;;;;
 ;03:04:18;3.301;0.297;388.5;33.0;;;;;;;;;;;;;;;;;;
 ;03:04:19;3.300;0.299;388.6;33.0;;;;;;;;;;;;;;;;;;
 ;03:04:20;3.302;0.293;388.7;33.0;;;;;;;;;;;;;;;;;;
 ;03:04:21;3.304;0.288;388.8;33.0;;;;;;;;;;;;;;;;;;
 ;03:04:22;3.302;0.292;388.9;33.0;;;;;;;;;;;;;;;;;;
 ;03:04:23;3.300;0.297;389.0;33.0;;;;;;;;;;;;;;;;;;
 ;03:04:24;3.301;0.292;389.0;33.0;;;;;;;;;;;;;;;;;;
 ;03:04:25;3.303;0.288;389.1;33.0;;;;;;;;;;;;;;;;;;
 ;03:04:26;3.302;0.293;389.2;33.0;;;;;;;;;;;;;;;;;;
 ;03:04:27;3.300;0.294;389.3;33.0;;;;;;;;;;;;;;;;;;
 ;03:04:28;3.303;0.288;389.4;33.0;;;;;;;;;;;;;;;;;;
 ;03:04:29;3.304;0.287;389.4;33.0;;;;;;;;;;;;;;;;;;
 ;03:04:30;3.301;0.292;389.5;33.0;;;;;;;;;;;;;;;;;;
 ;03:04:31;3.300;0.295;389.6;33.0;;;;;;;;;;;;;;;;;;
 ;03:04:32;3.302;0.288;389.7;33.0;;;;;;;;;;;;;;;;;;
 ;03:04:33;3.303;0.287;389.8;33.0;;;;;;;;;;;;;;;;;;
 ;03:04:34;3.301;0.292;389.8;33.0;;;;;;;;;;;;;;;;;;
 ;03:04:35;3.300;0.293;389.9;33.0;;;;;;;;;;;;;;;;;;
 ;03:04:36;3.303;0.284;390.0;33.0;;;;;;;;;;;;;;;;;;
 ;03:04:37;3.304;0.284;390.1;33.0;;;;;;;;;;;;;;;;;;
 ;03:04:38;3.301;0.290;390.2;33.0;;;;;;;;;;;;;;;;;;
 ;03:04:39;3.300;0.293;390.2;33.0;;;;;;;;;;;;;;;;;;
 ;03:04:40;3.302;0.287;390.3;33.0;;;;;;;;;;;;;;;;;;
 ;03:04:41;3.304;0.282;390.4;33.0;;;;;;;;;;;;;;;;;;
 ;03:04:42;3.302;0.286;390.5;33.0;;;;;;;;;;;;;;;;;;
 ;03:04:43;3.300;0.290;390.6;33.0;;;;;;;;;;;;;;;;;;
 ;03:04:44;3.301;0.286;390.6;33.0;;;;;;;;;;;;;;;;;;
 ;03:04:45;3.303;0.282;390.7;33.0;;;;;;;;;;;;;;;;;;
 ;03:04:46;3.302;0.287;390.8;33.0;;;;;;;;;;;;;;;;;;
 ;03:04:47;3.300;0.289;390.9;33.0;;;;;;;;;;;;;;;;;;
 ;03:04:48;3.303;0.282;391.0;33.0;;;;;;;;;;;;;;;;;;
 ;03:04:49;3.304;0.281;391.0;33.0;;;;;;;;;;;;;;;;;;
 ;03:04:50;3.301;0.286;391.1;33.0;;;;;;;;;;;;;;;;;;
 ;03:04:51;3.300;0.289;391.2;33.0;;;;;;;;;;;;;;;;;;
 ;03:04:52;3.302;0.282;391.3;33.0;;;;;;;;;;;;;;;;;;
 ;03:04:53;3.304;0.278;391.4;33.0;;;;;;;;;;;;;;;;;;
 ;03:04:54;3.302;0.283;391.4;33.0;;;;;;;;;;;;;;;;;;
 ;03:04:55;3.300;0.287;391.5;33.0;;;;;;;;;;;;;;;;;;
 ;03:04:56;3.300;0.286;391.6;33.0;;;;;;;;;;;;;;;;;;
 ;03:04:57;3.303;0.278;391.7;33.0;;;;;;;;;;;;;;;;;;
 ;03:04:58;3.303;0.279;391.7;33.0;;;;;;;;;;;;;;;;;;
 ;03:04:59;3.301;0.284;391.8;33.0;;;;;;;;;;;;;;;;;;
 ;03:05:00;3.300;0.286;391.9;33.0;;;;;;;;;;;;;;;;;;
 ;03:05:01;3.302;0.278;392.0;33.0;;;;;;;;;;;;;;;;;;
 ;03:05:02;3.304;0.276;392.1;33.0;;;;;;;;;;;;;;;;;;
 ;03:05:03;3.302;0.282;392.1;33.0;;;;;;;;;;;;;;;;;;
 ;03:05:04;3.300;0.285;392.2;33.0;;;;;;;;;;;;;;;;;;
 ;03:05:05;3.302;0.278;392.3;33.0;;;;;;;;;;;;;;;;;;
 ;03:05:06;3.303;0.276;392.4;33.0;;;;;;;;;;;;;;;;;;
 ;03:05:07;3.301;0.282;392.4;33.0;;;;;;;;;;;;;;;;;;
 ;03:05:08;3.300;0.283;392.5;33.0;;;;;;;;;;;;;;;;;;
 ;03:05:09;3.303;0.275;392.6;33.0;;;;;;;;;;;;;;;;;;
 ;03:05:10;3.304;0.272;392.7;33.0;;;;;;;;;;;;;;;;;;
 ;03:05:11;3.302;0.278;392.8;33.0;;;;;;;;;;;;;;;;;;
 ;03:05:12;3.300;0.282;392.8;33.0;;;;;;;;;;;;;;;;;;
 ;03:05:13;3.300;0.281;392.9;33.0;;;;;;;;;;;;;;;;;;
 ;03:05:14;3.303;0.274;393.0;32.9;;;;;;;;;;;;;;;;;;
 ;03:05:15;3.303;0.273;393.1;32.9;;;;;;;;;;;;;;;;;;
 ;03:05:16;3.301;0.278;393.1;32.9;;;;;;;;;;;;;;;;;;
 ;03:05:17;3.300;0.280;393.2;32.9;;;;;;;;;;;;;;;;;;
 ;03:05:18;3.302;0.274;393.3;32.9;;;;;;;;;;;;;;;;;;
 ;03:05:19;3.303;0.272;393.4;32.9;;;;;;;;;;;;;;;;;;
 ;03:05:20;3.301;0.277;393.5;32.9;;;;;;;;;;;;;;;;;;
 ;03:05:21;3.300;0.279;393.5;32.9;;;;;;;;;;;;;;;;;;
 ;03:05:22;3.302;0.273;393.6;32.9;;;;;;;;;;;;;;;;;;
 ;03:05:23;3.304;0.269;393.7;32.9;;;;;;;;;;;;;;;;;;
 ;03:05:24;3.302;0.274;393.8;32.9;;;;;;;;;;;;;;;;;;
 ;03:05:25;3.300;0.279;393.8;32.9;;;;;;;;;;;;;;;;;;
 ;03:05:26;3.301;0.277;393.9;32.9;;;;;;;;;;;;;;;;;;
 ;03:05:27;3.304;0.268;394.0;32.9;;;;;;;;;;;;;;;;;;
 ;03:05:28;3.303;0.270;394.1;32.9;;;;;;;;;;;;;;;;;;
 ;03:05:29;3.301;0.275;394.1;32.9;;;;;;;;;;;;;;;;;;
 ;03:05:30;3.300;0.277;394.2;32.9;;;;;;;;;;;;;;;;;;
 ;03:05:31;3.303;0.269;394.3;32.9;;;;;;;;;;;;;;;;;;
 ;03:05:32;3.304;0.267;394.4;32.9;;;;;;;;;;;;;;;;;;
 ;03:05:33;3.301;0.273;394.4;32.9;;;;;;;;;;;;;;;;;;
 ;03:05:34;3.300;0.275;394.5;32.9;;;;;;;;;;;;;;;;;;
 ;03:05:35;3.302;0.269;394.6;32.9;;;;;;;;;;;;;;;;;;
 ;03:05:36;3.304;0.267;394.7;32.9;;;;;;;;;;;;;;;;;;
 ;03:05:37;3.302;0.272;394.7;32.9;;;;;;;;;;;;;;;;;;
 ;03:05:38;3.300;0.275;394.8;32.9;;;;;;;;;;;;;;;;;;
 ;03:05:39;3.302;0.268;394.9;32.9;;;;;;;;;;;;;;;;;;
 ;03:05:40;3.304;0.265;395.0;32.9;;;;;;;;;;;;;;;;;;
 ;03:05:41;3.302;0.270;395.0;32.9;;;;;;;;;;;;;;;;;;
 ;03:05:42;3.300;0.274;395.1;32.9;;;;;;;;;;;;;;;;;;
 ;03:05:43;3.301;0.269;395.2;32.9;;;;;;;;;;;;;;;;;;
 ;03:05:44;3.304;0.263;395.3;32.9;;;;;;;;;;;;;;;;;;
 ;03:05:45;3.303;0.266;395.3;32.9;;;;;;;;;;;;;;;;;;
 ;03:05:46;3.301;0.272;395.4;32.9;;;;;;;;;;;;;;;;;;
 ;03:05:47;3.300;0.273;395.5;32.9;;;;;;;;;;;;;;;;;;
 ;03:05:48;3.303;0.265;395.6;32.9;;;;;;;;;;;;;;;;;;
 ;03:05:49;3.304;0.261;395.6;32.9;;;;;;;;;;;;;;;;;;
 ;03:05:50;3.302;0.266;395.7;32.9;;;;;;;;;;;;;;;;;;
 ;03:05:51;3.300;0.271;395.8;32.9;;;;;;;;;;;;;;;;;;
 ;03:05:52;3.300;0.270;395.9;32.9;;;;;;;;;;;;;;;;;;
 ;03:05:53;3.303;0.262;395.9;32.9;;;;;;;;;;;;;;;;;;
 ;03:05:54;3.303;0.262;396.0;32.9;;;;;;;;;;;;;;;;;;
 ;03:05:55;3.301;0.268;396.1;32.9;;;;;;;;;;;;;;;;;;
 ;03:05:56;3.300;0.269;396.2;32.9;;;;;;;;;;;;;;;;;;
 ;03:05:57;3.303;0.262;396.2;32.9;;;;;;;;;;;;;;;;;;
 ;03:05:58;3.303;0.263;396.3;32.9;;;;;;;;;;;;;;;;;;
 ;03:05:59;3.301;0.268;396.4;32.9;;;;;;;;;;;;;;;;;;
 ;03:06:00;3.301;0.267;396.5;32.9;;;;;;;;;;;;;;;;;;
 ;03:06:01;3.303;0.259;396.5;32.9;;;;;;;;;;;;;;;;;;
 ;03:06:02;3.303;0.261;396.6;32.9;;;;;;;;;;;;;;;;;;
 ;03:06:03;3.301;0.267;396.7;32.9;;;;;;;;;;;;;;;;;;
 ;03:06:04;3.300;0.267;396.7;32.9;;;;;;;;;;;;;;;;;;
 ;03:06:05;3.303;0.259;396.8;32.9;;;;;;;;;;;;;;;;;;
 ;03:06:06;3.304;0.258;396.9;32.9;;;;;;;;;;;;;;;;;;
 ;03:06:07;3.302;0.263;397.0;32.9;;;;;;;;;;;;;;;;;;
 ;03:06:08;3.300;0.267;397.0;32.9;;;;;;;;;;;;;;;;;;
 ;03:06:09;3.301;0.262;397.1;32.9;;;;;;;;;;;;;;;;;;
 ;03:06:10;3.304;0.256;397.2;32.9;;;;;;;;;;;;;;;;;;
 ;03:06:11;3.302;0.259;397.3;32.9;;;;;;;;;;;;;;;;;;
 ;03:06:12;3.300;0.265;397.3;32.9;;;;;;;;;;;;;;;;;;
 ;03:06:13;3.300;0.264;397.4;32.9;;;;;;;;;;;;;;;;;;
 ;03:06:14;3.303;0.256;397.5;32.9;;;;;;;;;;;;;;;;;;
 ;03:06:15;3.303;0.257;397.5;32.9;;;;;;;;;;;;;;;;;;
 ;03:06:16;3.301;0.262;397.6;32.9;;;;;;;;;;;;;;;;;;
 ;03:06:17;3.300;0.263;397.7;32.9;;;;;;;;;;;;;;;;;;
 ;03:06:18;3.303;0.256;397.8;32.9;;;;;;;;;;;;;;;;;;
 ;03:06:19;3.303;0.257;397.8;32.9;;;;;;;;;;;;;;;;;;
 ;03:06:20;3.300;0.262;397.9;32.9;;;;;;;;;;;;;;;;;;
 ;03:06:21;3.301;0.260;398.0;32.9;;;;;;;;;;;;;;;;;;
 ;03:06:22;3.304;0.253;398.0;32.9;;;;;;;;;;;;;;;;;;
 ;03:06:23;3.303;0.256;398.1;32.9;;;;;;;;;;;;;;;;;;
 ;03:06:24;3.300;0.261;398.2;32.9;;;;;;;;;;;;;;;;;;
 ;03:06:25;3.300;0.260;398.3;32.9;;;;;;;;;;;;;;;;;;
 ;03:06:26;3.303;0.252;398.3;32.9;;;;;;;;;;;;;;;;;;
 ;03:06:27;3.303;0.252;398.4;32.9;;;;;;;;;;;;;;;;;;
 ;03:06:28;3.301;0.258;398.5;32.9;;;;;;;;;;;;;;;;;;
 ;03:06:29;3.300;0.261;398.5;32.9;;;;;;;;;;;;;;;;;;
 ;03:06:30;3.302;0.256;398.6;32.9;;;;;;;;;;;;;;;;;;
 ;03:06:31;3.304;0.250;398.7;32.9;;;;;;;;;;;;;;;;;;
 ;03:06:32;3.302;0.254;398.8;32.8;;;;;;;;;;;;;;;;;;
 ;03:06:33;3.300;0.258;398.8;32.8;;;;;;;;;;;;;;;;;;
 ;03:06:34;3.301;0.257;398.9;32.8;;;;;;;;;;;;;;;;;;
 ;03:06:35;3.303;0.250;399.0;32.8;;;;;;;;;;;;;;;;;;
 ;03:06:36;3.303;0.252;399.0;32.8;;;;;;;;;;;;;;;;;;
 ;03:06:37;3.301;0.257;399.1;32.8;;;;;;;;;;;;;;;;;;
 ;03:06:38;3.300;0.257;399.2;32.8;;;;;;;;;;;;;;;;;;
 ;03:06:39;3.303;0.250;399.3;32.8;;;;;;;;;;;;;;;;;;
 ;03:06:40;3.303;0.250;399.3;32.8;;;;;;;;;;;;;;;;;;
 ;03:06:41;3.301;0.255;399.4;32.8;;;;;;;;;;;;;;;;;;
 ;03:06:42;3.300;0.256;399.5;32.8;;;;;;;;;;;;;;;;;;
 ;03:06:43;3.303;0.249;399.5;32.8;;;;;;;;;;;;;;;;;;
 ;03:06:44;3.303;0.249;399.6;32.8;;;;;;;;;;;;;;;;;;
 ;03:06:45;3.301;0.254;399.7;32.8;;;;;;;;;;;;;;;;;;
 ;03:06:46;3.300;0.255;399.7;32.8;;;;;;;;;;;;;;;;;;
 ;03:06:47;3.302;0.249;399.8;32.8;;;;;;;;;;;;;;;;;;
 ;03:06:48;3.302;0.248;399.9;32.8;;;;;;;;;;;;;;;;;;
 ;03:06:49;3.301;0.253;400.0;32.8;;;;;;;;;;;;;;;;;;
 ;03:06:50;3.300;0.253;400.0;32.8;;;;;;;;;;;;;;;;;;
 ;03:06:51;3.302;0.246;400.1;32.8;;;;;;;;;;;;;;;;;;
 ;03:06:52;3.302;0.247;400.2;32.8;;;;;;;;;;;;;;;;;;
 ;03:06:53;3.301;0.252;400.2;32.8;;;;;;;;;;;;;;;;;;
 ;03:06:54;3.300;0.253;400.3;32.8;;;;;;;;;;;;;;;;;;
 ;03:06:55;3.302;0.245;400.4;32.8;;;;;;;;;;;;;;;;;;
 ;03:06:56;3.303;0.242;400.4;32.8;;;;;;;;;;;;;;;;;;
 ;03:06:57;3.301;0.248;400.5;32.8;;;;;;;;;;;;;;;;;;
 ;03:06:58;3.300;0.252;400.6;32.8;;;;;;;;;;;;;;;;;;
 ;03:06:59;3.300;0.252;400.6;32.8;;;;;;;;;;;;;;;;;;
 ;03:07:00;3.302;0.244;400.7;32.8;;;;;;;;;;;;;;;;;;
 ;03:07:01;3.303;0.243;400.8;32.8;;;;;;;;;;;;;;;;;;
 ;03:07:02;3.301;0.249;400.9;32.8;;;;;;;;;;;;;;;;;;
 ;03:07:03;3.300;0.251;400.9;32.8;;;;;;;;;;;;;;;;;;
 ;03:07:04;3.302;0.244;401.0;32.8;;;;;;;;;;;;;;;;;;
 ;03:07:05;3.302;0.243;401.1;32.8;;;;;;;;;;;;;;;;;;
 ;03:07:06;3.300;0.248;401.1;32.8;;;;;;;;;;;;;;;;;;
 ;03:07:07;3.301;0.246;401.2;32.8;;;;;;;;;;;;;;;;;;
 ;03:07:08;3.302;0.243;401.3;32.8;;;;;;;;;;;;;;;;;;
 ;03:07:09;3.300;0.247;401.3;32.8;;;;;;;;;;;;;;;;;;
 ;03:07:10;3.301;0.244;401.4;32.8;;;;;;;;;;;;;;;;;;
 ;03:07:11;3.301;0.245;401.5;32.8;;;;;;;;;;;;;;;;;;
 ;03:07:12;3.301;0.245;401.5;32.8;;;;;;;;;;;;;;;;;;
 ;03:07:13;3.301;0.243;401.6;32.8;;;;;;;;;;;;;;;;;;
 ;03:07:14;3.301;0.244;401.7;32.8;;;;;;;;;;;;;;;;;;
 ;03:07:15;3.301;0.243;401.7;32.8;;;;;;;;;;;;;;;;;;
 ;03:07:16;3.301;0.243;401.8;32.8;;;;;;;;;;;;;;;;;;
 ;03:07:17;3.301;0.243;401.9;32.8;;;;;;;;;;;;;;;;;;
 ;03:07:18;3.301;0.242;401.9;32.8;;;;;;;;;;;;;;;;;;
 ;03:07:19;3.301;0.242;402.0;32.8;;;;;;;;;;;;;;;;;;
 ;03:07:20;3.301;0.243;402.1;32.8;;;;;;;;;;;;;;;;;;
 ;03:07:21;3.301;0.242;402.1;32.8;;;;;;;;;;;;;;;;;;
 ;03:07:22;3.301;0.241;402.2;32.8;;;;;;;;;;;;;;;;;;
 ;03:07:23;3.301;0.241;402.3;32.8;;;;;;;;;;;;;;;;;;
 ;03:07:24;3.301;0.241;402.3;32.8;;;;;;;;;;;;;;;;;;
 ;03:07:25;3.301;0.241;402.4;32.8;;;;;;;;;;;;;;;;;;
 ;03:07:26;3.301;0.240;402.5;32.8;;;;;;;;;;;;;;;;;;
 ;03:07:27;3.301;0.240;402.5;32.8;;;;;;;;;;;;;;;;;;
 ;03:07:28;3.301;0.240;402.6;32.8;;;;;;;;;;;;;;;;;;
 ;03:07:29;3.301;0.240;402.7;32.8;;;;;;;;;;;;;;;;;;
 ;03:07:30;3.301;0.239;402.7;32.8;;;;;;;;;;;;;;;;;;
 ;03:07:31;3.301;0.239;402.8;32.8;;;;;;;;;;;;;;;;;;
 ;03:07:32;3.301;0.239;402.9;32.8;;;;;;;;;;;;;;;;;;
 ;03:07:33;3.301;0.239;402.9;32.8;;;;;;;;;;;;;;;;;;
 ;03:07:34;3.301;0.238;403.0;32.8;;;;;;;;;;;;;;;;;;
 ;03:07:35;3.302;0.236;403.1;32.8;;;;;;;;;;;;;;;;;;
 ;03:07:36;3.300;0.240;403.1;32.8;;;;;;;;;;;;;;;;;;
 ;03:07:37;3.302;0.235;403.2;32.8;;;;;;;;;;;;;;;;;;
 ;03:07:38;3.302;0.236;403.3;32.8;;;;;;;;;;;;;;;;;;
 ;03:07:39;3.300;0.240;403.3;32.7;;;;;;;;;;;;;;;;;;
 ;03:07:40;3.301;0.237;403.4;32.7;;;;;;;;;;;;;;;;;;
 ;03:07:41;3.301;0.236;403.5;32.7;;;;;;;;;;;;;;;;;;
 ;03:07:42;3.300;0.238;403.5;32.7;;;;;;;;;;;;;;;;;;
 ;03:07:43;3.302;0.234;403.6;32.7;;;;;;;;;;;;;;;;;;
 ;03:07:44;3.300;0.237;403.7;32.7;;;;;;;;;;;;;;;;;;
 ;03:07:45;3.301;0.235;403.7;32.7;;;;;;;;;;;;;;;;;;
 ;03:07:46;3.301;0.234;403.8;32.7;;;;;;;;;;;;;;;;;;
 ;03:07:47;3.300;0.236;403.9;32.7;;;;;;;;;;;;;;;;;;
 ;03:07:48;3.302;0.231;403.9;32.7;;;;;;;;;;;;;;;;;;
 ;03:07:49;3.301;0.234;404.0;32.7;;;;;;;;;;;;;;;;;;
 ;03:07:50;3.300;0.236;404.1;32.7;;;;;;;;;;;;;;;;;;
 ;03:07:51;3.301;0.233;404.1;32.7;;;;;;;;;;;;;;;;;;
 ;03:07:52;3.301;0.233;404.2;32.7;;;;;;;;;;;;;;;;;;
 ;03:07:53;3.300;0.234;404.3;32.7;;;;;;;;;;;;;;;;;;
 ;03:07:54;3.302;0.231;404.3;32.7;;;;;;;;;;;;;;;;;;
 ;03:07:55;3.300;0.234;404.4;32.7;;;;;;;;;;;;;;;;;;
 ;03:07:56;3.301;0.232;404.4;32.7;;;;;;;;;;;;;;;;;;
 ;03:07:57;3.302;0.230;404.5;32.7;;;;;;;;;;;;;;;;;;
 ;03:07:58;3.300;0.234;404.6;32.7;;;;;;;;;;;;;;;;;;
 ;03:07:59;3.300;0.233;404.6;32.7;;;;;;;;;;;;;;;;;;
 ;03:08:00;3.302;0.230;404.7;32.7;;;;;;;;;;;;;;;;;;
 ;03:08:01;3.300;0.233;404.8;32.7;;;;;;;;;;;;;;;;;;
 ;03:08:02;3.301;0.230;404.8;32.7;;;;;;;;;;;;;;;;;;
 ;03:08:03;3.301;0.231;404.9;32.7;;;;;;;;;;;;;;;;;;
 ;03:08:04;3.300;0.232;405.0;32.7;;;;;;;;;;;;;;;;;;
 ;03:08:05;3.302;0.227;405.0;32.7;;;;;;;;;;;;;;;;;;
 ;03:08:06;3.301;0.230;405.1;32.7;;;;;;;;;;;;;;;;;;
 ;03:08:07;3.300;0.231;405.2;32.7;;;;;;;;;;;;;;;;;;
 ;03:08:08;3.302;0.227;405.2;32.7;;;;;;;;;;;;;;;;;;
 ;03:08:09;3.301;0.229;405.3;32.7;;;;;;;;;;;;;;;;;;
 ;03:08:10;3.300;0.231;405.3;32.7;;;;;;;;;;;;;;;;;;
 ;03:08:11;3.301;0.228;405.4;32.7;;;;;;;;;;;;;;;;;;
 ;03:08:12;3.301;0.228;405.5;32.7;;;;;;;;;;;;;;;;;;
 ;03:08:13;3.300;0.229;405.5;32.7;;;;;;;;;;;;;;;;;;
 ;03:08:14;3.302;0.226;405.6;32.7;;;;;;;;;;;;;;;;;;
 ;03:08:15;3.300;0.229;405.7;32.7;;;;;;;;;;;;;;;;;;
 ;03:08:16;3.301;0.227;405.7;32.7;;;;;;;;;;;;;;;;;;
 ;03:08:17;3.301;0.226;405.8;32.7;;;;;;;;;;;;;;;;;;
 ;03:08:18;3.300;0.229;405.9;32.7;;;;;;;;;;;;;;;;;;
 ;03:08:19;3.301;0.226;405.9;32.7;;;;;;;;;;;;;;;;;;
 ;03:08:20;3.301;0.228;406.0;32.7;;;;;;;;;;;;;;;;;;
 ;03:08:21;3.301;0.227;406.0;32.7;;;;;;;;;;;;;;;;;;
 ;03:08:22;3.302;0.225;406.1;32.7;;;;;;;;;;;;;;;;;;
 ;03:08:23;3.300;0.228;406.2;32.7;;;;;;;;;;;;;;;;;;
 ;03:08:24;3.301;0.224;406.2;32.7;;;;;;;;;;;;;;;;;;
 ;03:08:25;3.302;0.223;406.3;32.7;;;;;;;;;;;;;;;;;;
 ;03:08:26;3.300;0.227;406.4;32.7;;;;;;;;;;;;;;;;;;
 ;03:08:27;3.301;0.224;406.4;32.7;;;;;;;;;;;;;;;;;;
 ;03:08:28;3.301;0.225;406.5;32.7;;;;;;;;;;;;;;;;;;
 ;03:08:29;3.300;0.225;406.6;32.7;;;;;;;;;;;;;;;;;;
 ;03:08:30;3.302;0.222;406.6;32.7;;;;;;;;;;;;;;;;;;
 ;03:08:31;3.300;0.225;406.7;32.7;;;;;;;;;;;;;;;;;;
 ;03:08:32;3.301;0.223;406.7;32.7;;;;;;;;;;;;;;;;;;
 ;03:08:33;3.301;0.223;406.8;32.7;;;;;;;;;;;;;;;;;;
 ;03:08:34;3.300;0.225;406.9;32.7;;;;;;;;;;;;;;;;;;
 ;03:08:35;3.302;0.221;406.9;32.7;;;;;;;;;;;;;;;;;;
 ;03:08:36;3.300;0.224;407.0;32.7;;;;;;;;;;;;;;;;;;
 ;03:08:37;3.301;0.222;407.0;32.7;;;;;;;;;;;;;;;;;;
 ;03:08:38;3.301;0.221;407.1;32.7;;;;;;;;;;;;;;;;;;
 ;03:08:39;3.300;0.224;407.2;32.7;;;;;;;;;;;;;;;;;;
 ;03:08:40;3.301;0.220;407.2;32.7;;;;;;;;;;;;;;;;;;
 ;03:08:41;3.301;0.222;407.3;32.7;;;;;;;;;;;;;;;;;;
 ;03:08:42;3.300;0.222;407.4;32.7;;;;;;;;;;;;;;;;;;
 ;03:08:43;3.302;0.219;407.4;32.7;;;;;;;;;;;;;;;;;;
 ;03:08:44;3.300;0.222;407.5;32.7;;;;;;;;;;;;;;;;;;
 ;03:08:45;3.301;0.220;407.5;32.7;;;;;;;;;;;;;;;;;;
 ;03:08:46;3.301;0.221;407.6;32.7;;;;;;;;;;;;;;;;;;
 ;03:08:47;3.301;0.220;407.7;32.7;;;;;;;;;;;;;;;;;;
 ;03:08:48;3.300;0.220;407.7;32.7;;;;;;;;;;;;;;;;;;
 ;03:08:49;3.301;0.219;407.8;32.7;;;;;;;;;;;;;;;;;;
 ;03:08:50;3.301;0.220;407.8;32.7;;;;;;;;;;;;;;;;;;
 ;03:08:51;3.301;0.219;407.9;32.7;;;;;;;;;;;;;;;;;;
 ;03:08:52;3.300;0.219;408.0;32.7;;;;;;;;;;;;;;;;;;
 ;03:08:53;3.301;0.218;408.0;32.7;;;;;;;;;;;;;;;;;;
 ;03:08:54;3.301;0.219;408.1;32.7;;;;;;;;;;;;;;;;;;
 ;03:08:55;3.301;0.217;408.2;32.7;;;;;;;;;;;;;;;;;;
 ;03:08:56;3.302;0.216;408.2;32.7;;;;;;;;;;;;;;;;;;
 ;03:08:57;3.300;0.219;408.3;32.7;;;;;;;;;;;;;;;;;;
 ;03:08:58;3.301;0.217;408.3;32.7;;;;;;;;;;;;;;;;;;
 ;03:08:59;3.300;0.218;408.4;32.7;;;;;;;;;;;;;;;;;;
 ;03:09:00;3.301;0.215;408.4;32.7;;;;;;;;;;;;;;;;;;
 ;03:09:01;3.301;0.216;408.5;32.7;;;;;;;;;;;;;;;;;;
 ;03:09:02;3.300;0.219;408.6;32.7;;;;;;;;;;;;;;;;;;
 ;03:09:03;3.301;0.216;408.6;32.7;;;;;;;;;;;;;;;;;;
 ;03:09:04;3.300;0.217;408.7;32.7;;;;;;;;;;;;;;;;;;
 ;03:09:05;3.301;0.215;408.7;32.7;;;;;;;;;;;;;;;;;;
 ;03:09:06;3.301;0.216;408.8;32.7;;;;;;;;;;;;;;;;;;
 ;03:09:07;3.301;0.215;408.9;32.7;;;;;;;;;;;;;;;;;;
 ;03:09:08;3.300;0.216;408.9;32.7;;;;;;;;;;;;;;;;;;
 ;03:09:09;3.301;0.213;409.0;32.7;;;;;;;;;;;;;;;;;;
 ;03:09:10;3.301;0.215;409.1;32.7;;;;;;;;;;;;;;;;;;
 ;03:09:11;3.301;0.214;409.1;32.7;;;;;;;;;;;;;;;;;;
 ;03:09:12;3.301;0.213;409.2;32.7;;;;;;;;;;;;;;;;;;
 ;03:09:13;3.300;0.215;409.2;32.7;;;;;;;;;;;;;;;;;;
 ;03:09:14;3.301;0.212;409.3;32.7;;;;;;;;;;;;;;;;;;
 ;03:09:15;3.301;0.214;409.4;32.7;;;;;;;;;;;;;;;;;;
 ;03:09:16;3.300;0.213;409.4;32.7;;;;;;;;;;;;;;;;;;
 ;03:09:17;3.302;0.209;409.5;32.7;;;;;;;;;;;;;;;;;;
 ;03:09:18;3.301;0.213;409.5;32.7;;;;;;;;;;;;;;;;;;
 ;03:09:19;3.300;0.215;409.6;32.7;;;;;;;;;;;;;;;;;;
 ;03:09:20;3.301;0.211;409.6;32.7;;;;;;;;;;;;;;;;;;
 ;03:09:21;3.301;0.212;409.7;32.6;;;;;;;;;;;;;;;;;;
 ;03:09:22;3.301;0.212;409.8;32.6;;;;;;;;;;;;;;;;;;
 ;03:09:23;3.302;0.209;409.8;32.6;;;;;;;;;;;;;;;;;;
 ;03:09:24;3.300;0.213;409.9;32.6;;;;;;;;;;;;;;;;;;
 ;03:09:25;3.301;0.209;409.9;32.6;;;;;;;;;;;;;;;;;;
 ;03:09:26;3.302;0.208;410.0;32.6;;;;;;;;;;;;;;;;;;
 ;03:09:27;3.300;0.212;410.1;32.6;;;;;;;;;;;;;;;;;;
 ;03:09:28;3.300;0.210;410.1;32.6;;;;;;;;;;;;;;;;;;
 ;03:09:29;3.302;0.208;410.2;32.6;;;;;;;;;;;;;;;;;;
 ;03:09:30;3.300;0.211;410.2;32.6;;;;;;;;;;;;;;;;;;
 ;03:09:31;3.301;0.208;410.3;32.6;;;;;;;;;;;;;;;;;;
 ;03:09:32;3.301;0.209;410.3;32.6;;;;;;;;;;;;;;;;;;
 ;03:09:33;3.300;0.210;410.4;32.6;;;;;;;;;;;;;;;;;;
 ;03:09:34;3.302;0.206;410.5;32.6;;;;;;;;;;;;;;;;;;
 ;03:09:35;3.301;0.208;410.5;32.6;;;;;;;;;;;;;;;;;;
 ;03:09:36;3.300;0.210;410.6;32.6;;;;;;;;;;;;;;;;;;
 ;03:09:37;3.301;0.207;410.6;32.6;;;;;;;;;;;;;;;;;;
 ;03:09:38;3.301;0.208;410.7;32.6;;;;;;;;;;;;;;;;;;
 ;03:09:39;3.300;0.208;410.8;32.6;;;;;;;;;;;;;;;;;;
 ;03:09:40;3.302;0.205;410.8;32.6;;;;;;;;;;;;;;;;;;
 ;03:09:41;3.300;0.209;410.9;32.6;;;;;;;;;;;;;;;;;;
 ;03:09:42;3.301;0.205;410.9;32.6;;;;;;;;;;;;;;;;;;
 ;03:09:43;3.302;0.204;411.0;32.6;;;;;;;;;;;;;;;;;;
 ;03:09:44;3.300;0.208;411.0;32.6;;;;;;;;;;;;;;;;;;
 ;03:09:45;3.301;0.206;411.1;32.6;;;;;;;;;;;;;;;;;;
 ;03:09:46;3.301;0.205;411.2;32.6;;;;;;;;;;;;;;;;;;
 ;03:09:47;3.300;0.207;411.2;32.6;;;;;;;;;;;;;;;;;;
 ;03:09:48;3.302;0.204;411.3;32.6;;;;;;;;;;;;;;;;;;
 ;03:09:49;3.300;0.206;411.3;32.6;;;;;;;;;;;;;;;;;;
 ;03:09:50;3.301;0.205;411.4;32.6;;;;;;;;;;;;;;;;;;
 ;03:09:51;3.301;0.204;411.4;32.6;;;;;;;;;;;;;;;;;;
 ;03:09:52;3.300;0.205;411.5;32.6;;;;;;;;;;;;;;;;;;
 ;03:09:53;3.302;0.203;411.6;32.6;;;;;;;;;;;;;;;;;;
 ;03:09:54;3.300;0.206;411.6;32.6;;;;;;;;;;;;;;;;;;
 ;03:09:55;3.301;0.203;411.7;32.6;;;;;;;;;;;;;;;;;;
 ;03:09:56;3.302;0.201;411.7;32.6;;;;;;;;;;;;;;;;;;
 ;03:09:57;3.300;0.205;411.8;32.6;;;;;;;;;;;;;;;;;;
 ;03:09:58;3.300;0.204;411.8;32.6;;;;;;;;;;;;;;;;;;
 ;03:09:59;3.302;0.199;411.9;32.6;;;;;;;;;;;;;;;;;;
 ;03:10:00;3.301;0.203;411.9;32.6;;;;;;;;;;;;;;;;;;
 ;03:10:01;3.300;0.205;412.0;32.6;;;;;;;;;;;;;;;;;;
 ;03:10:02;3.301;0.201;412.1;32.6;;;;;;;;;;;;;;;;;;
 ;03:10:03;3.301;0.203;412.1;32.6;;;;;;;;;;;;;;;;;;
 ;03:10:04;3.301;0.202;412.2;32.6;;;;;;;;;;;;;;;;;;
 ;03:10:05;3.302;0.200;412.2;32.6;;;;;;;;;;;;;;;;;;
 ;03:10:06;3.300;0.203;412.3;32.6;;;;;;;;;;;;;;;;;;
 ;03:10:07;3.301;0.200;412.3;32.6;;;;;;;;;;;;;;;;;;
 ;03:10:08;3.301;0.201;412.4;32.6;;;;;;;;;;;;;;;;;;
 ;03:10:09;3.300;0.201;412.5;32.6;;;;;;;;;;;;;;;;;;
 ;03:10:10;3.302;0.198;412.5;32.6;;;;;;;;;;;;;;;;;;
 ;03:10:11;3.300;0.202;412.6;32.6;;;;;;;;;;;;;;;;;;
 ;03:10:12;3.301;0.199;412.6;32.6;;;;;;;;;;;;;;;;;;
 ;03:10:13;3.302;0.197;412.7;32.6;;;;;;;;;;;;;;;;;;
 ;03:10:14;3.300;0.201;412.7;32.6;;;;;;;;;;;;;;;;;;
 ;03:10:15;3.300;0.200;412.8;32.6;;;;;;;;;;;;;;;;;;
 ;03:10:16;3.302;0.197;412.8;32.6;;;;;;;;;;;;;;;;;;
 ;03:10:17;3.300;0.200;412.9;32.6;;;;;;;;;;;;;;;;;;
 ;03:10:18;3.301;0.197;413.0;32.6;;;;;;;;;;;;;;;;;;
 ;03:10:19;3.301;0.198;413.0;32.6;;;;;;;;;;;;;;;;;;
 ;03:10:20;3.300;0.199;413.1;32.6;;;;;;;;;;;;;;;;;;
 ;03:10:21;3.302;0.195;413.1;32.6;;;;;;;;;;;;;;;;;;
 ;03:10:22;3.301;0.197;413.2;32.6;;;;;;;;;;;;;;;;;;
 ;03:10:23;3.300;0.200;413.2;32.6;;;;;;;;;;;;;;;;;;
 ;03:10:24;3.301;0.196;413.3;32.5;;;;;;;;;;;;;;;;;;
 ;03:10:25;3.301;0.197;413.3;32.6;;;;;;;;;;;;;;;;;;
 ;03:10:26;3.300;0.198;413.4;32.6;;;;;;;;;;;;;;;;;;
 ;03:10:27;3.302;0.195;413.4;32.5;;;;;;;;;;;;;;;;;;
 ;03:10:28;3.300;0.198;413.5;32.5;;;;;;;;;;;;;;;;;;
 ;03:10:29;3.301;0.195;413.6;32.5;;;;;;;;;;;;;;;;;;
 ;03:10:30;3.301;0.196;413.6;32.5;;;;;;;;;;;;;;;;;;
 ;03:10:31;3.300;0.197;413.7;32.5;;;;;;;;;;;;;;;;;;
 ;03:10:32;3.301;0.195;413.7;32.5;;;;;;;;;;;;;;;;;;
 ;03:10:33;3.300;0.196;413.8;32.5;;;;;;;;;;;;;;;;;;
 ;03:10:34;3.301;0.194;413.8;32.5;;;;;;;;;;;;;;;;;;
 ;03:10:35;3.301;0.195;413.9;32.5;;;;;;;;;;;;;;;;;;
 ;03:10:36;3.301;0.194;413.9;32.5;;;;;;;;;;;;;;;;;;
 ;03:10:37;3.301;0.195;414.0;32.5;;;;;;;;;;;;;;;;;;
 ;03:10:38;3.301;0.193;414.0;32.5;;;;;;;;;;;;;;;;;;
 ;03:10:39;3.301;0.194;414.1;32.5;;;;;;;;;;;;;;;;;;
 ;03:10:40;3.301;0.192;414.2;32.5;;;;;;;;;;;;;;;;;;
 ;03:10:41;3.301;0.194;414.2;32.5;;;;;;;;;;;;;;;;;;
 ;03:10:42;3.301;0.192;414.3;32.5;;;;;;;;;;;;;;;;;;
 ;03:10:43;3.301;0.193;414.3;32.5;;;;;;;;;;;;;;;;;;
 ;03:10:44;3.301;0.192;414.4;32.5;;;;;;;;;;;;;;;;;;
 ;03:10:45;3.300;0.194;414.4;32.5;;;;;;;;;;;;;;;;;;
 ;03:10:46;3.301;0.191;414.5;32.5;;;;;;;;;;;;;;;;;;
 ;03:10:47;3.300;0.193;414.5;32.5;;;;;;;;;;;;;;;;;;
 ;03:10:48;3.302;0.190;414.6;32.5;;;;;;;;;;;;;;;;;;
 ;03:10:49;3.301;0.192;414.6;32.5;;;;;;;;;;;;;;;;;;
 ;03:10:50;3.300;0.193;414.7;32.5;;;;;;;;;;;;;;;;;;
 ;03:10:51;3.301;0.190;414.7;32.5;;;;;;;;;;;;;;;;;;
 ;03:10:52;3.301;0.192;414.8;32.5;;;;;;;;;;;;;;;;;;
 ;03:10:53;3.301;0.190;414.8;32.5;;;;;;;;;;;;;;;;;;
 ;03:10:54;3.300;0.192;414.9;32.5;;;;;;;;;;;;;;;;;;
 ;03:10:55;3.301;0.190;415.0;32.5;;;;;;;;;;;;;;;;;;
 ;03:10:56;3.300;0.191;415.0;32.5;;;;;;;;;;;;;;;;;;
 ;03:10:57;3.302;0.188;415.1;32.5;;;;;;;;;;;;;;;;;;
 ;03:10:58;3.301;0.190;415.1;32.5;;;;;;;;;;;;;;;;;;
 ;03:10:59;3.300;0.191;415.2;32.5;;;;;;;;;;;;;;;;;;
 ;03:11:00;3.302;0.188;415.2;32.5;;;;;;;;;;;;;;;;;;
 ;03:11:01;3.300;0.190;415.3;32.5;;;;;;;;;;;;;;;;;;
 ;03:11:02;3.301;0.188;415.3;32.5;;;;;;;;;;;;;;;;;;
 ;03:11:03;3.301;0.187;415.4;32.5;;;;;;;;;;;;;;;;;;
 ;03:11:04;3.300;0.190;415.4;32.5;;;;;;;;;;;;;;;;;;
 ;03:11:05;3.301;0.187;415.5;32.5;;;;;;;;;;;;;;;;;;
 ;03:11:06;3.301;0.188;415.5;32.5;;;;;;;;;;;;;;;;;;
 ;03:11:07;3.301;0.188;415.6;32.5;;;;;;;;;;;;;;;;;;
 ;03:11:08;3.302;0.186;415.6;32.5;;;;;;;;;;;;;;;;;;
 ;03:11:09;3.300;0.189;415.7;32.5;;;;;;;;;;;;;;;;;;
 ;03:11:10;3.301;0.187;415.7;32.5;;;;;;;;;;;;;;;;;;
 ;03:11:11;3.301;0.187;415.8;32.5;;;;;;;;;;;;;;;;;;
 ;03:11:12;3.300;0.188;415.8;32.5;;;;;;;;;;;;;;;;;;
 ;03:11:13;3.302;0.185;415.9;32.5;;;;;;;;;;;;;;;;;;
 ;03:11:14;3.300;0.188;415.9;32.5;;;;;;;;;;;;;;;;;;
 ;03:11:15;3.301;0.186;416.0;32.5;;;;;;;;;;;;;;;;;;
 ;03:11:16;3.302;0.183;416.1;32.5;;;;;;;;;;;;;;;;;;
 ;03:11:17;3.301;0.187;416.1;32.5;;;;;;;;;;;;;;;;;;
 ;03:11:18;3.300;0.187;416.2;32.5;;;;;;;;;;;;;;;;;;
 ;03:11:19;3.302;0.184;416.2;32.5;;;;;;;;;;;;;;;;;;
 ;03:11:20;3.300;0.186;416.3;32.5;;;;;;;;;;;;;;;;;;
 ;03:11:21;3.301;0.184;416.3;32.5;;;;;;;;;;;;;;;;;;
 ;03:11:22;3.301;0.183;416.4;32.5;;;;;;;;;;;;;;;;;;
 ;03:11:23;3.300;0.186;416.4;32.5;;;;;;;;;;;;;;;;;;
 ;03:11:24;3.302;0.182;416.5;32.5;;;;;;;;;;;;;;;;;;
 ;03:11:25;3.302;0.183;416.5;32.5;;;;;;;;;;;;;;;;;;
 ;03:11:26;3.300;0.186;416.6;32.5;;;;;;;;;;;;;;;;;;
 ;03:11:27;3.301;0.184;416.6;32.5;;;;;;;;;;;;;;;;;;
 ;03:11:28;3.302;0.183;416.7;32.5;;;;;;;;;;;;;;;;;;
 ;03:11:29;3.300;0.186;416.7;32.5;;;;;;;;;;;;;;;;;;
 ;03:11:30;3.302;0.181;416.8;32.5;;;;;;;;;;;;;;;;;;
 ;03:11:31;3.301;0.182;416.8;32.5;;;;;;;;;;;;;;;;;;
 ;03:11:32;3.300;0.185;416.9;32.5;;;;;;;;;;;;;;;;;;
 ;03:11:33;3.301;0.182;416.9;32.5;;;;;;;;;;;;;;;;;;
 ;03:11:34;3.301;0.182;417.0;32.5;;;;;;;;;;;;;;;;;;
 ;03:11:35;3.300;0.183;417.0;32.5;;;;;;;;;;;;;;;;;;
 ;03:11:36;3.302;0.180;417.1;32.5;;;;;;;;;;;;;;;;;;
 ;03:11:37;3.300;0.183;417.1;32.5;;;;;;;;;;;;;;;;;;
 ;03:11:38;3.301;0.181;417.2;32.5;;;;;;;;;;;;;;;;;;
 ;03:11:39;3.302;0.179;417.2;32.5;;;;;;;;;;;;;;;;;;
 ;03:11:40;3.300;0.183;417.3;32.5;;;;;;;;;;;;;;;;;;
 ;03:11:41;3.300;0.182;417.3;32.5;;;;;;;;;;;;;;;;;;
 ;03:11:42;3.302;0.179;417.4;32.5;;;;;;;;;;;;;;;;;;
 ;03:11:43;3.300;0.182;417.4;32.5;;;;;;;;;;;;;;;;;;
 ;03:11:44;3.301;0.180;417.5;32.5;;;;;;;;;;;;;;;;;;
 ;03:11:45;3.301;0.180;417.5;32.5;;;;;;;;;;;;;;;;;;
 ;03:11:46;3.300;0.182;417.6;32.5;;;;;;;;;;;;;;;;;;
 ;03:11:47;3.301;0.179;417.6;32.5;;;;;;;;;;;;;;;;;;
 ;03:11:48;3.301;0.180;417.7;32.5;;;;;;;;;;;;;;;;;;
 ;03:11:49;3.301;0.180;417.7;32.5;;;;;;;;;;;;;;;;;;
 ;03:11:50;3.302;0.177;417.8;32.4;;;;;;;;;;;;;;;;;;
 ;03:11:51;3.300;0.181;417.8;32.4;;;;;;;;;;;;;;;;;;
 ;03:11:52;3.301;0.178;417.9;32.4;;;;;;;;;;;;;;;;;;
 ;03:11:53;3.301;0.179;417.9;32.4;;;;;;;;;;;;;;;;;;
 ;03:11:54;3.300;0.179;418.0;32.4;;;;;;;;;;;;;;;;;;
 ;03:11:55;3.302;0.177;418.0;32.4;;;;;;;;;;;;;;;;;;
 ;03:11:56;3.300;0.180;418.1;32.4;;;;;;;;;;;;;;;;;;
 ;03:11:57;3.301;0.177;418.1;32.4;;;;;;;;;;;;;;;;;;
 ;03:11:58;3.301;0.177;418.2;32.4;;;;;;;;;;;;;;;;;;
 ;03:11:59;3.300;0.178;418.2;32.4;;;;;;;;;;;;;;;;;;
 ;03:12:00;3.302;0.175;418.3;32.4;;;;;;;;;;;;;;;;;;
 ;03:12:01;3.300;0.178;418.3;32.4;;;;;;;;;;;;;;;;;;
 ;03:12:02;3.301;0.176;418.4;32.4;;;;;;;;;;;;;;;;;;
 ;03:12:03;3.301;0.176;418.4;32.4;;;;;;;;;;;;;;;;;;
 ;03:12:04;3.300;0.178;418.5;32.4;;;;;;;;;;;;;;;;;;
 ;03:12:05;3.302;0.174;418.5;32.4;;;;;;;;;;;;;;;;;;
 ;03:12:06;3.301;0.177;418.6;32.4;;;;;;;;;;;;;;;;;;
 ;03:12:07;3.301;0.176;418.6;32.4;;;;;;;;;;;;;;;;;;
 ;03:12:08;3.301;0.175;418.7;32.4;;;;;;;;;;;;;;;;;;
 ;03:12:09;3.300;0.177;418.7;32.4;;;;;;;;;;;;;;;;;;
 ;03:12:10;3.301;0.174;418.8;32.4;;;;;;;;;;;;;;;;;;
 ;03:12:11;3.301;0.176;418.8;32.4;;;;;;;;;;;;;;;;;;
 ;03:12:12;3.301;0.175;418.9;32.4;;;;;;;;;;;;;;;;;;
 ;03:12:13;3.302;0.174;418.9;32.4;;;;;;;;;;;;;;;;;;
 ;03:12:14;3.300;0.177;419.0;32.4;;;;;;;;;;;;;;;;;;
 ;03:12:15;3.301;0.173;419.0;32.4;;;;;;;;;;;;;;;;;;
 ;03:12:16;3.301;0.175;419.1;32.4;;;;;;;;;;;;;;;;;;
 ;03:12:17;3.300;0.175;419.1;32.4;;;;;;;;;;;;;;;;;;
 ;03:12:18;3.302;0.172;419.2;32.4;;;;;;;;;;;;;;;;;;
 ;03:12:19;3.300;0.175;419.2;32.4;;;;;;;;;;;;;;;;;;
 ;03:12:20;3.301;0.172;419.3;32.4;;;;;;;;;;;;;;;;;;
 ;03:12:21;3.301;0.173;419.3;32.4;;;;;;;;;;;;;;;;;;
 ;03:12:22;3.301;0.173;419.3;32.4;;;;;;;;;;;;;;;;;;
 ;03:12:23;3.302;0.171;419.4;32.4;;;;;;;;;;;;;;;;;;
 ;03:12:24;3.300;0.174;419.4;32.4;;;;;;;;;;;;;;;;;;
 ;03:12:25;3.301;0.171;419.5;32.4;;;;;;;;;;;;;;;;;;
 ;03:12:26;3.301;0.173;419.5;32.4;;;;;;;;;;;;;;;;;;
 ;03:12:27;3.301;0.172;419.6;32.4;;;;;;;;;;;;;;;;;;
 ;03:12:28;3.301;0.172;419.6;32.4;;;;;;;;;;;;;;;;;;
 ;03:12:29;3.301;0.171;419.7;32.4;;;;;;;;;;;;;;;;;;
 ;03:12:30;3.302;0.169;419.7;32.4;;;;;;;;;;;;;;;;;;
 ;03:12:31;3.300;0.173;419.8;32.4;;;;;;;;;;;;;;;;;;
 ;03:12:32;3.301;0.171;419.8;32.4;;;;;;;;;;;;;;;;;;
 ;03:12:33;3.301;0.171;419.9;32.4;;;;;;;;;;;;;;;;;;
 ;03:12:34;3.301;0.170;419.9;32.4;;;;;;;;;;;;;;;;;;
 ;03:12:35;3.302;0.169;420.0;32.4;;;;;;;;;;;;;;;;;;
 ;03:12:36;3.300;0.172;420.0;32.4;;;;;;;;;;;;;;;;;;
 ;03:12:37;3.301;0.170;420.1;32.4;;;;;;;;;;;;;;;;;;
 ;03:12:38;3.301;0.171;420.1;32.4;;;;;;;;;;;;;;;;;;
 ;03:12:39;3.301;0.169;420.2;32.4;;;;;;;;;;;;;;;;;;
 ;03:12:40;3.302;0.168;420.2;32.3;;;;;;;;;;;;;;;;;;
 ;03:12:41;3.300;0.171;420.3;32.3;;;;;;;;;;;;;;;;;;
 ;03:12:42;3.301;0.169;420.3;32.3;;;;;;;;;;;;;;;;;;
 ;03:12:43;3.301;0.170;420.3;32.3;;;;;;;;;;;;;;;;;;
 ;03:12:44;3.301;0.167;420.4;32.3;;;;;;;;;;;;;;;;;;
 ;03:12:45;3.302;0.168;420.4;32.3;;;;;;;;;;;;;;;;;;
 ;03:12:46;3.300;0.170;420.5;32.3;;;;;;;;;;;;;;;;;;
 ;03:12:47;3.301;0.167;420.5;32.3;;;;;;;;;;;;;;;;;;
 ;03:12:48;3.300;0.169;420.6;32.3;;;;;;;;;;;;;;;;;;
 ;03:12:49;3.301;0.167;420.6;32.3;;;;;;;;;;;;;;;;;;
 ;03:12:50;3.300;0.169;420.7;32.3;;;;;;;;;;;;;;;;;;
 ;03:12:51;3.301;0.166;420.7;32.3;;;;;;;;;;;;;;;;;;
 ;03:12:52;3.300;0.168;420.8;32.3;;;;;;;;;;;;;;;;;;
 ;03:12:53;3.301;0.167;420.8;32.3;;;;;;;;;;;;;;;;;;
 ;03:12:54;3.301;0.168;420.9;32.3;;;;;;;;;;;;;;;;;;
 ;03:12:55;3.301;0.166;420.9;32.3;;;;;;;;;;;;;;;;;;
 ;03:12:56;3.302;0.165;421.0;32.3;;;;;;;;;;;;;;;;;;
 ;03:12:57;3.300;0.168;421.0;32.3;;;;;;;;;;;;;;;;;;
 ;03:12:58;3.301;0.165;421.0;32.3;;;;;;;;;;;;;;;;;;
 ;03:12:59;3.301;0.165;421.1;32.3;;;;;;;;;;;;;;;;;;
 ;03:13:00;3.300;0.167;421.1;32.3;;;;;;;;;;;;;;;;;;
 ;03:13:01;3.302;0.162;421.2;32.3;;;;;;;;;;;;;;;;;;
 ;03:13:02;3.301;0.165;421.2;32.3;;;;;;;;;;;;;;;;;;
 ;03:13:03;3.300;0.168;421.3;32.3;;;;;;;;;;;;;;;;;;
 ;03:13:04;3.301;0.164;421.3;32.3;;;;;;;;;;;;;;;;;;
 ;03:13:05;3.301;0.164;421.4;32.3;;;;;;;;;;;;;;;;;;
 ;03:13:06;3.300;0.166;421.4;32.3;;;;;;;;;;;;;;;;;;
 ;03:13:07;3.302;0.161;421.5;32.3;;;;;;;;;;;;;;;;;;
 ;03:13:08;3.301;0.164;421.5;32.3;;;;;;;;;;;;;;;;;;
 ;03:13:09;3.300;0.167;421.6;32.3;;;;;;;;;;;;;;;;;;
 ;03:13:10;3.301;0.163;421.6;32.3;;;;;;;;;;;;;;;;;;
 ;03:13:11;3.301;0.163;421.6;32.3;;;;;;;;;;;;;;;;;;
 ;03:13:12;3.300;0.164;421.7;32.3;;;;;;;;;;;;;;;;;;
 ;03:13:13;3.302;0.161;421.7;32.3;;;;;;;;;;;;;;;;;;
 ;03:13:14;3.300;0.165;421.8;32.3;;;;;;;;;;;;;;;;;;
 ;03:13:15;3.301;0.162;421.8;32.3;;;;;;;;;;;;;;;;;;
 ;03:13:16;3.301;0.162;421.9;32.3;;;;;;;;;;;;;;;;;;
 ;03:13:17;3.300;0.163;421.9;32.3;;;;;;;;;;;;;;;;;;
 ;03:13:18;3.302;0.160;422.0;32.3;;;;;;;;;;;;;;;;;;
 ;03:13:19;3.301;0.163;422.0;32.3;;;;;;;;;;;;;;;;;;
 ;03:13:20;3.300;0.162;422.0;32.3;;;;;;;;;;;;;;;;;;
 ;03:13:21;3.302;0.160;422.1;32.3;;;;;;;;;;;;;;;;;;
 ;03:13:22;3.300;0.163;422.1;32.3;;;;;;;;;;;;;;;;;;
 ;03:13:23;3.301;0.160;422.2;32.3;;;;;;;;;;;;;;;;;;
 ;03:13:24;3.301;0.161;422.2;32.3;;;;;;;;;;;;;;;;;;
 ;03:13:25;3.300;0.162;422.3;32.3;;;;;;;;;;;;;;;;;;
 ;03:13:26;3.302;0.159;422.3;32.3;;;;;;;;;;;;;;;;;;
 ;03:13:27;3.300;0.162;422.4;32.3;;;;;;;;;;;;;;;;;;
 ;03:13:28;3.301;0.159;422.4;32.3;;;;;;;;;;;;;;;;;;
 ;03:13:29;3.302;0.158;422.5;32.3;;;;;;;;;;;;;;;;;;
 ;03:13:30;3.300;0.162;422.5;32.3;;;;;;;;;;;;;;;;;;
 ;03:13:31;3.300;0.161;422.5;32.3;;;;;;;;;;;;;;;;;;
 ;03:13:32;3.302;0.158;422.6;32.3;;;;;;;;;;;;;;;;;;
 ;03:13:33;3.300;0.161;422.6;32.3;;;;;;;;;;;;;;;;;;
 ;03:13:34;3.301;0.158;422.7;32.2;;;;;;;;;;;;;;;;;;
 ;03:13:35;3.301;0.159;422.7;32.2;;;;;;;;;;;;;;;;;;
 ;03:13:36;3.300;0.161;422.8;32.2;;;;;;;;;;;;;;;;;;
 ;03:13:37;3.301;0.158;422.8;32.2;;;;;;;;;;;;;;;;;;
 ;03:13:38;3.301;0.159;422.9;32.2;;;;;;;;;;;;;;;;;;
 ;03:13:39;3.301;0.158;422.9;32.2;;;;;;;;;;;;;;;;;;
 ;03:13:40;3.302;0.157;422.9;32.2;;;;;;;;;;;;;;;;;;
 ;03:13:41;3.300;0.160;423.0;32.2;;;;;;;;;;;;;;;;;;
 ;03:13:42;3.301;0.157;423.0;32.2;;;;;;;;;;;;;;;;;;
 ;03:13:43;3.301;0.158;423.1;32.2;;;;;;;;;;;;;;;;;;
 ;03:13:44;3.300;0.159;423.1;32.2;;;;;;;;;;;;;;;;;;
 ;03:13:45;3.302;0.154;423.2;32.2;;;;;;;;;;;;;;;;;;
 ;03:13:46;3.301;0.157;423.2;32.2;;;;;;;;;;;;;;;;;;
 ;03:13:47;3.300;0.159;423.2;32.2;;;;;;;;;;;;;;;;;;
 ;03:13:48;3.301;0.156;423.3;32.2;;;;;;;;;;;;;;;;;;
 ;03:13:49;3.301;0.157;423.3;32.2;;;;;;;;;;;;;;;;;;
 ;03:13:50;3.300;0.158;423.4;32.2;;;;;;;;;;;;;;;;;;
 ;03:13:51;3.302;0.154;423.4;32.2;;;;;;;;;;;;;;;;;;
 ;03:13:52;3.301;0.156;423.5;32.2;;;;;;;;;;;;;;;;;;
 ;03:13:53;3.300;0.158;423.5;32.2;;;;;;;;;;;;;;;;;;
 ;03:13:54;3.301;0.155;423.6;32.2;;;;;;;;;;;;;;;;;;
 ;03:13:55;3.301;0.155;423.6;32.2;;;;;;;;;;;;;;;;;;
 ;03:13:56;3.300;0.157;423.6;32.2;;;;;;;;;;;;;;;;;;
 ;03:13:57;3.302;0.154;423.7;32.2;;;;;;;;;;;;;;;;;;
 ;03:13:58;3.300;0.157;423.7;32.2;;;;;;;;;;;;;;;;;;
 ;03:13:59;3.301;0.156;423.8;32.2;;;;;;;;;;;;;;;;;;
 ;03:14:00;3.302;0.153;423.8;32.2;;;;;;;;;;;;;;;;;;
 ;03:14:01;3.300;0.157;423.9;32.2;;;;;;;;;;;;;;;;;;
 ;03:14:02;3.301;0.153;423.9;32.2;;;;;;;;;;;;;;;;;;
 ;03:14:03;3.302;0.153;423.9;32.2;;;;;;;;;;;;;;;;;;
 ;03:14:04;3.300;0.157;424.0;32.2;;;;;;;;;;;;;;;;;;
 ;03:14:05;3.301;0.155;424.0;32.2;;;;;;;;;;;;;;;;;;
 ;03:14:06;3.302;0.152;424.1;32.2;;;;;;;;;;;;;;;;;;
 ;03:14:07;3.300;0.156;424.1;32.2;;;;;;;;;;;;;;;;;;
 ;03:14:08;3.301;0.152;424.2;32.2;;;;;;;;;;;;;;;;;;
 ;03:14:09;3.302;0.152;424.2;32.2;;;;;;;;;;;;;;;;;;
 ;03:14:10;3.300;0.156;424.2;32.2;;;;;;;;;;;;;;;;;;
 ;03:14:11;3.301;0.153;424.3;32.2;;;;;;;;;;;;;;;;;;
 ;03:14:12;3.302;0.151;424.3;32.2;;;;;;;;;;;;;;;;;;
 ;03:14:13;3.300;0.155;424.4;32.2;;;;;;;;;;;;;;;;;;
 ;03:14:14;3.301;0.151;424.4;32.2;;;;;;;;;;;;;;;;;;
 ;03:14:15;3.302;0.151;424.5;32.2;;;;;;;;;;;;;;;;;;
 ;03:14:16;3.300;0.154;424.5;32.2;;;;;;;;;;;;;;;;;;
 ;03:14:17;3.301;0.152;424.5;32.2;;;;;;;;;;;;;;;;;;
 ;03:14:18;3.302;0.150;424.6;32.2;;;;;;;;;;;;;;;;;;
 ;03:14:19;3.300;0.154;424.6;32.2;;;;;;;;;;;;;;;;;;
 ;03:14:20;3.301;0.150;424.7;32.2;;;;;;;;;;;;;;;;;;
 ;03:14:21;3.302;0.150;424.7;32.2;;;;;;;;;;;;;;;;;;
 ;03:14:22;3.300;0.153;424.7;32.2;;;;;;;;;;;;;;;;;;
 ;03:14:23;3.301;0.151;424.8;32.2;;;;;;;;;;;;;;;;;;
 ;03:14:24;3.302;0.149;424.8;32.2;;;;;;;;;;;;;;;;;;
 ;03:14:25;3.300;0.153;424.9;32.2;;;;;;;;;;;;;;;;;;
 ;03:14:26;3.301;0.149;424.9;32.2;;;;;;;;;;;;;;;;;;
 ;03:14:27;3.302;0.148;425.0;32.2;;;;;;;;;;;;;;;;;;
 ;03:14:28;3.300;0.152;425.0;32.2;;;;;;;;;;;;;;;;;;
 ;03:14:29;3.300;0.151;425.0;32.2;;;;;;;;;;;;;;;;;;
 ;03:14:30;3.302;0.149;425.1;32.2;;;;;;;;;;;;;;;;;;
 ;03:14:31;3.300;0.151;425.1;32.2;;;;;;;;;;;;;;;;;;
 ;03:14:32;3.301;0.148;425.2;32.2;;;;;;;;;;;;;;;;;;
 ;03:14:33;3.301;0.149;425.2;32.2;;;;;;;;;;;;;;;;;;
 ;03:14:34;3.300;0.151;425.3;32.2;;;;;;;;;;;;;;;;;;
 ;03:14:35;3.301;0.148;425.3;32.2;;;;;;;;;;;;;;;;;;
 ;03:14:36;3.301;0.150;425.3;32.2;;;;;;;;;;;;;;;;;;
 ;03:14:37;3.300;0.149;425.4;32.2;;;;;;;;;;;;;;;;;;
 ;03:14:38;3.302;0.146;425.4;32.2;;;;;;;;;;;;;;;;;;
 ;03:14:39;3.300;0.150;425.5;32.2;;;;;;;;;;;;;;;;;;
 ;03:14:40;3.301;0.149;425.5;32.2;;;;;;;;;;;;;;;;;;
 ;03:14:41;3.301;0.148;425.5;32.2;;;;;;;;;;;;;;;;;;
 ;03:14:42;3.301;0.149;425.6;32.2;;;;;;;;;;;;;;;;;;
 ;03:14:43;3.301;0.148;425.6;32.2;;;;;;;;;;;;;;;;;;
 ;03:14:44;3.301;0.147;425.7;32.2;;;;;;;;;;;;;;;;;;
 ;03:14:45;3.301;0.147;425.7;32.2;;;;;;;;;;;;;;;;;;
 ;03:14:46;3.300;0.149;425.7;32.2;;;;;;;;;;;;;;;;;;
 ;03:14:47;3.301;0.146;425.8;32.2;;;;;;;;;;;;;;;;;;
 ;03:14:48;3.300;0.148;425.8;32.2;;;;;;;;;;;;;;;;;;
 ;03:14:49;3.302;0.144;425.9;32.2;;;;;;;;;;;;;;;;;;
 ;03:14:50;3.301;0.147;425.9;32.1;;;;;;;;;;;;;;;;;;
 ;03:14:51;3.300;0.147;425.9;32.1;;;;;;;;;;;;;;;;;;
 ;03:14:52;3.301;0.145;426.0;32.1;;;;;;;;;;;;;;;;;;
 ;03:14:53;3.301;0.147;426.0;32.1;;;;;;;;;;;;;;;;;;
 ;03:14:54;3.301;0.145;426.1;32.1;;;;;;;;;;;;;;;;;;
 ;03:14:55;3.300;0.147;426.1;32.1;;;;;;;;;;;;;;;;;;
 ;03:14:56;3.302;0.143;426.2;32.1;;;;;;;;;;;;;;;;;;
 ;03:14:57;3.301;0.146;426.2;32.1;;;;;;;;;;;;;;;;;;
 ;03:14:58;3.300;0.146;426.2;32.1;;;;;;;;;;;;;;;;;;
 ;03:14:59;3.301;0.144;426.3;32.1;;;;;;;;;;;;;;;;;;
 ;03:15:00;3.301;0.146;426.3;32.1;;;;;;;;;;;;;;;;;;
 ;03:15:01;3.301;0.144;426.4;32.1;;;;;;;;;;;;;;;;;;
 ;03:15:02;3.301;0.145;426.4;32.1;;;;;;;;;;;;;;;;;;
 ;03:15:03;3.302;0.143;426.4;32.1;;;;;;;;;;;;;;;;;;
 ;03:15:04;3.300;0.146;426.5;32.1;;;;;;;;;;;;;;;;;;
 ;03:15:05;3.301;0.143;426.5;32.1;;;;;;;;;;;;;;;;;;
 ;03:15:06;3.300;0.145;426.6;32.1;;;;;;;;;;;;;;;;;;
 ;03:15:07;3.301;0.144;426.6;32.1;;;;;;;;;;;;;;;;;;
 ;03:15:08;3.300;0.145;426.6;32.1;;;;;;;;;;;;;;;;;;
 ;03:15:09;3.301;0.143;426.7;32.1;;;;;;;;;;;;;;;;;;
 ;03:15:10;3.300;0.145;426.7;32.1;;;;;;;;;;;;;;;;;;
 ;03:15:11;3.301;0.143;426.8;32.1;;;;;;;;;;;;;;;;;;
 ;03:15:12;3.301;0.144;426.8;32.1;;;;;;;;;;;;;;;;;;
 ;03:15:13;3.301;0.143;426.8;32.1;;;;;;;;;;;;;;;;;;
 ;03:15:14;3.300;0.143;426.9;32.1;;;;;;;;;;;;;;;;;;
 ;03:15:15;3.301;0.141;426.9;32.1;;;;;;;;;;;;;;;;;;
 ;03:15:16;3.301;0.142;427.0;32.1;;;;;;;;;;;;;;;;;;
 ;03:15:17;3.300;0.144;427.0;32.1;;;;;;;;;;;;;;;;;;
 ;03:15:18;3.301;0.141;427.0;32.1;;;;;;;;;;;;;;;;;;
 ;03:15:19;3.301;0.142;427.1;32.1;;;;;;;;;;;;;;;;;;
 ;03:15:20;3.300;0.142;427.1;32.1;;;;;;;;;;;;;;;;;;
 ;03:15:21;3.302;0.138;427.2;32.1;;;;;;;;;;;;;;;;;;
 ;03:15:22;3.301;0.142;427.2;32.1;;;;;;;;;;;;;;;;;;
 ;03:15:23;3.300;0.143;427.2;32.1;;;;;;;;;;;;;;;;;;
 ;03:15:24;3.301;0.140;427.3;32.1;;;;;;;;;;;;;;;;;;
 ;03:15:25;3.301;0.141;427.3;32.1;;;;;;;;;;;;;;;;;;
 ;03:15:26;3.300;0.141;427.3;32.1;;;;;;;;;;;;;;;;;;
 ;03:15:27;3.302;0.139;427.4;32.1;;;;;;;;;;;;;;;;;;
 ;03:15:28;3.300;0.142;427.4;32.1;;;;;;;;;;;;;;;;;;
 ;03:15:29;3.301;0.139;427.5;32.1;;;;;;;;;;;;;;;;;;
 ;03:15:30;3.301;0.140;427.5;32.1;;;;;;;;;;;;;;;;;;
 ;03:15:31;3.300;0.142;427.5;32.1;;;;;;;;;;;;;;;;;;
 ;03:15:32;3.302;0.138;427.6;32.1;;;;;;;;;;;;;;;;;;
 ;03:15:33;3.300;0.141;427.6;32.1;;;;;;;;;;;;;;;;;;
 ;03:15:34;3.301;0.139;427.7;32.1;;;;;;;;;;;;;;;;;;
 ;03:15:35;3.302;0.137;427.7;32.1;;;;;;;;;;;;;;;;;;
 ;03:15:36;3.300;0.140;427.7;32.1;;;;;;;;;;;;;;;;;;
 ;03:15:37;3.300;0.141;427.8;32.1;;;;;;;;;;;;;;;;;;
 ;03:15:38;3.302;0.137;427.8;32.1;;;;;;;;;;;;;;;;;;
 ;03:15:39;3.300;0.140;427.9;32.1;;;;;;;;;;;;;;;;;;
 ;03:15:40;3.301;0.139;427.9;32.1;;;;;;;;;;;;;;;;;;
 ;03:15:41;3.301;0.138;427.9;32.1;;;;;;;;;;;;;;;;;;
 ;03:15:42;3.300;0.140;428.0;32.1;;;;;;;;;;;;;;;;;;
 ;03:15:43;3.302;0.137;428.0;32.1;;;;;;;;;;;;;;;;;;
 ;03:15:44;3.301;0.139;428.0;32.1;;;;;;;;;;;;;;;;;;
 ;03:15:45;3.300;0.139;428.1;32.1;;;;;;;;;;;;;;;;;;
 ;03:15:46;3.302;0.136;428.1;32.1;;;;;;;;;;;;;;;;;;
 ;03:15:47;3.300;0.139;428.2;32.1;;;;;;;;;;;;;;;;;;
 ;03:15:48;3.301;0.136;428.2;32.1;;;;;;;;;;;;;;;;;;
 ;03:15:49;3.301;0.137;428.2;32.1;;;;;;;;;;;;;;;;;;
 ;03:15:50;3.300;0.139;428.3;32.1;;;;;;;;;;;;;;;;;;
 ;03:15:51;3.302;0.136;428.3;32.1;;;;;;;;;;;;;;;;;;
 ;03:15:52;3.301;0.138;428.4;32.1;;;;;;;;;;;;;;;;;;
 ;03:15:53;3.301;0.137;428.4;32.1;;;;;;;;;;;;;;;;;;
 ;03:15:54;3.302;0.133;428.4;32.1;;;;;;;;;;;;;;;;;;
 ;03:15:55;3.301;0.137;428.5;32.1;;;;;;;;;;;;;;;;;;
 ;03:15:56;3.300;0.138;428.5;32.0;;;;;;;;;;;;;;;;;;
 ;03:15:57;3.302;0.135;428.5;32.0;;;;;;;;;;;;;;;;;;
 ;03:15:58;3.301;0.137;428.6;32.0;;;;;;;;;;;;;;;;;;
 ;03:15:59;3.301;0.136;428.6;32.0;;;;;;;;;;;;;;;;;;
 ;03:16:00;3.302;0.135;428.7;32.0;;;;;;;;;;;;;;;;;;
 ;03:16:01;3.300;0.138;428.7;32.0;;;;;;;;;;;;;;;;;;
 ;03:16:02;3.302;0.134;428.7;32.0;;;;;;;;;;;;;;;;;;
 ;03:16:03;3.302;0.134;428.8;32.0;;;;;;;;;;;;;;;;;;
 ;03:16:04;3.300;0.137;428.8;32.0;;;;;;;;;;;;;;;;;;
 ;03:16:05;3.301;0.135;428.8;32.0;;;;;;;;;;;;;;;;;;
 ;03:16:06;3.302;0.134;428.9;32.0;;;;;;;;;;;;;;;;;;
 ;03:16:07;3.300;0.137;428.9;32.0;;;;;;;;;;;;;;;;;;
 ;03:16:08;3.302;0.133;429.0;32.0;;;;;;;;;;;;;;;;;;
 ;03:16:09;3.302;0.133;429.0;32.0;;;;;;;;;;;;;;;;;;
 ;03:16:10;3.300;0.136;429.0;32.0;;;;;;;;;;;;;;;;;;
 ;03:16:11;3.301;0.134;429.1;32.0;;;;;;;;;;;;;;;;;;
 ;03:16:12;3.302;0.133;429.1;32.0;;;;;;;;;;;;;;;;;;
 ;03:16:13;3.300;0.136;429.1;32.0;;;;;;;;;;;;;;;;;;
 ;03:16:14;3.301;0.133;429.2;32.0;;;;;;;;;;;;;;;;;;
 ;03:16:15;3.301;0.135;429.2;32.0;;;;;;;;;;;;;;;;;;
 ;03:16:16;3.301;0.134;429.3;32.0;;;;;;;;;;;;;;;;;;
 ;03:16:17;3.302;0.131;429.3;32.0;;;;;;;;;;;;;;;;;;
 ;03:16:18;3.300;0.136;429.3;32.0;;;;;;;;;;;;;;;;;;
 ;03:16:19;3.301;0.134;429.4;32.0;;;;;;;;;;;;;;;;;;
 ;03:16:20;3.302;0.132;429.4;32.0;;;;;;;;;;;;;;;;;;
 ;03:16:21;3.300;0.135;429.4;32.0;;;;;;;;;;;;;;;;;;
 ;03:16:22;3.302;0.131;429.5;32.0;;;;;;;;;;;;;;;;;;
 ;03:16:23;3.302;0.131;429.5;32.0;;;;;;;;;;;;;;;;;;
 ;03:16:24;3.300;0.135;429.6;32.0;;;;;;;;;;;;;;;;;;
 ;03:16:25;3.301;0.133;429.6;32.0;;;;;;;;;;;;;;;;;;
 ;03:16:26;3.302;0.131;429.6;32.0;;;;;;;;;;;;;;;;;;
 ;03:16:27;3.300;0.134;429.7;32.0;;;;;;;;;;;;;;;;;;
 ;03:16:28;3.301;0.131;429.7;32.0;;;;;;;;;;;;;;;;;;
 ;03:16:29;3.301;0.132;429.7;32.0;;;;;;;;;;;;;;;;;;
 ;03:16:30;3.301;0.132;429.8;32.0;;;;;;;;;;;;;;;;;;
 ;03:16:31;3.302;0.130;429.8;32.0;;;;;;;;;;;;;;;;;;
 ;03:16:32;3.300;0.133;429.8;32.0;;;;;;;;;;;;;;;;;;
 ;03:16:33;3.301;0.130;429.9;32.0;;;;;;;;;;;;;;;;;;
 ;03:16:34;3.301;0.130;429.9;32.0;;;;;;;;;;;;;;;;;;
 ;03:16:35;3.300;0.132;430.0;32.0;;;;;;;;;;;;;;;;;;
 ;03:16:36;3.302;0.128;430.0;32.0;;;;;;;;;;;;;;;;;;
 ;03:16:37;3.301;0.130;430.0;32.0;;;;;;;;;;;;;;;;;;
 ;03:16:38;3.300;0.132;430.1;32.0;;;;;;;;;;;;;;;;;;
 ;03:16:39;3.301;0.130;430.1;32.0;;;;;;;;;;;;;;;;;;
 ;03:16:40;3.301;0.129;430.1;32.0;;;;;;;;;;;;;;;;;;
 ;03:16:41;3.300;0.131;430.2;32.0;;;;;;;;;;;;;;;;;;
 ;03:16:42;3.302;0.128;430.2;32.0;;;;;;;;;;;;;;;;;;
 ;03:16:43;3.300;0.131;430.2;32.0;;;;;;;;;;;;;;;;;;
 ;03:16:44;3.301;0.129;430.3;32.0;;;;;;;;;;;;;;;;;;
 ;03:16:45;3.302;0.129;430.3;32.0;;;;;;;;;;;;;;;;;;
 ;03:16:46;3.300;0.131;430.4;32.0;;;;;;;;;;;;;;;;;;
 ;03:16:47;3.301;0.128;430.4;32.0;;;;;;;;;;;;;;;;;;
 ;03:16:48;3.301;0.129;430.4;32.0;;;;;;;;;;;;;;;;;;
 ;03:16:49;3.300;0.130;430.5;32.0;;;;;;;;;;;;;;;;;;
 ;03:16:50;3.302;0.127;430.5;32.0;;;;;;;;;;;;;;;;;;
 ;03:16:51;3.300;0.131;430.5;32.0;;;;;;;;;;;;;;;;;;
 ;03:16:52;3.301;0.128;430.6;32.0;;;;;;;;;;;;;;;;;;
 ;03:16:53;3.301;0.128;430.6;32.0;;;;;;;;;;;;;;;;;;
 ;03:16:54;3.300;0.131;430.6;32.0;;;;;;;;;;;;;;;;;;
 ;03:16:55;3.301;0.127;430.7;32.0;;;;;;;;;;;;;;;;;;
 ;03:16:56;3.301;0.128;430.7;32.0;;;;;;;;;;;;;;;;;;
 ;03:16:57;3.300;0.129;430.8;32.0;;;;;;;;;;;;;;;;;;
 ;03:16:58;3.302;0.124;430.8;32.0;;;;;;;;;;;;;;;;;;
 ;03:16:59;3.301;0.128;430.8;32.0;;;;;;;;;;;;;;;;;;
 ;03:17:00;3.300;0.130;430.9;32.0;;;;;;;;;;;;;;;;;;
 ;03:17:01;3.301;0.126;430.9;32.0;;;;;;;;;;;;;;;;;;
 ;03:17:02;3.301;0.127;430.9;32.0;;;;;;;;;;;;;;;;;;
 ;03:17:03;3.300;0.128;431.0;32.0;;;;;;;;;;;;;;;;;;
 ;03:17:04;3.302;0.125;431.0;32.0;;;;;;;;;;;;;;;;;;
 ;03:17:05;3.300;0.128;431.0;32.0;;;;;;;;;;;;;;;;;;
 ;03:17:06;3.301;0.125;431.1;32.0;;;;;;;;;;;;;;;;;;
 ;03:17:07;3.301;0.126;431.1;32.0;;;;;;;;;;;;;;;;;;
 ;03:17:08;3.300;0.128;431.1;31.9;;;;;;;;;;;;;;;;;;
 ;03:17:09;3.302;0.125;431.2;31.9;;;;;;;;;;;;;;;;;;
 ;03:17:10;3.301;0.127;431.2;31.9;;;;;;;;;;;;;;;;;;
 ;03:17:11;3.300;0.127;431.2;31.9;;;;;;;;;;;;;;;;;;
 ;03:17:12;3.302;0.124;431.3;31.9;;;;;;;;;;;;;;;;;;
 ;03:17:13;3.300;0.127;431.3;31.9;;;;;;;;;;;;;;;;;;
 ;03:17:14;3.301;0.124;431.4;31.9;;;;;;;;;;;;;;;;;;
 ;03:17:15;3.301;0.125;431.4;31.9;;;;;;;;;;;;;;;;;;
 ;03:17:16;3.300;0.127;431.4;31.9;;;;;;;;;;;;;;;;;;
 ;03:17:17;3.302;0.123;431.5;31.9;;;;;;;;;;;;;;;;;;
 ;03:17:18;3.301;0.126;431.5;31.9;;;;;;;;;;;;;;;;;;
 ;03:17:19;3.301;0.125;431.5;31.9;;;;;;;;;;;;;;;;;;
 ;03:17:20;3.302;0.122;431.6;31.9;;;;;;;;;;;;;;;;;;
 ;03:17:21;3.300;0.126;431.6;31.9;;;;;;;;;;;;;;;;;;
 ;03:17:22;3.301;0.124;431.6;31.9;;;;;;;;;;;;;;;;;;
 ;03:17:23;3.301;0.124;431.7;31.9;;;;;;;;;;;;;;;;;;
 ;03:17:24;3.301;0.125;431.7;31.9;;;;;;;;;;;;;;;;;;
 ;03:17:25;3.301;0.124;431.7;31.9;;;;;;;;;;;;;;;;;;
 ;03:17:26;3.301;0.125;431.8;31.9;;;;;;;;;;;;;;;;;;
 ;03:17:27;3.301;0.124;431.8;31.9;;;;;;;;;;;;;;;;;;
 ;03:17:28;3.301;0.124;431.8;31.9;;;;;;;;;;;;;;;;;;
 ;03:17:29;3.301;0.123;431.9;31.9;;;;;;;;;;;;;;;;;;
 ;03:17:30;3.300;0.125;431.9;31.9;;;;;;;;;;;;;;;;;;
 ;03:17:31;3.301;0.122;431.9;31.9;;;;;;;;;;;;;;;;;;
 ;03:17:32;3.300;0.124;432.0;31.9;;;;;;;;;;;;;;;;;;
 ;03:17:33;3.301;0.122;432.0;31.9;;;;;;;;;;;;;;;;;;
 ;03:17:34;3.300;0.124;432.0;31.9;;;;;;;;;;;;;;;;;;
 ;03:17:35;3.302;0.121;432.1;31.9;;;;;;;;;;;;;;;;;;
 ;03:17:36;3.301;0.123;432.1;31.9;;;;;;;;;;;;;;;;;;
 ;03:17:37;3.300;0.124;432.1;31.9;;;;;;;;;;;;;;;;;;
 ;03:17:38;3.301;0.121;432.2;31.9;;;;;;;;;;;;;;;;;;
 ;03:17:39;3.300;0.124;432.2;31.9;;;;;;;;;;;;;;;;;;
 ;03:17:40;3.301;0.122;432.2;31.9;;;;;;;;;;;;;;;;;;
 ;03:17:41;3.300;0.123;432.3;31.9;;;;;;;;;;;;;;;;;;
 ;03:17:42;3.301;0.120;432.3;31.9;;;;;;;;;;;;;;;;;;
 ;03:17:43;3.301;0.121;432.4;31.9;;;;;;;;;;;;;;;;;;
 ;03:17:44;3.300;0.123;432.4;31.9;;;;;;;;;;;;;;;;;;
 ;03:17:45;3.301;0.120;432.4;31.9;;;;;;;;;;;;;;;;;;
 ;03:17:46;3.300;0.122;432.5;31.9;;;;;;;;;;;;;;;;;;
 ;03:17:47;3.301;0.121;432.5;31.9;;;;;;;;;;;;;;;;;;
 ;03:17:48;3.300;0.122;432.5;31.9;;;;;;;;;;;;;;;;;;
 ;03:17:49;3.301;0.121;432.6;31.9;;;;;;;;;;;;;;;;;;
 ;03:17:50;3.300;0.121;432.6;31.9;;;;;;;;;;;;;;;;;;
 ;03:17:51;3.301;0.120;432.6;31.9;;;;;;;;;;;;;;;;;;
 ;03:17:52;3.300;0.121;432.7;31.9;;;;;;;;;;;;;;;;;;
 ;03:17:53;3.301;0.120;432.7;31.9;;;;;;;;;;;;;;;;;;
 ;03:17:54;3.301;0.120;432.7;31.9;;;;;;;;;;;;;;;;;;
 ;03:17:55;3.301;0.120;432.8;31.9;;;;;;;;;;;;;;;;;;
 ;03:17:56;3.301;0.120;432.8;31.9;;;;;;;;;;;;;;;;;;
 ;03:17:57;3.301;0.120;432.8;31.9;;;;;;;;;;;;;;;;;;
 ;03:17:58;3.301;0.120;432.9;31.9;;;;;;;;;;;;;;;;;;
 ;03:17:59;3.301;0.119;432.9;31.9;;;;;;;;;;;;;;;;;;
 ;03:18:00;3.301;0.119;432.9;31.9;;;;;;;;;;;;;;;;;;
 ;03:18:01;3.300;0.121;433.0;31.9;;;;;;;;;;;;;;;;;;
 ;03:18:02;3.301;0.118;433.0;31.9;;;;;;;;;;;;;;;;;;
 ;03:18:03;3.300;0.121;433.0;31.9;;;;;;;;;;;;;;;;;;
 ;03:18:04;3.301;0.118;433.1;31.9;;;;;;;;;;;;;;;;;;
 ;03:18:05;3.300;0.120;433.1;31.9;;;;;;;;;;;;;;;;;;
 ;03:18:06;3.301;0.117;433.1;31.9;;;;;;;;;;;;;;;;;;
 ;03:18:07;3.301;0.118;433.2;31.9;;;;;;;;;;;;;;;;;;
 ;03:18:08;3.300;0.120;433.2;31.9;;;;;;;;;;;;;;;;;;
 ;03:18:09;3.302;0.117;433.2;31.9;;;;;;;;;;;;;;;;;;
 ;03:18:10;3.301;0.119;433.3;31.9;;;;;;;;;;;;;;;;;;
 ;03:18:11;3.300;0.120;433.3;31.9;;;;;;;;;;;;;;;;;;
 ;03:18:12;3.301;0.117;433.3;31.9;;;;;;;;;;;;;;;;;;
 ;03:18:13;3.300;0.119;433.4;31.9;;;;;;;;;;;;;;;;;;
 ;03:18:14;3.301;0.117;433.4;31.9;;;;;;;;;;;;;;;;;;
 ;03:18:15;3.300;0.119;433.4;31.8;;;;;;;;;;;;;;;;;;
 ;03:18:16;3.302;0.116;433.5;31.8;;;;;;;;;;;;;;;;;;
 ;03:18:17;3.301;0.118;433.5;31.8;;;;;;;;;;;;;;;;;;
 ;03:18:18;3.300;0.119;433.5;31.8;;;;;;;;;;;;;;;;;;
 ;03:18:19;3.302;0.116;433.5;31.8;;;;;;;;;;;;;;;;;;
 ;03:18:20;3.300;0.119;433.6;31.8;;;;;;;;;;;;;;;;;;
 ;03:18:21;3.301;0.117;433.6;31.8;;;;;;;;;;;;;;;;;;
 ;03:18:22;3.301;0.116;433.6;31.8;;;;;;;;;;;;;;;;;;
 ;03:18:23;3.300;0.118;433.7;31.8;;;;;;;;;;;;;;;;;;
 ;03:18:24;3.302;0.115;433.7;31.8;;;;;;;;;;;;;;;;;;
 ;03:18:25;3.301;0.117;433.7;31.8;;;;;;;;;;;;;;;;;;
 ;03:18:26;3.300;0.117;433.8;31.8;;;;;;;;;;;;;;;;;;
 ;03:18:27;3.302;0.115;433.8;31.8;;;;;;;;;;;;;;;;;;
 ;03:18:28;3.300;0.118;433.8;31.8;;;;;;;;;;;;;;;;;;
 ;03:18:29;3.301;0.115;433.9;31.8;;;;;;;;;;;;;;;;;;
 ;03:18:30;3.301;0.116;433.9;31.8;;;;;;;;;;;;;;;;;;
 ;03:18:31;3.300;0.117;433.9;31.8;;;;;;;;;;;;;;;;;;
 ;03:18:32;3.302;0.113;434.0;31.8;;;;;;;;;;;;;;;;;;
 ;03:18:33;3.301;0.115;434.0;31.8;;;;;;;;;;;;;;;;;;
 ;03:18:34;3.300;0.117;434.0;31.8;;;;;;;;;;;;;;;;;;
 ;03:18:35;3.301;0.114;434.1;31.8;;;;;;;;;;;;;;;;;;
 ;03:18:36;3.301;0.115;434.1;31.8;;;;;;;;;;;;;;;;;;
 ;03:18:37;3.300;0.116;434.1;31.8;;;;;;;;;;;;;;;;;;
 ;03:18:38;3.302;0.114;434.2;31.8;;;;;;;;;;;;;;;;;;
 ;03:18:39;3.300;0.116;434.2;31.8;;;;;;;;;;;;;;;;;;
 ;03:18:40;3.301;0.114;434.2;31.8;;;;;;;;;;;;;;;;;;
 ;03:18:41;3.301;0.114;434.3;31.8;;;;;;;;;;;;;;;;;;
 ;03:18:42;3.300;0.116;434.3;31.8;;;;;;;;;;;;;;;;;;
 ;03:18:43;3.301;0.113;434.3;31.8;;;;;;;;;;;;;;;;;;
 ;03:18:44;3.301;0.115;434.4;31.8;;;;;;;;;;;;;;;;;;
 ;03:18:45;3.301;0.115;434.4;31.8;;;;;;;;;;;;;;;;;;
 ;03:18:46;3.302;0.113;434.4;31.8;;;;;;;;;;;;;;;;;;
 ;03:18:47;3.300;0.116;434.5;31.8;;;;;;;;;;;;;;;;;;
 ;03:18:48;3.301;0.112;434.5;31.8;;;;;;;;;;;;;;;;;;
 ;03:18:49;3.302;0.112;434.5;31.8;;;;;;;;;;;;;;;;;;
 ;03:18:50;3.300;0.116;434.5;31.8;;;;;;;;;;;;;;;;;;
 ;03:18:51;3.301;0.114;434.6;31.8;;;;;;;;;;;;;;;;;;
 ;03:18:52;3.302;0.112;434.6;31.8;;;;;;;;;;;;;;;;;;
 ;03:18:53;3.300;0.116;434.6;31.8;;;;;;;;;;;;;;;;;;
 ;03:18:54;3.301;0.114;434.7;31.8;;;;;;;;;;;;;;;;;;
 ;03:18:55;3.302;0.112;434.7;31.8;;;;;;;;;;;;;;;;;;
 ;03:18:56;3.300;0.115;434.7;31.8;;;;;;;;;;;;;;;;;;
 ;03:18:57;3.302;0.111;434.8;31.8;;;;;;;;;;;;;;;;;;
 ;03:18:58;3.302;0.111;434.8;31.8;;;;;;;;;;;;;;;;;;
 ;03:18:59;3.300;0.115;434.8;31.8;;;;;;;;;;;;;;;;;;
 ;03:19:00;3.301;0.113;434.9;31.8;;;;;;;;;;;;;;;;;;
 ;03:19:01;3.302;0.111;434.9;31.8;;;;;;;;;;;;;;;;;;
 ;03:19:02;3.300;0.114;434.9;31.8;;;;;;;;;;;;;;;;;;
 ;03:19:03;3.301;0.111;435.0;31.8;;;;;;;;;;;;;;;;;;
 ;03:19:04;3.301;0.113;435.0;31.8;;;;;;;;;;;;;;;;;;
 ;03:19:05;3.300;0.113;435.0;31.8;;;;;;;;;;;;;;;;;;
 ;03:19:06;3.302;0.108;435.0;31.8;;;;;;;;;;;;;;;;;;
 ;03:19:07;3.301;0.112;435.1;31.8;;;;;;;;;;;;;;;;;;
 ;03:19:08;3.300;0.114;435.1;31.8;;;;;;;;;;;;;;;;;;
 ;03:19:09;3.302;0.110;435.1;31.8;;;;;;;;;;;;;;;;;;
 ;03:19:10;3.301;0.112;435.2;31.8;;;;;;;;;;;;;;;;;;
 ;03:19:11;3.300;0.113;435.2;31.8;;;;;;;;;;;;;;;;;;
 ;03:19:12;3.302;0.109;435.2;31.7;;;;;;;;;;;;;;;;;;
 ;03:19:13;3.300;0.113;435.3;31.7;;;;;;;;;;;;;;;;;;
 ;03:19:14;3.301;0.110;435.3;31.7;;;;;;;;;;;;;;;;;;
 ;03:19:15;3.302;0.108;435.3;31.7;;;;;;;;;;;;;;;;;;
 ;03:19:16;3.300;0.112;435.4;31.7;;;;;;;;;;;;;;;;;;
 ;03:19:17;3.300;0.111;435.4;31.7;;;;;;;;;;;;;;;;;;
 ;03:19:18;3.302;0.108;435.4;31.7;;;;;;;;;;;;;;;;;;
 ;03:19:19;3.300;0.112;435.5;31.7;;;;;;;;;;;;;;;;;;
 ;03:19:20;3.300;0.111;435.5;31.7;;;;;;;;;;;;;;;;;;
 ;03:19:21;3.302;0.109;435.5;31.7;;;;;;;;;;;;;;;;;;
 ;03:19:22;3.300;0.112;435.5;31.7;;;;;;;;;;;;;;;;;;
 ;03:19:23;3.301;0.109;435.6;31.7;;;;;;;;;;;;;;;;;;
 ;03:19:24;3.302;0.107;435.6;31.7;;;;;;;;;;;;;;;;;;
 ;03:19:25;3.300;0.111;435.6;31.7;;;;;;;;;;;;;;;;;;
 ;03:19:26;3.300;0.110;435.7;31.7;;;;;;;;;;;;;;;;;;
 ;03:19:27;3.302;0.108;435.7;31.7;;;;;;;;;;;;;;;;;;
 ;03:19:28;3.300;0.111;435.7;31.7;;;;;;;;;;;;;;;;;;
 ;03:19:29;3.301;0.109;435.8;31.7;;;;;;;;;;;;;;;;;;
 ;03:19:30;3.301;0.108;435.8;31.7;;;;;;;;;;;;;;;;;;
 ;03:19:31;3.300;0.111;435.8;31.7;;;;;;;;;;;;;;;;;;
 ;03:19:32;3.302;0.107;435.8;31.7;;;;;;;;;;;;;;;;;;
 ;03:19:33;3.302;0.108;435.9;31.7;;;;;;;;;;;;;;;;;;
 ;03:19:34;3.300;0.110;435.9;31.7;;;;;;;;;;;;;;;;;;
 ;03:19:35;3.301;0.108;435.9;31.7;;;;;;;;;;;;;;;;;;
 ;03:19:36;3.302;0.107;436.0;31.7;;;;;;;;;;;;;;;;;;
 ;03:19:37;3.300;0.110;436.0;31.7;;;;;;;;;;;;;;;;;;
 ;03:19:38;3.301;0.107;436.0;31.7;;;;;;;;;;;;;;;;;;
 ;03:19:39;3.301;0.108;436.1;31.7;;;;;;;;;;;;;;;;;;
 ;03:19:40;3.300;0.109;436.1;31.7;;;;;;;;;;;;;;;;;;
 ;03:19:41;3.302;0.105;436.1;31.7;;;;;;;;;;;;;;;;;;
 ;03:19:42;3.301;0.108;436.1;31.7;;;;;;;;;;;;;;;;;;
 ;03:19:43;3.300;0.110;436.2;31.7;;;;;;;;;;;;;;;;;;
 ;03:19:44;3.301;0.107;436.2;31.7;;;;;;;;;;;;;;;;;;
 ;03:19:45;3.301;0.108;436.2;31.7;;;;;;;;;;;;;;;;;;
 ;03:19:46;3.300;0.109;436.3;31.7;;;;;;;;;;;;;;;;;;
 ;03:19:47;3.302;0.106;436.3;31.7;;;;;;;;;;;;;;;;;;
 ;03:19:48;3.300;0.109;436.3;31.7;;;;;;;;;;;;;;;;;;
 ;03:19:49;3.301;0.107;436.4;31.7;;;;;;;;;;;;;;;;;;
 ;03:19:50;3.301;0.106;436.4;31.7;;;;;;;;;;;;;;;;;;
 ;03:19:51;3.300;0.109;436.4;31.7;;;;;;;;;;;;;;;;;;
 ;03:19:52;3.302;0.105;436.4;31.7;;;;;;;;;;;;;;;;;;
 ;03:19:53;3.301;0.107;436.5;31.7;;;;;;;;;;;;;;;;;;
 ;03:19:54;3.300;0.108;436.5;31.7;;;;;;;;;;;;;;;;;;
 ;03:19:55;3.302;0.105;436.5;31.7;;;;;;;;;;;;;;;;;;
 ;03:19:56;3.300;0.108;436.6;31.7;;;;;;;;;;;;;;;;;;
 ;03:19:57;3.301;0.106;436.6;31.7;;;;;;;;;;;;;;;;;;
 ;03:19:58;3.301;0.105;436.6;31.7;;;;;;;;;;;;;;;;;;
 ;03:19:59;3.300;0.108;436.7;31.7;;;;;;;;;;;;;;;;;;
 ;03:20:00;3.302;0.103;436.7;31.7;;;;;;;;;;;;;;;;;;
 ;03:20:01;3.302;0.104;436.7;31.7;;;;;;;;;;;;;;;;;;
 ;03:20:02;3.300;0.107;436.7;31.7;;;;;;;;;;;;;;;;;;
 ;03:20:03;3.301;0.105;436.8;31.7;;;;;;;;;;;;;;;;;;
 ;03:20:04;3.302;0.104;436.8;31.7;;;;;;;;;;;;;;;;;;
 ;03:20:05;3.300;0.107;436.8;31.7;;;;;;;;;;;;;;;;;;
 ;03:20:06;3.301;0.104;436.9;31.7;;;;;;;;;;;;;;;;;;
 ;03:20:07;3.301;0.104;436.9;31.7;;;;;;;;;;;;;;;;;;
 ;03:20:08;3.300;0.107;436.9;31.7;;;;;;;;;;;;;;;;;;
 ;03:20:09;3.302;0.102;437.0;31.7;;;;;;;;;;;;;;;;;;
 ;03:20:10;3.301;0.104;437.0;31.7;;;;;;;;;;;;;;;;;;
 ;03:20:11;3.300;0.107;437.0;31.7;;;;;;;;;;;;;;;;;;
 ;03:20:12;3.301;0.104;437.0;31.7;;;;;;;;;;;;;;;;;;
 ;03:20:13;3.302;0.104;437.1;31.7;;;;;;;;;;;;;;;;;;
 ;03:20:14;3.300;0.106;437.1;31.7;;;;;;;;;;;;;;;;;;
 ;03:20:15;3.301;0.103;437.1;31.6;;;;;;;;;;;;;;;;;;
 ;03:20:16;3.301;0.104;437.2;31.6;;;;;;;;;;;;;;;;;;
 ;03:20:17;3.300;0.105;437.2;31.6;;;;;;;;;;;;;;;;;;
 ;03:20:18;3.302;0.102;437.2;31.6;;;;;;;;;;;;;;;;;;
 ;03:20:19;3.300;0.106;437.2;31.6;;;;;;;;;;;;;;;;;;
 ;03:20:20;3.301;0.103;437.3;31.6;;;;;;;;;;;;;;;;;;
 ;03:20:21;3.302;0.101;437.3;31.6;;;;;;;;;;;;;;;;;;
 ;03:20:22;3.300;0.106;437.3;31.6;;;;;;;;;;;;;;;;;;
 ;03:20:23;3.301;0.104;437.4;31.6;;;;;;;;;;;;;;;;;;
 ;03:20:24;3.302;0.102;437.4;31.6;;;;;;;;;;;;;;;;;;
 ;03:20:25;3.300;0.105;437.4;31.6;;;;;;;;;;;;;;;;;;
 ;03:20:26;3.301;0.102;437.4;31.6;;;;;;;;;;;;;;;;;;
 ;03:20:27;3.301;0.104;437.5;31.6;;;;;;;;;;;;;;;;;;
 ;03:20:28;3.300;0.105;437.5;31.6;;;;;;;;;;;;;;;;;;
 ;03:20:29;3.302;0.100;437.5;31.6;;;;;;;;;;;;;;;;;;
 ;03:20:30;3.301;0.104;437.6;31.6;;;;;;;;;;;;;;;;;;
 ;03:20:31;3.300;0.104;437.6;31.6;;;;;;;;;;;;;;;;;;
 ;03:20:32;3.302;0.101;437.6;31.6;;;;;;;;;;;;;;;;;;
 ;03:20:33;3.300;0.104;437.6;31.6;;;;;;;;;;;;;;;;;;
 ;03:20:34;3.301;0.103;437.7;31.6;;;;;;;;;;;;;;;;;;
 ;03:20:35;3.301;0.101;437.7;31.6;;;;;;;;;;;;;;;;;;
 ;03:20:36;3.300;0.104;437.7;31.6;;;;;;;;;;;;;;;;;;
 ;03:20:37;3.302;0.100;437.8;31.6;;;;;;;;;;;;;;;;;;
 ;03:20:38;3.301;0.103;437.8;31.6;;;;;;;;;;;;;;;;;;
 ;03:20:39;3.301;0.102;437.8;31.6;;;;;;;;;;;;;;;;;;
 ;03:20:40;3.301;0.101;437.8;31.6;;;;;;;;;;;;;;;;;;
 ;03:20:41;3.300;0.103;437.9;31.6;;;;;;;;;;;;;;;;;;
 ;03:20:42;3.301;0.100;437.9;31.6;;;;;;;;;;;;;;;;;;
 ;03:20:43;3.300;0.103;437.9;31.6;;;;;;;;;;;;;;;;;;
 ;03:20:44;3.301;0.101;438.0;31.6;;;;;;;;;;;;;;;;;;
 ;03:20:45;3.301;0.101;438.0;31.6;;;;;;;;;;;;;;;;;;
 ;03:20:46;3.301;0.102;438.0;31.6;;;;;;;;;;;;;;;;;;
 ;03:20:47;3.301;0.100;438.0;31.6;;;;;;;;;;;;;;;;;;
 ;03:20:48;3.300;0.101;438.1;31.6;;;;;;;;;;;;;;;;;;
 ;03:20:49;3.301;0.101;438.1;31.6;;;;;;;;;;;;;;;;;;
 ;03:20:50;3.301;0.100;438.1;31.6;;;;;;;;;;;;;;;;;;
 ;03:20:51;3.301;0.101;438.2;31.6;;;;;;;;;;;;;;;;;;
 ;03:20:52;3.301;0.100;438.2;31.6;;;;;;;;;;;;;;;;;;
 ;03:20:53;3.301;0.101;438.2;31.6;;;;;;;;;;;;;;;;;;
 ;03:20:54;3.301;0.100;438.2;31.6;;;;;;;;;;;;;;;;;;
 ;03:20:55;3.301;0.101;438.3;31.6;;;;;;;;;;;;;;;;;;
 ;03:20:56;3.301;0.100;438.3;31.6;;;;;;;;;;;;;;;;;;
 ;03:20:57;3.301;0.100;438.3;31.6;;;;;;;;;;;;;;;;;;
 ;03:20:58;3.301;0.100;438.4;31.6;;;;;;;;;;;;;;;;;;
 ;03:20:59;3.301;0.099;438.4;31.6;;;;;;;;;;;;;;;;;;
 ;03:21:00;3.301;0.100;438.4;31.6;;;;;;;;;;;;;;;;;;
 ;03:21:01;3.301;0.099;438.4;31.6;;;;;;;;;;;;;;;;;;
 ;03:21:02;3.301;0.099;438.5;31.6;;;;;;;;;;;;;;;;;;
 ;03:21:03;3.301;0.099;438.5;31.6;;;;;;;;;;;;;;;;;;
 ;03:21:04;3.301;0.099;438.5;31.6;;;;;;;;;;;;;;;;;;
 ;03:21:05;3.301;0.099;438.5;31.6;;;;;;;;;;;;;;;;;;
 ;03:21:06;3.301;0.099;438.6;31.6;;;;;;;;;;;;;;;;;;
 ;03:21:07;3.301;0.098;438.6;31.6;;;;;;;;;;;;;;;;;;
 ;03:21:08;3.301;0.099;438.6;31.6;;;;;;;;;;;;;;;;;;
 ;03:21:09;3.301;0.099;438.7;31.6;;;;;;;;;;;;;;;;;;
 ;03:21:10;3.301;0.099;438.7;31.6;;;;;;;;;;;;;;;;;;
 ;03:21:11;3.301;0.099;438.7;31.5;;;;;;;;;;;;;;;;;;
 ;03:21:12;3.301;0.099;438.7;31.5;;;;;;;;;;;;;;;;;;
 ;03:21:13;3.301;0.098;438.8;31.5;;;;;;;;;;;;;;;;;;
 ;03:21:14;3.301;0.098;438.8;31.5;;;;;;;;;;;;;;;;;;
 ;03:21:15;3.301;0.099;438.8;31.5;;;;;;;;;;;;;;;;;;
 ;03:21:16;3.301;0.098;438.8;31.5;;;;;;;;;;;;;;;;;;
 ;03:21:17;3.301;0.098;438.9;31.5;;;;;;;;;;;;;;;;;;
 ;03:21:18;3.301;0.099;438.9;31.5;;;;;;;;;;;;;;;;;;
 ;03:21:19;3.301;0.098;438.9;31.5;;;;;;;;;;;;;;;;;;
 ;03:21:20;3.301;0.098;439.0;31.5;;;;;;;;;;;;;;;;;;
 ;03:21:21;3.301;0.098;439.0;31.5;;;;;;;;;;;;;;;;;;
 ;03:21:22;3.301;0.098;439.0;31.5;;;;;;;;;;;;;;;;;;
 ;03:21:23;3.301;0.098;439.0;31.5;;;;;;;;;;;;;;;;;;
 ;03:21:24;3.301;0.097;439.1;31.5;;;;;;;;;;;;;;;;;;
 ;03:21:25;3.301;0.098;439.1;31.5;;;;;;;;;;;;;;;;;;
 ;03:21:26;3.301;0.098;439.1;31.5;;;;;;;;;;;;;;;;;;
 ;03:21:27;3.301;0.097;439.1;31.5;;;;;;;;;;;;;;;;;;
 ;03:21:28;3.301;0.097;439.2;31.5;;;;;;;;;;;;;;;;;;
 ;03:21:29;3.301;0.097;439.2;31.5;;;;;;;;;;;;;;;;;;
 ;03:21:30;3.301;0.097;439.2;31.5;;;;;;;;;;;;;;;;;;
 ;03:21:31;3.301;0.097;439.3;31.5;;;;;;;;;;;;;;;;;;
 ;03:21:32;3.301;0.097;439.3;31.5;;;;;;;;;;;;;;;;;;
 ;03:21:33;3.301;0.097;439.3;31.5;;;;;;;;;;;;;;;;;;
 ;03:21:34;3.301;0.097;439.3;31.5;;;;;;;;;;;;;;;;;;
 ;03:21:35;3.301;0.097;439.4;31.5;;;;;;;;;;;;;;;;;;
 ;03:21:36;3.301;0.097;439.4;31.5;;;;;;;;;;;;;;;;;;
 ;03:21:37;3.301;0.097;439.4;31.5;;;;;;;;;;;;;;;;;;
 ;03:21:38;3.301;0.097;439.4;31.5;;;;;;;;;;;;;;;;;;
 ;03:21:39;3.301;0.096;439.5;31.5;;;;;;;;;;;;;;;;;;
 ;03:21:40;3.301;0.095;439.5;31.5;;;;;;;;;;;;;;;;;;
 ;03:21:41;3.301;0.096;439.5;31.5;;;;;;;;;;;;;;;;;;
 ;03:21:42;3.301;0.096;439.6;31.5;;;;;;;;;;;;;;;;;;
 ;03:21:43;3.301;0.096;439.6;31.5;;;;;;;;;;;;;;;;;;
 ;03:21:44;3.301;0.096;439.6;31.5;;;;;;;;;;;;;;;;;;
 ;03:21:45;3.301;0.095;439.6;31.5;;;;;;;;;;;;;;;;;;
 ;03:21:46;3.301;0.095;439.7;31.5;;;;;;;;;;;;;;;;;;
 ;03:21:47;3.301;0.096;439.7;31.5;;;;;;;;;;;;;;;;;;
 ;03:21:48;3.301;0.096;439.7;31.5;;;;;;;;;;;;;;;;;;
 ;03:21:49;3.301;0.095;439.7;31.5;;;;;;;;;;;;;;;;;;
 ;03:21:50;3.301;0.095;439.8;31.5;;;;;;;;;;;;;;;;;;
 ;03:21:51;3.301;0.094;439.8;31.5;;;;;;;;;;;;;;;;;;
 ;03:21:52;3.301;0.096;439.8;31.5;;;;;;;;;;;;;;;;;;
 ;03:21:53;3.301;0.094;439.8;31.5;;;;;;;;;;;;;;;;;;
 ;03:21:54;3.301;0.095;439.9;31.5;;;;;;;;;;;;;;;;;;
 ;03:21:55;3.301;0.094;439.9;31.5;;;;;;;;;;;;;;;;;;
 ;03:21:56;3.301;0.094;439.9;31.5;;;;;;;;;;;;;;;;;;
 ;03:21:57;3.301;0.094;440.0;31.5;;;;;;;;;;;;;;;;;;
 ;03:21:58;3.301;0.094;440.0;31.5;;;;;;;;;;;;;;;;;;
 ;03:21:59;3.301;0.095;440.0;31.5;;;;;;;;;;;;;;;;;;
 ;03:22:00;3.301;0.094;440.0;31.5;;;;;;;;;;;;;;;;;;
 ;03:22:01;3.301;0.094;440.1;31.5;;;;;;;;;;;;;;;;;;
 ;03:22:02;3.301;0.094;440.1;31.5;;;;;;;;;;;;;;;;;;
 ;03:22:03;3.301;0.093;440.1;31.5;;;;;;;;;;;;;;;;;;
 ;03:22:04;3.301;0.094;440.1;31.5;;;;;;;;;;;;;;;;;;
 ;03:22:05;3.301;0.093;440.2;31.5;;;;;;;;;;;;;;;;;;
 ;03:22:06;3.301;0.095;440.2;31.5;;;;;;;;;;;;;;;;;;
 ;03:22:07;3.301;0.093;440.2;31.5;;;;;;;;;;;;;;;;;;
 ;03:22:08;3.301;0.094;440.2;31.5;;;;;;;;;;;;;;;;;;
 ;03:22:09;3.301;0.093;440.3;31.5;;;;;;;;;;;;;;;;;;
 ;03:22:10;3.301;0.093;440.3;31.5;;;;;;;;;;;;;;;;;;
 ;03:22:11;3.301;0.094;440.3;31.5;;;;;;;;;;;;;;;;;;
 ;03:22:12;3.301;0.092;440.3;31.5;;;;;;;;;;;;;;;;;;
 ;03:22:13;3.300;0.094;440.4;31.5;;;;;;;;;;;;;;;;;;
 ;03:22:14;3.301;0.092;440.4;31.5;;;;;;;;;;;;;;;;;;
 ;03:22:15;3.301;0.093;440.4;31.5;;;;;;;;;;;;;;;;;;
 ;03:22:16;3.301;0.092;440.4;31.5;;;;;;;;;;;;;;;;;;
 ;03:22:17;3.301;0.093;440.5;31.5;;;;;;;;;;;;;;;;;;
 ;03:22:18;3.301;0.093;440.5;31.5;;;;;;;;;;;;;;;;;;
 ;03:22:19;3.301;0.092;440.5;31.5;;;;;;;;;;;;;;;;;;
 ;03:22:20;3.301;0.093;440.5;31.5;;;;;;;;;;;;;;;;;;
 ;03:22:21;3.301;0.092;440.6;31.5;;;;;;;;;;;;;;;;;;
 ;03:22:22;3.301;0.093;440.6;31.4;;;;;;;;;;;;;;;;;;
 ;03:22:23;3.301;0.092;440.6;31.4;;;;;;;;;;;;;;;;;;
 ;03:22:24;3.301;0.093;440.7;31.4;;;;;;;;;;;;;;;;;;
 ;03:22:25;3.301;0.092;440.7;31.4;;;;;;;;;;;;;;;;;;
 ;03:22:26;3.301;0.092;440.7;31.4;;;;;;;;;;;;;;;;;;
 ;03:22:27;3.301;0.092;440.7;31.4;;;;;;;;;;;;;;;;;;
 ;03:22:28;3.301;0.091;440.8;31.4;;;;;;;;;;;;;;;;;;
 ;03:22:29;3.301;0.092;440.8;31.4;;;;;;;;;;;;;;;;;;
 ;03:22:30;3.301;0.091;440.8;31.4;;;;;;;;;;;;;;;;;;
 ;03:22:31;3.300;0.093;440.8;31.4;;;;;;;;;;;;;;;;;;
 ;03:22:32;3.301;0.091;440.9;31.4;;;;;;;;;;;;;;;;;;
 ;03:22:33;3.301;0.092;440.9;31.4;;;;;;;;;;;;;;;;;;
 ;03:22:34;3.301;0.092;440.9;31.4;;;;;;;;;;;;;;;;;;
 ;03:22:35;3.301;0.091;440.9;31.4;;;;;;;;;;;;;;;;;;
 ;03:22:36;3.301;0.091;441.0;31.4;;;;;;;;;;;;;;;;;;
 ;03:22:37;3.301;0.090;441.0;31.4;;;;;;;;;;;;;;;;;;
 ;03:22:38;3.300;0.092;441.0;31.4;;;;;;;;;;;;;;;;;;
 ;03:22:39;3.301;0.090;441.0;31.4;;;;;;;;;;;;;;;;;;
 ;03:22:40;3.301;0.090;441.1;31.4;;;;;;;;;;;;;;;;;;
 ;03:22:41;3.301;0.090;441.1;31.4;;;;;;;;;;;;;;;;;;
 ;03:22:42;3.301;0.090;441.1;31.4;;;;;;;;;;;;;;;;;;
 ;03:22:43;3.301;0.091;441.1;31.4;;;;;;;;;;;;;;;;;;
 ;03:22:44;3.301;0.090;441.2;31.4;;;;;;;;;;;;;;;;;;
 ;03:22:45;3.301;0.091;441.2;31.4;;;;;;;;;;;;;;;;;;
 ;03:22:46;3.301;0.090;441.2;31.4;;;;;;;;;;;;;;;;;;
 ;03:22:47;3.301;0.090;441.2;31.4;;;;;;;;;;;;;;;;;;
 ;03:22:48;3.301;0.090;441.3;31.4;;;;;;;;;;;;;;;;;;
 ;03:22:49;3.301;0.090;441.3;31.4;;;;;;;;;;;;;;;;;;
 ;03:22:50;3.301;0.090;441.3;31.4;;;;;;;;;;;;;;;;;;
 ;03:22:51;3.301;0.089;441.3;31.4;;;;;;;;;;;;;;;;;;
 ;03:22:52;3.301;0.090;441.4;31.4;;;;;;;;;;;;;;;;;;
 ;03:22:53;3.301;0.089;441.4;31.4;;;;;;;;;;;;;;;;;;
 ;03:22:54;3.300;0.090;441.4;31.4;;;;;;;;;;;;;;;;;;
 ;03:22:55;3.301;0.089;441.4;31.4;;;;;;;;;;;;;;;;;;
 ;03:22:56;3.301;0.089;441.5;31.4;;;;;;;;;;;;;;;;;;
 ;03:22:57;3.301;0.089;441.5;31.4;;;;;;;;;;;;;;;;;;
 ;03:22:58;3.301;0.088;441.5;31.4;;;;;;;;;;;;;;;;;;
 ;03:22:59;3.301;0.090;441.5;31.4;;;;;;;;;;;;;;;;;;
 ;03:23:00;3.301;0.088;441.6;31.4;;;;;;;;;;;;;;;;;;
 ;03:23:01;3.301;0.089;441.6;31.4;;;;;;;;;;;;;;;;;;
 ;03:23:02;3.301;0.088;441.6;31.4;;;;;;;;;;;;;;;;;;
 ;03:23:03;3.301;0.089;441.6;31.4;;;;;;;;;;;;;;;;;;
 ;03:23:04;3.301;0.088;441.7;31.4;;;;;;;;;;;;;;;;;;
 ;03:23:05;3.301;0.089;441.7;31.4;;;;;;;;;;;;;;;;;;
 ;03:23:06;3.301;0.088;441.7;31.4;;;;;;;;;;;;;;;;;;
 ;03:23:07;3.301;0.088;441.7;31.4;;;;;;;;;;;;;;;;;;
 ;03:23:08;3.301;0.089;441.8;31.4;;;;;;;;;;;;;;;;;;
 ;03:23:09;3.301;0.088;441.8;31.4;;;;;;;;;;;;;;;;;;
 ;03:23:10;3.301;0.088;441.8;31.4;;;;;;;;;;;;;;;;;;
 ;03:23:11;3.301;0.088;441.8;31.4;;;;;;;;;;;;;;;;;;
 ;03:23:12;3.301;0.088;441.9;31.4;;;;;;;;;;;;;;;;;;
 ;03:23:13;3.301;0.088;441.9;31.4;;;;;;;;;;;;;;;;;;
 ;03:23:14;3.301;0.088;441.9;31.4;;;;;;;;;;;;;;;;;;
 ;03:23:15;3.301;0.088;441.9;31.4;;;;;;;;;;;;;;;;;;
 ;03:23:16;3.301;0.087;442.0;31.4;;;;;;;;;;;;;;;;;;
 ;03:23:17;3.301;0.089;442.0;31.4;;;;;;;;;;;;;;;;;;
 ;03:23:18;3.301;0.087;442.0;31.4;;;;;;;;;;;;;;;;;;
 ;03:23:19;3.301;0.088;442.0;31.4;;;;;;;;;;;;;;;;;;
 ;03:23:20;3.301;0.087;442.1;31.4;;;;;;;;;;;;;;;;;;
 ;03:23:21;3.301;0.087;442.1;31.4;;;;;;;;;;;;;;;;;;
 ;03:23:22;3.301;0.088;442.1;31.4;;;;;;;;;;;;;;;;;;
 ;03:23:23;3.301;0.086;442.1;31.4;;;;;;;;;;;;;;;;;;
 ;03:23:24;3.300;0.089;442.2;31.4;;;;;;;;;;;;;;;;;;
 ;03:23:25;3.301;0.086;442.2;31.4;;;;;;;;;;;;;;;;;;
 ;03:23:26;3.300;0.088;442.2;31.4;;;;;;;;;;;;;;;;;;
 ;03:23:27;3.301;0.086;442.2;31.4;;;;;;;;;;;;;;;;;;
 ;03:23:28;3.301;0.087;442.2;31.4;;;;;;;;;;;;;;;;;;
 ;03:23:29;3.301;0.087;442.3;31.4;;;;;;;;;;;;;;;;;;
 ;03:23:30;3.301;0.087;442.3;31.4;;;;;;;;;;;;;;;;;;
 ;03:23:31;3.301;0.087;442.3;31.3;;;;;;;;;;;;;;;;;;
 ;03:23:32;3.301;0.086;442.3;31.3;;;;;;;;;;;;;;;;;;
 ;03:23:33;3.301;0.087;442.4;31.3;;;;;;;;;;;;;;;;;;
 ;03:23:34;3.301;0.086;442.4;31.3;;;;;;;;;;;;;;;;;;
 ;03:23:35;3.301;0.086;442.4;31.3;;;;;;;;;;;;;;;;;;
 ;03:23:36;3.301;0.087;442.4;31.3;;;;;;;;;;;;;;;;;;
 ;03:23:37;3.301;0.086;442.5;31.3;;;;;;;;;;;;;;;;;;
 ;03:23:38;3.301;0.086;442.5;31.3;;;;;;;;;;;;;;;;;;
 ;03:23:39;3.301;0.085;442.5;31.3;;;;;;;;;;;;;;;;;;
 ;03:23:40;3.301;0.087;442.5;31.3;;;;;;;;;;;;;;;;;;
 ;03:23:41;3.301;0.085;442.6;31.3;;;;;;;;;;;;;;;;;;
 ;03:23:42;3.300;0.087;442.6;31.3;;;;;;;;;;;;;;;;;;
 ;03:23:43;3.301;0.085;442.6;31.3;;;;;;;;;;;;;;;;;;
 ;03:23:44;3.301;0.085;442.6;31.3;;;;;;;;;;;;;;;;;;
 ;03:23:45;3.301;0.086;442.7;31.3;;;;;;;;;;;;;;;;;;
 ;03:23:46;3.301;0.085;442.7;31.3;;;;;;;;;;;;;;;;;;
 ;03:23:47;3.301;0.086;442.7;31.3;;;;;;;;;;;;;;;;;;
 ;03:23:48;3.301;0.085;442.7;31.3;;;;;;;;;;;;;;;;;;
 ;03:23:49;3.301;0.085;442.8;31.3;;;;;;;;;;;;;;;;;;
 ;03:23:50;3.301;0.085;442.8;31.3;;;;;;;;;;;;;;;;;;
 ;03:23:51;3.301;0.084;442.8;31.3;;;;;;;;;;;;;;;;;;
 ;03:23:52;3.301;0.085;442.8;31.3;;;;;;;;;;;;;;;;;;
 ;03:23:53;3.301;0.084;442.8;31.3;;;;;;;;;;;;;;;;;;
 ;03:23:54;3.300;0.085;442.9;31.3;;;;;;;;;;;;;;;;;;
 ;03:23:55;3.301;0.084;442.9;31.3;;;;;;;;;;;;;;;;;;
 ;03:23:56;3.301;0.084;442.9;31.3;;;;;;;;;;;;;;;;;;
 ;03:23:57;3.301;0.084;442.9;31.3;;;;;;;;;;;;;;;;;;
 ;03:23:58;3.301;0.084;443.0;31.3;;;;;;;;;;;;;;;;;;
 ;03:23:59;3.301;0.085;443.0;31.3;;;;;;;;;;;;;;;;;;
 ;03:24:00;3.301;0.084;443.0;31.3;;;;;;;;;;;;;;;;;;
 ;03:24:01;3.301;0.084;443.0;31.3;;;;;;;;;;;;;;;;;;
 ;03:24:02;3.301;0.084;443.1;31.3;;;;;;;;;;;;;;;;;;
 ;03:24:03;3.301;0.084;443.1;31.3;;;;;;;;;;;;;;;;;;
 ;03:24:04;3.301;0.084;443.1;31.3;;;;;;;;;;;;;;;;;;
 ;03:24:05;3.301;0.083;443.1;31.3;;;;;;;;;;;;;;;;;;
 ;03:24:06;3.301;0.085;443.2;31.3;;;;;;;;;;;;;;;;;;
 ;03:24:07;3.301;0.083;443.2;31.3;;;;;;;;;;;;;;;;;;
 ;03:24:08;3.300;0.085;443.2;31.3;;;;;;;;;;;;;;;;;;
 ;03:24:09;3.301;0.083;443.2;31.3;;;;;;;;;;;;;;;;;;
 ;03:24:10;3.301;0.084;443.2;31.3;;;;;;;;;;;;;;;;;;
 ;03:24:11;3.301;0.084;443.3;31.3;;;;;;;;;;;;;;;;;;
 ;03:24:12;3.301;0.083;443.3;31.3;;;;;;;;;;;;;;;;;;
 ;03:24:13;3.301;0.084;443.3;31.3;;;;;;;;;;;;;;;;;;
 ;03:24:14;3.301;0.082;443.3;31.3;;;;;;;;;;;;;;;;;;
 ;03:24:15;3.300;0.084;443.4;31.3;;;;;;;;;;;;;;;;;;
 ;03:24:16;3.301;0.082;443.4;31.3;;;;;;;;;;;;;;;;;;
 ;03:24:17;3.301;0.084;443.4;31.3;;;;;;;;;;;;;;;;;;
 ;03:24:18;3.301;0.082;443.4;31.3;;;;;;;;;;;;;;;;;;
 ;03:24:19;3.301;0.083;443.5;31.3;;;;;;;;;;;;;;;;;;
 ;03:24:20;3.301;0.083;443.5;31.3;;;;;;;;;;;;;;;;;;
 ;03:24:21;3.301;0.082;443.5;31.3;;;;;;;;;;;;;;;;;;
 ;03:24:22;3.301;0.083;443.5;31.3;;;;;;;;;;;;;;;;;;
 ;03:24:23;3.301;0.082;443.5;31.3;;;;;;;;;;;;;;;;;;
 ;03:24:24;3.301;0.083;443.6;31.3;;;;;;;;;;;;;;;;;;
 ;03:24:25;3.301;0.082;443.6;31.3;;;;;;;;;;;;;;;;;;
 ;03:24:26;3.301;0.083;443.6;31.3;;;;;;;;;;;;;;;;;;
 ;03:24:27;3.301;0.083;443.6;31.3;;;;;;;;;;;;;;;;;;
 ;03:24:28;3.301;0.081;443.7;31.3;;;;;;;;;;;;;;;;;;
 ;03:24:29;3.301;0.083;443.7;31.3;;;;;;;;;;;;;;;;;;
 ;03:24:30;3.301;0.081;443.7;31.2;;;;;;;;;;;;;;;;;;
 ;03:24:31;3.301;0.083;443.7;31.2;;;;;;;;;;;;;;;;;;
 ;03:24:32;3.301;0.081;443.8;31.2;;;;;;;;;;;;;;;;;;
 ;03:24:33;3.301;0.082;443.8;31.2;;;;;;;;;;;;;;;;;;
 ;03:24:34;3.301;0.082;443.8;31.2;;;;;;;;;;;;;;;;;;
 ;03:24:35;3.301;0.082;443.8;31.2;;;;;;;;;;;;;;;;;;
 ;03:24:36;3.301;0.082;443.8;31.2;;;;;;;;;;;;;;;;;;
 ;03:24:37;3.301;0.081;443.9;31.2;;;;;;;;;;;;;;;;;;
 ;03:24:38;3.301;0.082;443.9;31.2;;;;;;;;;;;;;;;;;;
 ;03:24:39;3.301;0.081;443.9;31.2;;;;;;;;;;;;;;;;;;
 ;03:24:40;3.301;0.081;443.9;31.2;;;;;;;;;;;;;;;;;;
 ;03:24:41;3.301;0.082;444.0;31.2;;;;;;;;;;;;;;;;;;
 ;03:24:42;3.301;0.080;444.0;31.2;;;;;;;;;;;;;;;;;;
 ;03:24:43;3.300;0.082;444.0;31.2;;;;;;;;;;;;;;;;;;
 ;03:24:44;3.301;0.080;444.0;31.2;;;;;;;;;;;;;;;;;;
 ;03:24:45;3.301;0.082;444.1;31.2;;;;;;;;;;;;;;;;;;
 ;03:24:46;3.301;0.080;444.1;31.2;;;;;;;;;;;;;;;;;;
 ;03:24:47;3.301;0.081;444.1;31.2;;;;;;;;;;;;;;;;;;
 ;03:24:48;3.301;0.081;444.1;31.2;;;;;;;;;;;;;;;;;;
 ;03:24:49;3.301;0.081;444.1;31.2;;;;;;;;;;;;;;;;;;
 ;03:24:50;3.301;0.081;444.2;31.2;;;;;;;;;;;;;;;;;;
 ;03:24:51;3.301;0.080;444.2;31.2;;;;;;;;;;;;;;;;;;
 ;03:24:52;3.301;0.081;444.2;31.2;;;;;;;;;;;;;;;;;;
 ;03:24:53;3.301;0.080;444.2;31.2;;;;;;;;;;;;;;;;;;
 ;03:24:54;3.301;0.080;444.3;31.2;;;;;;;;;;;;;;;;;;
 ;03:24:55;3.301;0.080;444.3;31.2;;;;;;;;;;;;;;;;;;
 ;03:24:56;3.301;0.080;444.3;31.2;;;;;;;;;;;;;;;;;;
 ;03:24:57;3.301;0.080;444.3;31.2;;;;;;;;;;;;;;;;;;
 ;03:24:58;3.301;0.079;444.3;31.2;;;;;;;;;;;;;;;;;;
 ;03:24:59;3.301;0.080;444.4;31.2;;;;;;;;;;;;;;;;;;
 ;03:25:00;3.301;0.079;444.4;31.2;;;;;;;;;;;;;;;;;;
 ;03:25:01;3.300;0.080;444.4;31.2;;;;;;;;;;;;;;;;;;
 ;03:25:02;3.301;0.079;444.4;31.2;;;;;;;;;;;;;;;;;;
 ;03:25:03;3.301;0.080;444.5;31.2;;;;;;;;;;;;;;;;;;
 ;03:25:04;3.301;0.079;444.5;31.2;;;;;;;;;;;;;;;;;;
 ;03:25:05;3.301;0.079;444.5;31.2;;;;;;;;;;;;;;;;;;
 ;03:25:06;3.301;0.080;444.5;31.2;;;;;;;;;;;;;;;;;;
 ;03:25:07;3.301;0.079;444.5;31.2;;;;;;;;;;;;;;;;;;
 ;03:25:08;3.301;0.079;444.6;31.2;;;;;;;;;;;;;;;;;;
 ;03:25:09;3.301;0.079;444.6;31.2;;;;;;;;;;;;;;;;;;
 ;03:25:10;3.301;0.079;444.6;31.2;;;;;;;;;;;;;;;;;;
 ;03:25:11;3.301;0.078;444.6;31.2;;;;;;;;;;;;;;;;;;
 ;03:25:12;3.301;0.078;444.7;31.2;;;;;;;;;;;;;;;;;;
 ;03:25:13;3.301;0.079;444.7;31.2;;;;;;;;;;;;;;;;;;
 ;03:25:14;3.301;0.078;444.7;31.2;;;;;;;;;;;;;;;;;;
 ;03:25:15;3.301;0.079;444.7;31.2;;;;;;;;;;;;;;;;;;
 ;03:25:16;3.301;0.078;444.7;31.2;;;;;;;;;;;;;;;;;;
 ;03:25:17;3.300;0.079;444.8;31.2;;;;;;;;;;;;;;;;;;
 ;03:25:18;3.301;0.078;444.8;31.2;;;;;;;;;;;;;;;;;;
 ;03:25:19;3.301;0.078;444.8;31.2;;;;;;;;;;;;;;;;;;
 ;03:25:20;3.301;0.079;444.8;31.2;;;;;;;;;;;;;;;;;;
 ;03:25:21;3.301;0.078;444.9;31.2;;;;;;;;;;;;;;;;;;
 ;03:25:22;3.301;0.079;444.9;31.2;;;;;;;;;;;;;;;;;;
 ;03:25:23;3.301;0.078;444.9;31.2;;;;;;;;;;;;;;;;;;
 ;03:25:24;3.301;0.078;444.9;31.2;;;;;;;;;;;;;;;;;;
 ;03:25:25;3.301;0.078;444.9;31.2;;;;;;;;;;;;;;;;;;
 ;03:25:26;3.301;0.078;445.0;31.2;;;;;;;;;;;;;;;;;;
 ;03:25:27;3.301;0.079;445.0;31.2;;;;;;;;;;;;;;;;;;
 ;03:25:28;3.301;0.077;445.0;31.2;;;;;;;;;;;;;;;;;;
 ;03:25:29;3.301;0.079;445.0;31.2;;;;;;;;;;;;;;;;;;
 ;03:25:30;3.301;0.077;445.0;31.2;;;;;;;;;;;;;;;;;;
 ;03:25:31;3.300;0.079;445.1;31.2;;;;;;;;;;;;;;;;;;
 ;03:25:32;3.301;0.077;445.1;31.2;;;;;;;;;;;;;;;;;;
 ;03:25:33;3.301;0.078;445.1;31.2;;;;;;;;;;;;;;;;;;
 ;03:25:34;3.301;0.078;445.1;31.2;;;;;;;;;;;;;;;;;;
 ;03:25:35;3.301;0.077;445.2;31.2;;;;;;;;;;;;;;;;;;
 ;03:25:36;3.301;0.078;445.2;31.2;;;;;;;;;;;;;;;;;;
 ;03:25:37;3.301;0.076;445.2;31.1;;;;;;;;;;;;;;;;;;
 ;03:25:38;3.300;0.078;445.2;31.1;;;;;;;;;;;;;;;;;;
 ;03:25:39;3.301;0.076;445.2;31.1;;;;;;;;;;;;;;;;;;
 ;03:25:40;3.301;0.077;445.3;31.1;;;;;;;;;;;;;;;;;;
 ;03:25:41;3.301;0.077;445.3;31.1;;;;;;;;;;;;;;;;;;
 ;03:25:42;3.301;0.078;445.3;31.1;;;;;;;;;;;;;;;;;;
 ;03:25:43;3.301;0.077;445.3;31.1;;;;;;;;;;;;;;;;;;
 ;03:25:44;3.301;0.077;445.4;31.1;;;;;;;;;;;;;;;;;;
 ;03:25:45;3.301;0.077;445.4;31.1;;;;;;;;;;;;;;;;;;
 ;03:25:46;3.301;0.076;445.4;31.1;;;;;;;;;;;;;;;;;;
 ;03:25:47;3.301;0.078;445.4;31.1;;;;;;;;;;;;;;;;;;
 ;03:25:48;3.301;0.076;445.4;31.1;;;;;;;;;;;;;;;;;;
 ;03:25:49;3.301;0.077;445.5;31.1;;;;;;;;;;;;;;;;;;
 ;03:25:50;3.301;0.076;445.5;31.1;;;;;;;;;;;;;;;;;;
 ;03:25:51;3.301;0.077;445.5;31.1;;;;;;;;;;;;;;;;;;
 ;03:25:52;3.301;0.077;445.5;31.1;;;;;;;;;;;;;;;;;;
 ;03:25:53;3.301;0.076;445.5;31.1;;;;;;;;;;;;;;;;;;
 ;03:25:54;3.301;0.077;445.6;31.1;;;;;;;;;;;;;;;;;;
 ;03:25:55;3.301;0.076;445.6;31.1;;;;;;;;;;;;;;;;;;
 ;03:25:56;3.301;0.076;445.6;31.1;;;;;;;;;;;;;;;;;;
 ;03:25:57;3.301;0.076;445.6;31.1;;;;;;;;;;;;;;;;;;
 ;03:25:58;3.301;0.076;445.7;31.1;;;;;;;;;;;;;;;;;;
 ;03:25:59;3.301;0.076;445.7;31.1;;;;;;;;;;;;;;;;;;
 ;03:26:00;3.301;0.076;445.7;31.1;;;;;;;;;;;;;;;;;;
 ;03:26:01;3.301;0.076;445.7;31.1;;;;;;;;;;;;;;;;;;
 ;03:26:02;3.301;0.076;445.7;31.1;;;;;;;;;;;;;;;;;;
 ;03:26:03;3.301;0.076;445.8;31.1;;;;;;;;;;;;;;;;;;
 ;03:26:04;3.301;0.076;445.8;31.1;;;;;;;;;;;;;;;;;;
 ;03:26:05;3.301;0.075;445.8;31.1;;;;;;;;;;;;;;;;;;
 ;03:26:06;3.301;0.076;445.8;31.1;;;;;;;;;;;;;;;;;;
 ;03:26:07;3.301;0.076;445.8;31.1;;;;;;;;;;;;;;;;;;
 ;03:26:08;3.301;0.075;445.9;31.1;;;;;;;;;;;;;;;;;;
 ;03:26:09;3.301;0.076;445.9;31.1;;;;;;;;;;;;;;;;;;
 ;03:26:10;3.301;0.075;445.9;31.1;;;;;;;;;;;;;;;;;;
 ;03:26:11;3.301;0.075;445.9;31.1;;;;;;;;;;;;;;;;;;
 ;03:26:12;3.301;0.075;445.9;31.1;;;;;;;;;;;;;;;;;;
 ;03:26:13;3.301;0.075;446.0;31.1;;;;;;;;;;;;;;;;;;
 ;03:26:14;3.301;0.075;446.0;31.1;;;;;;;;;;;;;;;;;;
 ;03:26:15;3.301;0.075;446.0;31.1;;;;;;;;;;;;;;;;;;
 ;03:26:16;3.301;0.075;446.0;31.1;;;;;;;;;;;;;;;;;;
 ;03:26:17;3.301;0.075;446.1;31.1;;;;;;;;;;;;;;;;;;
 ;03:26:18;3.301;0.075;446.1;31.1;;;;;;;;;;;;;;;;;;
 ;03:26:19;3.301;0.074;446.1;31.1;;;;;;;;;;;;;;;;;;
 ;03:26:20;3.301;0.074;446.1;31.1;;;;;;;;;;;;;;;;;;
 ;03:26:21;3.301;0.075;446.1;31.1;;;;;;;;;;;;;;;;;;
 ;03:26:22;3.301;0.075;446.2;31.1;;;;;;;;;;;;;;;;;;
 ;03:26:23;3.301;0.074;446.2;31.1;;;;;;;;;;;;;;;;;;
 ;03:26:24;3.301;0.074;446.2;31.1;;;;;;;;;;;;;;;;;;
 ;03:26:25;3.301;0.074;446.2;31.1;;;;;;;;;;;;;;;;;;
 ;03:26:26;3.301;0.074;446.2;31.1;;;;;;;;;;;;;;;;;;
 ;03:26:27;3.301;0.074;446.3;31.1;;;;;;;;;;;;;;;;;;
 ;03:26:28;3.301;0.074;446.3;31.1;;;;;;;;;;;;;;;;;;
 ;03:26:29;3.301;0.074;446.3;31.1;;;;;;;;;;;;;;;;;;
 ;03:26:30;3.301;0.074;446.3;31.1;;;;;;;;;;;;;;;;;;
 ;03:26:31;3.301;0.074;446.3;31.1;;;;;;;;;;;;;;;;;;
 ;03:26:32;3.301;0.073;446.4;31.1;;;;;;;;;;;;;;;;;;
 ;03:26:33;3.301;0.074;446.4;31.1;;;;;;;;;;;;;;;;;;
 ;03:26:34;3.301;0.074;446.4;31.1;;;;;;;;;;;;;;;;;;
 ;03:26:35;3.301;0.074;446.4;31.1;;;;;;;;;;;;;;;;;;
 ;03:26:36;3.301;0.073;446.4;31.1;;;;;;;;;;;;;;;;;;
 ;03:26:37;3.301;0.073;446.5;31.1;;;;;;;;;;;;;;;;;;
 ;03:26:38;3.301;0.073;446.5;31.1;;;;;;;;;;;;;;;;;;
 ;03:26:39;3.301;0.073;446.5;31.1;;;;;;;;;;;;;;;;;;
 ;03:26:40;3.301;0.074;446.5;31.0;;;;;;;;;;;;;;;;;;
 ;03:26:41;3.301;0.073;446.5;31.1;;;;;;;;;;;;;;;;;;
 ;03:26:42;3.301;0.073;446.6;31.0;;;;;;;;;;;;;;;;;;
 ;03:26:43;3.301;0.073;446.6;31.0;;;;;;;;;;;;;;;;;;
 ;03:26:44;3.301;0.073;446.6;31.0;;;;;;;;;;;;;;;;;;
 ;03:26:45;3.301;0.073;446.6;31.0;;;;;;;;;;;;;;;;;;
 ;03:26:46;3.301;0.073;446.6;31.0;;;;;;;;;;;;;;;;;;
 ;03:26:47;3.301;0.073;446.7;31.0;;;;;;;;;;;;;;;;;;
 ;03:26:48;3.301;0.073;446.7;31.0;;;;;;;;;;;;;;;;;;
 ;03:26:49;3.301;0.072;446.7;31.0;;;;;;;;;;;;;;;;;;
 ;03:26:50;3.301;0.072;446.7;31.0;;;;;;;;;;;;;;;;;;
 ;03:26:51;3.301;0.073;446.8;31.0;;;;;;;;;;;;;;;;;;
 ;03:26:52;3.301;0.073;446.8;31.0;;;;;;;;;;;;;;;;;;
 ;03:26:53;3.301;0.073;446.8;31.0;;;;;;;;;;;;;;;;;;
 ;03:26:54;3.301;0.072;446.8;31.0;;;;;;;;;;;;;;;;;;
 ;03:26:55;3.301;0.072;446.8;31.0;;;;;;;;;;;;;;;;;;
 ;03:26:56;3.301;0.072;446.9;31.0;;;;;;;;;;;;;;;;;;
 ;03:26:57;3.301;0.072;446.9;31.0;;;;;;;;;;;;;;;;;;
 ;03:26:58;3.301;0.072;446.9;31.0;;;;;;;;;;;;;;;;;;
 ;03:26:59;3.301;0.072;446.9;31.0;;;;;;;;;;;;;;;;;;
 ;03:27:00;3.301;0.072;446.9;31.0;;;;;;;;;;;;;;;;;;
 ;03:27:01;3.301;0.072;447.0;31.0;;;;;;;;;;;;;;;;;;
 ;03:27:02;3.301;0.072;447.0;31.0;;;;;;;;;;;;;;;;;;
 ;03:27:03;3.301;0.072;447.0;31.0;;;;;;;;;;;;;;;;;;
 ;03:27:04;3.301;0.072;447.0;31.0;;;;;;;;;;;;;;;;;;
 ;03:27:05;3.301;0.072;447.0;31.0;;;;;;;;;;;;;;;;;;
 ;03:27:06;3.301;0.072;447.1;31.0;;;;;;;;;;;;;;;;;;
 ;03:27:07;3.301;0.072;447.1;31.0;;;;;;;;;;;;;;;;;;
 ;03:27:08;3.301;0.071;447.1;31.0;;;;;;;;;;;;;;;;;;
 ;03:27:09;3.301;0.072;447.1;31.0;;;;;;;;;;;;;;;;;;
 ;03:27:10;3.301;0.072;447.1;31.0;;;;;;;;;;;;;;;;;;
 ;03:27:11;3.301;0.072;447.2;31.0;;;;;;;;;;;;;;;;;;
 ;03:27:12;3.301;0.071;447.2;31.0;;;;;;;;;;;;;;;;;;
 ;03:27:13;3.301;0.071;447.2;31.0;;;;;;;;;;;;;;;;;;
 ;03:27:14;3.301;0.071;447.2;31.0;;;;;;;;;;;;;;;;;;
 ;03:27:15;3.301;0.072;447.2;31.0;;;;;;;;;;;;;;;;;;
 ;03:27:16;3.301;0.071;447.3;31.0;;;;;;;;;;;;;;;;;;
 ;03:27:17;3.301;0.071;447.3;31.0;;;;;;;;;;;;;;;;;;
 ;03:27:18;3.301;0.071;447.3;31.0;;;;;;;;;;;;;;;;;;
 ;03:27:19;3.301;0.070;447.3;31.0;;;;;;;;;;;;;;;;;;
 ;03:27:20;3.301;0.071;447.3;31.0;;;;;;;;;;;;;;;;;;
 ;03:27:21;3.301;0.071;447.4;31.0;;;;;;;;;;;;;;;;;;
 ;03:27:22;3.301;0.070;447.4;31.0;;;;;;;;;;;;;;;;;;
 ;03:27:23;3.301;0.070;447.4;31.0;;;;;;;;;;;;;;;;;;
 ;03:27:24;3.301;0.071;447.4;31.0;;;;;;;;;;;;;;;;;;
 ;03:27:25;3.301;0.071;447.4;31.0;;;;;;;;;;;;;;;;;;
 ;03:27:26;3.301;0.071;447.5;31.0;;;;;;;;;;;;;;;;;;
 ;03:27:27;3.301;0.070;447.5;31.0;;;;;;;;;;;;;;;;;;
 ;03:27:28;3.301;0.070;447.5;31.0;;;;;;;;;;;;;;;;;;
 ;03:27:29;3.301;0.071;447.5;31.0;;;;;;;;;;;;;;;;;;
 ;03:27:30;3.301;0.070;447.5;31.0;;;;;;;;;;;;;;;;;;
 ;03:27:31;3.301;0.071;447.5;31.0;;;;;;;;;;;;;;;;;;
 ;03:27:32;3.301;0.070;447.6;31.0;;;;;;;;;;;;;;;;;;
 ;03:27:33;3.301;0.070;447.6;31.0;;;;;;;;;;;;;;;;;;
 ;03:27:34;3.301;0.070;447.6;31.0;;;;;;;;;;;;;;;;;;
 ;03:27:35;3.301;0.070;447.6;31.0;;;;;;;;;;;;;;;;;;
 ;03:27:36;3.301;0.070;447.6;31.0;;;;;;;;;;;;;;;;;;
 ;03:27:37;3.301;0.070;447.7;31.0;;;;;;;;;;;;;;;;;;
 ;03:27:38;3.301;0.070;447.7;31.0;;;;;;;;;;;;;;;;;;
 ;03:27:39;3.301;0.070;447.7;31.0;;;;;;;;;;;;;;;;;;
 ;03:27:40;3.301;0.070;447.7;31.0;;;;;;;;;;;;;;;;;;
 ;03:27:41;3.301;0.070;447.7;31.0;;;;;;;;;;;;;;;;;;
 ;03:27:42;3.301;0.070;447.8;31.0;;;;;;;;;;;;;;;;;;
 ;03:27:43;3.301;0.070;447.8;31.0;;;;;;;;;;;;;;;;;;
 ;03:27:44;3.301;0.070;447.8;31.0;;;;;;;;;;;;;;;;;;
 ;03:27:45;3.301;0.069;447.8;31.0;;;;;;;;;;;;;;;;;;
 ;03:27:46;3.301;0.069;447.8;31.0;;;;;;;;;;;;;;;;;;
 ;03:27:47;3.301;0.069;447.9;31.0;;;;;;;;;;;;;;;;;;
 ;03:27:48;3.301;0.069;447.9;31.0;;;;;;;;;;;;;;;;;;
 ;03:27:49;3.301;0.069;447.9;31.0;;;;;;;;;;;;;;;;;;
 ;03:27:50;3.301;0.069;447.9;31.0;;;;;;;;;;;;;;;;;;
 ;03:27:51;3.301;0.069;447.9;31.0;;;;;;;;;;;;;;;;;;
 ;03:27:52;3.301;0.069;448.0;31.0;;;;;;;;;;;;;;;;;;
 ;03:27:53;3.301;0.069;448.0;31.0;;;;;;;;;;;;;;;;;;
 ;03:27:54;3.301;0.069;448.0;31.0;;;;;;;;;;;;;;;;;;
 ;03:27:55;3.301;0.069;448.0;31.0;;;;;;;;;;;;;;;;;;
 ;03:27:56;3.301;0.069;448.0;31.0;;;;;;;;;;;;;;;;;;
 ;03:27:57;3.301;0.069;448.1;31.0;;;;;;;;;;;;;;;;;;
 ;03:27:58;3.301;0.069;448.1;30.9;;;;;;;;;;;;;;;;;;
 ;03:27:59;3.301;0.069;448.1;30.9;;;;;;;;;;;;;;;;;;
 ;03:28:00;3.301;0.069;448.1;30.9;;;;;;;;;;;;;;;;;;
 ;03:28:01;3.301;0.069;448.1;30.9;;;;;;;;;;;;;;;;;;
 ;03:28:02;3.301;0.069;448.2;30.9;;;;;;;;;;;;;;;;;;
 ;03:28:03;3.301;0.069;448.2;30.9;;;;;;;;;;;;;;;;;;
 ;03:28:04;3.301;0.068;448.2;30.9;;;;;;;;;;;;;;;;;;
 ;03:28:05;3.301;0.069;448.2;30.9;;;;;;;;;;;;;;;;;;
 ;03:28:06;3.301;0.068;448.2;30.9;;;;;;;;;;;;;;;;;;
 ;03:28:07;3.301;0.068;448.2;30.9;;;;;;;;;;;;;;;;;;
 ;03:28:08;3.301;0.069;448.3;30.9;;;;;;;;;;;;;;;;;;
 ;03:28:09;3.301;0.068;448.3;30.9;;;;;;;;;;;;;;;;;;
 ;03:28:10;3.301;0.068;448.3;30.9;;;;;;;;;;;;;;;;;;
 ;03:28:11;3.301;0.069;448.3;30.9;;;;;;;;;;;;;;;;;;
 ;03:28:12;3.301;0.068;448.3;30.9;;;;;;;;;;;;;;;;;;
 ;03:28:13;3.301;0.068;448.4;30.9;;;;;;;;;;;;;;;;;;
 ;03:28:14;3.301;0.068;448.4;30.9;;;;;;;;;;;;;;;;;;
 ;03:28:15;3.301;0.068;448.4;30.9;;;;;;;;;;;;;;;;;;
 ;03:28:16;3.301;0.068;448.4;30.9;;;;;;;;;;;;;;;;;;
 ;03:28:17;3.301;0.068;448.4;30.9;;;;;;;;;;;;;;;;;;
 ;03:28:18;3.301;0.068;448.5;30.9;;;;;;;;;;;;;;;;;;
 ;03:28:19;3.301;0.068;448.5;30.9;;;;;;;;;;;;;;;;;;
 ;03:28:20;3.301;0.068;448.5;30.9;;;;;;;;;;;;;;;;;;
 ;03:28:21;3.301;0.068;448.5;30.9;;;;;;;;;;;;;;;;;;
 ;03:28:22;3.301;0.067;448.5;30.9;;;;;;;;;;;;;;;;;;
 ;03:28:23;3.301;0.067;448.6;30.9;;;;;;;;;;;;;;;;;;
 ;03:28:24;3.301;0.068;448.6;30.9;;;;;;;;;;;;;;;;;;
 ;03:28:25;3.301;0.067;448.6;30.9;;;;;;;;;;;;;;;;;;
 ;03:28:26;3.301;0.068;448.6;30.9;;;;;;;;;;;;;;;;;;
 ;03:28:27;3.301;0.068;448.6;30.9;;;;;;;;;;;;;;;;;;
 ;03:28:28;3.301;0.067;448.6;30.9;;;;;;;;;;;;;;;;;;
 ;03:28:29;3.301;0.067;448.7;30.9;;;;;;;;;;;;;;;;;;
 ;03:28:30;3.301;0.068;448.7;30.9;;;;;;;;;;;;;;;;;;
 ;03:28:31;3.301;0.067;448.7;30.9;;;;;;;;;;;;;;;;;;
 ;03:28:32;3.301;0.067;448.7;30.9;;;;;;;;;;;;;;;;;;
 ;03:28:33;3.301;0.067;448.7;30.9;;;;;;;;;;;;;;;;;;
 ;03:28:34;3.301;0.067;448.8;30.9;;;;;;;;;;;;;;;;;;
 ;03:28:35;3.301;0.067;448.8;30.9;;;;;;;;;;;;;;;;;;
 ;03:28:36;3.301;0.067;448.8;30.9;;;;;;;;;;;;;;;;;;
 ;03:28:37;3.301;0.067;448.8;30.9;;;;;;;;;;;;;;;;;;
 ;03:28:38;3.301;0.067;448.8;30.9;;;;;;;;;;;;;;;;;;
 ;03:28:39;3.301;0.067;448.9;30.9;;;;;;;;;;;;;;;;;;
 ;03:28:40;3.301;0.067;448.9;30.9;;;;;;;;;;;;;;;;;;
 ;03:28:41;3.301;0.066;448.9;30.9;;;;;;;;;;;;;;;;;;
 ;03:28:42;3.301;0.067;448.9;30.9;;;;;;;;;;;;;;;;;;
 ;03:28:43;3.301;0.067;448.9;30.9;;;;;;;;;;;;;;;;;;
 ;03:28:44;3.301;0.066;448.9;30.9;;;;;;;;;;;;;;;;;;
 ;03:28:45;3.301;0.067;449.0;30.9;;;;;;;;;;;;;;;;;;
 ;03:28:46;3.301;0.066;449.0;30.9;;;;;;;;;;;;;;;;;;
 ;03:28:47;3.301;0.066;449.0;30.9;;;;;;;;;;;;;;;;;;
 ;03:28:48;3.301;0.067;449.0;30.9;;;;;;;;;;;;;;;;;;
 ;03:28:49;3.301;0.066;449.0;30.9;;;;;;;;;;;;;;;;;;
 ;03:28:50;3.301;0.066;449.1;30.9;;;;;;;;;;;;;;;;;;
 ;03:28:51;3.301;0.067;449.1;30.9;;;;;;;;;;;;;;;;;;
 ;03:28:52;3.301;0.066;449.1;30.9;;;;;;;;;;;;;;;;;;
 ;03:28:53;3.301;0.066;449.1;30.9;;;;;;;;;;;;;;;;;;
 ;03:28:54;3.301;0.066;449.1;30.9;;;;;;;;;;;;;;;;;;
 ;03:28:55;3.301;0.066;449.2;30.9;;;;;;;;;;;;;;;;;;
 ;03:28:56;3.301;0.066;449.2;30.9;;;;;;;;;;;;;;;;;;
 ;03:28:57;3.301;0.066;449.2;30.9;;;;;;;;;;;;;;;;;;
 ;03:28:58;3.301;0.066;449.2;30.9;;;;;;;;;;;;;;;;;;
 ;03:28:59;3.301;0.065;449.2;30.9;;;;;;;;;;;;;;;;;;
 ;03:29:00;3.301;0.066;449.2;30.9;;;;;;;;;;;;;;;;;;
 ;03:29:01;3.301;0.066;449.3;30.9;;;;;;;;;;;;;;;;;;
 ;03:29:02;3.301;0.066;449.3;30.9;;;;;;;;;;;;;;;;;;
 ;03:29:03;3.301;0.066;449.3;30.9;;;;;;;;;;;;;;;;;;
 ;03:29:04;3.301;0.065;449.3;30.9;;;;;;;;;;;;;;;;;;
 ;03:29:05;3.301;0.065;449.3;30.9;;;;;;;;;;;;;;;;;;
 ;03:29:06;3.301;0.066;449.4;30.9;;;;;;;;;;;;;;;;;;
 ;03:29:07;3.301;0.065;449.4;30.9;;;;;;;;;;;;;;;;;;
 ;03:29:08;3.301;0.065;449.4;30.9;;;;;;;;;;;;;;;;;;
 ;03:29:09;3.301;0.066;449.4;30.9;;;;;;;;;;;;;;;;;;
 ;03:29:10;3.301;0.065;449.4;30.9;;;;;;;;;;;;;;;;;;
 ;03:29:11;3.301;0.065;449.4;30.9;;;;;;;;;;;;;;;;;;
 ;03:29:12;3.301;0.065;449.5;30.8;;;;;;;;;;;;;;;;;;
 ;03:29:13;3.301;0.065;449.5;30.9;;;;;;;;;;;;;;;;;;
 ;03:29:14;3.301;0.065;449.5;30.9;;;;;;;;;;;;;;;;;;
 ;03:29:15;3.301;0.065;449.5;30.8;;;;;;;;;;;;;;;;;;
 ;03:29:16;3.301;0.065;449.5;30.8;;;;;;;;;;;;;;;;;;
 ;03:29:17;3.301;0.064;449.6;30.8;;;;;;;;;;;;;;;;;;
 ;03:29:18;3.301;0.065;449.6;30.8;;;;;;;;;;;;;;;;;;
 ;03:29:19;3.301;0.065;449.6;30.8;;;;;;;;;;;;;;;;;;
 ;03:29:20;3.301;0.064;449.6;30.8;;;;;;;;;;;;;;;;;;
 ;03:29:21;3.301;0.065;449.6;30.8;;;;;;;;;;;;;;;;;;
 ;03:29:22;3.301;0.065;449.6;30.8;;;;;;;;;;;;;;;;;;
 ;03:29:23;3.301;0.064;449.7;30.8;;;;;;;;;;;;;;;;;;
 ;03:29:24;3.301;0.065;449.7;30.8;;;;;;;;;;;;;;;;;;
 ;03:29:25;3.301;0.065;449.7;30.8;;;;;;;;;;;;;;;;;;
 ;03:29:26;3.301;0.064;449.7;30.8;;;;;;;;;;;;;;;;;;
 ;03:29:27;3.301;0.065;449.7;30.8;;;;;;;;;;;;;;;;;;
 ;03:29:28;3.301;0.064;449.8;30.8;;;;;;;;;;;;;;;;;;
 ;03:29:29;3.301;0.064;449.8;30.8;;;;;;;;;;;;;;;;;;
 ;03:29:30;3.301;0.064;449.8;30.8;;;;;;;;;;;;;;;;;;
 ;03:29:31;3.301;0.064;449.8;30.8;;;;;;;;;;;;;;;;;;
 ;03:29:32;3.301;0.064;449.8;30.8;;;;;;;;;;;;;;;;;;
 ;03:29:33;3.301;0.064;449.8;30.8;;;;;;;;;;;;;;;;;;
 ;03:29:34;3.301;0.064;449.9;30.8;;;;;;;;;;;;;;;;;;
 ;03:29:35;3.301;0.064;449.9;30.8;;;;;;;;;;;;;;;;;;
 ;03:29:36;3.301;0.064;449.9;30.8;;;;;;;;;;;;;;;;;;
 ;03:29:37;3.301;0.064;449.9;30.8;;;;;;;;;;;;;;;;;;
 ;03:29:38;3.301;0.063;449.9;30.8;;;;;;;;;;;;;;;;;;
 ;03:29:39;3.301;0.063;449.9;30.8;;;;;;;;;;;;;;;;;;
 ;03:29:40;3.301;0.065;450.0;30.8;;;;;;;;;;;;;;;;;;
 ;03:29:41;3.301;0.063;450.0;30.8;;;;;;;;;;;;;;;;;;
 ;03:29:42;3.301;0.063;450.0;30.8;;;;;;;;;;;;;;;;;;
 ;03:29:43;3.301;0.063;450.0;30.8;;;;;;;;;;;;;;;;;;
 ;03:29:44;3.301;0.063;450.0;30.8;;;;;;;;;;;;;;;;;;
 ;03:29:45;3.301;0.063;450.1;30.8;;;;;;;;;;;;;;;;;;
 ;03:29:46;3.301;0.063;450.1;30.8;;;;;;;;;;;;;;;;;;
 ;03:29:47;3.301;0.063;450.1;30.8;;;;;;;;;;;;;;;;;;
 ;03:29:48;3.301;0.063;450.1;30.8;;;;;;;;;;;;;;;;;;
 ;03:29:49;3.301;0.063;450.1;30.8;;;;;;;;;;;;;;;;;;
 ;03:29:50;3.301;0.063;450.1;30.8;;;;;;;;;;;;;;;;;;
 ;03:29:51;3.301;0.063;450.2;30.8;;;;;;;;;;;;;;;;;;
 ;03:29:52;3.301;0.063;450.2;30.8;;;;;;;;;;;;;;;;;;
 ;03:29:53;3.301;0.063;450.2;30.8;;;;;;;;;;;;;;;;;;
 ;03:29:54;3.301;0.063;450.2;30.8;;;;;;;;;;;;;;;;;;
 ;03:29:55;3.301;0.063;450.2;30.8;;;;;;;;;;;;;;;;;;
 ;03:29:56;3.301;0.063;450.3;30.8;;;;;;;;;;;;;;;;;;
 ;03:29:57;3.301;0.062;450.3;30.8;;;;;;;;;;;;;;;;;;
 ;03:29:58;3.301;0.063;450.3;30.8;;;;;;;;;;;;;;;;;;
 ;03:29:59;3.301;0.062;450.3;30.8;;;;;;;;;;;;;;;;;;
 ;03:30:00;3.301;0.062;450.3;30.8;;;;;;;;;;;;;;;;;;
 ;03:30:01;3.301;0.062;450.3;30.8;;;;;;;;;;;;;;;;;;
 ;03:30:02;3.301;0.062;450.4;30.8;;;;;;;;;;;;;;;;;;
 ;03:30:03;3.301;0.062;450.4;30.8;;;;;;;;;;;;;;;;;;
 ;03:30:04;3.301;0.063;450.4;30.8;;;;;;;;;;;;;;;;;;
 ;03:30:05;3.301;0.062;450.4;30.8;;;;;;;;;;;;;;;;;;
 ;03:30:06;3.301;0.062;450.4;30.8;;;;;;;;;;;;;;;;;;
 ;03:30:07;3.301;0.062;450.4;30.8;;;;;;;;;;;;;;;;;;
 ;03:30:08;3.301;0.062;450.5;30.8;;;;;;;;;;;;;;;;;;
 ;03:30:09;3.301;0.062;450.5;30.8;;;;;;;;;;;;;;;;;;
 ;03:30:10;3.301;0.062;450.5;30.8;;;;;;;;;;;;;;;;;;
 ;03:30:11;3.301;0.062;450.5;30.8;;;;;;;;;;;;;;;;;;
 ;03:30:12;3.301;0.062;450.5;30.8;;;;;;;;;;;;;;;;;;
 ;03:30:13;3.301;0.062;450.5;30.8;;;;;;;;;;;;;;;;;;
 ;03:30:14;3.301;0.062;450.6;30.8;;;;;;;;;;;;;;;;;;
 ;03:30:15;3.301;0.062;450.6;30.8;;;;;;;;;;;;;;;;;;
 ;03:30:16;3.301;0.061;450.6;30.8;;;;;;;;;;;;;;;;;;
 ;03:30:17;3.301;0.062;450.6;30.8;;;;;;;;;;;;;;;;;;
 ;03:30:18;3.301;0.061;450.6;30.8;;;;;;;;;;;;;;;;;;
 ;03:30:19;3.301;0.062;450.6;30.8;;;;;;;;;;;;;;;;;;
 ;03:30:20;3.301;0.062;450.7;30.8;;;;;;;;;;;;;;;;;;
 ;03:30:21;3.301;0.061;450.7;30.8;;;;;;;;;;;;;;;;;;
 ;03:30:22;3.301;0.062;450.7;30.8;;;;;;;;;;;;;;;;;;
 ;03:30:23;3.301;0.061;450.7;30.8;;;;;;;;;;;;;;;;;;
 ;03:30:24;3.301;0.061;450.7;30.8;;;;;;;;;;;;;;;;;;
 ;03:30:25;3.301;0.061;450.8;30.8;;;;;;;;;;;;;;;;;;
 ;03:30:26;3.301;0.061;450.8;30.8;;;;;;;;;;;;;;;;;;
 ;03:30:27;3.301;0.061;450.8;30.8;;;;;;;;;;;;;;;;;;
 ;03:30:28;3.301;0.061;450.8;30.8;;;;;;;;;;;;;;;;;;
 ;03:30:29;3.301;0.061;450.8;30.8;;;;;;;;;;;;;;;;;;
 ;03:30:30;3.301;0.061;450.8;30.8;;;;;;;;;;;;;;;;;;
 ;03:30:31;3.301;0.061;450.9;30.8;;;;;;;;;;;;;;;;;;
 ;03:30:32;3.301;0.061;450.9;30.8;;;;;;;;;;;;;;;;;;
 ;03:30:33;3.301;0.061;450.9;30.8;;;;;;;;;;;;;;;;;;
 ;03:30:34;3.301;0.061;450.9;30.8;;;;;;;;;;;;;;;;;;
 ;03:30:35;3.301;0.061;450.9;30.8;;;;;;;;;;;;;;;;;;
 ;03:30:36;3.301;0.061;450.9;30.8;;;;;;;;;;;;;;;;;;
 ;03:30:37;3.301;0.061;451.0;30.8;;;;;;;;;;;;;;;;;;
 ;03:30:38;3.301;0.061;451.0;30.8;;;;;;;;;;;;;;;;;;
 ;03:30:39;3.301;0.061;451.0;30.8;;;;;;;;;;;;;;;;;;
 ;03:30:40;3.301;0.061;451.0;30.8;;;;;;;;;;;;;;;;;;
 ;03:30:41;3.301;0.060;451.0;30.8;;;;;;;;;;;;;;;;;;
 ;03:30:42;3.301;0.061;451.0;30.8;;;;;;;;;;;;;;;;;;
 ;03:30:43;3.301;0.061;451.1;30.8;;;;;;;;;;;;;;;;;;
 ;03:30:44;3.301;0.061;451.1;30.8;;;;;;;;;;;;;;;;;;
 ;03:30:45;3.301;0.060;451.1;30.8;;;;;;;;;;;;;;;;;;
 ;03:30:46;3.301;0.060;451.1;30.7;;;;;;;;;;;;;;;;;;
 ;03:30:47;3.301;0.061;451.1;30.7;;;;;;;;;;;;;;;;;;
 ;03:30:48;3.301;0.060;451.1;30.7;;;;;;;;;;;;;;;;;;
 ;03:30:49;3.301;0.060;451.2;30.7;;;;;;;;;;;;;;;;;;
 ;03:30:50;3.301;0.060;451.2;30.7;;;;;;;;;;;;;;;;;;
 ;03:30:51;3.301;0.060;451.2;30.7;;;;;;;;;;;;;;;;;;
 ;03:30:52;3.301;0.060;451.2;30.7;;;;;;;;;;;;;;;;;;
 ;03:30:53;3.301;0.060;451.2;30.7;;;;;;;;;;;;;;;;;;
 ;03:30:54;3.301;0.060;451.2;30.7;;;;;;;;;;;;;;;;;;
 ;03:30:55;3.301;0.060;451.3;30.7;;;;;;;;;;;;;;;;;;
 ;03:30:56;3.301;0.060;451.3;30.7;;;;;;;;;;;;;;;;;;
 ;03:30:57;3.301;0.060;451.3;30.7;;;;;;;;;;;;;;;;;;
 ;03:30:58;3.301;0.060;451.3;30.7;;;;;;;;;;;;;;;;;;
 ;03:30:59;3.301;0.060;451.3;30.7;;;;;;;;;;;;;;;;;;
 ;03:31:00;3.301;0.060;451.3;30.7;;;;;;;;;;;;;;;;;;
 ;03:31:01;3.301;0.060;451.4;30.7;;;;;;;;;;;;;;;;;;
 ;03:31:02;3.301;0.060;451.4;30.7;;;;;;;;;;;;;;;;;;
 ;03:31:03;3.301;0.059;451.4;30.7;;;;;;;;;;;;;;;;;;
 ;03:31:04;3.301;0.060;451.4;30.7;;;;;;;;;;;;;;;;;;
 ;03:31:05;3.301;0.060;451.4;30.7;;;;;;;;;;;;;;;;;;
 ;03:31:06;3.301;0.060;451.4;30.7;;;;;;;;;;;;;;;;;;
 ;03:31:07;3.301;0.059;451.5;30.7;;;;;;;;;;;;;;;;;;
 ;03:31:08;3.301;0.059;451.5;30.7;;;;;;;;;;;;;;;;;;
 ;03:31:09;3.301;0.060;451.5;30.7;;;;;;;;;;;;;;;;;;
 ;03:31:10;3.301;0.059;451.5;30.7;;;;;;;;;;;;;;;;;;
 ;03:31:11;3.301;0.059;451.5;30.7;;;;;;;;;;;;;;;;;;
 ;03:31:12;3.301;0.059;451.5;30.7;;;;;;;;;;;;;;;;;;
 ;03:31:13;3.301;0.059;451.6;30.7;;;;;;;;;;;;;;;;;;
 ;03:31:14;3.301;0.060;451.6;30.7;;;;;;;;;;;;;;;;;;
 ;03:31:15;3.301;0.060;451.6;30.7;;;;;;;;;;;;;;;;;;
 ;03:31:16;3.301;0.060;451.6;30.7;;;;;;;;;;;;;;;;;;
 ;03:31:17;3.301;0.059;451.6;30.7;;;;;;;;;;;;;;;;;;
 ;03:31:18;3.301;0.059;451.6;30.7;;;;;;;;;;;;;;;;;;
 ;03:31:19;3.301;0.059;451.7;30.7;;;;;;;;;;;;;;;;;;
 ;03:31:20;3.301;0.059;451.7;30.7;;;;;;;;;;;;;;;;;;
 ;03:31:21;3.301;0.059;451.7;30.7;;;;;;;;;;;;;;;;;;
 ;03:31:22;3.301;0.059;451.7;30.7;;;;;;;;;;;;;;;;;;
 ;03:31:23;3.301;0.059;451.7;30.7;;;;;;;;;;;;;;;;;;
 ;03:31:24;3.301;0.058;451.7;30.7;;;;;;;;;;;;;;;;;;
 ;03:31:25;3.301;0.059;451.8;30.7;;;;;;;;;;;;;;;;;;
 ;03:31:26;3.301;0.059;451.8;30.7;;;;;;;;;;;;;;;;;;
 ;03:31:27;3.301;0.059;451.8;30.7;;;;;;;;;;;;;;;;;;
 ;03:31:28;3.301;0.058;451.8;30.7;;;;;;;;;;;;;;;;;;
 ;03:31:29;3.301;0.058;451.8;30.7;;;;;;;;;;;;;;;;;;
 ;03:31:30;3.301;0.059;451.8;30.7;;;;;;;;;;;;;;;;;;
 ;03:31:31;3.301;0.058;451.9;30.7;;;;;;;;;;;;;;;;;;
 ;03:31:32;3.301;0.058;451.9;30.7;;;;;;;;;;;;;;;;;;
 ;03:31:33;3.301;0.059;451.9;30.7;;;;;;;;;;;;;;;;;;
 ;03:31:34;3.301;0.058;451.9;30.7;;;;;;;;;;;;;;;;;;
 ;03:31:35;3.301;0.059;451.9;30.7;;;;;;;;;;;;;;;;;;
 ;03:31:36;3.301;0.059;451.9;30.7;;;;;;;;;;;;;;;;;;
 ;03:31:37;3.301;0.058;452.0;30.7;;;;;;;;;;;;;;;;;;
 ;03:31:38;3.301;0.058;452.0;30.7;;;;;;;;;;;;;;;;;;
 ;03:31:39;3.301;0.059;452.0;30.7;;;;;;;;;;;;;;;;;;
 ;03:31:40;3.301;0.058;452.0;30.7;;;;;;;;;;;;;;;;;;
 ;03:31:41;3.301;0.058;452.0;30.7;;;;;;;;;;;;;;;;;;
 ;03:31:42;3.301;0.058;452.0;30.7;;;;;;;;;;;;;;;;;;
 ;03:31:43;3.301;0.058;452.1;30.7;;;;;;;;;;;;;;;;;;
 ;03:31:44;3.301;0.058;452.1;30.7;;;;;;;;;;;;;;;;;;
 ;03:31:45;3.301;0.058;452.1;30.7;;;;;;;;;;;;;;;;;;
 ;03:31:46;3.301;0.058;452.1;30.7;;;;;;;;;;;;;;;;;;
 ;03:31:47;3.301;0.058;452.1;30.7;;;;;;;;;;;;;;;;;;
 ;03:31:48;3.301;0.058;452.1;30.7;;;;;;;;;;;;;;;;;;
 ;03:31:49;3.301;0.058;452.2;30.7;;;;;;;;;;;;;;;;;;
 ;03:31:50;3.301;0.058;452.2;30.7;;;;;;;;;;;;;;;;;;
 ;03:31:51;3.301;0.058;452.2;30.7;;;;;;;;;;;;;;;;;;
 ;03:31:52;3.301;0.057;452.2;30.7;;;;;;;;;;;;;;;;;;
 ;03:31:53;3.301;0.057;452.2;30.7;;;;;;;;;;;;;;;;;;
 ;03:31:54;3.301;0.058;452.2;30.7;;;;;;;;;;;;;;;;;;
 ;03:31:55;3.301;0.057;452.3;30.7;;;;;;;;;;;;;;;;;;
 ;03:31:56;3.301;0.057;452.3;30.7;;;;;;;;;;;;;;;;;;
 ;03:31:57;3.301;0.058;452.3;30.7;;;;;;;;;;;;;;;;;;
 ;03:31:58;3.301;0.057;452.3;30.7;;;;;;;;;;;;;;;;;;
 ;03:31:59;3.301;0.058;452.3;30.7;;;;;;;;;;;;;;;;;;
 ;03:32:00;3.301;0.058;452.3;30.7;;;;;;;;;;;;;;;;;;
 ;03:32:01;3.301;0.057;452.3;30.7;;;;;;;;;;;;;;;;;;
 ;03:32:02;3.301;0.057;452.4;30.7;;;;;;;;;;;;;;;;;;
 ;03:32:03;3.301;0.058;452.4;30.7;;;;;;;;;;;;;;;;;;
 ;03:32:04;3.301;0.057;452.4;30.7;;;;;;;;;;;;;;;;;;
 ;03:32:05;3.301;0.057;452.4;30.7;;;;;;;;;;;;;;;;;;
 ;03:32:06;3.301;0.057;452.4;30.7;;;;;;;;;;;;;;;;;;
 ;03:32:07;3.301;0.057;452.4;30.7;;;;;;;;;;;;;;;;;;
 ;03:32:08;3.301;0.057;452.5;30.7;;;;;;;;;;;;;;;;;;
 ;03:32:09;3.301;0.057;452.5;30.7;;;;;;;;;;;;;;;;;;
 ;03:32:10;3.301;0.057;452.5;30.7;;;;;;;;;;;;;;;;;;
 ;03:32:11;3.301;0.057;452.5;30.7;;;;;;;;;;;;;;;;;;
 ;03:32:12;3.301;0.057;452.5;30.7;;;;;;;;;;;;;;;;;;
 ;03:32:13;3.301;0.057;452.5;30.7;;;;;;;;;;;;;;;;;;
 ;03:32:14;3.301;0.056;452.6;30.7;;;;;;;;;;;;;;;;;;
 ;03:32:15;3.301;0.056;452.6;30.7;;;;;;;;;;;;;;;;;;
 ;03:32:16;3.301;0.057;452.6;30.7;;;;;;;;;;;;;;;;;;
 ;03:32:17;3.301;0.056;452.6;30.7;;;;;;;;;;;;;;;;;;
 ;03:32:18;3.301;0.056;452.6;30.7;;;;;;;;;;;;;;;;;;
 ;03:32:19;3.301;0.057;452.6;30.7;;;;;;;;;;;;;;;;;;
 ;03:32:20;3.301;0.056;452.7;30.7;;;;;;;;;;;;;;;;;;
 ;03:32:21;3.301;0.057;452.7;30.7;;;;;;;;;;;;;;;;;;
 ;03:32:22;3.301;0.057;452.7;30.7;;;;;;;;;;;;;;;;;;
 ;03:32:23;3.301;0.056;452.7;30.7;;;;;;;;;;;;;;;;;;
 ;03:32:24;3.301;0.057;452.7;30.7;;;;;;;;;;;;;;;;;;
 ;03:32:25;3.301;0.056;452.7;30.7;;;;;;;;;;;;;;;;;;
 ;03:32:26;3.301;0.056;452.7;30.7;;;;;;;;;;;;;;;;;;
 ;03:32:27;3.301;0.057;452.8;30.7;;;;;;;;;;;;;;;;;;
 ;03:32:28;3.301;0.056;452.8;30.7;;;;;;;;;;;;;;;;;;
 ;03:32:29;3.301;0.056;452.8;30.7;;;;;;;;;;;;;;;;;;
 ;03:32:30;3.301;0.056;452.8;30.7;;;;;;;;;;;;;;;;;;
 ;03:32:31;3.301;0.056;452.8;30.7;;;;;;;;;;;;;;;;;;
 ;03:32:32;3.301;0.056;452.8;30.7;;;;;;;;;;;;;;;;;;
 ;03:32:33;3.301;0.056;452.9;30.7;;;;;;;;;;;;;;;;;;
 ;03:32:34;3.301;0.056;452.9;30.7;;;;;;;;;;;;;;;;;;
 ;03:32:35;3.301;0.056;452.9;30.7;;;;;;;;;;;;;;;;;;
 ;03:32:36;3.301;0.056;452.9;30.7;;;;;;;;;;;;;;;;;;
 ;03:32:37;3.301;0.056;452.9;30.7;;;;;;;;;;;;;;;;;;
 ;03:32:38;3.301;0.056;452.9;30.7;;;;;;;;;;;;;;;;;;
 ;03:32:39;3.301;0.055;453.0;30.6;;;;;;;;;;;;;;;;;;
 ;03:32:40;3.301;0.055;453.0;30.6;;;;;;;;;;;;;;;;;;
 ;03:32:41;3.301;0.056;453.0;30.6;;;;;;;;;;;;;;;;;;
 ;03:32:42;3.301;0.055;453.0;30.6;;;;;;;;;;;;;;;;;;
 ;03:32:43;3.301;0.056;453.0;30.6;;;;;;;;;;;;;;;;;;
 ;03:32:44;3.301;0.055;453.0;30.6;;;;;;;;;;;;;;;;;;
 ;03:32:45;3.301;0.055;453.0;30.6;;;;;;;;;;;;;;;;;;
 ;03:32:46;3.301;0.056;453.1;30.6;;;;;;;;;;;;;;;;;;
 ;03:32:47;3.301;0.055;453.1;30.6;;;;;;;;;;;;;;;;;;
 ;03:32:48;3.301;0.055;453.1;30.6;;;;;;;;;;;;;;;;;;
 ;03:32:49;3.301;0.056;453.1;30.6;;;;;;;;;;;;;;;;;;
 ;03:32:50;3.301;0.055;453.1;30.6;;;;;;;;;;;;;;;;;;
 ;03:32:51;3.301;0.055;453.1;30.6;;;;;;;;;;;;;;;;;;
 ;03:32:52;3.301;0.056;453.2;30.6;;;;;;;;;;;;;;;;;;
 ;03:32:53;3.301;0.055;453.2;30.6;;;;;;;;;;;;;;;;;;
 ;03:32:54;3.301;0.055;453.2;30.6;;;;;;;;;;;;;;;;;;
 ;03:32:55;3.301;0.055;453.2;30.6;;;;;;;;;;;;;;;;;;
 ;03:32:56;3.301;0.055;453.2;30.6;;;;;;;;;;;;;;;;;;
 ;03:32:57;3.301;0.055;453.2;30.6;;;;;;;;;;;;;;;;;;
 ;03:32:58;3.301;0.055;453.2;30.6;;;;;;;;;;;;;;;;;;
 ;03:32:59;3.301;0.055;453.3;30.6;;;;;;;;;;;;;;;;;;
 ;03:33:00;3.301;0.055;453.3;30.6;;;;;;;;;;;;;;;;;;
 ;03:33:01;3.301;0.055;453.3;30.6;;;;;;;;;;;;;;;;;;
 ;03:33:02;3.301;0.055;453.3;30.6;;;;;;;;;;;;;;;;;;
 ;03:33:03;3.301;0.055;453.3;30.6;;;;;;;;;;;;;;;;;;
 ;03:33:04;3.301;0.055;453.3;30.6;;;;;;;;;;;;;;;;;;
 ;03:33:05;3.301;0.055;453.4;30.6;;;;;;;;;;;;;;;;;;
 ;03:33:06;3.301;0.055;453.4;30.6;;;;;;;;;;;;;;;;;;
 ;03:33:07;3.301;0.055;453.4;30.6;;;;;;;;;;;;;;;;;;
 ;03:33:08;3.301;0.055;453.4;30.6;;;;;;;;;;;;;;;;;;
 ;03:33:09;3.301;0.055;453.4;30.6;;;;;;;;;;;;;;;;;;
 ;03:33:10;3.301;0.055;453.4;30.6;;;;;;;;;;;;;;;;;;
 ;03:33:11;3.301;0.055;453.4;30.6;;;;;;;;;;;;;;;;;;
 ;03:33:12;3.301;0.054;453.5;30.6;;;;;;;;;;;;;;;;;;
 ;03:33:13;3.301;0.055;453.5;30.6;;;;;;;;;;;;;;;;;;
 ;03:33:14;3.301;0.055;453.5;30.6;;;;;;;;;;;;;;;;;;
 ;03:33:15;3.301;0.055;453.5;30.6;;;;;;;;;;;;;;;;;;
 ;03:33:16;3.301;0.055;453.5;30.6;;;;;;;;;;;;;;;;;;
 ;03:33:17;3.301;0.055;453.5;30.6;;;;;;;;;;;;;;;;;;
 ;03:33:18;3.301;0.055;453.6;30.6;;;;;;;;;;;;;;;;;;
 ;03:33:19;3.301;0.054;453.6;30.6;;;;;;;;;;;;;;;;;;
 ;03:33:20;3.301;0.054;453.6;30.6;;;;;;;;;;;;;;;;;;
 ;03:33:21;3.301;0.055;453.6;30.6;;;;;;;;;;;;;;;;;;
 ;03:33:22;3.301;0.054;453.6;30.6;;;;;;;;;;;;;;;;;;
 ;03:33:23;3.301;0.054;453.6;30.6;;;;;;;;;;;;;;;;;;
 ;03:33:24;3.301;0.054;453.6;30.6;;;;;;;;;;;;;;;;;;
 ;03:33:25;3.301;0.055;453.7;30.6;;;;;;;;;;;;;;;;;;
 ;03:33:26;3.301;0.054;453.7;30.6;;;;;;;;;;;;;;;;;;
 ;03:33:27;3.301;0.054;453.7;30.6;;;;;;;;;;;;;;;;;;
 ;03:33:28;3.301;0.054;453.7;30.6;;;;;;;;;;;;;;;;;;
 ;03:33:29;3.301;0.054;453.7;30.6;;;;;;;;;;;;;;;;;;
 ;03:33:30;3.301;0.054;453.7;30.6;;;;;;;;;;;;;;;;;;
 ;03:33:31;3.301;0.054;453.8;30.6;;;;;;;;;;;;;;;;;;
 ;03:33:32;3.301;0.055;453.8;30.6;;;;;;;;;;;;;;;;;;
 ;03:33:33;3.301;0.053;453.8;30.6;;;;;;;;;;;;;;;;;;
 ;03:33:34;3.301;0.053;453.8;30.6;;;;;;;;;;;;;;;;;;
 ;03:33:35;3.301;0.054;453.8;30.6;;;;;;;;;;;;;;;;;;
 ;03:33:36;3.301;0.053;453.8;30.6;;;;;;;;;;;;;;;;;;
 ;03:33:37;3.301;0.053;453.8;30.6;;;;;;;;;;;;;;;;;;
 ;03:33:38;3.301;0.054;453.9;30.6;;;;;;;;;;;;;;;;;;
 ;03:33:39;3.301;0.053;453.9;30.6;;;;;;;;;;;;;;;;;;
 ;03:33:40;3.301;0.053;453.9;30.6;;;;;;;;;;;;;;;;;;
 ;03:33:41;3.301;0.053;453.9;30.6;;;;;;;;;;;;;;;;;;
 ;03:33:42;3.301;0.053;453.9;30.6;;;;;;;;;;;;;;;;;;
 ;03:33:43;3.301;0.054;453.9;30.6;;;;;;;;;;;;;;;;;;
 ;03:33:44;3.301;0.054;453.9;30.6;;;;;;;;;;;;;;;;;;
 ;03:33:45;3.301;0.053;454.0;30.6;;;;;;;;;;;;;;;;;;
 ;03:33:46;3.301;0.053;454.0;30.6;;;;;;;;;;;;;;;;;;
 ;03:33:47;3.301;0.053;454.0;30.6;;;;;;;;;;;;;;;;;;
 ;03:33:48;3.301;0.053;454.0;30.6;;;;;;;;;;;;;;;;;;
 ;03:33:49;3.301;0.053;454.0;30.6;;;;;;;;;;;;;;;;;;
 ;03:33:50;3.301;0.053;454.0;30.6;;;;;;;;;;;;;;;;;;
 ;03:33:51;3.301;0.053;454.1;30.6;;;;;;;;;;;;;;;;;;
 ;03:33:52;3.301;0.053;454.1;30.6;;;;;;;;;;;;;;;;;;
 ;03:33:53;3.301;0.053;454.1;30.6;;;;;;;;;;;;;;;;;;
 ;03:33:54;3.301;0.053;454.1;30.6;;;;;;;;;;;;;;;;;;
 ;03:33:55;3.301;0.053;454.1;30.6;;;;;;;;;;;;;;;;;;
 ;03:33:56;3.301;0.052;454.1;30.6;;;;;;;;;;;;;;;;;;
 ;03:33:57;3.301;0.053;454.1;30.6;;;;;;;;;;;;;;;;;;
 ;03:33:58;3.301;0.053;454.2;30.6;;;;;;;;;;;;;;;;;;
 ;03:33:59;3.301;0.053;454.2;30.6;;;;;;;;;;;;;;;;;;
 ;03:34:00;3.301;0.052;454.2;30.6;;;;;;;;;;;;;;;;;;
 ;03:34:01;3.301;0.053;454.2;30.6;;;;;;;;;;;;;;;;;;
 ;03:34:02;3.301;0.052;454.2;30.5;;;;;;;;;;;;;;;;;;
 ;03:34:03;3.301;0.053;454.2;30.5;;;;;;;;;;;;;;;;;;
 ;03:34:04;3.301;0.052;454.2;30.5;;;;;;;;;;;;;;;;;;
 ;03:34:05;3.301;0.052;454.3;30.5;;;;;;;;;;;;;;;;;;
 ;03:34:06;3.301;0.053;454.3;30.5;;;;;;;;;;;;;;;;;;
 ;03:34:07;3.301;0.052;454.3;30.5;;;;;;;;;;;;;;;;;;
 ;03:34:08;3.301;0.052;454.3;30.5;;;;;;;;;;;;;;;;;;
 ;03:34:09;3.301;0.053;454.3;30.5;;;;;;;;;;;;;;;;;;
 ;03:34:10;3.301;0.052;454.3;30.5;;;;;;;;;;;;;;;;;;
 ;03:34:11;3.301;0.053;454.3;30.5;;;;;;;;;;;;;;;;;;
 ;03:34:12;3.301;0.052;454.4;30.5;;;;;;;;;;;;;;;;;;
 ;03:34:13;3.301;0.052;454.4;30.5;;;;;;;;;;;;;;;;;;
 ;03:34:14;3.301;0.052;454.4;30.5;;;;;;;;;;;;;;;;;;
 ;03:34:15;3.301;0.053;454.4;30.5;;;;;;;;;;;;;;;;;;
 ;03:34:16;3.301;0.052;454.4;30.5;;;;;;;;;;;;;;;;;;
 ;03:34:17;3.301;0.052;454.4;30.5;;;;;;;;;;;;;;;;;;
 ;03:34:18;3.301;0.052;454.4;30.5;;;;;;;;;;;;;;;;;;
 ;03:34:19;3.301;0.052;454.5;30.5;;;;;;;;;;;;;;;;;;
 ;03:34:20;3.301;0.052;454.5;30.5;;;;;;;;;;;;;;;;;;
 ;03:34:21;3.301;0.052;454.5;30.5;;;;;;;;;;;;;;;;;;
 ;03:34:22;3.301;0.052;454.5;30.5;;;;;;;;;;;;;;;;;;
 ;03:34:23;3.301;0.052;454.5;30.5;;;;;;;;;;;;;;;;;;
 ;03:34:24;3.301;0.052;454.5;30.5;;;;;;;;;;;;;;;;;;
 ;03:34:25;3.301;0.052;454.6;30.5;;;;;;;;;;;;;;;;;;
 ;03:34:26;3.301;0.052;454.6;30.5;;;;;;;;;;;;;;;;;;
 ;03:34:27;3.301;0.052;454.6;30.5;;;;;;;;;;;;;;;;;;
 ;03:34:28;3.301;0.052;454.6;30.5;;;;;;;;;;;;;;;;;;
 ;03:34:29;3.301;0.052;454.6;30.5;;;;;;;;;;;;;;;;;;
 ;03:34:30;3.301;0.051;454.6;30.5;;;;;;;;;;;;;;;;;;
 ;03:34:31;3.301;0.051;454.6;30.5;;;;;;;;;;;;;;;;;;
 ;03:34:32;3.301;0.051;454.7;30.5;;;;;;;;;;;;;;;;;;
 ;03:34:33;3.301;0.052;454.7;30.5;;;;;;;;;;;;;;;;;;
 ;03:34:34;3.300;0.052;454.7;30.5;;;;;;;;;;;;;;;;;;
 ;03:34:35;3.301;0.052;454.7;30.5;;;;;;;;;;;;;;;;;;
 ;03:34:36;3.301;0.052;454.7;30.5;;;;;;;;;;;;;;;;;;
 ;03:34:37;3.301;0.051;454.7;30.5;;;;;;;;;;;;;;;;;;
 ;03:34:38;3.301;0.051;454.7;30.5;;;;;;;;;;;;;;;;;;
 ;03:34:39;3.301;0.051;454.8;30.5;;;;;;;;;;;;;;;;;;
 ;03:34:40;3.301;0.051;454.8;30.5;;;;;;;;;;;;;;;;;;
 ;03:34:41;3.301;0.051;454.8;30.5;;;;;;;;;;;;;;;;;;
 ;03:34:42;3.301;0.051;454.8;30.5;;;;;;;;;;;;;;;;;;
 ;03:34:43;3.301;0.051;454.8;30.5;;;;;;;;;;;;;;;;;;
 ;03:34:44;3.301;0.051;454.8;30.5;;;;;;;;;;;;;;;;;;
 ;03:34:45;3.301;0.051;454.8;30.5;;;;;;;;;;;;;;;;;;
 ;03:34:46;3.301;0.051;454.9;30.5;;;;;;;;;;;;;;;;;;
 ;03:34:47;3.301;0.051;454.9;30.5;;;;;;;;;;;;;;;;;;
 ;03:34:48;3.301;0.051;454.9;30.5;;;;;;;;;;;;;;;;;;
 ;03:34:49;3.301;0.051;454.9;30.5;;;;;;;;;;;;;;;;;;
 ;03:34:50;3.301;0.051;454.9;30.5;;;;;;;;;;;;;;;;;;
 ;03:34:51;3.301;0.051;454.9;30.5;;;;;;;;;;;;;;;;;;
 ;03:34:52;3.301;0.051;454.9;30.5;;;;;;;;;;;;;;;;;;
 ;03:34:53;3.301;0.051;455.0;30.5;;;;;;;;;;;;;;;;;;
 ;03:34:54;3.301;0.051;455.0;30.5;;;;;;;;;;;;;;;;;;
 ;03:34:55;3.301;0.051;455.0;30.5;;;;;;;;;;;;;;;;;;
 ;03:34:56;3.300;0.051;455.0;30.5;;;;;;;;;;;;;;;;;;
 ;03:34:57;3.301;0.051;455.0;30.5;;;;;;;;;;;;;;;;;;
 ;03:34:58;3.301;0.051;455.0;30.5;;;;;;;;;;;;;;;;;;
 ;03:34:59;3.301;0.050;455.0;30.5;;;;;;;;;;;;;;;;;;
 ;03:35:00;3.301;0.050;455.1;30.5;;;;;;;;;;;;;;;;;;
 ;03:35:01;3.301;0.051;455.1;30.5;;;;;;;;;;;;;;;;;;
 ;03:35:02;3.301;0.051;455.1;30.5;;;;;;;;;;;;;;;;;;
 ;03:35:03;3.300;0.051;455.1;30.5;;;;;;;;;;;;;;;;;;
 ;03:35:04;3.301;0.051;455.1;30.5;;;;;;;;;;;;;;;;;;
 ;03:35:05;3.301;0.050;455.1;30.5;;;;;;;;;;;;;;;;;;
 ;03:35:06;3.301;0.050;455.1;30.5;;;;;;;;;;;;;;;;;;
 ;03:35:07;3.301;0.050;455.2;30.5;;;;;;;;;;;;;;;;;;
 ;03:35:08;3.301;0.050;455.2;30.5;;;;;;;;;;;;;;;;;;
 ;03:35:09;3.301;0.050;455.2;30.5;;;;;;;;;;;;;;;;;;
 ;03:35:10;3.301;0.050;455.2;30.5;;;;;;;;;;;;;;;;;;
 ;03:35:11;3.301;0.050;455.2;30.5;;;;;;;;;;;;;;;;;;
 ;03:35:12;3.301;0.050;455.2;30.5;;;;;;;;;;;;;;;;;;
 ;03:35:13;3.301;0.050;455.2;30.5;;;;;;;;;;;;;;;;;;
 ;03:35:14;3.301;0.050;455.3;30.5;;;;;;;;;;;;;;;;;;
 ;03:35:15;3.301;0.050;455.3;30.5;;;;;;;;;;;;;;;;;;
 ;03:35:16;3.301;0.050;455.3;30.5;;;;;;;;;;;;;;;;;;
 ;03:35:17;3.301;0.050;455.3;30.5;;;;;;;;;;;;;;;;;;
 ;03:35:18;3.301;0.050;455.3;30.5;;;;;;;;;;;;;;;;;;
 ;03:35:19;3.301;0.050;455.3;30.5;;;;;;;;;;;;;;;;;;
 ;03:35:20;3.301;0.050;455.3;30.5;;;;;;;;;;;;;;;;;;
 ;03:35:21;3.301;0.050;455.4;30.5;;;;;;;;;;;;;;;;;;
 ;03:35:22;3.301;0.050;455.4;30.5;;;;;;;;;;;;;;;;;;
 ;03:35:23;3.301;0.050;455.4;30.5;;;;;;;;;;;;;;;;;;
 ;03:35:24;3.301;0.049;455.4;30.5;;;;;;;;;;;;;;;;;;
 ;03:35:25;3.301;0.049;455.4;30.5;;;;;;;;;;;;;;;;;;
 ;03:35:26;3.301;0.050;455.4;30.5;;;;;;;;;;;;;;;;;;
 ;03:35:27;3.301;0.050;455.4;30.5;;;;;;;;;;;;;;;;;;
 ;03:35:28;3.300;0.050;455.4;30.5;;;;;;;;;;;;;;;;;;
 ;03:35:29;3.301;0.050;455.5;30.5;;;;;;;;;;;;;;;;;;
 ;03:35:30;3.301;0.050;455.5;30.5;;;;;;;;;;;;;;;;;;
 ;03:35:31;3.301;0.050;455.5;30.5;;;;;;;;;;;;;;;;;;
 ;03:35:32;3.301;0.050;455.5;30.5;;;;;;;;;;;;;;;;;;
 ;03:35:33;3.301;0.050;455.5;30.5;;;;;;;;;;;;;;;;;;
 ;03:35:34;3.300;0.050;455.5;30.5;;;;;;;;;;;;;;;;;;
 ;03:35:35;3.300;0.050;455.5;30.5;;;;;;;;;;;;;;;;;;
 ;03:35:36;3.301;0.050;455.6;30.5;;;;;;;;;;;;;;;;;;
 ;03:35:37;3.301;0.050;455.6;30.5;;;;;;;;;;;;;;;;;;
 ;03:35:38;3.301;0.050;455.6;30.5;;;;;;;;;;;;;;;;;;
 ;03:35:39;3.301;0.050;455.6;30.5;;;;;;;;;;;;;;;;;;
 ;03:35:40;3.301;0.049;455.6;30.5;;;;;;;;;;;;;;;;;;
 ;03:35:41;3.301;0.049;455.6;30.5;;;;;;;;;;;;;;;;;;
 ;03:35:42;3.301;0.049;455.6;30.5;;;;;;;;;;;;;;;;;;
 ;03:35:43;3.301;0.049;455.7;30.5;;;;;;;;;;;;;;;;;;
 ;03:35:44;3.301;0.049;455.7;30.4;;;;;;;;;;;;;;;;;;
 ;03:35:45;3.301;0.049;455.7;30.4;;;;;;;;;;;;;;;;;;
 ;03:35:46;3.301;0.049;455.7;30.4;;;;;;;;;;;;;;;;;;
 ;03:35:47;3.301;0.049;455.7;30.4;;;;;;;;;;;;;;;;;;
 ;03:35:48;3.301;0.049;455.7;30.4;;;;;;;;;;;;;;;;;;
 ;03:35:49;3.301;0.049;455.7;30.4;;;;;;;;;;;;;;;;;;
 ;03:35:50;3.301;0.049;455.8;30.4;;;;;;;;;;;;;;;;;;
 ;03:35:51;3.301;0.049;455.8;30.4;;;;;;;;;;;;;;;;;;
 ;03:35:52;3.301;0.049;455.8;30.4;;;;;;;;;;;;;;;;;;
 ;03:35:53;3.301;0.050;455.8;30.4;;;;;;;;;;;;;;;;;;
 ;03:35:54;3.301;0.049;455.8;30.4;;;;;;;;;;;;;;;;;;
 ;03:35:55;3.301;0.049;455.8;30.4;;;;;;;;;;;;;;;;;;
 ;03:35:56;3.301;0.048;455.8;30.4;;;;;;;;;;;;;;;;;;
 ;03:35:57;3.301;0.048;455.9;30.4;;;;;;;;;;;;;;;;;;
 ;03:35:58;3.301;0.049;455.9;30.4;;;;;;;;;;;;;;;;;;
 ;03:35:59;3.301;0.049;455.9;30.4;;;;;;;;;;;;;;;;;;
 ;03:36:00;3.300;0.049;455.9;30.4;;;;;;;;;;;;;;;;;;
 ;03:36:01;3.301;0.049;455.9;30.4;;;;;;;;;;;;;;;;;;
 ;03:36:02;3.301;0.049;455.9;30.4;;;;;;;;;;;;;;;;;;
 ;03:36:03;3.301;0.048;455.9;30.4;;;;;;;;;;;;;;;;;;
 ;03:36:04;3.301;0.049;455.9;30.4;;;;;;;;;;;;;;;;;;
 ;03:36:05;3.301;0.049;456.0;30.4;;;;;;;;;;;;;;;;;;
 ;03:36:06;3.301;0.049;456.0;30.4;;;;;;;;;;;;;;;;;;
 ;03:36:07;3.301;0.049;456.0;30.4;;;;;;;;;;;;;;;;;;
 ;03:36:08;3.301;0.049;456.0;30.4;;;;;;;;;;;;;;;;;;
 ;03:36:09;3.301;0.049;456.0;30.4;;;;;;;;;;;;;;;;;;
 ;03:36:10;3.301;0.049;456.0;30.4;;;;;;;;;;;;;;;;;;
 ;03:36:11;3.301;0.049;456.0;30.4;;;;;;;;;;;;;;;;;;
 ;03:36:12;3.300;0.049;456.1;30.4;;;;;;;;;;;;;;;;;;
 ;03:36:13;3.301;0.049;456.1;30.4;;;;;;;;;;;;;;;;;;
 ;03:36:14;3.301;0.049;456.1;30.4;;;;;;;;;;;;;;;;;;
 ;03:36:15;3.301;0.049;456.1;30.4;;;;;;;;;;;;;;;;;;
 ;03:36:16;3.301;0.049;456.1;30.4;;;;;;;;;;;;;;;;;;
 ;03:36:17;3.301;0.049;456.1;30.4;;;;;;;;;;;;;;;;;;
 ;03:36:18;3.301;0.049;456.1;30.4;;;;;;;;;;;;;;;;;;
 ;03:36:19;3.301;0.049;456.2;30.4;;;;;;;;;;;;;;;;;;
 ;03:36:20;3.301;0.049;456.2;30.4;;;;;;;;;;;;;;;;;;
 ;03:36:21;3.301;0.048;456.2;30.4;;;;;;;;;;;;;;;;;;
 ;03:36:22;3.301;0.048;456.2;30.4;;;;;;;;;;;;;;;;;;
 ;03:36:23;3.301;0.048;456.2;30.4;;;;;;;;;;;;;;;;;;
 ;03:36:24;3.301;0.048;456.2;30.4;;;;;;;;;;;;;;;;;;
 ;03:36:25;3.301;0.048;456.2;30.4;;;;;;;;;;;;;;;;;;
 ;03:36:26;3.301;0.048;456.2;30.4;;;;;;;;;;;;;;;;;;
 ;03:36:27;3.301;0.047;456.3;30.4;;;;;;;;;;;;;;;;;;
 ;03:36:28;3.301;0.047;456.3;30.4;;;;;;;;;;;;;;;;;;
 ;03:36:29;3.301;0.048;456.3;30.4;;;;;;;;;;;;;;;;;;
 ;03:36:30;3.301;0.048;456.3;30.4;;;;;;;;;;;;;;;;;;
 ;03:36:31;3.300;0.048;456.3;30.4;;;;;;;;;;;;;;;;;;
 ;03:36:32;3.301;0.048;456.3;30.4;;;;;;;;;;;;;;;;;;
 ;03:36:33;3.301;0.048;456.3;30.4;;;;;;;;;;;;;;;;;;
 ;03:36:34;3.301;0.047;456.4;30.4;;;;;;;;;;;;;;;;;;
 ;03:36:35;3.301;0.048;456.4;30.4;;;;;;;;;;;;;;;;;;
 ;03:36:36;3.301;0.048;456.4;30.4;;;;;;;;;;;;;;;;;;
 ;03:36:37;3.301;0.048;456.4;30.4;;;;;;;;;;;;;;;;;;
 ;03:36:38;3.301;0.048;456.4;30.4;;;;;;;;;;;;;;;;;;
 ;03:36:39;3.301;0.048;456.4;30.4;;;;;;;;;;;;;;;;;;
 ;03:36:40;3.301;0.048;456.4;30.4;;;;;;;;;;;;;;;;;;
 ;03:36:41;3.301;0.048;456.4;30.4;;;;;;;;;;;;;;;;;;
 ;03:36:42;3.301;0.047;456.5;30.4;;;;;;;;;;;;;;;;;;
 ;03:36:43;3.301;0.047;456.5;30.4;;;;;;;;;;;;;;;;;;
 ;03:36:44;3.301;0.047;456.5;30.4;;;;;;;;;;;;;;;;;;
 ;03:36:45;3.301;0.047;456.5;30.4;;;;;;;;;;;;;;;;;;
 ;03:36:46;3.301;0.047;456.5;30.4;;;;;;;;;;;;;;;;;;
 ;03:36:47;3.301;0.047;456.5;30.4;;;;;;;;;;;;;;;;;;
 ;03:36:48;3.301;0.047;456.5;30.4;;;;;;;;;;;;;;;;;;
 ;03:36:49;3.301;0.047;456.6;30.4;;;;;;;;;;;;;;;;;;
 ;03:36:50;3.301;0.047;456.6;30.4;;;;;;;;;;;;;;;;;;
 ;03:36:51;3.301;0.047;456.6;30.4;;;;;;;;;;;;;;;;;;
 ;03:36:52;3.301;0.047;456.6;30.4;;;;;;;;;;;;;;;;;;
 ;03:36:53;3.301;0.047;456.6;30.4;;;;;;;;;;;;;;;;;;
 ;03:36:54;3.301;0.047;456.6;30.4;;;;;;;;;;;;;;;;;;
 ;03:36:55;3.301;0.047;456.6;30.4;;;;;;;;;;;;;;;;;;
 ;03:36:56;3.301;0.047;456.6;30.4;;;;;;;;;;;;;;;;;;
 ;03:36:57;3.301;0.047;456.7;30.4;;;;;;;;;;;;;;;;;;
 ;03:36:58;3.301;0.047;456.7;30.4;;;;;;;;;;;;;;;;;;
 ;03:36:59;3.300;0.047;456.7;30.4;;;;;;;;;;;;;;;;;;
 ;03:37:00;3.300;0.047;456.7;30.4;;;;;;;;;;;;;;;;;;
 ;03:37:01;3.301;0.047;456.7;30.4;;;;;;;;;;;;;;;;;;
 ;03:37:02;3.301;0.047;456.7;30.4;;;;;;;;;;;;;;;;;;
 ;03:37:03;3.301;0.047;456.7;30.4;;;;;;;;;;;;;;;;;;
 ;03:37:04;3.300;0.047;456.8;30.4;;;;;;;;;;;;;;;;;;
 ;03:37:05;3.301;0.047;456.8;30.4;;;;;;;;;;;;;;;;;;
 ;03:37:06;3.301;0.047;456.8;30.4;;;;;;;;;;;;;;;;;;
 ;03:37:07;3.301;0.047;456.8;30.4;;;;;;;;;;;;;;;;;;
 ;03:37:08;3.301;0.047;456.8;30.4;;;;;;;;;;;;;;;;;;
 ;03:37:09;3.300;0.047;456.8;30.4;;;;;;;;;;;;;;;;;;
 ;03:37:10;3.301;0.047;456.8;30.4;;;;;;;;;;;;;;;;;;
 ;03:37:11;3.301;0.047;456.8;30.4;;;;;;;;;;;;;;;;;;
 ;03:37:12;3.301;0.046;456.9;30.4;;;;;;;;;;;;;;;;;;
 ;03:37:13;3.301;0.047;456.9;30.4;;;;;;;;;;;;;;;;;;
 ;03:37:14;3.301;0.047;456.9;30.4;;;;;;;;;;;;;;;;;;
 ;03:37:15;3.300;0.047;456.9;30.4;;;;;;;;;;;;;;;;;;
 ;03:37:16;3.300;0.047;456.9;30.4;;;;;;;;;;;;;;;;;;
 ;03:37:17;3.300;0.047;456.9;30.4;;;;;;;;;;;;;;;;;;
 ;03:37:18;3.300;0.047;456.9;30.4;;;;;;;;;;;;;;;;;;
 ;03:37:19;3.301;0.047;456.9;30.4;;;;;;;;;;;;;;;;;;
 ;03:37:20;3.301;0.047;457.0;30.4;;;;;;;;;;;;;;;;;;
 ;03:37:21;3.301;0.046;457.0;30.4;;;;;;;;;;;;;;;;;;
 ;03:37:22;3.301;0.046;457.0;30.4;;;;;;;;;;;;;;;;;;
 ;03:37:23;3.301;0.046;457.0;30.4;;;;;;;;;;;;;;;;;;
 ;03:37:24;3.301;0.046;457.0;30.4;;;;;;;;;;;;;;;;;;
 ;03:37:25;3.300;0.047;457.0;30.4;;;;;;;;;;;;;;;;;;
 ;03:37:26;3.300;0.047;457.0;30.4;;;;;;;;;;;;;;;;;;
 ;03:37:27;3.300;0.047;457.1;30.4;;;;;;;;;;;;;;;;;;
 ;03:37:28;3.300;0.047;457.1;30.4;;;;;;;;;;;;;;;;;;
 ;03:37:29;3.301;0.046;457.1;30.4;;;;;;;;;;;;;;;;;;
 ;03:37:30;3.301;0.047;457.1;30.4;;;;;;;;;;;;;;;;;;
 ;03:37:31;3.301;0.046;457.1;30.4;;;;;;;;;;;;;;;;;;
 ;03:37:32;3.301;0.046;457.1;30.4;;;;;;;;;;;;;;;;;;
 ;03:37:33;3.301;0.046;457.1;30.4;;;;;;;;;;;;;;;;;;
 ;03:37:34;3.300;0.046;457.1;30.4;;;;;;;;;;;;;;;;;;
 ;03:37:35;3.301;0.046;457.2;30.4;;;;;;;;;;;;;;;;;;
 ;03:37:36;3.301;0.046;457.2;30.4;;;;;;;;;;;;;;;;;;
 ;03:37:37;3.301;0.046;457.2;30.4;;;;;;;;;;;;;;;;;;
 ;03:37:38;3.301;0.046;457.2;30.4;;;;;;;;;;;;;;;;;;
 ;03:37:39;3.300;0.046;457.2;30.4;;;;;;;;;;;;;;;;;;
 ;03:37:40;3.301;0.046;457.2;30.4;;;;;;;;;;;;;;;;;;
 ;03:37:41;3.301;0.046;457.2;30.4;;;;;;;;;;;;;;;;;;
 ;03:37:42;3.301;0.046;457.2;30.4;;;;;;;;;;;;;;;;;;
 ;03:37:43;3.300;0.046;457.3;30.4;;;;;;;;;;;;;;;;;;
 ;03:37:44;3.300;0.046;457.3;30.4;;;;;;;;;;;;;;;;;;
 ;03:37:45;3.301;0.046;457.3;30.4;;;;;;;;;;;;;;;;;;
 ;03:37:46;3.301;0.046;457.3;30.4;;;;;;;;;;;;;;;;;;
 ;03:37:47;3.301;0.046;457.3;30.4;;;;;;;;;;;;;;;;;;
 ;03:37:48;3.301;0.045;457.3;30.4;;;;;;;;;;;;;;;;;;
 ;03:37:49;3.301;0.046;457.3;30.4;;;;;;;;;;;;;;;;;;
 ;03:37:50;3.301;0.046;457.4;30.3;;;;;;;;;;;;;;;;;;
 ;03:37:51;3.300;0.046;457.4;30.3;;;;;;;;;;;;;;;;;;
 ;03:37:52;3.300;0.046;457.4;30.4;;;;;;;;;;;;;;;;;;
 ;03:37:53;3.300;0.046;457.4;30.4;;;;;;;;;;;;;;;;;;
 ;03:37:54;3.300;0.046;457.4;30.3;;;;;;;;;;;;;;;;;;
 ;03:37:55;3.301;0.046;457.4;30.3;;;;;;;;;;;;;;;;;;
 ;03:37:56;3.301;0.046;457.4;30.3;;;;;;;;;;;;;;;;;;
 ;03:37:57;3.301;0.045;457.4;30.3;;;;;;;;;;;;;;;;;;
 ;03:37:58;3.301;0.045;457.5;30.3;;;;;;;;;;;;;;;;;;
 ;03:37:59;3.301;0.045;457.5;30.3;;;;;;;;;;;;;;;;;;
 ;03:38:00;3.301;0.045;457.5;30.3;;;;;;;;;;;;;;;;;;
 ;03:38:01;3.301;0.046;457.5;30.3;;;;;;;;;;;;;;;;;;
 ;03:38:02;3.300;0.045;457.5;30.3;;;;;;;;;;;;;;;;;;
 ;03:38:03;3.300;0.046;457.5;30.3;;;;;;;;;;;;;;;;;;
 ;03:38:04;3.301;0.046;457.5;30.3;;;;;;;;;;;;;;;;;;
 ;03:38:05;3.301;0.045;457.5;30.3;;;;;;;;;;;;;;;;;;
 ;03:38:06;3.301;0.045;457.6;30.3;;;;;;;;;;;;;;;;;;
 ;03:38:07;3.300;0.045;457.6;30.3;;;;;;;;;;;;;;;;;;
 ;03:38:08;3.300;0.045;457.6;30.3;;;;;;;;;;;;;;;;;;
 ;03:38:09;3.301;0.045;457.6;30.3;;;;;;;;;;;;;;;;;;
 ;03:38:10;3.301;0.045;457.6;30.3;;;;;;;;;;;;;;;;;;
 ;03:38:11;3.301;0.045;457.6;30.3;;;;;;;;;;;;;;;;;;
 ;03:38:12;3.300;0.045;457.6;30.3;;;;;;;;;;;;;;;;;;
 ;03:38:13;3.301;0.045;457.6;30.3;;;;;;;;;;;;;;;;;;
 ;03:38:14;3.301;0.045;457.7;30.3;;;;;;;;;;;;;;;;;;
 ;03:38:15;3.301;0.045;457.7;30.3;;;;;;;;;;;;;;;;;;
 ;03:38:16;3.301;0.045;457.7;30.3;;;;;;;;;;;;;;;;;;
 ;03:38:17;3.300;0.045;457.7;30.3;;;;;;;;;;;;;;;;;;
 ;03:38:18;3.301;0.045;457.7;30.3;;;;;;;;;;;;;;;;;;
 ;03:38:19;3.301;0.045;457.7;30.3;;;;;;;;;;;;;;;;;;
 ;03:38:20;3.301;0.045;457.7;30.3;;;;;;;;;;;;;;;;;;
 ;03:38:21;3.300;0.045;457.7;30.3;;;;;;;;;;;;;;;;;;
 ;03:38:22;3.300;0.045;457.8;30.3;;;;;;;;;;;;;;;;;;
 ;03:38:23;3.301;0.045;457.8;30.3;;;;;;;;;;;;;;;;;;
 ;03:38:24;3.301;0.045;457.8;30.3;;;;;;;;;;;;;;;;;;
 ;03:38:25;3.301;0.044;457.8;30.3;;;;;;;;;;;;;;;;;;
 ;03:38:26;3.301;0.044;457.8;30.3;;;;;;;;;;;;;;;;;;
 ;03:38:27;3.301;0.044;457.8;30.3;;;;;;;;;;;;;;;;;;
 ;03:38:28;3.301;0.044;457.8;30.3;;;;;;;;;;;;;;;;;;
 ;03:38:29;3.301;0.045;457.8;30.3;;;;;;;;;;;;;;;;;;
 ;03:38:30;3.301;0.045;457.9;30.3;;;;;;;;;;;;;;;;;;
 ;03:38:31;3.300;0.045;457.9;30.3;;;;;;;;;;;;;;;;;;
 ;03:38:32;3.300;0.045;457.9;30.3;;;;;;;;;;;;;;;;;;
 ;03:38:33;3.300;0.045;457.9;30.3;;;;;;;;;;;;;;;;;;
 ;03:38:34;3.300;0.045;457.9;30.3;;;;;;;;;;;;;;;;;;
 ;03:38:35;3.301;0.045;457.9;30.3;;;;;;;;;;;;;;;;;;
 ;03:38:36;3.301;0.045;457.9;30.3;;;;;;;;;;;;;;;;;;
 ;03:38:37;3.301;0.044;457.9;30.3;;;;;;;;;;;;;;;;;;
 ;03:38:38;3.301;0.044;458.0;30.3;;;;;;;;;;;;;;;;;;
 ;03:38:39;3.300;0.045;458.0;30.3;;;;;;;;;;;;;;;;;;
 ;03:38:40;3.301;0.045;458.0;30.3;;;;;;;;;;;;;;;;;;
 ;03:38:41;3.301;0.045;458.0;30.3;;;;;;;;;;;;;;;;;;
 ;03:38:42;3.301;0.044;458.0;30.3;;;;;;;;;;;;;;;;;;
 ;03:38:43;3.301;0.044;458.0;30.3;;;;;;;;;;;;;;;;;;
 ;03:38:44;3.300;0.044;458.0;30.3;;;;;;;;;;;;;;;;;;
 ;03:38:45;3.300;0.044;458.0;30.3;;;;;;;;;;;;;;;;;;
 ;03:38:46;3.301;0.044;458.1;30.3;;;;;;;;;;;;;;;;;;
 ;03:38:47;3.301;0.044;458.1;30.3;;;;;;;;;;;;;;;;;;
 ;03:38:48;3.301;0.044;458.1;30.3;;;;;;;;;;;;;;;;;;
 ;03:38:49;3.300;0.044;458.1;30.3;;;;;;;;;;;;;;;;;;
 ;03:38:50;3.301;0.044;458.1;30.3;;;;;;;;;;;;;;;;;;
 ;03:38:51;3.301;0.044;458.1;30.3;;;;;;;;;;;;;;;;;;
 ;03:38:52;3.301;0.044;458.1;30.3;;;;;;;;;;;;;;;;;;
 ;03:38:53;3.301;0.044;458.1;30.3;;;;;;;;;;;;;;;;;;
 ;03:38:54;3.300;0.044;458.2;30.3;;;;;;;;;;;;;;;;;;
 ;03:38:55;3.301;0.044;458.2;30.3;;;;;;;;;;;;;;;;;;
 ;03:38:56;3.301;0.044;458.2;30.3;;;;;;;;;;;;;;;;;;
 ;03:38:57;3.301;0.043;458.2;30.3;;;;;;;;;;;;;;;;;;
 ;03:38:58;3.301;0.044;458.2;30.3;;;;;;;;;;;;;;;;;;
 ;03:38:59;3.300;0.044;458.2;30.3;;;;;;;;;;;;;;;;;;
 ;03:39:00;3.300;0.044;458.2;30.3;;;;;;;;;;;;;;;;;;
 ;03:39:01;3.301;0.044;458.2;30.3;;;;;;;;;;;;;;;;;;
 ;03:39:02;3.301;0.044;458.3;30.3;;;;;;;;;;;;;;;;;;
 ;03:39:03;3.301;0.044;458.3;30.3;;;;;;;;;;;;;;;;;;
 ;03:39:04;3.301;0.043;458.3;30.3;;;;;;;;;;;;;;;;;;
 ;03:39:05;3.301;0.043;458.3;30.3;;;;;;;;;;;;;;;;;;
 ;03:39:06;3.301;0.043;458.3;30.3;;;;;;;;;;;;;;;;;;
 ;03:39:07;3.301;0.043;458.3;30.3;;;;;;;;;;;;;;;;;;
 ;03:39:08;3.301;0.044;458.3;30.3;;;;;;;;;;;;;;;;;;
 ;03:39:09;3.301;0.044;458.3;30.3;;;;;;;;;;;;;;;;;;
 ;03:39:10;3.300;0.044;458.4;30.3;;;;;;;;;;;;;;;;;;
 ;03:39:11;3.300;0.044;458.4;30.3;;;;;;;;;;;;;;;;;;
 ;03:39:12;3.300;0.044;458.4;30.3;;;;;;;;;;;;;;;;;;
 ;03:39:13;3.300;0.044;458.4;30.3;;;;;;;;;;;;;;;;;;
 ;03:39:14;3.301;0.043;458.4;30.3;;;;;;;;;;;;;;;;;;
 ;03:39:15;3.301;0.043;458.4;30.3;;;;;;;;;;;;;;;;;;
 ;03:39:16;3.301;0.043;458.4;30.3;;;;;;;;;;;;;;;;;;
 ;03:39:17;3.301;0.043;458.4;30.3;;;;;;;;;;;;;;;;;;
 ;03:39:18;3.301;0.043;458.5;30.3;;;;;;;;;;;;;;;;;;
 ;03:39:19;3.301;0.043;458.5;30.3;;;;;;;;;;;;;;;;;;
 ;03:39:20;3.301;0.043;458.5;30.3;;;;;;;;;;;;;;;;;;
 ;03:39:21;3.301;0.043;458.5;30.3;;;;;;;;;;;;;;;;;;
 ;03:39:22;3.301;0.043;458.5;30.3;;;;;;;;;;;;;;;;;;
 ;03:39:23;3.301;0.043;458.5;30.3;;;;;;;;;;;;;;;;;;
 ;03:39:24;3.300;0.043;458.5;30.3;;;;;;;;;;;;;;;;;;
 ;03:39:25;3.300;0.044;458.5;30.3;;;;;;;;;;;;;;;;;;
 ;03:39:26;3.301;0.043;458.5;30.3;;;;;;;;;;;;;;;;;;
 ;03:39:27;3.301;0.043;458.6;30.3;;;;;;;;;;;;;;;;;;
 ;03:39:28;3.301;0.043;458.6;30.3;;;;;;;;;;;;;;;;;;
 ;03:39:29;3.301;0.043;458.6;30.3;;;;;;;;;;;;;;;;;;
 ;03:39:30;3.300;0.043;458.6;30.3;;;;;;;;;;;;;;;;;;
 ;03:39:31;3.301;0.043;458.6;30.3;;;;;;;;;;;;;;;;;;
 ;03:39:32;3.301;0.043;458.6;30.3;;;;;;;;;;;;;;;;;;
 ;03:39:33;3.301;0.043;458.6;30.3;;;;;;;;;;;;;;;;;;
 ;03:39:34;3.301;0.043;458.6;30.3;;;;;;;;;;;;;;;;;;
 ;03:39:35;3.300;0.043;458.7;30.3;;;;;;;;;;;;;;;;;;
 ;03:39:36;3.301;0.043;458.7;30.3;;;;;;;;;;;;;;;;;;
 ;03:39:37;3.301;0.043;458.7;30.3;;;;;;;;;;;;;;;;;;
 ;03:39:38;3.301;0.042;458.7;30.3;;;;;;;;;;;;;;;;;;
 ;03:39:39;3.301;0.043;458.7;30.3;;;;;;;;;;;;;;;;;;
 ;03:39:40;3.300;0.043;458.7;30.3;;;;;;;;;;;;;;;;;;
 ;03:39:41;3.300;0.043;458.7;30.3;;;;;;;;;;;;;;;;;;
 ;03:39:42;3.301;0.043;458.7;30.3;;;;;;;;;;;;;;;;;;
 ;03:39:43;3.301;0.043;458.8;30.3;;;;;;;;;;;;;;;;;;
 ;03:39:44;3.301;0.043;458.8;30.3;;;;;;;;;;;;;;;;;;
 ;03:39:45;3.301;0.042;458.8;30.3;;;;;;;;;;;;;;;;;;
 ;03:39:46;3.301;0.042;458.8;30.3;;;;;;;;;;;;;;;;;;
 ;03:39:47;3.301;0.042;458.8;30.3;;;;;;;;;;;;;;;;;;
 ;03:39:48;3.301;0.042;458.8;30.3;;;;;;;;;;;;;;;;;;
 ;03:39:49;3.301;0.043;458.8;30.3;;;;;;;;;;;;;;;;;;
 ;03:39:50;3.301;0.043;458.8;30.3;;;;;;;;;;;;;;;;;;
 ;03:39:51;3.300;0.043;458.8;30.3;;;;;;;;;;;;;;;;;;
 ;03:39:52;3.300;0.043;458.9;30.3;;;;;;;;;;;;;;;;;;
 ;03:39:53;3.300;0.043;458.9;30.3;;;;;;;;;;;;;;;;;;
 ;03:39:54;3.300;0.043;458.9;30.3;;;;;;;;;;;;;;;;;;
 ;03:39:55;3.301;0.043;458.9;30.3;;;;;;;;;;;;;;;;;;
 ;03:39:56;3.301;0.043;458.9;30.3;;;;;;;;;;;;;;;;;;
 ;03:39:57;3.301;0.042;458.9;30.3;;;;;;;;;;;;;;;;;;
 ;03:39:58;3.301;0.042;458.9;30.3;;;;;;;;;;;;;;;;;;
 ;03:39:59;3.301;0.042;458.9;30.3;;;;;;;;;;;;;;;;;;
 ;03:40:00;3.301;0.042;459.0;30.3;;;;;;;;;;;;;;;;;;
 ;03:40:01;3.301;0.042;459.0;30.3;;;;;;;;;;;;;;;;;;
 ;03:40:02;3.301;0.042;459.0;30.3;;;;;;;;;;;;;;;;;;
 ;03:40:03;3.301;0.042;459.0;30.3;;;;;;;;;;;;;;;;;;
 ;03:40:04;3.300;0.042;459.0;30.3;;;;;;;;;;;;;;;;;;
 ;03:40:05;3.301;0.042;459.0;30.3;;;;;;;;;;;;;;;;;;
 ;03:40:06;3.301;0.042;459.0;30.3;;;;;;;;;;;;;;;;;;
 ;03:40:07;3.301;0.042;459.0;30.3;;;;;;;;;;;;;;;;;;
 ;03:40:08;3.300;0.042;459.1;30.3;;;;;;;;;;;;;;;;;;
 ;03:40:09;3.300;0.042;459.1;30.3;;;;;;;;;;;;;;;;;;
 ;03:40:10;3.301;0.042;459.1;30.3;;;;;;;;;;;;;;;;;;
 ;03:40:11;3.301;0.042;459.1;30.3;;;;;;;;;;;;;;;;;;
 ;03:40:12;3.301;0.042;459.1;30.3;;;;;;;;;;;;;;;;;;
 ;03:40:13;3.300;0.042;459.1;30.3;;;;;;;;;;;;;;;;;;
 ;03:40:14;3.301;0.042;459.1;30.2;;;;;;;;;;;;;;;;;;
 ;03:40:15;3.301;0.042;459.1;30.2;;;;;;;;;;;;;;;;;;
 ;03:40:16;3.301;0.042;459.1;30.3;;;;;;;;;;;;;;;;;;
 ;03:40:17;3.301;0.042;459.2;30.2;;;;;;;;;;;;;;;;;;
 ;03:40:18;3.300;0.042;459.2;30.2;;;;;;;;;;;;;;;;;;
 ;03:40:19;3.300;0.042;459.2;30.2;;;;;;;;;;;;;;;;;;
 ;03:40:20;3.301;0.042;459.2;30.2;;;;;;;;;;;;;;;;;;
 ;03:40:21;3.301;0.042;459.2;30.2;;;;;;;;;;;;;;;;;;
 ;03:40:22;3.301;0.041;459.2;30.2;;;;;;;;;;;;;;;;;;
 ;03:40:23;3.301;0.041;459.2;30.2;;;;;;;;;;;;;;;;;;
 ;03:40:24;3.301;0.041;459.2;30.2;;;;;;;;;;;;;;;;;;
 ;03:40:25;3.301;0.041;459.3;30.2;;;;;;;;;;;;;;;;;;
 ;03:40:26;3.301;0.042;459.3;30.2;;;;;;;;;;;;;;;;;;
 ;03:40:27;3.301;0.042;459.3;30.2;;;;;;;;;;;;;;;;;;
 ;03:40:28;3.300;0.042;459.3;30.2;;;;;;;;;;;;;;;;;;
 ;03:40:29;3.300;0.042;459.3;30.2;;;;;;;;;;;;;;;;;;
 ;03:40:30;3.300;0.042;459.3;30.2;;;;;;;;;;;;;;;;;;
 ;03:40:31;3.300;0.042;459.3;30.2;;;;;;;;;;;;;;;;;;
 ;03:40:32;3.301;0.042;459.3;30.2;;;;;;;;;;;;;;;;;;
 ;03:40:33;3.301;0.042;459.3;30.2;;;;;;;;;;;;;;;;;;
 ;03:40:34;3.301;0.042;459.4;30.2;;;;;;;;;;;;;;;;;;
 ;03:40:35;3.301;0.041;459.4;30.2;;;;;;;;;;;;;;;;;;
 ;03:40:36;3.301;0.041;459.4;30.2;;;;;;;;;;;;;;;;;;
 ;03:40:37;3.301;0.041;459.4;30.2;;;;;;;;;;;;;;;;;;
 ;03:40:38;3.301;0.042;459.4;30.2;;;;;;;;;;;;;;;;;;
 ;03:40:39;3.301;0.042;459.4;30.2;;;;;;;;;;;;;;;;;;
 ;03:40:40;3.301;0.041;459.4;30.2;;;;;;;;;;;;;;;;;;
 ;03:40:41;3.301;0.041;459.4;30.2;;;;;;;;;;;;;;;;;;
 ;03:40:42;3.300;0.041;459.5;30.2;;;;;;;;;;;;;;;;;;
 ;03:40:43;3.301;0.041;459.5;30.2;;;;;;;;;;;;;;;;;;
 ;03:40:44;3.301;0.041;459.5;30.2;;;;;;;;;;;;;;;;;;
 ;03:40:45;3.301;0.041;459.5;30.2;;;;;;;;;;;;;;;;;;
 ;03:40:46;3.300;0.041;459.5;30.2;;;;;;;;;;;;;;;;;;
 ;03:40:47;3.301;0.041;459.5;30.2;;;;;;;;;;;;;;;;;;
 ;03:40:48;3.301;0.041;459.5;30.2;;;;;;;;;;;;;;;;;;
 ;03:40:49;3.301;0.041;459.5;30.2;;;;;;;;;;;;;;;;;;
 ;03:40:50;3.301;0.041;459.5;30.2;;;;;;;;;;;;;;;;;;
 ;03:40:51;3.300;0.041;459.6;30.2;;;;;;;;;;;;;;;;;;
 ;03:40:52;3.301;0.041;459.6;30.2;;;;;;;;;;;;;;;;;;
 ;03:40:53;3.301;0.041;459.6;30.2;;;;;;;;;;;;;;;;;;
 ;03:40:54;3.301;0.041;459.6;30.2;;;;;;;;;;;;;;;;;;
 ;03:40:55;3.300;0.041;459.6;30.2;;;;;;;;;;;;;;;;;;
 ;03:40:56;3.300;0.041;459.6;30.2;;;;;;;;;;;;;;;;;;
 ;03:40:57;3.301;0.041;459.6;30.2;;;;;;;;;;;;;;;;;;
 ;03:40:58;3.301;0.041;459.6;30.2;;;;;;;;;;;;;;;;;;
 ;03:40:59;3.301;0.041;459.6;30.2;;;;;;;;;;;;;;;;;;
 ;03:41:00;3.300;0.041;459.7;30.2;;;;;;;;;;;;;;;;;;
 ;03:41:01;3.300;0.041;459.7;30.2;;;;;;;;;;;;;;;;;;
 ;03:41:02;3.301;0.041;459.7;30.2;;;;;;;;;;;;;;;;;;
 ;03:41:03;3.301;0.041;459.7;30.2;;;;;;;;;;;;;;;;;;
 ;03:41:04;3.301;0.040;459.7;30.2;;;;;;;;;;;;;;;;;;
 ;03:41:05;3.301;0.040;459.7;30.2;;;;;;;;;;;;;;;;;;
 ;03:41:06;3.301;0.041;459.7;30.2;;;;;;;;;;;;;;;;;;
 ;03:41:07;3.300;0.041;459.7;30.2;;;;;;;;;;;;;;;;;;
 ;03:41:08;3.300;0.041;459.8;30.2;;;;;;;;;;;;;;;;;;
 ;03:41:09;3.300;0.041;459.8;30.2;;;;;;;;;;;;;;;;;;
 ;03:41:10;3.300;0.041;459.8;30.2;;;;;;;;;;;;;;;;;;
 ;03:41:11;3.301;0.041;459.8;30.2;;;;;;;;;;;;;;;;;;
 ;03:41:12;3.301;0.041;459.8;30.2;;;;;;;;;;;;;;;;;;
 ;03:41:13;3.301;0.041;459.8;30.2;;;;;;;;;;;;;;;;;;
 ;03:41:14;3.301;0.041;459.8;30.2;;;;;;;;;;;;;;;;;;
 ;03:41:15;3.301;0.040;459.8;30.2;;;;;;;;;;;;;;;;;;
 ;03:41:16;3.301;0.040;459.8;30.2;;;;;;;;;;;;;;;;;;
 ;03:41:17;3.301;0.041;459.9;30.2;;;;;;;;;;;;;;;;;;
 ;03:41:18;3.300;0.041;459.9;30.2;;;;;;;;;;;;;;;;;;
 ;03:41:19;3.301;0.041;459.9;30.2;;;;;;;;;;;;;;;;;;
 ;03:41:20;3.300;0.041;459.9;30.2;;;;;;;;;;;;;;;;;;
 ;03:41:21;3.301;0.041;459.9;30.2;;;;;;;;;;;;;;;;;;
 ;03:41:22;3.301;0.040;459.9;30.2;;;;;;;;;;;;;;;;;;
 ;03:41:23;3.301;0.040;459.9;30.2;;;;;;;;;;;;;;;;;;
 ;03:41:24;3.301;0.040;459.9;30.2;;;;;;;;;;;;;;;;;;
 ;03:41:25;3.301;0.041;459.9;30.2;;;;;;;;;;;;;;;;;;
 ;03:41:26;3.300;0.041;460.0;30.2;;;;;;;;;;;;;;;;;;
 ;03:41:27;3.301;0.040;460.0;30.2;;;;;;;;;;;;;;;;;;
 ;03:41:28;3.301;0.040;460.0;30.2;;;;;;;;;;;;;;;;;;
 ;03:41:29;3.301;0.040;460.0;30.2;;;;;;;;;;;;;;;;;;
 ;03:41:30;3.300;0.041;460.0;30.2;;;;;;;;;;;;;;;;;;
 ;03:41:31;3.301;0.041;460.0;30.2;;;;;;;;;;;;;;;;;;
 ;03:41:32;3.301;0.040;460.0;30.2;;;;;;;;;;;;;;;;;;
 ;03:41:33;3.301;0.040;460.0;30.2;;;;;;;;;;;;;;;;;;
 ;03:41:34;3.301;0.040;460.0;30.2;;;;;;;;;;;;;;;;;;
 ;03:41:35;3.300;0.041;460.1;30.2;;;;;;;;;;;;;;;;;;
 ;03:41:36;3.301;0.041;460.1;30.2;;;;;;;;;;;;;;;;;;
 ;03:41:37;3.301;0.040;460.1;30.2;;;;;;;;;;;;;;;;;;
 ;03:41:38;3.301;0.040;460.1;30.2;;;;;;;;;;;;;;;;;;
 ;03:41:39;3.300;0.041;460.1;30.2;;;;;;;;;;;;;;;;;;
 ;03:41:40;3.300;0.041;460.1;30.2;;;;;;;;;;;;;;;;;;
 ;03:41:41;3.301;0.040;460.1;30.2;;;;;;;;;;;;;;;;;;
 ;03:41:42;3.301;0.040;460.1;30.2;;;;;;;;;;;;;;;;;;
 ;03:41:43;3.301;0.040;460.2;30.2;;;;;;;;;;;;;;;;;;
 ;03:41:44;3.300;0.040;460.2;30.2;;;;;;;;;;;;;;;;;;
 ;03:41:45;3.301;0.041;460.2;30.2;;;;;;;;;;;;;;;;;;
 ;03:41:46;3.301;0.041;460.2;30.2;;;;;;;;;;;;;;;;;;
 ;03:41:47;3.301;0.040;460.2;30.2;;;;;;;;;;;;;;;;;;
 ;03:41:48;3.301;0.040;460.2;30.2;;;;;;;;;;;;;;;;;;
 ;03:41:49;3.301;0.040;460.2;30.2;;;;;;;;;;;;;;;;;;
 ;03:41:50;3.301;0.040;460.2;30.2;;;;;;;;;;;;;;;;;;
 ;03:41:51;3.300;0.040;460.2;30.2;;;;;;;;;;;;;;;;;;
 ;03:41:52;3.300;0.040;460.3;30.2;;;;;;;;;;;;;;;;;;
 ;03:41:53;3.300;0.041;460.3;30.2;;;;;;;;;;;;;;;;;;
 ;03:41:54;3.300;0.041;460.3;30.2;;;;;;;;;;;;;;;;;;
 ;03:41:55;3.301;0.040;460.3;30.2;;;;;;;;;;;;;;;;;;
 ;03:41:56;3.301;0.040;460.3;30.2;;;;;;;;;;;;;;;;;;
 ;03:41:57;3.301;0.040;460.3;30.2;;;;;;;;;;;;;;;;;;
 ;03:41:58;3.301;0.040;460.3;30.2;;;;;;;;;;;;;;;;;;
 ;03:41:59;3.301;0.040;460.3;30.2;;;;;;;;;;;;;;;;;;
 ;03:42:00;3.301;0.040;460.3;30.2;;;;;;;;;;;;;;;;;;
 ;03:42:01;3.301;0.040;460.4;30.2;;;;;;;;;;;;;;;;;;
 ;03:42:02;3.301;0.040;460.4;30.2;;;;;;;;;;;;;;;;;;
 ;03:42:03;3.300;0.040;460.4;30.2;;;;;;;;;;;;;;;;;;
 ;03:42:04;3.300;0.040;460.4;30.2;;;;;;;;;;;;;;;;;;
 ;03:42:05;3.301;0.040;460.4;30.2;;;;;;;;;;;;;;;;;;
 ;03:42:06;3.301;0.040;460.4;30.2;;;;;;;;;;;;;;;;;;
 ;03:42:07;3.301;0.039;460.4;30.2;;;;;;;;;;;;;;;;;;
 ;03:42:08;3.301;0.039;460.4;30.2;;;;;;;;;;;;;;;;;;
 ;03:42:09;3.301;0.039;460.4;30.2;;;;;;;;;;;;;;;;;;
 ;03:42:10;3.301;0.040;460.5;30.2;;;;;;;;;;;;;;;;;;
 ;03:42:11;3.300;0.040;460.5;30.2;;;;;;;;;;;;;;;;;;
 ;03:42:12;3.300;0.040;460.5;30.2;;;;;;;;;;;;;;;;;;
 ;03:42:13;3.301;0.039;460.5;30.2;;;;;;;;;;;;;;;;;;
 ;03:42:14;3.301;0.039;460.5;30.2;;;;;;;;;;;;;;;;;;
 ;03:42:15;3.301;0.040;460.5;30.2;;;;;;;;;;;;;;;;;;
 ;03:42:16;3.300;0.040;460.5;30.2;;;;;;;;;;;;;;;;;;
 ;03:42:17;3.301;0.039;460.5;30.2;;;;;;;;;;;;;;;;;;
 ;03:42:18;3.301;0.039;460.5;30.2;;;;;;;;;;;;;;;;;;
 ;03:42:19;3.301;0.039;460.6;30.2;;;;;;;;;;;;;;;;;;
 ;03:42:20;3.300;0.040;460.6;30.2;;;;;;;;;;;;;;;;;;
 ;03:42:21;3.300;0.040;460.6;30.2;;;;;;;;;;;;;;;;;;
 ;03:42:22;3.301;0.039;460.6;30.2;;;;;;;;;;;;;;;;;;
 ;03:42:23;3.301;0.039;460.6;30.2;;;;;;;;;;;;;;;;;;
 ;03:42:24;3.301;0.039;460.6;30.2;;;;;;;;;;;;;;;;;;
 ;03:42:25;3.300;0.040;460.6;30.2;;;;;;;;;;;;;;;;;;
 ;03:42:26;3.301;0.040;460.6;30.2;;;;;;;;;;;;;;;;;;
 ;03:42:27;3.301;0.039;460.6;30.2;;;;;;;;;;;;;;;;;;
 ;03:42:28;3.301;0.039;460.7;30.2;;;;;;;;;;;;;;;;;;
 ;03:42:29;3.301;0.039;460.7;30.2;;;;;;;;;;;;;;;;;;
 ;03:42:30;3.300;0.040;460.7;30.2;;;;;;;;;;;;;;;;;;
 ;03:42:31;3.301;0.040;460.7;30.2;;;;;;;;;;;;;;;;;;
 ;03:42:32;3.301;0.039;460.7;30.2;;;;;;;;;;;;;;;;;;
 ;03:42:33;3.301;0.039;460.7;30.2;;;;;;;;;;;;;;;;;;
 ;03:42:34;3.301;0.039;460.7;30.2;;;;;;;;;;;;;;;;;;
 ;03:42:35;3.301;0.039;460.7;30.2;;;;;;;;;;;;;;;;;;
 ;03:42:36;3.301;0.039;460.7;30.2;;;;;;;;;;;;;;;;;;
 ;03:42:37;3.300;0.039;460.8;30.2;;;;;;;;;;;;;;;;;;
 ;03:42:38;3.300;0.040;460.8;30.2;;;;;;;;;;;;;;;;;;
 ;03:42:39;3.301;0.040;460.8;30.2;;;;;;;;;;;;;;;;;;
 ;03:42:40;3.301;0.039;460.8;30.2;;;;;;;;;;;;;;;;;;
 ;03:42:41;3.301;0.039;460.8;30.1;;;;;;;;;;;;;;;;;;
 ;03:42:42;3.301;0.039;460.8;30.2;;;;;;;;;;;;;;;;;;
 ;03:42:43;3.301;0.039;460.8;30.2;;;;;;;;;;;;;;;;;;
 ;03:42:44;3.301;0.039;460.8;30.2;;;;;;;;;;;;;;;;;;
 ;03:42:45;3.301;0.039;460.8;30.2;;;;;;;;;;;;;;;;;;
 ;03:42:46;3.301;0.039;460.9;30.1;;;;;;;;;;;;;;;;;;
 ;03:42:47;3.301;0.039;460.9;30.2;;;;;;;;;;;;;;;;;;
 ;03:42:48;3.300;0.039;460.9;30.1;;;;;;;;;;;;;;;;;;
 ;03:42:49;3.301;0.039;460.9;30.1;;;;;;;;;;;;;;;;;;
 ;03:42:50;3.301;0.039;460.9;30.1;;;;;;;;;;;;;;;;;;
 ;03:42:51;3.301;0.039;460.9;30.1;;;;;;;;;;;;;;;;;;
 ;03:42:52;3.301;0.039;460.9;30.1;;;;;;;;;;;;;;;;;;
 ;03:42:53;3.301;0.039;460.9;30.1;;;;;;;;;;;;;;;;;;
 ;03:42:54;3.301;0.039;460.9;30.1;;;;;;;;;;;;;;;;;;
 ;03:42:55;3.301;0.039;460.9;30.1;;;;;;;;;;;;;;;;;;
 ;03:42:56;3.301;0.039;461.0;30.1;;;;;;;;;;;;;;;;;;
 ;03:42:57;3.300;0.038;461.0;30.1;;;;;;;;;;;;;;;;;;
 ;03:42:58;3.301;0.038;461.0;30.1;;;;;;;;;;;;;;;;;;
 ;03:42:59;3.301;0.038;461.0;30.1;;;;;;;;;;;;;;;;;;
 ;03:43:00;3.301;0.038;461.0;30.1;;;;;;;;;;;;;;;;;;
 ;03:43:01;3.301;0.038;461.0;30.1;;;;;;;;;;;;;;;;;;
 ;03:43:02;3.301;0.038;461.0;30.1;;;;;;;;;;;;;;;;;;
 ;03:43:03;3.300;0.038;461.0;30.1;;;;;;;;;;;;;;;;;;
 ;03:43:04;3.301;0.038;461.0;30.1;;;;;;;;;;;;;;;;;;
 ;03:43:05;3.301;0.038;461.1;30.1;;;;;;;;;;;;;;;;;;
 ;03:43:06;3.301;0.038;461.1;30.1;;;;;;;;;;;;;;;;;;
 ;03:43:07;3.301;0.038;461.1;30.1;;;;;;;;;;;;;;;;;;
 ;03:43:08;3.300;0.038;461.1;30.1;;;;;;;;;;;;;;;;;;
 ;03:43:09;3.301;0.038;461.1;30.1;;;;;;;;;;;;;;;;;;
 ;03:43:10;3.301;0.038;461.1;30.1;;;;;;;;;;;;;;;;;;
 ;03:43:11;3.301;0.038;461.1;30.1;;;;;;;;;;;;;;;;;;
 ;03:43:12;3.300;0.038;461.1;30.1;;;;;;;;;;;;;;;;;;
 ;03:43:13;3.300;0.038;461.1;30.1;;;;;;;;;;;;;;;;;;
 ;03:43:14;3.301;0.038;461.2;30.1;;;;;;;;;;;;;;;;;;
 ;03:43:15;3.301;0.038;461.2;30.1;;;;;;;;;;;;;;;;;;
 ;03:43:16;3.301;0.038;461.2;30.1;;;;;;;;;;;;;;;;;;
 ;03:43:17;3.300;0.038;461.2;30.1;;;;;;;;;;;;;;;;;;
 ;03:43:18;3.301;0.038;461.2;30.1;;;;;;;;;;;;;;;;;;
 ;03:43:19;3.301;0.038;461.2;30.1;;;;;;;;;;;;;;;;;;
 ;03:43:20;3.301;0.038;461.2;30.1;;;;;;;;;;;;;;;;;;
 ;03:43:21;3.301;0.038;461.2;30.1;;;;;;;;;;;;;;;;;;
 ;03:43:22;3.300;0.038;461.2;30.1;;;;;;;;;;;;;;;;;;
 ;03:43:23;3.300;0.038;461.3;30.1;;;;;;;;;;;;;;;;;;
 ;03:43:24;3.301;0.038;461.3;30.1;;;;;;;;;;;;;;;;;;
 ;03:43:25;3.301;0.038;461.3;30.1;;;;;;;;;;;;;;;;;;
 ;03:43:26;3.301;0.038;461.3;30.1;;;;;;;;;;;;;;;;;;
 ;03:43:27;3.301;0.038;461.3;30.1;;;;;;;;;;;;;;;;;;
 ;03:43:28;3.301;0.038;461.3;30.1;;;;;;;;;;;;;;;;;;
 ;03:43:29;3.301;0.038;461.3;30.1;;;;;;;;;;;;;;;;;;
 ;03:43:30;3.301;0.038;461.3;30.1;;;;;;;;;;;;;;;;;;
 ;03:43:31;3.301;0.038;461.3;30.1;;;;;;;;;;;;;;;;;;
 ;03:43:32;3.301;0.038;461.3;30.1;;;;;;;;;;;;;;;;;;
 ;03:43:33;3.301;0.038;461.4;30.1;;;;;;;;;;;;;;;;;;
 ;03:43:34;3.300;0.038;461.4;30.1;;;;;;;;;;;;;;;;;;
 ;03:43:35;3.300;0.038;461.4;30.1;;;;;;;;;;;;;;;;;;
 ;03:43:36;3.301;0.038;461.4;30.1;;;;;;;;;;;;;;;;;;
 ;03:43:37;3.301;0.038;461.4;30.1;;;;;;;;;;;;;;;;;;
 ;03:43:38;3.301;0.038;461.4;30.1;;;;;;;;;;;;;;;;;;
 ;03:43:39;3.301;0.038;461.4;30.1;;;;;;;;;;;;;;;;;;
 ;03:43:40;3.301;0.038;461.4;30.1;;;;;;;;;;;;;;;;;;
 ;03:43:41;3.301;0.038;461.4;30.1;;;;;;;;;;;;;;;;;;
 ;03:43:42;3.301;0.038;461.5;30.1;;;;;;;;;;;;;;;;;;
 ;03:43:43;3.301;0.038;461.5;30.1;;;;;;;;;;;;;;;;;;
 ;03:43:44;3.300;0.038;461.5;30.1;;;;;;;;;;;;;;;;;;
 ;03:43:45;3.301;0.038;461.5;30.1;;;;;;;;;;;;;;;;;;
 ;03:43:46;3.301;0.038;461.5;30.1;;;;;;;;;;;;;;;;;;
 ;03:43:47;3.301;0.037;461.5;30.1;;;;;;;;;;;;;;;;;;
 ;03:43:48;3.301;0.037;461.5;30.1;;;;;;;;;;;;;;;;;;
 ;03:43:49;3.300;0.037;461.5;30.1;;;;;;;;;;;;;;;;;;
 ;03:43:50;3.301;0.037;461.5;30.1;;;;;;;;;;;;;;;;;;
 ;03:43:51;3.301;0.037;461.5;30.1;;;;;;;;;;;;;;;;;;
 ;03:43:52;3.301;0.037;461.6;30.1;;;;;;;;;;;;;;;;;;
 ;03:43:53;3.301;0.037;461.6;30.1;;;;;;;;;;;;;;;;;;
 ;03:43:54;3.300;0.037;461.6;30.1;;;;;;;;;;;;;;;;;;
 ;03:43:55;3.301;0.037;461.6;30.1;;;;;;;;;;;;;;;;;;
 ;03:43:56;3.301;0.037;461.6;30.1;;;;;;;;;;;;;;;;;;
 ;03:43:57;3.301;0.037;461.6;30.1;;;;;;;;;;;;;;;;;;
 ;03:43:58;3.300;0.037;461.6;30.1;;;;;;;;;;;;;;;;;;
 ;03:43:59;3.300;0.037;461.6;30.1;;;;;;;;;;;;;;;;;;
 ;03:44:00;3.301;0.037;461.6;30.1;;;;;;;;;;;;;;;;;;
 ;03:44:01;3.301;0.037;461.7;30.1;;;;;;;;;;;;;;;;;;
 ;03:44:02;3.301;0.037;461.7;30.1;;;;;;;;;;;;;;;;;;
 ;03:44:03;3.300;0.037;461.7;30.1;;;;;;;;;;;;;;;;;;
 ;03:44:04;3.301;0.037;461.7;30.1;;;;;;;;;;;;;;;;;;
 ;03:44:05;3.301;0.037;461.7;30.1;;;;;;;;;;;;;;;;;;
 ;03:44:06;3.301;0.037;461.7;30.1;;;;;;;;;;;;;;;;;;
 ;03:44:07;3.301;0.037;461.7;30.1;;;;;;;;;;;;;;;;;;
 ;03:44:08;3.301;0.037;461.7;30.1;;;;;;;;;;;;;;;;;;
 ;03:44:09;3.300;0.037;461.7;30.1;;;;;;;;;;;;;;;;;;
 ;03:44:10;3.301;0.037;461.7;30.1;;;;;;;;;;;;;;;;;;
 ;03:44:11;3.301;0.037;461.8;30.1;;;;;;;;;;;;;;;;;;
 ;03:44:12;3.301;0.036;461.8;30.1;;;;;;;;;;;;;;;;;;
 ;03:44:13;3.301;0.037;461.8;30.1;;;;;;;;;;;;;;;;;;
 ;03:44:14;3.301;0.037;461.8;30.1;;;;;;;;;;;;;;;;;;
 ;03:44:15;3.301;0.037;461.8;30.1;;;;;;;;;;;;;;;;;;
 ;03:44:16;3.300;0.037;461.8;30.1;;;;;;;;;;;;;;;;;;
 ;03:44:17;3.300;0.037;461.8;30.1;;;;;;;;;;;;;;;;;;
 ;03:44:18;3.300;0.037;461.8;30.1;;;;;;;;;;;;;;;;;;
 ;03:44:19;3.300;0.037;461.8;30.1;;;;;;;;;;;;;;;;;;
 ;03:44:20;3.301;0.037;461.8;30.1;;;;;;;;;;;;;;;;;;
 ;03:44:21;3.301;0.037;461.9;30.1;;;;;;;;;;;;;;;;;;
 ;03:44:22;3.301;0.037;461.9;30.1;;;;;;;;;;;;;;;;;;
 ;03:44:23;3.301;0.036;461.9;30.1;;;;;;;;;;;;;;;;;;
 ;03:44:24;3.301;0.036;461.9;30.1;;;;;;;;;;;;;;;;;;
 ;03:44:25;3.301;0.037;461.9;30.1;;;;;;;;;;;;;;;;;;
 ;03:44:26;3.301;0.037;461.9;30.1;;;;;;;;;;;;;;;;;;
 ;03:44:27;3.301;0.037;461.9;30.1;;;;;;;;;;;;;;;;;;
 ;03:44:28;3.300;0.037;461.9;30.1;;;;;;;;;;;;;;;;;;
 ;03:44:29;3.300;0.037;461.9;30.1;;;;;;;;;;;;;;;;;;
 ;03:44:30;3.300;0.037;462.0;30.1;;;;;;;;;;;;;;;;;;
 ;03:44:31;3.300;0.037;462.0;30.1;;;;;;;;;;;;;;;;;;
 ;03:44:32;3.300;0.037;462.0;30.1;;;;;;;;;;;;;;;;;;
 ;03:44:33;3.300;0.037;462.0;30.1;;;;;;;;;;;;;;;;;;
 ;03:44:34;3.300;0.037;462.0;30.1;;;;;;;;;;;;;;;;;;
 ;03:44:35;3.301;0.037;462.0;30.1;;;;;;;;;;;;;;;;;;
 ;03:44:36;3.301;0.036;462.0;30.1;;;;;;;;;;;;;;;;;;
 ;03:44:37;3.301;0.037;462.0;30.1;;;;;;;;;;;;;;;;;;
 ;03:44:38;3.301;0.037;462.0;30.1;;;;;;;;;;;;;;;;;;
 ;03:44:39;3.301;0.037;462.0;30.1;;;;;;;;;;;;;;;;;;
 ;03:44:40;3.301;0.036;462.1;30.1;;;;;;;;;;;;;;;;;;
 ;03:44:41;3.301;0.037;462.1;30.1;;;;;;;;;;;;;;;;;;
 ;03:44:42;3.300;0.037;462.1;30.1;;;;;;;;;;;;;;;;;;
 ;03:44:43;3.301;0.037;462.1;30.1;;;;;;;;;;;;;;;;;;
 ;03:44:44;3.301;0.036;462.1;30.1;;;;;;;;;;;;;;;;;;
 ;03:44:45;3.301;0.036;462.1;30.1;;;;;;;;;;;;;;;;;;
 ;03:44:46;3.301;0.037;462.1;30.1;;;;;;;;;;;;;;;;;;
 ;03:44:47;3.300;0.037;462.1;30.1;;;;;;;;;;;;;;;;;;
 ;03:44:48;3.301;0.036;462.1;30.1;;;;;;;;;;;;;;;;;;
 ;03:44:49;3.301;0.036;462.1;30.1;;;;;;;;;;;;;;;;;;
 ;03:44:50;3.301;0.036;462.2;30.1;;;;;;;;;;;;;;;;;;
 ;03:44:51;3.300;0.037;462.2;30.1;;;;;;;;;;;;;;;;;;
 ;03:44:52;3.300;0.037;462.2;30.1;;;;;;;;;;;;;;;;;;
 ;03:44:53;3.301;0.036;462.2;30.1;;;;;;;;;;;;;;;;;;
 ;03:44:54;3.301;0.036;462.2;30.1;;;;;;;;;;;;;;;;;;
 ;03:44:55;3.301;0.036;462.2;30.1;;;;;;;;;;;;;;;;;;
 ;03:44:56;3.300;0.037;462.2;30.1;;;;;;;;;;;;;;;;;;
 ;03:44:57;3.301;0.037;462.2;30.1;;;;;;;;;;;;;;;;;;
 ;03:44:58;3.301;0.036;462.2;30.1;;;;;;;;;;;;;;;;;;
 ;03:44:59;3.301;0.036;462.3;30.0;;;;;;;;;;;;;;;;;;
 ;03:45:00;3.301;0.036;462.3;30.1;;;;;;;;;;;;;;;;;;
 ;03:45:01;3.300;0.037;462.3;30.1;;;;;;;;;;;;;;;;;;
 ;03:45:02;3.300;0.037;462.3;30.1;;;;;;;;;;;;;;;;;;
 ;03:45:03;3.300;0.037;462.3;30.0;;;;;;;;;;;;;;;;;;
 ;03:45:04;3.301;0.036;462.3;30.0;;;;;;;;;;;;;;;;;;
 ;03:45:05;3.301;0.036;462.3;30.0;;;;;;;;;;;;;;;;;;
 ;03:45:06;3.301;0.035;462.3;30.0;;;;;;;;;;;;;;;;;;
 ;03:45:07;3.301;0.035;462.3;30.0;;;;;;;;;;;;;;;;;;
 ;03:45:08;3.301;0.036;462.3;30.0;;;;;;;;;;;;;;;;;;
 ;03:45:09;3.301;0.036;462.4;30.0;;;;;;;;;;;;;;;;;;
 ;03:45:10;3.301;0.036;462.4;30.0;;;;;;;;;;;;;;;;;;
 ;03:45:11;3.300;0.036;462.4;30.0;;;;;;;;;;;;;;;;;;
 ;03:45:12;3.300;0.037;462.4;30.0;;;;;;;;;;;;;;;;;;
 ;03:45:13;3.300;0.037;462.4;30.0;;;;;;;;;;;;;;;;;;
 ;03:45:14;3.300;0.036;462.4;30.0;;;;;;;;;;;;;;;;;;
 ;03:45:15;3.301;0.036;462.4;30.0;;;;;;;;;;;;;;;;;;
 ;03:45:16;3.301;0.036;462.4;30.0;;;;;;;;;;;;;;;;;;
 ;03:45:17;3.301;0.036;462.4;30.0;;;;;;;;;;;;;;;;;;
 ;03:45:18;3.301;0.035;462.4;30.0;;;;;;;;;;;;;;;;;;
 ;03:45:19;3.301;0.035;462.5;30.0;;;;;;;;;;;;;;;;;;
 ;03:45:20;3.301;0.036;462.5;30.0;;;;;;;;;;;;;;;;;;
 ;03:45:21;3.301;0.036;462.5;30.0;;;;;;;;;;;;;;;;;;
 ;03:45:22;3.301;0.036;462.5;30.0;;;;;;;;;;;;;;;;;;
 ;03:45:23;3.300;0.036;462.5;30.0;;;;;;;;;;;;;;;;;;
 ;03:45:24;3.300;0.036;462.5;30.0;;;;;;;;;;;;;;;;;;
 ;03:45:25;3.300;0.037;462.5;30.0;;;;;;;;;;;;;;;;;;
 ;03:45:26;3.301;0.036;462.5;30.0;;;;;;;;;;;;;;;;;;
 ;03:45:27;3.301;0.036;462.5;30.0;;;;;;;;;;;;;;;;;;
 ;03:45:28;3.301;0.036;462.5;30.0;;;;;;;;;;;;;;;;;;
 ;03:45:29;3.300;0.036;462.6;30.0;;;;;;;;;;;;;;;;;;
 ;03:45:30;3.300;0.036;462.6;30.0;;;;;;;;;;;;;;;;;;
 ;03:45:31;3.300;0.036;462.6;30.0;;;;;;;;;;;;;;;;;;
 ;03:45:32;3.301;0.036;462.6;30.0;;;;;;;;;;;;;;;;;;
 ;03:45:33;3.301;0.036;462.6;30.0;;;;;;;;;;;;;;;;;;
 ;03:45:34;3.301;0.035;462.6;30.0;;;;;;;;;;;;;;;;;;
 ;03:45:35;3.301;0.036;462.6;30.0;;;;;;;;;;;;;;;;;;
 ;03:45:36;3.300;0.036;462.6;30.0;;;;;;;;;;;;;;;;;;
 ;03:45:37;3.301;0.035;462.6;30.0;;;;;;;;;;;;;;;;;;
 ;03:45:38;3.301;0.035;462.6;30.0;;;;;;;;;;;;;;;;;;
 ;03:45:39;3.301;0.035;462.7;30.0;;;;;;;;;;;;;;;;;;
 ;03:45:40;3.300;0.036;462.7;30.0;;;;;;;;;;;;;;;;;;
 ;03:45:41;3.300;0.036;462.7;30.0;;;;;;;;;;;;;;;;;;
 ;03:45:42;3.301;0.035;462.7;30.0;;;;;;;;;;;;;;;;;;
 ;03:45:43;3.301;0.035;462.7;30.0;;;;;;;;;;;;;;;;;;
 ;03:45:44;3.301;0.035;462.7;30.0;;;;;;;;;;;;;;;;;;
 ;03:45:45;3.300;0.036;462.7;30.0;;;;;;;;;;;;;;;;;;
 ;03:45:46;3.301;0.036;462.7;30.0;;;;;;;;;;;;;;;;;;
 ;03:45:47;3.301;0.035;462.7;30.0;;;;;;;;;;;;;;;;;;
 ;03:45:48;3.301;0.035;462.7;30.0;;;;;;;;;;;;;;;;;;
 ;03:45:49;3.301;0.036;462.8;30.0;;;;;;;;;;;;;;;;;;
 ;03:45:50;3.300;0.036;462.8;30.0;;;;;;;;;;;;;;;;;;
 ;03:45:51;3.301;0.035;462.8;30.0;;;;;;;;;;;;;;;;;;
 ;03:45:52;3.301;0.035;462.8;30.0;;;;;;;;;;;;;;;;;;
 ;03:45:53;3.301;0.035;462.8;30.0;;;;;;;;;;;;;;;;;;
 ;03:45:54;3.300;0.036;462.8;30.0;;;;;;;;;;;;;;;;;;
 ;03:45:55;3.300;0.036;462.8;30.0;;;;;;;;;;;;;;;;;;
 ;03:45:56;3.301;0.035;462.8;30.0;;;;;;;;;;;;;;;;;;
 ;03:45:57;3.301;0.035;462.8;30.0;;;;;;;;;;;;;;;;;;
 ;03:45:58;3.301;0.035;462.8;30.0;;;;;;;;;;;;;;;;;;
 ;03:45:59;3.301;0.035;462.9;30.0;;;;;;;;;;;;;;;;;;
 ;03:46:00;3.301;0.035;462.9;30.0;;;;;;;;;;;;;;;;;;
 ;03:46:01;3.301;0.035;462.9;30.0;;;;;;;;;;;;;;;;;;
 ;03:46:02;3.300;0.035;462.9;30.0;;;;;;;;;;;;;;;;;;
 ;03:46:03;3.300;0.036;462.9;30.0;;;;;;;;;;;;;;;;;;
 ;03:46:04;3.300;0.036;462.9;30.0;;;;;;;;;;;;;;;;;;
 ;03:46:05;3.300;0.035;462.9;30.0;;;;;;;;;;;;;;;;;;
 ;03:46:06;3.301;0.035;462.9;30.0;;;;;;;;;;;;;;;;;;
 ;03:46:07;3.301;0.035;462.9;30.0;;;;;;;;;;;;;;;;;;
 ;03:46:08;3.301;0.035;462.9;30.0;;;;;;;;;;;;;;;;;;
 ;03:46:09;3.301;0.035;463.0;30.0;;;;;;;;;;;;;;;;;;
 ;03:46:10;3.301;0.035;463.0;30.0;;;;;;;;;;;;;;;;;;
 ;03:46:11;3.301;0.035;463.0;30.0;;;;;;;;;;;;;;;;;;
 ;03:46:12;3.301;0.035;463.0;30.0;;;;;;;;;;;;;;;;;;
 ;03:46:13;3.301;0.035;463.0;30.0;;;;;;;;;;;;;;;;;;
 ;03:46:14;3.300;0.035;463.0;30.0;;;;;;;;;;;;;;;;;;
 ;03:46:15;3.300;0.036;463.0;30.0;;;;;;;;;;;;;;;;;;
 ;03:46:16;3.300;0.035;463.0;30.0;;;;;;;;;;;;;;;;;;
 ;03:46:17;3.300;0.035;463.0;30.0;;;;;;;;;;;;;;;;;;
 ;03:46:18;3.300;0.035;463.0;30.0;;;;;;;;;;;;;;;;;;
 ;03:46:19;3.301;0.035;463.1;30.0;;;;;;;;;;;;;;;;;;
 ;03:46:20;3.301;0.035;463.1;30.0;;;;;;;;;;;;;;;;;;
 ;03:46:21;3.301;0.035;463.1;30.0;;;;;;;;;;;;;;;;;;
 ;03:46:22;3.301;0.034;463.1;30.0;;;;;;;;;;;;;;;;;;
 ;03:46:23;3.301;0.035;463.1;30.0;;;;;;;;;;;;;;;;;;
 ;03:46:24;3.301;0.035;463.1;30.0;;;;;;;;;;;;;;;;;;
 ;03:46:25;3.301;0.035;463.1;30.0;;;;;;;;;;;;;;;;;;
 ;03:46:26;3.301;0.035;463.1;30.0;;;;;;;;;;;;;;;;;;
 ;03:46:27;3.301;0.035;463.1;30.0;;;;;;;;;;;;;;;;;;
 ;03:46:28;3.301;0.035;463.1;30.0;;;;;;;;;;;;;;;;;;
 ;03:46:29;3.300;0.035;463.1;30.0;;;;;;;;;;;;;;;;;;
 ;03:46:30;3.301;0.034;463.2;30.0;;;;;;;;;;;;;;;;;;
 ;03:46:31;3.301;0.034;463.2;30.0;;;;;;;;;;;;;;;;;;
 ;03:46:32;3.301;0.034;463.2;30.0;;;;;;;;;;;;;;;;;;
 ;03:46:33;3.300;0.035;463.2;30.0;;;;;;;;;;;;;;;;;;
 ;03:46:34;3.301;0.035;463.2;30.0;;;;;;;;;;;;;;;;;;
 ;03:46:35;3.301;0.034;463.2;30.0;;;;;;;;;;;;;;;;;;
 ;03:46:36;3.301;0.034;463.2;30.0;;;;;;;;;;;;;;;;;;
 ;03:46:37;3.301;0.035;463.2;30.0;;;;;;;;;;;;;;;;;;
 ;03:46:38;3.300;0.035;463.2;30.0;;;;;;;;;;;;;;;;;;
 ;03:46:39;3.301;0.034;463.2;30.0;;;;;;;;;;;;;;;;;;
 ;03:46:40;3.301;0.034;463.3;30.0;;;;;;;;;;;;;;;;;;
 ;03:46:41;3.301;0.034;463.3;30.0;;;;;;;;;;;;;;;;;;
 ;03:46:42;3.300;0.035;463.3;30.0;;;;;;;;;;;;;;;;;;
 ;03:46:43;3.300;0.035;463.3;30.0;;;;;;;;;;;;;;;;;;
 ;03:46:44;3.301;0.034;463.3;30.0;;;;;;;;;;;;;;;;;;
 ;03:46:45;3.301;0.034;463.3;30.0;;;;;;;;;;;;;;;;;;
 ;03:46:46;3.301;0.034;463.3;30.0;;;;;;;;;;;;;;;;;;
 ;03:46:47;3.300;0.035;463.3;30.0;;;;;;;;;;;;;;;;;;
 ;03:46:48;3.300;0.035;463.3;30.0;;;;;;;;;;;;;;;;;;
 ;03:46:49;3.301;0.034;463.3;30.0;;;;;;;;;;;;;;;;;;
 ;03:46:50;3.301;0.034;463.4;30.0;;;;;;;;;;;;;;;;;;
 ;03:46:51;3.301;0.034;463.4;30.0;;;;;;;;;;;;;;;;;;
 ;03:46:52;3.301;0.034;463.4;30.0;;;;;;;;;;;;;;;;;;
 ;03:46:53;3.301;0.034;463.4;30.0;;;;;;;;;;;;;;;;;;
 ;03:46:54;3.301;0.034;463.4;30.0;;;;;;;;;;;;;;;;;;
 ;03:46:55;3.300;0.035;463.4;30.0;;;;;;;;;;;;;;;;;;
 ;03:46:56;3.300;0.035;463.4;30.0;;;;;;;;;;;;;;;;;;
 ;03:46:57;3.301;0.034;463.4;30.0;;;;;;;;;;;;;;;;;;
 ;03:46:58;3.301;0.034;463.4;30.0;;;;;;;;;;;;;;;;;;
 ;03:46:59;3.301;0.034;463.4;30.0;;;;;;;;;;;;;;;;;;
 ;03:47:00;3.301;0.034;463.4;30.0;;;;;;;;;;;;;;;;;;
 ;03:47:01;3.301;0.034;463.5;30.0;;;;;;;;;;;;;;;;;;
 ;03:47:02;3.301;0.034;463.5;30.0;;;;;;;;;;;;;;;;;;
 ;03:47:03;3.301;0.034;463.5;30.0;;;;;;;;;;;;;;;;;;
 ;03:47:04;3.300;0.034;463.5;30.0;;;;;;;;;;;;;;;;;;
 ;03:47:05;3.300;0.035;463.5;30.0;;;;;;;;;;;;;;;;;;
 ;03:47:06;3.300;0.035;463.5;30.0;;;;;;;;;;;;;;;;;;
 ;03:47:07;3.300;0.034;463.5;30.0;;;;;;;;;;;;;;;;;;
 ;03:47:08;3.301;0.034;463.5;30.0;;;;;;;;;;;;;;;;;;
 ;03:47:09;3.301;0.034;463.5;30.0;;;;;;;;;;;;;;;;;;
 ;03:47:10;3.301;0.034;463.5;30.0;;;;;;;;;;;;;;;;;;
 ;03:47:11;3.301;0.034;463.6;30.0;;;;;;;;;;;;;;;;;;
 ;03:47:12;3.301;0.034;463.6;30.0;;;;;;;;;;;;;;;;;;
 ;03:47:13;3.301;0.034;463.6;30.0;;;;;;;;;;;;;;;;;;
 ;03:47:14;3.301;0.034;463.6;30.0;;;;;;;;;;;;;;;;;;
 ;03:47:15;3.301;0.034;463.6;30.0;;;;;;;;;;;;;;;;;;
 ;03:47:16;3.301;0.034;463.6;30.0;;;;;;;;;;;;;;;;;;
 ;03:47:17;3.301;0.034;463.6;30.0;;;;;;;;;;;;;;;;;;
 ;03:47:18;3.301;0.034;463.6;30.0;;;;;;;;;;;;;;;;;;
 ;03:47:19;3.301;0.033;463.6;30.0;;;;;;;;;;;;;;;;;;
 ;03:47:20;3.301;0.034;463.6;30.0;;;;;;;;;;;;;;;;;;
 ;03:47:21;3.301;0.033;463.6;30.0;;;;;;;;;;;;;;;;;;
 ;03:47:22;3.301;0.034;463.7;30.0;;;;;;;;;;;;;;;;;;
 ;03:47:23;3.301;0.034;463.7;30.0;;;;;;;;;;;;;;;;;;
 ;03:47:24;3.301;0.033;463.7;30.0;;;;;;;;;;;;;;;;;;
 ;03:47:25;3.301;0.033;463.7;30.0;;;;;;;;;;;;;;;;;;
 ;03:47:26;3.301;0.033;463.7;30.0;;;;;;;;;;;;;;;;;;
 ;03:47:27;3.301;0.034;463.7;30.0;;;;;;;;;;;;;;;;;;
 ;03:47:28;3.301;0.034;463.7;30.0;;;;;;;;;;;;;;;;;;
 ;03:47:29;3.301;0.033;463.7;30.0;;;;;;;;;;;;;;;;;;
 ;03:47:30;3.301;0.033;463.7;30.0;;;;;;;;;;;;;;;;;;
 ;03:47:31;3.300;0.033;463.7;30.0;;;;;;;;;;;;;;;;;;
 ;03:47:32;3.301;0.033;463.8;30.0;;;;;;;;;;;;;;;;;;
 ;03:47:33;3.301;0.034;463.8;30.0;;;;;;;;;;;;;;;;;;
 ;03:47:34;3.301;0.033;463.8;30.0;;;;;;;;;;;;;;;;;;
 ;03:47:35;3.301;0.033;463.8;30.0;;;;;;;;;;;;;;;;;;
 ;03:47:36;3.300;0.033;463.8;30.0;;;;;;;;;;;;;;;;;;
 ;03:47:37;3.301;0.033;463.8;30.0;;;;;;;;;;;;;;;;;;
 ;03:47:38;3.301;0.033;463.8;30.0;;;;;;;;;;;;;;;;;;
 ;03:47:39;3.301;0.033;463.8;30.0;;;;;;;;;;;;;;;;;;
 ;03:47:40;3.300;0.033;463.8;30.0;;;;;;;;;;;;;;;;;;
 ;03:47:41;3.300;0.033;463.8;30.0;;;;;;;;;;;;;;;;;;
 ;03:47:42;3.301;0.033;463.8;30.0;;;;;;;;;;;;;;;;;;
 ;03:47:43;3.301;0.033;463.9;30.0;;;;;;;;;;;;;;;;;;
 ;03:47:44;3.301;0.033;463.9;30.0;;;;;;;;;;;;;;;;;;
 ;03:47:45;3.300;0.033;463.9;30.0;;;;;;;;;;;;;;;;;;
 ;03:47:46;3.301;0.033;463.9;30.0;;;;;;;;;;;;;;;;;;
 ;03:47:47;3.301;0.033;463.9;30.0;;;;;;;;;;;;;;;;;;
 ;03:47:48;3.301;0.033;463.9;30.0;;;;;;;;;;;;;;;;;;
 ;03:47:49;3.301;0.033;463.9;30.0;;;;;;;;;;;;;;;;;;
 ;03:47:50;3.301;0.033;463.9;30.0;;;;;;;;;;;;;;;;;;
 ;03:47:51;3.300;0.033;463.9;30.0;;;;;;;;;;;;;;;;;;
 ;03:47:52;3.300;0.033;463.9;30.0;;;;;;;;;;;;;;;;;;
 ;03:47:53;3.301;0.033;463.9;30.0;;;;;;;;;;;;;;;;;;
 ;03:47:54;3.301;0.033;464.0;30.0;;;;;;;;;;;;;;;;;;
 ;03:47:55;3.301;0.033;464.0;30.0;;;;;;;;;;;;;;;;;;
 ;03:47:56;3.301;0.032;464.0;30.0;;;;;;;;;;;;;;;;;;
 ;03:47:57;3.301;0.033;464.0;30.0;;;;;;;;;;;;;;;;;;
 ;03:47:58;3.301;0.033;464.0;30.0;;;;;;;;;;;;;;;;;;
 ;03:47:59;3.301;0.033;464.0;30.0;;;;;;;;;;;;;;;;;;
 ;03:48:00;3.301;0.033;464.0;30.0;;;;;;;;;;;;;;;;;;
 ;03:48:01;3.300;0.033;464.0;30.0;;;;;;;;;;;;;;;;;;
 ;03:48:02;3.300;0.033;464.0;30.0;;;;;;;;;;;;;;;;;;
 ;03:48:03;3.300;0.033;464.0;30.0;;;;;;;;;;;;;;;;;;
 ;03:48:04;3.301;0.033;464.1;30.0;;;;;;;;;;;;;;;;;;
 ;03:48:05;3.301;0.033;464.1;29.9;;;;;;;;;;;;;;;;;;
 ;03:48:06;3.301;0.033;464.1;29.9;;;;;;;;;;;;;;;;;;
 ;03:48:07;3.301;0.032;464.1;29.9;;;;;;;;;;;;;;;;;;
 ;03:48:08;3.301;0.032;464.1;29.9;;;;;;;;;;;;;;;;;;
 ;03:48:09;3.301;0.033;464.1;29.9;;;;;;;;;;;;;;;;;;
 ;03:48:10;3.301;0.033;464.1;29.9;;;;;;;;;;;;;;;;;;
 ;03:48:11;3.301;0.033;464.1;29.9;;;;;;;;;;;;;;;;;;
 ;03:48:12;3.300;0.033;464.1;29.9;;;;;;;;;;;;;;;;;;
 ;03:48:13;3.300;0.033;464.1;29.9;;;;;;;;;;;;;;;;;;
 ;03:48:14;3.300;0.033;464.1;29.9;;;;;;;;;;;;;;;;;;
 ;03:48:15;3.301;0.033;464.2;29.9;;;;;;;;;;;;;;;;;;
 ;03:48:16;3.301;0.032;464.2;29.9;;;;;;;;;;;;;;;;;;
 ;03:48:17;3.301;0.033;464.2;29.9;;;;;;;;;;;;;;;;;;
 ;03:48:18;3.300;0.033;464.2;29.9;;;;;;;;;;;;;;;;;;
 ;03:48:19;3.301;0.033;464.2;29.9;;;;;;;;;;;;;;;;;;
 ;03:48:20;3.301;0.033;464.2;29.9;;;;;;;;;;;;;;;;;;
 ;03:48:21;3.301;0.032;464.2;29.9;;;;;;;;;;;;;;;;;;
 ;03:48:22;3.301;0.033;464.2;29.9;;;;;;;;;;;;;;;;;;
 ;03:48:23;3.301;0.033;464.2;29.9;;;;;;;;;;;;;;;;;;
 ;03:48:24;3.301;0.032;464.2;29.9;;;;;;;;;;;;;;;;;;
 ;03:48:25;3.301;0.032;464.2;29.9;;;;;;;;;;;;;;;;;;
 ;03:48:26;3.301;0.033;464.3;29.9;;;;;;;;;;;;;;;;;;
 ;03:48:27;3.301;0.033;464.3;29.9;;;;;;;;;;;;;;;;;;
 ;03:48:28;3.301;0.032;464.3;29.9;;;;;;;;;;;;;;;;;;
 ;03:48:29;3.301;0.032;464.3;29.9;;;;;;;;;;;;;;;;;;
 ;03:48:30;3.301;0.032;464.3;29.9;;;;;;;;;;;;;;;;;;
 ;03:48:31;3.300;0.032;464.3;29.9;;;;;;;;;;;;;;;;;;
 ;03:48:32;3.300;0.032;464.3;29.9;;;;;;;;;;;;;;;;;;
 ;03:48:33;3.301;0.032;464.3;29.9;;;;;;;;;;;;;;;;;;
 ;03:48:34;3.301;0.032;464.3;29.9;;;;;;;;;;;;;;;;;;
 ;03:48:35;3.301;0.032;464.3;29.9;;;;;;;;;;;;;;;;;;
 ;03:48:36;3.300;0.032;464.3;29.9;;;;;;;;;;;;;;;;;;
 ;03:48:37;3.301;0.032;464.4;29.9;;;;;;;;;;;;;;;;;;
 ;03:48:38;3.301;0.032;464.4;29.9;;;;;;;;;;;;;;;;;;
 ;03:48:39;3.301;0.032;464.4;29.9;;;;;;;;;;;;;;;;;;
 ;03:48:40;3.301;0.032;464.4;29.9;;;;;;;;;;;;;;;;;;
 ;03:48:41;3.300;0.032;464.4;29.9;;;;;;;;;;;;;;;;;;
 ;03:48:42;3.301;0.032;464.4;29.9;;;;;;;;;;;;;;;;;;
 ;03:48:43;3.301;0.032;464.4;29.9;;;;;;;;;;;;;;;;;;
 ;03:48:44;3.301;0.032;464.4;29.9;;;;;;;;;;;;;;;;;;
 ;03:48:45;3.300;0.032;464.4;29.9;;;;;;;;;;;;;;;;;;
 ;03:48:46;3.300;0.032;464.4;29.9;;;;;;;;;;;;;;;;;;
 ;03:48:47;3.301;0.032;464.4;29.9;;;;;;;;;;;;;;;;;;
 ;03:48:48;3.301;0.032;464.5;29.9;;;;;;;;;;;;;;;;;;
 ;03:48:49;3.301;0.032;464.5;29.9;;;;;;;;;;;;;;;;;;
 ;03:48:50;3.300;0.032;464.5;29.9;;;;;;;;;;;;;;;;;;
 ;03:48:51;3.300;0.032;464.5;29.9;;;;;;;;;;;;;;;;;;
 ;03:48:52;3.301;0.032;464.5;29.9;;;;;;;;;;;;;;;;;;
 ;03:48:53;3.301;0.032;464.5;29.9;;;;;;;;;;;;;;;;;;
 ;03:48:54;3.301;0.032;464.5;29.9;;;;;;;;;;;;;;;;;;
 ;03:48:55;3.301;0.032;464.5;29.9;;;;;;;;;;;;;;;;;;
 ;03:48:56;3.301;0.032;464.5;29.9;;;;;;;;;;;;;;;;;;
 ;03:48:57;3.301;0.032;464.5;29.9;;;;;;;;;;;;;;;;;;
 ;03:48:58;3.300;0.032;464.5;29.9;;;;;;;;;;;;;;;;;;
 ;03:48:59;3.300;0.032;464.6;29.9;;;;;;;;;;;;;;;;;;
 ;03:49:00;3.301;0.032;464.6;29.9;;;;;;;;;;;;;;;;;;
 ;03:49:01;3.301;0.032;464.6;29.9;;;;;;;;;;;;;;;;;;
 ;03:49:02;3.301;0.031;464.6;29.9;;;;;;;;;;;;;;;;;;
 ;03:49:03;3.301;0.031;464.6;29.9;;;;;;;;;;;;;;;;;;
 ;03:49:04;3.301;0.032;464.6;29.9;;;;;;;;;;;;;;;;;;
 ;03:49:05;3.301;0.032;464.6;29.9;;;;;;;;;;;;;;;;;;
 ;03:49:06;3.301;0.032;464.6;29.9;;;;;;;;;;;;;;;;;;
 ;03:49:07;3.300;0.032;464.6;29.9;;;;;;;;;;;;;;;;;;
 ;03:49:08;3.300;0.032;464.6;29.9;;;;;;;;;;;;;;;;;;
 ;03:49:09;3.300;0.032;464.6;29.9;;;;;;;;;;;;;;;;;;
 ;03:49:10;3.300;0.032;464.7;29.9;;;;;;;;;;;;;;;;;;
 ;03:49:11;3.301;0.032;464.7;29.9;;;;;;;;;;;;;;;;;;
 ;03:49:12;3.301;0.032;464.7;29.9;;;;;;;;;;;;;;;;;;
 ;03:49:13;3.301;0.032;464.7;29.9;;;;;;;;;;;;;;;;;;
 ;03:49:14;3.301;0.031;464.7;29.9;;;;;;;;;;;;;;;;;;
 ;03:49:15;3.301;0.032;464.7;29.9;;;;;;;;;;;;;;;;;;
 ;03:49:16;3.300;0.032;464.7;29.9;;;;;;;;;;;;;;;;;;
 ;03:49:17;3.301;0.032;464.7;29.9;;;;;;;;;;;;;;;;;;
 ;03:49:18;3.301;0.032;464.7;29.9;;;;;;;;;;;;;;;;;;
 ;03:49:19;3.301;0.031;464.7;29.9;;;;;;;;;;;;;;;;;;
 ;03:49:20;3.301;0.032;464.7;29.9;;;;;;;;;;;;;;;;;;
 ;03:49:21;3.301;0.032;464.7;29.9;;;;;;;;;;;;;;;;;;
 ;03:49:22;3.300;0.032;464.8;29.9;;;;;;;;;;;;;;;;;;
 ;03:49:23;3.300;0.032;464.8;29.9;;;;;;;;;;;;;;;;;;
 ;03:49:24;3.301;0.032;464.8;29.9;;;;;;;;;;;;;;;;;;
 ;03:49:25;3.301;0.032;464.8;29.9;;;;;;;;;;;;;;;;;;
 ;03:49:26;3.301;0.031;464.8;29.9;;;;;;;;;;;;;;;;;;
 ;03:49:27;3.301;0.031;464.8;29.9;;;;;;;;;;;;;;;;;;
 ;03:49:28;3.300;0.032;464.8;29.9;;;;;;;;;;;;;;;;;;
 ;03:49:29;3.300;0.032;464.8;29.9;;;;;;;;;;;;;;;;;;
 ;03:49:30;3.301;0.032;464.8;29.9;;;;;;;;;;;;;;;;;;
 ;03:49:31;3.301;0.031;464.8;29.9;;;;;;;;;;;;;;;;;;
 ;03:49:32;3.301;0.031;464.8;29.9;;;;;;;;;;;;;;;;;;
 ;03:49:33;3.301;0.031;464.9;29.9;;;;;;;;;;;;;;;;;;
 ;03:49:34;3.300;0.032;464.9;29.9;;;;;;;;;;;;;;;;;;
 ;03:49:35;3.301;0.032;464.9;29.9;;;;;;;;;;;;;;;;;;
 ;03:49:36;3.301;0.031;464.9;29.9;;;;;;;;;;;;;;;;;;
 ;03:49:37;3.301;0.031;464.9;29.9;;;;;;;;;;;;;;;;;;
 ;03:49:38;3.301;0.032;464.9;29.9;;;;;;;;;;;;;;;;;;
 ;03:49:39;3.300;0.032;464.9;29.9;;;;;;;;;;;;;;;;;;
 ;03:49:40;3.301;0.032;464.9;29.9;;;;;;;;;;;;;;;;;;
 ;03:49:41;3.301;0.031;464.9;29.9;;;;;;;;;;;;;;;;;;
 ;03:49:42;3.301;0.031;464.9;29.9;;;;;;;;;;;;;;;;;;
 ;03:49:43;3.300;0.032;464.9;29.9;;;;;;;;;;;;;;;;;;
 ;03:49:44;3.300;0.032;465.0;29.9;;;;;;;;;;;;;;;;;;
 ;03:49:45;3.301;0.032;465.0;29.9;;;;;;;;;;;;;;;;;;
 ;03:49:46;3.301;0.031;465.0;29.9;;;;;;;;;;;;;;;;;;
 ;03:49:47;3.301;0.031;465.0;29.9;;;;;;;;;;;;;;;;;;
 ;03:49:48;3.300;0.032;465.0;29.9;;;;;;;;;;;;;;;;;;
 ;03:49:49;3.300;0.032;465.0;29.9;;;;;;;;;;;;;;;;;;
 ;03:49:50;3.301;0.031;465.0;29.9;;;;;;;;;;;;;;;;;;
 ;03:49:51;3.301;0.031;465.0;29.9;;;;;;;;;;;;;;;;;;
 ;03:49:52;3.301;0.031;465.0;29.9;;;;;;;;;;;;;;;;;;
 ;03:49:53;3.300;0.032;465.0;29.9;;;;;;;;;;;;;;;;;;
 ;03:49:54;3.300;0.032;465.0;29.9;;;;;;;;;;;;;;;;;;
 ;03:49:55;3.301;0.032;465.1;29.9;;;;;;;;;;;;;;;;;;
 ;03:49:56;3.301;0.031;465.1;29.9;;;;;;;;;;;;;;;;;;
 ;03:49:57;3.301;0.031;465.1;29.9;;;;;;;;;;;;;;;;;;
 ;03:49:58;3.301;0.031;465.1;29.9;;;;;;;;;;;;;;;;;;
 ;03:49:59;3.301;0.031;465.1;29.9;;;;;;;;;;;;;;;;;;
 ;03:50:00;3.300;0.032;465.1;29.9;;;;;;;;;;;;;;;;;;
 ;03:50:01;3.300;0.032;465.1;29.9;;;;;;;;;;;;;;;;;;
 ;03:50:02;3.301;0.032;465.1;29.9;;;;;;;;;;;;;;;;;;
 ;03:50:03;3.301;0.032;465.1;29.9;;;;;;;;;;;;;;;;;;
 ;03:50:04;3.301;0.031;465.1;29.9;;;;;;;;;;;;;;;;;;
 ;03:50:05;3.301;0.031;465.1;29.9;;;;;;;;;;;;;;;;;;
 ;03:50:06;3.301;0.031;465.1;29.9;;;;;;;;;;;;;;;;;;
 ;03:50:07;3.301;0.031;465.2;29.9;;;;;;;;;;;;;;;;;;
 ;03:50:08;3.301;0.031;465.2;29.9;;;;;;;;;;;;;;;;;;
 ;03:50:09;3.301;0.031;465.2;29.9;;;;;;;;;;;;;;;;;;
 ;03:50:10;3.301;0.031;465.2;29.9;;;;;;;;;;;;;;;;;;
 ;03:50:11;3.300;0.031;465.2;29.9;;;;;;;;;;;;;;;;;;
 ;03:50:12;3.300;0.032;465.2;29.9;;;;;;;;;;;;;;;;;;
 ;03:50:13;3.300;0.032;465.2;29.9;;;;;;;;;;;;;;;;;;
 ;03:50:14;3.300;0.032;465.2;29.9;;;;;;;;;;;;;;;;;;
 ;03:50:15;3.301;0.032;465.2;29.9;;;;;;;;;;;;;;;;;;
 ;03:50:16;3.301;0.031;465.2;29.9;;;;;;;;;;;;;;;;;;
 ;03:50:17;3.301;0.031;465.2;29.9;;;;;;;;;;;;;;;;;;
 ;03:50:18;3.301;0.031;465.3;29.9;;;;;;;;;;;;;;;;;;
 ;03:50:19;3.301;0.031;465.3;29.9;;;;;;;;;;;;;;;;;;
 ;03:50:20;3.301;0.031;465.3;29.9;;;;;;;;;;;;;;;;;;
 ;03:50:21;3.301;0.031;465.3;29.9;;;;;;;;;;;;;;;;;;
 ;03:50:22;3.301;0.031;465.3;29.9;;;;;;;;;;;;;;;;;;
 ;03:50:23;3.301;0.031;465.3;29.9;;;;;;;;;;;;;;;;;;
 ;03:50:24;3.301;0.031;465.3;29.9;;;;;;;;;;;;;;;;;;
 ;03:50:25;3.301;0.030;465.3;29.9;;;;;;;;;;;;;;;;;;
 ;03:50:26;3.301;0.031;465.3;29.9;;;;;;;;;;;;;;;;;;
 ;03:50:27;3.301;0.031;465.3;29.9;;;;;;;;;;;;;;;;;;
 ;03:50:28;3.301;0.031;465.3;29.9;;;;;;;;;;;;;;;;;;
 ;03:50:29;3.301;0.031;465.3;29.9;;;;;;;;;;;;;;;;;;
 ;03:50:30;3.301;0.030;465.4;29.9;;;;;;;;;;;;;;;;;;
 ;03:50:31;3.300;0.031;465.4;29.9;;;;;;;;;;;;;;;;;;
 ;03:50:32;3.300;0.031;465.4;29.9;;;;;;;;;;;;;;;;;;
 ;03:50:33;3.301;0.031;465.4;29.9;;;;;;;;;;;;;;;;;;
 ;03:50:34;3.301;0.031;465.4;29.9;;;;;;;;;;;;;;;;;;
 ;03:50:35;3.301;0.030;465.4;29.9;;;;;;;;;;;;;;;;;;
 ;03:50:36;3.301;0.030;465.4;29.9;;;;;;;;;;;;;;;;;;
 ;03:50:37;3.300;0.031;465.4;29.9;;;;;;;;;;;;;;;;;;
 ;03:50:38;3.301;0.031;465.4;29.9;;;;;;;;;;;;;;;;;;
 ;03:50:39;3.301;0.031;465.4;29.9;;;;;;;;;;;;;;;;;;
 ;03:50:40;3.301;0.030;465.4;29.9;;;;;;;;;;;;;;;;;;
 ;03:50:41;3.301;0.030;465.5;29.9;;;;;;;;;;;;;;;;;;
 ;03:50:42;3.301;0.031;465.5;29.9;;;;;;;;;;;;;;;;;;
 ;03:50:43;3.301;0.031;465.5;29.9;;;;;;;;;;;;;;;;;;
 ;03:50:44;3.301;0.030;465.5;29.9;;;;;;;;;;;;;;;;;;
 ;03:50:45;3.301;0.030;465.5;29.9;;;;;;;;;;;;;;;;;;
 ;03:50:46;3.300;0.031;465.5;29.9;;;;;;;;;;;;;;;;;;
 ;03:50:47;3.301;0.031;465.5;29.9;;;;;;;;;;;;;;;;;;
 ;03:50:48;3.301;0.030;465.5;29.9;;;;;;;;;;;;;;;;;;
 ;03:50:49;3.301;0.030;465.5;29.9;;;;;;;;;;;;;;;;;;
 ;03:50:50;3.301;0.030;465.5;29.9;;;;;;;;;;;;;;;;;;
 ;03:50:51;3.300;0.031;465.5;29.9;;;;;;;;;;;;;;;;;;
 ;03:50:52;3.301;0.031;465.5;29.8;;;;;;;;;;;;;;;;;;
 ;03:50:53;3.301;0.030;465.6;29.8;;;;;;;;;;;;;;;;;;
 ;03:50:54;3.301;0.030;465.6;29.8;;;;;;;;;;;;;;;;;;
 ;03:50:55;3.300;0.031;465.6;29.8;;;;;;;;;;;;;;;;;;
 ;03:50:56;3.300;0.031;465.6;29.8;;;;;;;;;;;;;;;;;;
 ;03:50:57;3.301;0.030;465.6;29.8;;;;;;;;;;;;;;;;;;
 ;03:50:58;3.301;0.030;465.6;29.8;;;;;;;;;;;;;;;;;;
 ;03:50:59;3.301;0.030;465.6;29.8;;;;;;;;;;;;;;;;;;
 ;03:51:00;3.300;0.030;465.6;29.8;;;;;;;;;;;;;;;;;;
 ;03:51:01;3.301;0.031;465.6;29.8;;;;;;;;;;;;;;;;;;
 ;03:51:02;3.301;0.031;465.6;29.8;;;;;;;;;;;;;;;;;;
 ;03:51:03;3.301;0.030;465.6;29.8;;;;;;;;;;;;;;;;;;
 ;03:51:04;3.301;0.030;465.6;29.8;;;;;;;;;;;;;;;;;;
 ;03:51:05;3.301;0.030;465.7;29.8;;;;;;;;;;;;;;;;;;
 ;03:51:06;3.301;0.030;465.7;29.8;;;;;;;;;;;;;;;;;;
 ;03:51:07;3.301;0.030;465.7;29.8;;;;;;;;;;;;;;;;;;
 ;03:51:08;3.300;0.030;465.7;29.8;;;;;;;;;;;;;;;;;;
 ;03:51:09;3.300;0.031;465.7;29.8;;;;;;;;;;;;;;;;;;
 ;03:51:10;3.300;0.031;465.7;29.8;;;;;;;;;;;;;;;;;;
 ;03:51:11;3.301;0.030;465.7;29.8;;;;;;;;;;;;;;;;;;
 ;03:51:12;3.301;0.030;465.7;29.8;;;;;;;;;;;;;;;;;;
 ;03:51:13;3.301;0.030;465.7;29.8;;;;;;;;;;;;;;;;;;
 ;03:51:14;3.301;0.030;465.7;29.8;;;;;;;;;;;;;;;;;;
 ;03:51:15;3.301;0.030;465.7;29.8;;;;;;;;;;;;;;;;;;
 ;03:51:16;3.301;0.030;465.8;29.8;;;;;;;;;;;;;;;;;;
 ;03:51:17;3.301;0.030;465.8;29.8;;;;;;;;;;;;;;;;;;
 ;03:51:18;3.301;0.030;465.8;29.8;;;;;;;;;;;;;;;;;;
 ;03:51:19;3.300;0.030;465.8;29.8;;;;;;;;;;;;;;;;;;
 ;03:51:20;3.300;0.030;465.8;29.8;;;;;;;;;;;;;;;;;;
 ;03:51:21;3.300;0.031;465.8;29.8;;;;;;;;;;;;;;;;;;
 ;03:51:22;3.300;0.031;465.8;29.8;;;;;;;;;;;;;;;;;;
 ;03:51:23;3.301;0.030;465.8;29.8;;;;;;;;;;;;;;;;;;
 ;03:51:24;3.301;0.030;465.8;29.8;;;;;;;;;;;;;;;;;;
 ;03:51:25;3.301;0.030;465.8;29.8;;;;;;;;;;;;;;;;;;
 ;03:51:26;3.301;0.030;465.8;29.8;;;;;;;;;;;;;;;;;;
 ;03:51:27;3.301;0.030;465.8;29.8;;;;;;;;;;;;;;;;;;
 ;03:51:28;3.301;0.030;465.9;29.8;;;;;;;;;;;;;;;;;;
 ;03:51:29;3.301;0.030;465.9;29.8;;;;;;;;;;;;;;;;;;
 ;03:51:30;3.301;0.030;465.9;29.8;;;;;;;;;;;;;;;;;;
 ;03:51:31;3.300;0.031;465.9;29.8;;;;;;;;;;;;;;;;;;
 ;03:51:32;3.300;0.030;465.9;29.8;;;;;;;;;;;;;;;;;;
 ;03:51:33;3.301;0.030;465.9;29.8;;;;;;;;;;;;;;;;;;
 ;03:51:34;3.301;0.030;465.9;29.8;;;;;;;;;;;;;;;;;;
 ;03:51:35;3.301;0.030;465.9;29.8;;;;;;;;;;;;;;;;;;
 ;03:51:36;3.301;0.029;465.9;29.8;;;;;;;;;;;;;;;;;;
 ;03:51:37;3.301;0.030;465.9;29.8;;;;;;;;;;;;;;;;;;
 ;03:51:38;3.300;0.030;465.9;29.8;;;;;;;;;;;;;;;;;;
 ;03:51:39;3.301;0.030;465.9;29.8;;;;;;;;;;;;;;;;;;
 ;03:51:40;3.301;0.030;466.0;29.8;;;;;;;;;;;;;;;;;;
 ;03:51:41;3.301;0.029;466.0;29.8;;;;;;;;;;;;;;;;;;
 ;03:51:42;3.301;0.030;466.0;29.8;;;;;;;;;;;;;;;;;;
 ;03:51:43;3.301;0.030;466.0;29.8;;;;;;;;;;;;;;;;;;
 ;03:51:44;3.300;0.030;466.0;29.8;;;;;;;;;;;;;;;;;;
 ;03:51:45;3.301;0.029;466.0;29.8;;;;;;;;;;;;;;;;;;
 ;03:51:46;3.301;0.029;466.0;29.8;;;;;;;;;;;;;;;;;;
 ;03:51:47;3.301;0.029;466.0;29.8;;;;;;;;;;;;;;;;;;
 ;03:51:48;3.301;0.030;466.0;29.8;;;;;;;;;;;;;;;;;;
 ;03:51:49;3.301;0.030;466.0;29.8;;;;;;;;;;;;;;;;;;
 ;03:51:50;3.301;0.029;466.0;29.8;;;;;;;;;;;;;;;;;;
 ;03:51:51;3.301;0.029;466.0;29.8;;;;;;;;;;;;;;;;;;
 ;03:51:52;3.300;0.030;466.1;29.8;;;;;;;;;;;;;;;;;;
 ;03:51:53;3.300;0.030;466.1;29.8;;;;;;;;;;;;;;;;;;
 ;03:51:54;3.301;0.029;466.1;29.8;;;;;;;;;;;;;;;;;;
 ;03:51:55;3.301;0.029;466.1;29.8;;;;;;;;;;;;;;;;;;
 ;03:51:56;3.301;0.029;466.1;29.8;;;;;;;;;;;;;;;;;;
 ;03:51:57;3.300;0.030;466.1;29.8;;;;;;;;;;;;;;;;;;
 ;03:51:58;3.301;0.030;466.1;29.8;;;;;;;;;;;;;;;;;;
 ;03:51:59;3.301;0.029;466.1;29.8;;;;;;;;;;;;;;;;;;
 ;03:52:00;3.301;0.029;466.1;29.8;;;;;;;;;;;;;;;;;;
 ;03:52:01;3.301;0.029;466.1;29.8;;;;;;;;;;;;;;;;;;
 ;03:52:02;3.300;0.030;466.1;29.8;;;;;;;;;;;;;;;;;;
 ;03:52:03;3.301;0.030;466.1;29.8;;;;;;;;;;;;;;;;;;
 ;03:52:04;3.301;0.029;466.2;29.8;;;;;;;;;;;;;;;;;;
 ;03:52:05;3.301;0.029;466.2;29.8;;;;;;;;;;;;;;;;;;
 ;03:52:06;3.300;0.030;466.2;29.8;;;;;;;;;;;;;;;;;;
 ;03:52:07;3.300;0.030;466.2;29.8;;;;;;;;;;;;;;;;;;
 ;03:52:08;3.301;0.029;466.2;29.8;;;;;;;;;;;;;;;;;;
 ;03:52:09;3.301;0.029;466.2;29.8;;;;;;;;;;;;;;;;;;
 ;03:52:10;3.301;0.029;466.2;29.8;;;;;;;;;;;;;;;;;;
 ;03:52:11;3.301;0.029;466.2;29.8;;;;;;;;;;;;;;;;;;
 ;03:52:12;3.300;0.030;466.2;29.8;;;;;;;;;;;;;;;;;;
 ;03:52:13;3.300;0.030;466.2;29.8;;;;;;;;;;;;;;;;;;
 ;03:52:14;3.301;0.029;466.2;29.8;;;;;;;;;;;;;;;;;;
 ;03:52:15;3.301;0.029;466.2;29.8;;;;;;;;;;;;;;;;;;
 ;03:52:16;3.301;0.029;466.3;29.8;;;;;;;;;;;;;;;;;;
 ;03:52:17;3.301;0.029;466.3;29.8;;;;;;;;;;;;;;;;;;
 ;03:52:18;3.301;0.029;466.3;29.8;;;;;;;;;;;;;;;;;;
 ;03:52:19;3.301;0.029;466.3;29.8;;;;;;;;;;;;;;;;;;
 ;03:52:20;3.301;0.029;466.3;29.8;;;;;;;;;;;;;;;;;;
 ;03:52:21;3.300;0.029;466.3;29.8;;;;;;;;;;;;;;;;;;
 ;03:52:22;3.300;0.030;466.3;29.8;;;;;;;;;;;;;;;;;;
 ;03:52:23;3.300;0.030;466.3;29.8;;;;;;;;;;;;;;;;;;
 ;03:52:24;3.300;0.029;466.3;29.8;;;;;;;;;;;;;;;;;;
 ;03:52:25;3.301;0.029;466.3;29.8;;;;;;;;;;;;;;;;;;
 ;03:52:26;3.301;0.029;466.3;29.8;;;;;;;;;;;;;;;;;;
 ;03:52:27;3.301;0.029;466.3;29.8;;;;;;;;;;;;;;;;;;
 ;03:52:28;3.301;0.029;466.4;29.8;;;;;;;;;;;;;;;;;;
 ;03:52:29;3.301;0.029;466.4;29.8;;;;;;;;;;;;;;;;;;
 ;03:52:30;3.301;0.029;466.4;29.8;;;;;;;;;;;;;;;;;;
 ;03:52:31;3.301;0.029;466.4;29.8;;;;;;;;;;;;;;;;;;
 ;03:52:32;3.301;0.029;466.4;29.8;;;;;;;;;;;;;;;;;;
 ;03:52:33;3.300;0.029;466.4;29.8;;;;;;;;;;;;;;;;;;
 ;03:52:34;3.300;0.030;466.4;29.8;;;;;;;;;;;;;;;;;;
 ;03:52:35;3.300;0.030;466.4;29.8;;;;;;;;;;;;;;;;;;
 ;03:52:36;3.300;0.029;466.4;29.8;;;;;;;;;;;;;;;;;;
 ;03:52:37;3.301;0.029;466.4;29.8;;;;;;;;;;;;;;;;;;
 ;03:52:38;3.301;0.029;466.4;29.8;;;;;;;;;;;;;;;;;;
 ;03:52:39;3.301;0.028;466.4;29.8;;;;;;;;;;;;;;;;;;
 ;03:52:40;3.301;0.029;466.5;29.8;;;;;;;;;;;;;;;;;;
 ;03:52:41;3.300;0.029;466.5;29.8;;;;;;;;;;;;;;;;;;
 ;03:52:42;3.301;0.029;466.5;29.8;;;;;;;;;;;;;;;;;;
 ;03:52:43;3.301;0.029;466.5;29.8;;;;;;;;;;;;;;;;;;
 ;03:52:44;3.301;0.029;466.5;29.8;;;;;;;;;;;;;;;;;;
 ;03:52:45;3.301;0.028;466.5;29.8;;;;;;;;;;;;;;;;;;
 ;03:52:46;3.301;0.029;466.5;29.8;;;;;;;;;;;;;;;;;;
 ;03:52:47;3.301;0.029;466.5;29.8;;;;;;;;;;;;;;;;;;
 ;03:52:48;3.301;0.028;466.5;29.8;;;;;;;;;;;;;;;;;;
 ;03:52:49;3.301;0.028;466.5;29.8;;;;;;;;;;;;;;;;;;
 ;03:52:50;3.301;0.028;466.5;29.8;;;;;;;;;;;;;;;;;;
 ;03:52:51;3.301;0.028;466.5;29.8;;;;;;;;;;;;;;;;;;
 ;03:52:52;3.301;0.028;466.5;29.8;;;;;;;;;;;;;;;;;;
 ;03:52:53;3.301;0.029;466.6;29.8;;;;;;;;;;;;;;;;;;
 ;03:52:54;3.301;0.028;466.6;29.8;;;;;;;;;;;;;;;;;;
 ;03:52:55;3.301;0.028;466.6;29.8;;;;;;;;;;;;;;;;;;
 ;03:52:56;3.300;0.028;466.6;29.8;;;;;;;;;;;;;;;;;;
 ;03:52:57;3.301;0.028;466.6;29.8;;;;;;;;;;;;;;;;;;
 ;03:52:58;3.301;0.028;466.6;29.8;;;;;;;;;;;;;;;;;;
 ;03:52:59;3.301;0.028;466.6;29.8;;;;;;;;;;;;;;;;;;
 ;03:53:00;3.300;0.028;466.6;29.8;;;;;;;;;;;;;;;;;;
 ;03:53:01;3.300;0.028;466.6;29.8;;;;;;;;;;;;;;;;;;
 ;03:53:02;3.301;0.028;466.6;29.8;;;;;;;;;;;;;;;;;;
 ;03:53:03;3.301;0.028;466.6;29.8;;;;;;;;;;;;;;;;;;
 ;03:53:04;3.301;0.028;466.6;29.8;;;;;;;;;;;;;;;;;;
 ;03:53:05;3.300;0.028;466.7;29.8;;;;;;;;;;;;;;;;;;
 ;03:53:06;3.301;0.028;466.7;29.8;;;;;;;;;;;;;;;;;;
 ;03:53:07;3.301;0.028;466.7;29.8;;;;;;;;;;;;;;;;;;
 ;03:53:08;3.301;0.028;466.7;29.8;;;;;;;;;;;;;;;;;;
 ;03:53:09;3.301;0.028;466.7;29.8;;;;;;;;;;;;;;;;;;
 ;03:53:10;3.300;0.028;466.7;29.8;;;;;;;;;;;;;;;;;;
 ;03:53:11;3.301;0.028;466.7;29.8;;;;;;;;;;;;;;;;;;
 ;03:53:12;3.301;0.028;466.7;29.8;;;;;;;;;;;;;;;;;;
 ;03:53:13;3.301;0.028;466.7;29.8;;;;;;;;;;;;;;;;;;
 ;03:53:14;3.300;0.028;466.7;29.8;;;;;;;;;;;;;;;;;;
 ;03:53:15;3.300;0.028;466.7;29.8;;;;;;;;;;;;;;;;;;
 ;03:53:16;3.301;0.028;466.7;29.8;;;;;;;;;;;;;;;;;;
 ;03:53:17;3.301;0.028;466.7;29.8;;;;;;;;;;;;;;;;;;
 ;03:53:18;3.301;0.028;466.8;29.7;;;;;;;;;;;;;;;;;;
 ;03:53:19;3.300;0.028;466.8;29.7;;;;;;;;;;;;;;;;;;
 ;03:53:20;3.300;0.028;466.8;29.7;;;;;;;;;;;;;;;;;;
 ;03:53:21;3.301;0.028;466.8;29.7;;;;;;;;;;;;;;;;;;
 ;03:53:22;3.301;0.028;466.8;29.7;;;;;;;;;;;;;;;;;;
 ;03:53:23;3.301;0.028;466.8;29.7;;;;;;;;;;;;;;;;;;
 ;03:53:24;3.300;0.028;466.8;29.7;;;;;;;;;;;;;;;;;;
 ;03:53:25;3.300;0.028;466.8;29.7;;;;;;;;;;;;;;;;;;
 ;03:53:26;3.300;0.028;466.8;29.7;;;;;;;;;;;;;;;;;;
 ;03:53:27;3.301;0.028;466.8;29.7;;;;;;;;;;;;;;;;;;
 ;03:53:28;3.301;0.028;466.8;29.7;;;;;;;;;;;;;;;;;;
 ;03:53:29;3.301;0.028;466.8;29.7;;;;;;;;;;;;;;;;;;
 ;03:53:30;3.301;0.028;466.8;29.7;;;;;;;;;;;;;;;;;;
 ;03:53:31;3.301;0.028;466.9;29.7;;;;;;;;;;;;;;;;;;
 ;03:53:32;3.301;0.028;466.9;29.7;;;;;;;;;;;;;;;;;;
 ;03:53:33;3.301;0.028;466.9;29.7;;;;;;;;;;;;;;;;;;
 ;03:53:34;3.301;0.028;466.9;29.7;;;;;;;;;;;;;;;;;;
 ;03:53:35;3.301;0.028;466.9;29.7;;;;;;;;;;;;;;;;;;
 ;03:53:36;3.300;0.028;466.9;29.7;;;;;;;;;;;;;;;;;;
 ;03:53:37;3.300;0.028;466.9;29.7;;;;;;;;;;;;;;;;;;
 ;03:53:38;3.300;0.028;466.9;29.7;;;;;;;;;;;;;;;;;;
 ;03:53:39;3.300;0.028;466.9;29.7;;;;;;;;;;;;;;;;;;
 ;03:53:40;3.301;0.028;466.9;29.7;;;;;;;;;;;;;;;;;;
 ;03:53:41;3.301;0.028;466.9;29.7;;;;;;;;;;;;;;;;;;
 ;03:53:42;3.301;0.028;466.9;29.7;;;;;;;;;;;;;;;;;;
 ;03:53:43;3.301;0.028;467.0;29.7;;;;;;;;;;;;;;;;;;
 ;03:53:44;3.301;0.028;467.0;29.7;;;;;;;;;;;;;;;;;;
 ;03:53:45;3.301;0.027;467.0;29.7;;;;;;;;;;;;;;;;;;
 ;03:53:46;3.301;0.028;467.0;29.7;;;;;;;;;;;;;;;;;;
 ;03:53:47;3.301;0.028;467.0;29.7;;;;;;;;;;;;;;;;;;
 ;03:53:48;3.301;0.028;467.0;29.7;;;;;;;;;;;;;;;;;;
 ;03:53:49;3.301;0.028;467.0;29.7;;;;;;;;;;;;;;;;;;
 ;03:53:50;3.300;0.028;467.0;29.7;;;;;;;;;;;;;;;;;;
 ;03:53:51;3.300;0.028;467.0;29.7;;;;;;;;;;;;;;;;;;
 ;03:53:52;3.300;0.028;467.0;29.7;;;;;;;;;;;;;;;;;;
 ;03:53:53;3.300;0.028;467.0;29.7;;;;;;;;;;;;;;;;;;
 ;03:53:54;3.300;0.028;467.0;29.7;;;;;;;;;;;;;;;;;;
 ;03:53:55;3.300;0.028;467.0;29.7;;;;;;;;;;;;;;;;;;
 ;03:53:56;3.300;0.028;467.1;29.7;;;;;;;;;;;;;;;;;;
 ;03:53:57;3.300;0.028;467.1;29.7;;;;;;;;;;;;;;;;;;
 ;03:53:58;3.300;0.028;467.1;29.7;;;;;;;;;;;;;;;;;;
 ;03:53:59;3.300;0.028;467.1;29.7;;;;;;;;;;;;;;;;;;
 ;03:54:00;3.300;0.028;467.1;29.7;;;;;;;;;;;;;;;;;;
 ;03:54:01;3.300;0.028;467.1;29.7;;;;;;;;;;;;;;;;;;
 ;03:54:02;3.301;0.027;467.1;29.7;;;;;;;;;;;;;;;;;;
 ;03:54:03;3.301;0.027;467.1;29.7;;;;;;;;;;;;;;;;;;
 ;03:54:04;3.301;0.027;467.1;29.7;;;;;;;;;;;;;;;;;;
 ;03:54:05;3.301;0.027;467.1;29.7;;;;;;;;;;;;;;;;;;
 ;03:54:06;3.301;0.027;467.1;29.7;;;;;;;;;;;;;;;;;;
 ;03:54:07;3.301;0.027;467.1;29.7;;;;;;;;;;;;;;;;;;
 ;03:54:08;3.301;0.027;467.1;29.7;;;;;;;;;;;;;;;;;;
 ;03:54:09;3.301;0.028;467.2;29.7;;;;;;;;;;;;;;;;;;
 ;03:54:10;3.300;0.028;467.2;29.7;;;;;;;;;;;;;;;;;;
 ;03:54:11;3.300;0.028;467.2;29.7;;;;;;;;;;;;;;;;;;
 ;03:54:12;3.300;0.028;467.2;29.7;;;;;;;;;;;;;;;;;;
 ;03:54:13;3.301;0.027;467.2;29.7;;;;;;;;;;;;;;;;;;
 ;03:54:14;3.301;0.027;467.2;29.7;;;;;;;;;;;;;;;;;;
 ;03:54:15;3.301;0.027;467.2;29.7;;;;;;;;;;;;;;;;;;
 ;03:54:16;3.301;0.027;467.2;29.7;;;;;;;;;;;;;;;;;;
 ;03:54:17;3.301;0.028;467.2;29.7;;;;;;;;;;;;;;;;;;
 ;03:54:18;3.300;0.028;467.2;29.7;;;;;;;;;;;;;;;;;;
 ;03:54:19;3.301;0.027;467.2;29.7;;;;;;;;;;;;;;;;;;
 ;03:54:20;3.301;0.027;467.2;29.7;;;;;;;;;;;;;;;;;;
 ;03:54:21;3.301;0.027;467.2;29.7;;;;;;;;;;;;;;;;;;
 ;03:54:22;3.301;0.027;467.3;29.7;;;;;;;;;;;;;;;;;;
 ;03:54:23;3.301;0.028;467.3;29.7;;;;;;;;;;;;;;;;;;
 ;03:54:24;3.300;0.028;467.3;29.7;;;;;;;;;;;;;;;;;;
 ;03:54:25;3.301;0.027;467.3;29.7;;;;;;;;;;;;;;;;;;
 ;03:54:26;3.301;0.027;467.3;29.7;;;;;;;;;;;;;;;;;;
 ;03:54:27;3.301;0.027;467.3;29.7;;;;;;;;;;;;;;;;;;
 ;03:54:28;3.301;0.027;467.3;29.7;;;;;;;;;;;;;;;;;;
 ;03:54:29;3.301;0.027;467.3;29.7;;;;;;;;;;;;;;;;;;
 ;03:54:30;3.301;0.027;467.3;29.7;;;;;;;;;;;;;;;;;;
 ;03:54:31;3.301;0.027;467.3;29.7;;;;;;;;;;;;;;;;;;
 ;03:54:32;3.301;0.027;467.3;29.7;;;;;;;;;;;;;;;;;;
 ;03:54:33;3.301;0.027;467.3;29.7;;;;;;;;;;;;;;;;;;
 ;03:54:34;3.301;0.027;467.3;29.7;;;;;;;;;;;;;;;;;;
 ;03:54:35;3.301;0.027;467.4;29.7;;;;;;;;;;;;;;;;;;
 ;03:54:36;3.301;0.027;467.4;29.7;;;;;;;;;;;;;;;;;;
 ;03:54:37;3.301;0.027;467.4;29.7;;;;;;;;;;;;;;;;;;
 ;03:54:38;3.301;0.027;467.4;29.7;;;;;;;;;;;;;;;;;;
 ;03:54:39;3.301;0.027;467.4;29.7;;;;;;;;;;;;;;;;;;
 ;03:54:40;3.301;0.027;467.4;29.7;;;;;;;;;;;;;;;;;;
 ;03:54:41;3.301;0.027;467.4;29.7;;;;;;;;;;;;;;;;;;
 ;03:54:42;3.301;0.027;467.4;29.7;;;;;;;;;;;;;;;;;;
 ;03:54:43;3.301;0.027;467.4;29.7;;;;;;;;;;;;;;;;;;
 ;03:54:44;3.301;0.027;467.4;29.7;;;;;;;;;;;;;;;;;;
 ;03:54:45;3.301;0.027;467.4;29.7;;;;;;;;;;;;;;;;;;
 ;03:54:46;3.301;0.027;467.4;29.7;;;;;;;;;;;;;;;;;;
 ;03:54:47;3.301;0.027;467.4;29.7;;;;;;;;;;;;;;;;;;
 ;03:54:48;3.301;0.027;467.5;29.7;;;;;;;;;;;;;;;;;;
 ;03:54:49;3.301;0.027;467.5;29.7;;;;;;;;;;;;;;;;;;
 ;03:54:50;3.301;0.027;467.5;29.7;;;;;;;;;;;;;;;;;;
 ;03:54:51;3.301;0.027;467.5;29.7;;;;;;;;;;;;;;;;;;
 ;03:54:52;3.301;0.027;467.5;29.7;;;;;;;;;;;;;;;;;;
 ;03:54:53;3.301;0.027;467.5;29.7;;;;;;;;;;;;;;;;;;
 ;03:54:54;3.301;0.027;467.5;29.7;;;;;;;;;;;;;;;;;;
 ;03:54:55;3.301;0.027;467.5;29.7;;;;;;;;;;;;;;;;;;
 ;03:54:56;3.301;0.027;467.5;29.7;;;;;;;;;;;;;;;;;;
 ;03:54:57;3.301;0.027;467.5;29.7;;;;;;;;;;;;;;;;;;
 ;03:54:58;3.301;0.027;467.5;29.7;;;;;;;;;;;;;;;;;;
 ;03:54:59;3.301;0.027;467.5;29.7;;;;;;;;;;;;;;;;;;
 ;03:55:00;3.301;0.027;467.5;29.7;;;;;;;;;;;;;;;;;;
 ;03:55:01;3.301;0.027;467.6;29.7;;;;;;;;;;;;;;;;;;
 ;03:55:02;3.301;0.027;467.6;29.7;;;;;;;;;;;;;;;;;;
 ;03:55:03;3.301;0.027;467.6;29.7;;;;;;;;;;;;;;;;;;
 ;03:55:04;3.301;0.027;467.6;29.7;;;;;;;;;;;;;;;;;;
 ;03:55:05;3.301;0.027;467.6;29.7;;;;;;;;;;;;;;;;;;
 ;03:55:06;3.300;0.027;467.6;29.7;;;;;;;;;;;;;;;;;;
 ;03:55:07;3.300;0.027;467.6;29.7;;;;;;;;;;;;;;;;;;
 ;03:55:08;3.301;0.027;467.6;29.7;;;;;;;;;;;;;;;;;;
 ;03:55:09;3.301;0.027;467.6;29.7;;;;;;;;;;;;;;;;;;
 ;03:55:10;3.301;0.027;467.6;29.7;;;;;;;;;;;;;;;;;;
 ;03:55:11;3.301;0.027;467.6;29.7;;;;;;;;;;;;;;;;;;
 ;03:55:12;3.301;0.026;467.6;29.7;;;;;;;;;;;;;;;;;;
 ;03:55:13;3.301;0.027;467.6;29.7;;;;;;;;;;;;;;;;;;
 ;03:55:14;3.301;0.027;467.7;29.7;;;;;;;;;;;;;;;;;;
 ;03:55:15;3.301;0.027;467.7;29.7;;;;;;;;;;;;;;;;;;
 ;03:55:16;3.301;0.027;467.7;29.7;;;;;;;;;;;;;;;;;;
 ;03:55:17;3.301;0.027;467.7;29.7;;;;;;;;;;;;;;;;;;
 ;03:55:18;3.300;0.027;467.7;29.7;;;;;;;;;;;;;;;;;;
 ;03:55:19;3.301;0.027;467.7;29.7;;;;;;;;;;;;;;;;;;
 ;03:55:20;3.301;0.027;467.7;29.7;;;;;;;;;;;;;;;;;;
 ;03:55:21;3.301;0.027;467.7;29.7;;;;;;;;;;;;;;;;;;
 ;03:55:22;3.300;0.027;467.7;29.7;;;;;;;;;;;;;;;;;;
 ;03:55:23;3.300;0.027;467.7;29.7;;;;;;;;;;;;;;;;;;
 ;03:55:24;3.300;0.027;467.7;29.7;;;;;;;;;;;;;;;;;;
 ;03:55:25;3.301;0.027;467.7;29.7;;;;;;;;;;;;;;;;;;
 ;03:55:26;3.301;0.026;467.7;29.7;;;;;;;;;;;;;;;;;;
 ;03:55:27;3.301;0.026;467.8;29.7;;;;;;;;;;;;;;;;;;
 ;03:55:28;3.301;0.026;467.8;29.7;;;;;;;;;;;;;;;;;;
 ;03:55:29;3.301;0.026;467.8;29.7;;;;;;;;;;;;;;;;;;
 ;03:55:30;3.301;0.027;467.8;29.7;;;;;;;;;;;;;;;;;;
 ;03:55:31;3.300;0.027;467.8;29.7;;;;;;;;;;;;;;;;;;
 ;03:55:32;3.300;0.027;467.8;29.7;;;;;;;;;;;;;;;;;;
 ;03:55:33;3.301;0.027;467.8;29.7;;;;;;;;;;;;;;;;;;
 ;03:55:34;3.301;0.026;467.8;29.7;;;;;;;;;;;;;;;;;;
 ;03:55:35;3.301;0.026;467.8;29.7;;;;;;;;;;;;;;;;;;
 ;03:55:36;3.301;0.027;467.8;29.7;;;;;;;;;;;;;;;;;;
 ;03:55:37;3.300;0.027;467.8;29.7;;;;;;;;;;;;;;;;;;
 ;03:55:38;3.301;0.026;467.8;29.7;;;;;;;;;;;;;;;;;;
 ;03:55:39;3.301;0.026;467.8;29.7;;;;;;;;;;;;;;;;;;
 ;03:55:40;3.301;0.026;467.9;29.7;;;;;;;;;;;;;;;;;;
 ;03:55:41;3.301;0.026;467.9;29.7;;;;;;;;;;;;;;;;;;
 ;03:55:42;3.301;0.026;467.9;29.7;;;;;;;;;;;;;;;;;;
 ;03:55:43;3.301;0.026;467.9;29.7;;;;;;;;;;;;;;;;;;
 ;03:55:44;3.301;0.027;467.9;29.7;;;;;;;;;;;;;;;;;;
 ;03:55:45;3.301;0.027;467.9;29.7;;;;;;;;;;;;;;;;;;
 ;03:55:46;3.301;0.026;467.9;29.7;;;;;;;;;;;;;;;;;;
 ;03:55:47;3.301;0.026;467.9;29.7;;;;;;;;;;;;;;;;;;
 ;03:55:48;3.301;0.026;467.9;29.7;;;;;;;;;;;;;;;;;;
 ;03:55:49;3.301;0.026;467.9;29.7;;;;;;;;;;;;;;;;;;
 ;03:55:50;3.301;0.026;467.9;29.7;;;;;;;;;;;;;;;;;;
 ;03:55:51;3.301;0.026;467.9;29.7;;;;;;;;;;;;;;;;;;
 ;03:55:52;3.301;0.026;467.9;29.7;;;;;;;;;;;;;;;;;;
 ;03:55:53;3.301;0.026;467.9;29.7;;;;;;;;;;;;;;;;;;
 ;03:55:54;3.301;0.026;468.0;29.7;;;;;;;;;;;;;;;;;;
 ;03:55:55;3.301;0.026;468.0;29.7;;;;;;;;;;;;;;;;;;
 ;03:55:56;3.301;0.026;468.0;29.7;;;;;;;;;;;;;;;;;;
 ;03:55:57;3.301;0.026;468.0;29.7;;;;;;;;;;;;;;;;;;
 ;03:55:58;3.301;0.026;468.0;29.7;;;;;;;;;;;;;;;;;;
 ;03:55:59;3.301;0.026;468.0;29.7;;;;;;;;;;;;;;;;;;
 ;03:56:00;3.301;0.026;468.0;29.7;;;;;;;;;;;;;;;;;;
 ;03:56:01;3.301;0.026;468.0;29.7;;;;;;;;;;;;;;;;;;
 ;03:56:02;3.301;0.026;468.0;29.7;;;;;;;;;;;;;;;;;;
 ;03:56:03;3.301;0.026;468.0;29.7;;;;;;;;;;;;;;;;;;
 ;03:56:04;3.301;0.026;468.0;29.7;;;;;;;;;;;;;;;;;;
 ;03:56:05;3.301;0.026;468.0;29.7;;;;;;;;;;;;;;;;;;
 ;03:56:06;3.301;0.026;468.0;29.7;;;;;;;;;;;;;;;;;;
 ;03:56:07;3.301;0.026;468.1;29.7;;;;;;;;;;;;;;;;;;
 ;03:56:08;3.301;0.026;468.1;29.7;;;;;;;;;;;;;;;;;;
 ;03:56:09;3.301;0.026;468.1;29.7;;;;;;;;;;;;;;;;;;
 ;03:56:10;3.301;0.026;468.1;29.7;;;;;;;;;;;;;;;;;;
 ;03:56:11;3.301;0.026;468.1;29.7;;;;;;;;;;;;;;;;;;
 ;03:56:12;3.301;0.026;468.1;29.7;;;;;;;;;;;;;;;;;;
 ;03:56:13;3.301;0.026;468.1;29.7;;;;;;;;;;;;;;;;;;
 ;03:56:14;3.301;0.026;468.1;29.7;;;;;;;;;;;;;;;;;;
 ;03:56:15;3.301;0.026;468.1;29.7;;;;;;;;;;;;;;;;;;
 ;03:56:16;3.301;0.026;468.1;29.7;;;;;;;;;;;;;;;;;;
 ;03:56:17;3.301;0.026;468.1;29.7;;;;;;;;;;;;;;;;;;
 ;03:56:18;3.301;0.026;468.1;29.7;;;;;;;;;;;;;;;;;;
 ;03:56:19;3.301;0.026;468.1;29.7;;;;;;;;;;;;;;;;;;
 ;03:56:20;3.301;0.026;468.1;29.7;;;;;;;;;;;;;;;;;;
 ;03:56:21;3.301;0.026;468.2;29.7;;;;;;;;;;;;;;;;;;
 ;03:56:22;3.301;0.026;468.2;29.7;;;;;;;;;;;;;;;;;;
 ;03:56:23;3.301;0.026;468.2;29.7;;;;;;;;;;;;;;;;;;
 ;03:56:24;3.301;0.026;468.2;29.7;;;;;;;;;;;;;;;;;;
 ;03:56:25;3.301;0.026;468.2;29.7;;;;;;;;;;;;;;;;;;
 ;03:56:26;3.301;0.025;468.2;29.7;;;;;;;;;;;;;;;;;;
 ;03:56:27;3.301;0.025;468.2;29.7;;;;;;;;;;;;;;;;;;
 ;03:56:28;3.301;0.025;468.2;29.7;;;;;;;;;;;;;;;;;;
 ;03:56:29;3.301;0.026;468.2;29.7;;;;;;;;;;;;;;;;;;
 ;03:56:30;3.301;0.026;468.2;29.7;;;;;;;;;;;;;;;;;;
 ;03:56:31;3.301;0.026;468.2;29.7;;;;;;;;;;;;;;;;;;
 ;03:56:32;3.301;0.026;468.2;29.7;;;;;;;;;;;;;;;;;;
 ;03:56:33;3.300;0.026;468.2;29.7;;;;;;;;;;;;;;;;;;
 ;03:56:34;3.300;0.026;468.2;29.7;;;;;;;;;;;;;;;;;;
 ;03:56:35;3.301;0.026;468.3;29.7;;;;;;;;;;;;;;;;;;
 ;03:56:36;3.301;0.026;468.3;29.7;;;;;;;;;;;;;;;;;;
 ;03:56:37;3.301;0.026;468.3;29.7;;;;;;;;;;;;;;;;;;
 ;03:56:38;3.301;0.025;468.3;29.7;;;;;;;;;;;;;;;;;;
 ;03:56:39;3.301;0.025;468.3;29.7;;;;;;;;;;;;;;;;;;
 ;03:56:40;3.301;0.025;468.3;29.7;;;;;;;;;;;;;;;;;;
 ;03:56:41;3.301;0.025;468.3;29.7;;;;;;;;;;;;;;;;;;
 ;03:56:42;3.301;0.026;468.3;29.7;;;;;;;;;;;;;;;;;;
 ;03:56:43;3.301;0.026;468.3;29.7;;;;;;;;;;;;;;;;;;
 ;03:56:44;3.300;0.026;468.3;29.7;;;;;;;;;;;;;;;;;;
 ;03:56:45;3.300;0.026;468.3;29.7;;;;;;;;;;;;;;;;;;
 ;03:56:46;3.300;0.026;468.3;29.6;;;;;;;;;;;;;;;;;;
 ;03:56:47;3.301;0.026;468.3;29.6;;;;;;;;;;;;;;;;;;
 ;03:56:48;3.301;0.025;468.4;29.6;;;;;;;;;;;;;;;;;;
 ;03:56:49;3.301;0.025;468.4;29.6;;;;;;;;;;;;;;;;;;
 ;03:56:50;3.301;0.025;468.4;29.6;;;;;;;;;;;;;;;;;;
 ;03:56:51;3.301;0.026;468.4;29.6;;;;;;;;;;;;;;;;;;
 ;03:56:52;3.301;0.026;468.4;29.6;;;;;;;;;;;;;;;;;;
 ;03:56:53;3.301;0.025;468.4;29.6;;;;;;;;;;;;;;;;;;
 ;03:56:54;3.301;0.025;468.4;29.6;;;;;;;;;;;;;;;;;;
 ;03:56:55;3.301;0.025;468.4;29.6;;;;;;;;;;;;;;;;;;
 ;03:56:56;3.301;0.026;468.4;29.6;;;;;;;;;;;;;;;;;;
 ;03:56:57;3.301;0.025;468.4;29.6;;;;;;;;;;;;;;;;;;
 ;03:56:58;3.301;0.025;468.4;29.6;;;;;;;;;;;;;;;;;;
 ;03:56:59;3.301;0.025;468.4;29.6;;;;;;;;;;;;;;;;;;
 ;03:57:00;3.301;0.025;468.4;29.6;;;;;;;;;;;;;;;;;;
 ;03:57:01;3.301;0.025;468.4;29.6;;;;;;;;;;;;;;;;;;
 ;03:57:02;3.301;0.025;468.5;29.6;;;;;;;;;;;;;;;;;;
 ;03:57:03;3.301;0.025;468.5;29.6;;;;;;;;;;;;;;;;;;
 ;03:57:04;3.301;0.026;468.5;29.6;;;;;;;;;;;;;;;;;;
 ;03:57:05;3.301;0.025;468.5;29.6;;;;;;;;;;;;;;;;;;
 ;03:57:06;3.301;0.025;468.5;29.6;;;;;;;;;;;;;;;;;;
 ;03:57:07;3.301;0.025;468.5;29.6;;;;;;;;;;;;;;;;;;
 ;03:57:08;3.301;0.025;468.5;29.6;;;;;;;;;;;;;;;;;;
 ;03:57:09;3.301;0.025;468.5;29.6;;;;;;;;;;;;;;;;;;
 ;03:57:10;3.301;0.025;468.5;29.6;;;;;;;;;;;;;;;;;;
 ;03:57:11;3.301;0.025;468.5;29.6;;;;;;;;;;;;;;;;;;
 ;03:57:12;3.301;0.025;468.5;29.6;;;;;;;;;;;;;;;;;;
 ;03:57:13;3.301;0.025;468.5;29.6;;;;;;;;;;;;;;;;;;
 ;03:57:14;3.301;0.025;468.5;29.6;;;;;;;;;;;;;;;;;;
 ;03:57:15;3.301;0.025;468.5;29.6;;;;;;;;;;;;;;;;;;
 ;03:57:16;3.301;0.025;468.5;29.6;;;;;;;;;;;;;;;;;;
 ;03:57:17;3.301;0.025;468.6;29.6;;;;;;;;;;;;;;;;;;
 ;03:57:18;3.301;0.025;468.6;29.6;;;;;;;;;;;;;;;;;;
 ;03:57:19;3.301;0.025;468.6;29.6;;;;;;;;;;;;;;;;;;
 ;03:57:20;3.301;0.025;468.6;29.6;;;;;;;;;;;;;;;;;;
 ;03:57:21;3.301;0.025;468.6;29.6;;;;;;;;;;;;;;;;;;
 ;03:57:22;3.301;0.025;468.6;29.6;;;;;;;;;;;;;;;;;;
 ;03:57:23;3.301;0.025;468.6;29.6;;;;;;;;;;;;;;;;;;
 ;03:57:24;3.301;0.025;468.6;29.6;;;;;;;;;;;;;;;;;;
 ;03:57:25;3.301;0.025;468.6;29.6;;;;;;;;;;;;;;;;;;
 ;03:57:26;3.301;0.025;468.6;29.6;;;;;;;;;;;;;;;;;;
 ;03:57:27;3.301;0.025;468.6;29.6;;;;;;;;;;;;;;;;;;
 ;03:57:28;3.301;0.025;468.6;29.6;;;;;;;;;;;;;;;;;;
 ;03:57:29;3.301;0.025;468.6;29.6;;;;;;;;;;;;;;;;;;
 ;03:57:30;3.301;0.025;468.6;29.6;;;;;;;;;;;;;;;;;;
 ;03:57:31;3.301;0.025;468.7;29.6;;;;;;;;;;;;;;;;;;
 ;03:57:32;3.301;0.025;468.7;29.6;;;;;;;;;;;;;;;;;;
 ;03:57:33;3.301;0.025;468.7;29.6;;;;;;;;;;;;;;;;;;
 ;03:57:34;3.301;0.025;468.7;29.6;;;;;;;;;;;;;;;;;;
 ;03:57:35;3.301;0.025;468.7;29.6;;;;;;;;;;;;;;;;;;
 ;03:57:36;3.301;0.025;468.7;29.6;;;;;;;;;;;;;;;;;;
 ;03:57:37;3.301;0.025;468.7;29.6;;;;;;;;;;;;;;;;;;
 ;03:57:38;3.301;0.025;468.7;29.6;;;;;;;;;;;;;;;;;;
 ;03:57:39;3.301;0.025;468.7;29.6;;;;;;;;;;;;;;;;;;
 ;03:57:40;3.301;0.025;468.7;29.6;;;;;;;;;;;;;;;;;;
 ;03:57:41;3.301;0.025;468.7;29.6;;;;;;;;;;;;;;;;;;
 ;03:57:42;3.301;0.025;468.7;29.6;;;;;;;;;;;;;;;;;;
 ;03:57:43;3.301;0.025;468.7;29.6;;;;;;;;;;;;;;;;;;
 ;03:57:44;3.301;0.025;468.7;29.6;;;;;;;;;;;;;;;;;;
 ;03:57:45;3.301;0.025;468.8;29.6;;;;;;;;;;;;;;;;;;
 ;03:57:46;3.301;0.025;468.8;29.6;;;;;;;;;;;;;;;;;;
 ;03:57:47;3.301;0.025;468.8;29.6;;;;;;;;;;;;;;;;;;
 ;03:57:48;3.301;0.025;468.8;29.6;;;;;;;;;;;;;;;;;;
 ;03:57:49;3.301;0.025;468.8;29.6;;;;;;;;;;;;;;;;;;
 ;03:57:50;3.301;0.025;468.8;29.6;;;;;;;;;;;;;;;;;;
 ;03:57:51;3.301;0.025;468.8;29.6;;;;;;;;;;;;;;;;;;
 ;03:57:52;3.300;0.025;468.8;29.6;;;;;;;;;;;;;;;;;;
 ;03:57:53;3.301;0.025;468.8;29.6;;;;;;;;;;;;;;;;;;
 ;03:57:54;3.301;0.024;468.8;29.6;;;;;;;;;;;;;;;;;;
 ;03:57:55;3.301;0.025;468.8;29.6;;;;;;;;;;;;;;;;;;
 ;03:57:56;3.301;0.025;468.8;29.6;;;;;;;;;;;;;;;;;;
 ;03:57:57;3.300;0.025;468.8;29.6;;;;;;;;;;;;;;;;;;
 ;03:57:58;3.300;0.025;468.8;29.6;;;;;;;;;;;;;;;;;;
 ;03:57:59;3.300;0.025;468.9;29.6;;;;;;;;;;;;;;;;;;
 ;03:58:00;3.301;0.025;468.9;29.6;;;;;;;;;;;;;;;;;;
 ;03:58:01;3.301;0.024;468.9;29.6;;;;;;;;;;;;;;;;;;
 ;03:58:02;3.301;0.024;468.9;29.6;;;;;;;;;;;;;;;;;;
 ;03:58:03;3.301;0.024;468.9;29.6;;;;;;;;;;;;;;;;;;
 ;03:58:04;3.301;0.024;468.9;29.6;;;;;;;;;;;;;;;;;;
 ;03:58:05;3.301;0.025;468.9;29.6;;;;;;;;;;;;;;;;;;
 ;03:58:06;3.301;0.025;468.9;29.6;;;;;;;;;;;;;;;;;;
 ;03:58:07;3.300;0.025;468.9;29.6;;;;;;;;;;;;;;;;;;
 ;03:58:08;3.300;0.025;468.9;29.6;;;;;;;;;;;;;;;;;;
 ;03:58:09;3.300;0.025;468.9;29.6;;;;;;;;;;;;;;;;;;
 ;03:58:10;3.301;0.025;468.9;29.6;;;;;;;;;;;;;;;;;;
 ;03:58:11;3.301;0.024;468.9;29.6;;;;;;;;;;;;;;;;;;
 ;03:58:12;3.301;0.024;468.9;29.6;;;;;;;;;;;;;;;;;;
 ;03:58:13;3.301;0.024;468.9;29.6;;;;;;;;;;;;;;;;;;
 ;03:58:14;3.301;0.024;469.0;29.6;;;;;;;;;;;;;;;;;;
 ;03:58:15;3.301;0.024;469.0;29.6;;;;;;;;;;;;;;;;;;
 ;03:58:16;3.301;0.024;469.0;29.6;;;;;;;;;;;;;;;;;;
 ;03:58:17;3.301;0.024;469.0;29.6;;;;;;;;;;;;;;;;;;
 ;03:58:18;3.301;0.024;469.0;29.6;;;;;;;;;;;;;;;;;;
 ;03:58:19;3.300;0.025;469.0;29.6;;;;;;;;;;;;;;;;;;
 ;03:58:20;3.301;0.024;469.0;29.6;;;;;;;;;;;;;;;;;;
 ;03:58:21;3.301;0.024;469.0;29.6;;;;;;;;;;;;;;;;;;
 ;03:58:22;3.301;0.024;469.0;29.6;;;;;;;;;;;;;;;;;;
 ;03:58:23;3.301;0.024;469.0;29.6;;;;;;;;;;;;;;;;;;
 ;03:58:24;3.301;0.024;469.0;29.6;;;;;;;;;;;;;;;;;;
 ;03:58:25;3.301;0.024;469.0;29.6;;;;;;;;;;;;;;;;;;
 ;03:58:26;3.301;0.024;469.0;29.6;;;;;;;;;;;;;;;;;;
 ;03:58:27;3.301;0.024;469.0;29.6;;;;;;;;;;;;;;;;;;
 ;03:58:28;3.301;0.024;469.1;29.6;;;;;;;;;;;;;;;;;;
 ;03:58:29;3.301;0.024;469.1;29.6;;;;;;;;;;;;;;;;;;
 ;03:58:30;3.301;0.024;469.1;29.6;;;;;;;;;;;;;;;;;;
 ;03:58:31;3.301;0.024;469.1;29.6;;;;;;;;;;;;;;;;;;
 ;03:58:32;3.301;0.024;469.1;29.6;;;;;;;;;;;;;;;;;;
 ;03:58:33;3.301;0.024;469.1;29.6;;;;;;;;;;;;;;;;;;
 ;03:58:34;3.301;0.024;469.1;29.6;;;;;;;;;;;;;;;;;;
 ;03:58:35;3.301;0.024;469.1;29.6;;;;;;;;;;;;;;;;;;
 ;03:58:36;3.301;0.024;469.1;29.6;;;;;;;;;;;;;;;;;;
 ;03:58:37;3.301;0.024;469.1;29.6;;;;;;;;;;;;;;;;;;
 ;03:58:38;3.301;0.024;469.1;29.6;;;;;;;;;;;;;;;;;;
 ;03:58:39;3.301;0.024;469.1;29.6;;;;;;;;;;;;;;;;;;
 ;03:58:40;3.301;0.024;469.1;29.6;;;;;;;;;;;;;;;;;;
 ;03:58:41;3.301;0.024;469.1;29.6;;;;;;;;;;;;;;;;;;
 ;03:58:42;3.301;0.024;469.1;29.6;;;;;;;;;;;;;;;;;;
 ;03:58:43;3.301;0.024;469.2;29.6;;;;;;;;;;;;;;;;;;
 ;03:58:44;3.301;0.024;469.2;29.6;;;;;;;;;;;;;;;;;;
 ;03:58:45;3.301;0.024;469.2;29.6;;;;;;;;;;;;;;;;;;
 ;03:58:46;3.301;0.024;469.2;29.6;;;;;;;;;;;;;;;;;;
 ;03:58:47;3.301;0.024;469.2;29.6;;;;;;;;;;;;;;;;;;
 ;03:58:48;3.301;0.024;469.2;29.6;;;;;;;;;;;;;;;;;;
 ;03:58:49;3.301;0.024;469.2;29.6;;;;;;;;;;;;;;;;;;
 ;03:58:50;3.301;0.024;469.2;29.6;;;;;;;;;;;;;;;;;;
 ;03:58:51;3.301;0.024;469.2;29.6;;;;;;;;;;;;;;;;;;
 ;03:58:52;3.301;0.024;469.2;29.6;;;;;;;;;;;;;;;;;;
 ;03:58:53;3.301;0.024;469.2;29.6;;;;;;;;;;;;;;;;;;
 ;03:58:54;3.301;0.024;469.2;29.6;;;;;;;;;;;;;;;;;;
 ;03:58:55;3.301;0.024;469.2;29.6;;;;;;;;;;;;;;;;;;
 ;03:58:56;3.301;0.024;469.2;29.6;;;;;;;;;;;;;;;;;;
 ;03:58:57;3.301;0.024;469.2;29.6;;;;;;;;;;;;;;;;;;
 ;03:58:58;3.301;0.024;469.3;29.6;;;;;;;;;;;;;;;;;;
 ;03:58:59;3.301;0.024;469.3;29.6;;;;;;;;;;;;;;;;;;
 ;03:59:00;3.301;0.024;469.3;29.6;;;;;;;;;;;;;;;;;;
 ;03:59:01;3.301;0.024;469.3;29.6;;;;;;;;;;;;;;;;;;
 ;03:59:02;3.301;0.024;469.3;29.6;;;;;;;;;;;;;;;;;;
 ;03:59:03;3.301;0.024;469.3;29.6;;;;;;;;;;;;;;;;;;
 ;03:59:04;3.300;0.024;469.3;29.6;;;;;;;;;;;;;;;;;;
 ;03:59:05;3.300;0.024;469.3;29.6;;;;;;;;;;;;;;;;;;
 ;03:59:06;3.301;0.024;469.3;29.6;;;;;;;;;;;;;;;;;;
 ;03:59:07;3.301;0.024;469.3;29.6;;;;;;;;;;;;;;;;;;
 ;03:59:08;3.301;0.024;469.3;29.6;;;;;;;;;;;;;;;;;;
 ;03:59:09;3.301;0.024;469.3;29.6;;;;;;;;;;;;;;;;;;
 ;03:59:10;3.300;0.024;469.3;29.6;;;;;;;;;;;;;;;;;;
 ;03:59:11;3.300;0.024;469.3;29.6;;;;;;;;;;;;;;;;;;
 ;03:59:12;3.301;0.023;469.4;29.6;;;;;;;;;;;;;;;;;;
 ;03:59:13;3.301;0.023;469.4;29.6;;;;;;;;;;;;;;;;;;
 ;03:59:14;3.301;0.023;469.4;29.6;;;;;;;;;;;;;;;;;;
 ;03:59:15;3.301;0.023;469.4;29.6;;;;;;;;;;;;;;;;;;
 ;03:59:16;3.301;0.023;469.4;29.6;;;;;;;;;;;;;;;;;;
 ;03:59:17;3.301;0.023;469.4;29.6;;;;;;;;;;;;;;;;;;
 ;03:59:18;3.301;0.023;469.4;29.6;;;;;;;;;;;;;;;;;;
 ;03:59:19;3.301;0.023;469.4;29.6;;;;;;;;;;;;;;;;;;
 ;03:59:20;3.301;0.023;469.4;29.6;;;;;;;;;;;;;;;;;;
 ;03:59:21;3.301;0.023;469.4;29.6;;;;;;;;;;;;;;;;;;
 ;03:59:22;3.301;0.023;469.4;29.6;;;;;;;;;;;;;;;;;;
 ;03:59:23;3.301;0.023;469.4;29.6;;;;;;;;;;;;;;;;;;
 ;03:59:24;3.301;0.023;469.4;29.6;;;;;;;;;;;;;;;;;;
 ;03:59:25;3.301;0.023;469.4;29.6;;;;;;;;;;;;;;;;;;
 ;03:59:26;3.301;0.023;469.4;29.6;;;;;;;;;;;;;;;;;;
 ;03:59:27;3.301;0.023;469.5;29.6;;;;;;;;;;;;;;;;;;
 ;03:59:28;3.301;0.023;469.5;29.6;;;;;;;;;;;;;;;;;;
 ;03:59:29;3.301;0.023;469.5;29.6;;;;;;;;;;;;;;;;;;
 ;03:59:30;3.301;0.023;469.5;29.6;;;;;;;;;;;;;;;;;;
 ;03:59:31;3.301;0.023;469.5;29.6;;;;;;;;;;;;;;;;;;
 ;03:59:32;3.301;0.023;469.5;29.6;;;;;;;;;;;;;;;;;;
 ;03:59:33;3.301;0.023;469.5;29.6;;;;;;;;;;;;;;;;;;
 ;03:59:34;3.301;0.023;469.5;29.6;;;;;;;;;;;;;;;;;;
 ;03:59:35;3.301;0.023;469.5;29.6;;;;;;;;;;;;;;;;;;
 ;03:59:36;3.300;0.024;469.5;29.6;;;;;;;;;;;;;;;;;;
 ;03:59:37;3.300;0.024;469.5;29.6;;;;;;;;;;;;;;;;;;
 ;03:59:38;3.300;0.024;469.5;29.6;;;;;;;;;;;;;;;;;;
 ;03:59:39;3.300;0.024;469.5;29.6;;;;;;;;;;;;;;;;;;
 ;03:59:40;3.300;0.024;469.5;29.6;;;;;;;;;;;;;;;;;;
 ;03:59:41;3.300;0.024;469.5;29.6;;;;;;;;;;;;;;;;;;
 ;03:59:42;3.300;0.024;469.6;29.6;;;;;;;;;;;;;;;;;;
 ;03:59:43;3.300;0.024;469.6;29.6;;;;;;;;;;;;;;;;;;
 ;03:59:44;3.301;0.023;469.6;29.6;;;;;;;;;;;;;;;;;;
 ;03:59:45;3.301;0.023;469.6;29.6;;;;;;;;;;;;;;;;;;
 ;03:59:46;3.301;0.023;469.6;29.6;;;;;;;;;;;;;;;;;;
 ;03:59:47;3.301;0.023;469.6;29.6;;;;;;;;;;;;;;;;;;
 ;03:59:48;3.301;0.023;469.6;29.6;;;;;;;;;;;;;;;;;;
 ;03:59:49;3.301;0.023;469.6;29.6;;;;;;;;;;;;;;;;;;
 ;03:59:50;3.301;0.023;469.6;29.6;;;;;;;;;;;;;;;;;;
 ;03:59:51;3.301;0.023;469.6;29.6;;;;;;;;;;;;;;;;;;
 ;03:59:52;3.300;0.023;469.6;29.6;;;;;;;;;;;;;;;;;;
 ;03:59:53;3.301;0.023;469.6;29.6;;;;;;;;;;;;;;;;;;
 ;03:59:54;3.301;0.023;469.6;29.6;;;;;;;;;;;;;;;;;;
 ;03:59:55;3.301;0.023;469.6;29.6;;;;;;;;;;;;;;;;;;
 ;03:59:56;3.301;0.023;469.6;29.6;;;;;;;;;;;;;;;;;;
 ;03:59:57;3.301;0.023;469.6;29.6;;;;;;;;;;;;;;;;;;
 ;03:59:58;3.301;0.023;469.7;29.6;;;;;;;;;;;;;;;;;;
 ;03:59:59;3.301;0.023;469.7;29.6;;;;;;;;;;;;;;;;;;
 ;04:00:00;3.301;0.023;469.7;29.6;;;;;;;;;;;;;;;;;;
 ;04:00:01;3.300;0.023;469.7;29.6;;;;;;;;;;;;;;;;;;
 ;04:00:02;3.300;0.023;469.7;29.6;;;;;;;;;;;;;;;;;;
 ;04:00:03;3.301;0.023;469.7;29.6;;;;;;;;;;;;;;;;;;
 ;04:00:04;3.301;0.023;469.7;29.6;;;;;;;;;;;;;;;;;;
 ;04:00:05;3.300;0.023;469.7;29.6;;;;;;;;;;;;;;;;;;
 ;04:00:06;3.300;0.023;469.7;29.6;;;;;;;;;;;;;;;;;;
 ;04:00:07;3.301;0.023;469.7;29.6;;;;;;;;;;;;;;;;;;
 ;04:00:08;3.301;0.023;469.7;29.6;;;;;;;;;;;;;;;;;;
 ;04:00:09;3.301;0.023;469.7;29.6;;;;;;;;;;;;;;;;;;
 ;04:00:10;3.300;0.023;469.7;29.6;;;;;;;;;;;;;;;;;;
 ;04:00:11;3.300;0.023;469.7;29.6;;;;;;;;;;;;;;;;;;
 ;04:00:12;3.301;0.023;469.7;29.6;;;;;;;;;;;;;;;;;;
 ;04:00:13;3.301;0.023;469.8;29.6;;;;;;;;;;;;;;;;;;
 ;04:00:14;3.300;0.023;469.8;29.6;;;;;;;;;;;;;;;;;;
 ;04:00:15;3.300;0.023;469.8;29.6;;;;;;;;;;;;;;;;;;
 ;04:00:16;3.301;0.023;469.8;29.6;;;;;;;;;;;;;;;;;;
 ;04:00:17;3.301;0.023;469.8;29.6;;;;;;;;;;;;;;;;;;
 ;04:00:18;3.300;0.023;469.8;29.6;;;;;;;;;;;;;;;;;;
 ;04:00:19;3.301;0.023;469.8;29.6;;;;;;;;;;;;;;;;;;
 ;04:00:20;3.301;0.023;469.8;29.6;;;;;;;;;;;;;;;;;;
 ;04:00:21;3.300;0.023;469.8;29.6;;;;;;;;;;;;;;;;;;
 ;04:00:22;3.300;0.023;469.8;29.6;;;;;;;;;;;;;;;;;;
 ;04:00:23;3.301;0.023;469.8;29.6;;;;;;;;;;;;;;;;;;
 ;04:00:24;3.301;0.023;469.8;29.6;;;;;;;;;;;;;;;;;;
 ;04:00:25;3.301;0.023;469.8;29.6;;;;;;;;;;;;;;;;;;
 ;04:00:26;3.301;0.023;469.8;29.6;;;;;;;;;;;;;;;;;;
 ;04:00:27;3.301;0.023;469.8;29.6;;;;;;;;;;;;;;;;;;
 ;04:00:28;3.300;0.023;469.9;29.6;;;;;;;;;;;;;;;;;;
 ;04:00:29;3.301;0.023;469.9;29.6;;;;;;;;;;;;;;;;;;
 ;04:00:30;3.301;0.023;469.9;29.6;;;;;;;;;;;;;;;;;;
 ;04:00:31;3.301;0.023;469.9;29.6;;;;;;;;;;;;;;;;;;
 ;04:00:32;3.301;0.023;469.9;29.6;;;;;;;;;;;;;;;;;;
 ;04:00:33;3.301;0.023;469.9;29.6;;;;;;;;;;;;;;;;;;
 ;04:00:34;3.301;0.023;469.9;29.5;;;;;;;;;;;;;;;;;;
 ;04:00:35;3.300;0.023;469.9;29.5;;;;;;;;;;;;;;;;;;
 ;04:00:36;3.300;0.023;469.9;29.5;;;;;;;;;;;;;;;;;;
 ;04:00:37;3.301;0.023;469.9;29.5;;;;;;;;;;;;;;;;;;
 ;04:00:38;3.301;0.023;469.9;29.5;;;;;;;;;;;;;;;;;;
 ;04:00:39;3.301;0.023;469.9;29.6;;;;;;;;;;;;;;;;;;
 ;04:00:40;3.301;0.023;469.9;29.6;;;;;;;;;;;;;;;;;;
 ;04:00:41;3.301;0.023;469.9;29.5;;;;;;;;;;;;;;;;;;
 ;04:00:42;3.301;0.023;469.9;29.6;;;;;;;;;;;;;;;;;;
 ;04:00:43;3.301;0.023;470.0;29.6;;;;;;;;;;;;;;;;;;
 ;04:00:44;3.301;0.023;470.0;29.5;;;;;;;;;;;;;;;;;;
 ;04:00:45;3.301;0.023;470.0;29.6;;;;;;;;;;;;;;;;;;
 ;04:00:46;3.301;0.023;470.0;29.5;;;;;;;;;;;;;;;;;;
 ;04:00:47;3.301;0.023;470.0;29.5;;;;;;;;;;;;;;;;;;
 ;04:00:48;3.301;0.023;470.0;29.5;;;;;;;;;;;;;;;;;;
 ;04:00:49;3.301;0.023;470.0;29.5;;;;;;;;;;;;;;;;;;
 ;04:00:50;3.301;0.023;470.0;29.5;;;;;;;;;;;;;;;;;;
 ;04:00:51;3.301;0.023;470.0;29.5;;;;;;;;;;;;;;;;;;
 ;04:00:52;3.301;0.023;470.0;29.5;;;;;;;;;;;;;;;;;;
 ;04:00:53;3.301;0.023;470.0;29.5;;;;;;;;;;;;;;;;;;
 ;04:00:54;3.301;0.023;470.0;29.5;;;;;;;;;;;;;;;;;;
 ;04:00:55;3.301;0.023;470.0;29.5;;;;;;;;;;;;;;;;;;
 ;04:00:56;3.301;0.023;470.0;29.5;;;;;;;;;;;;;;;;;;
 ;04:00:57;3.301;0.023;470.0;29.5;;;;;;;;;;;;;;;;;;
 ;04:00:58;3.301;0.023;470.0;29.5;;;;;;;;;;;;;;;;;;
 ;04:00:59;3.300;0.023;470.1;29.5;;;;;;;;;;;;;;;;;;
 ;04:01:00;3.301;0.023;470.1;29.5;;;;;;;;;;;;;;;;;;
 ;04:01:01;3.300;0.023;470.1;29.5;;;;;;;;;;;;;;;;;;
 ;04:01:02;3.301;0.023;470.1;29.5;;;;;;;;;;;;;;;;;;
 ;04:01:03;3.300;0.023;470.1;29.5;;;;;;;;;;;;;;;;;;
 ;04:01:04;3.301;0.023;470.1;29.5;;;;;;;;;;;;;;;;;;
 ;04:01:05;3.300;0.023;470.1;29.5;;;;;;;;;;;;;;;;;;
 ;04:01:06;3.300;0.023;470.1;29.5;;;;;;;;;;;;;;;;;;
 ;04:01:07;3.300;0.023;470.1;29.5;;;;;;;;;;;;;;;;;;
 ;04:01:08;3.300;0.023;470.1;29.5;;;;;;;;;;;;;;;;;;
 ;04:01:09;3.301;0.022;470.1;29.5;;;;;;;;;;;;;;;;;;
 ;04:01:10;3.301;0.022;470.1;29.5;;;;;;;;;;;;;;;;;;
 ;04:01:11;3.301;0.022;470.1;29.5;;;;;;;;;;;;;;;;;;
 ;04:01:12;3.301;0.022;470.1;29.5;;;;;;;;;;;;;;;;;;
 ;04:01:13;3.301;0.023;470.1;29.5;;;;;;;;;;;;;;;;;;
 ;04:01:14;3.301;0.023;470.1;29.5;;;;;;;;;;;;;;;;;;
 ;04:01:15;3.301;0.022;470.2;29.5;;;;;;;;;;;;;;;;;;
 ;04:01:16;3.301;0.022;470.2;29.5;;;;;;;;;;;;;;;;;;
 ;04:01:17;3.301;0.022;470.2;29.5;;;;;;;;;;;;;;;;;;
 ;04:01:18;3.301;0.023;470.2;29.5;;;;;;;;;;;;;;;;;;
 ;04:01:19;3.301;0.023;470.2;29.5;;;;;;;;;;;;;;;;;;
 ;04:01:20;3.301;0.022;470.2;29.5;;;;;;;;;;;;;;;;;;
 ;04:01:21;3.301;0.022;470.2;29.5;;;;;;;;;;;;;;;;;;
 ;04:01:22;3.301;0.022;470.2;29.5;;;;;;;;;;;;;;;;;;
 ;04:01:23;3.301;0.023;470.2;29.5;;;;;;;;;;;;;;;;;;
 ;04:01:24;3.301;0.023;470.2;29.5;;;;;;;;;;;;;;;;;;
 ;04:01:25;3.301;0.022;470.2;29.5;;;;;;;;;;;;;;;;;;
 ;04:01:26;3.301;0.022;470.2;29.5;;;;;;;;;;;;;;;;;;
 ;04:01:27;3.301;0.023;470.2;29.5;;;;;;;;;;;;;;;;;;
 ;04:01:28;3.300;0.023;470.2;29.5;;;;;;;;;;;;;;;;;;
 ;04:01:29;3.301;0.022;470.2;29.5;;;;;;;;;;;;;;;;;;
 ;04:01:30;3.301;0.022;470.3;29.5;;;;;;;;;;;;;;;;;;
 ;04:01:31;3.301;0.022;470.3;29.5;;;;;;;;;;;;;;;;;;
 ;04:01:32;3.300;0.023;470.3;29.5;;;;;;;;;;;;;;;;;;
 ;04:01:33;3.300;0.023;470.3;29.5;;;;;;;;;;;;;;;;;;
 ;04:01:34;3.301;0.022;470.3;29.5;;;;;;;;;;;;;;;;;;
 ;04:01:35;3.301;0.022;470.3;29.5;;;;;;;;;;;;;;;;;;
 ;04:01:36;3.300;0.023;470.3;29.5;;;;;;;;;;;;;;;;;;
 ;04:01:37;3.300;0.023;470.3;29.5;;;;;;;;;;;;;;;;;;
 ;04:01:38;3.301;0.022;470.3;29.5;;;;;;;;;;;;;;;;;;
 ;04:01:39;3.301;0.022;470.3;29.5;;;;;;;;;;;;;;;;;;
 ;04:01:40;3.301;0.022;470.3;29.5;;;;;;;;;;;;;;;;;;
 ;04:01:41;3.300;0.023;470.3;29.5;;;;;;;;;;;;;;;;;;
 ;04:01:42;3.300;0.023;470.3;29.5;;;;;;;;;;;;;;;;;;
 ;04:01:43;3.301;0.022;470.3;29.5;;;;;;;;;;;;;;;;;;
 ;04:01:44;3.301;0.022;470.3;29.5;;;;;;;;;;;;;;;;;;
 ;04:01:45;3.300;0.023;470.3;29.5;;;;;;;;;;;;;;;;;;
 ;04:01:46;3.300;0.023;470.4;29.5;;;;;;;;;;;;;;;;;;
 ;04:01:47;3.301;0.022;470.4;29.5;;;;;;;;;;;;;;;;;;
 ;04:01:48;3.301;0.022;470.4;29.5;;;;;;;;;;;;;;;;;;
 ;04:01:49;3.301;0.022;470.4;29.5;;;;;;;;;;;;;;;;;;
 ;04:01:50;3.300;0.023;470.4;29.5;;;;;;;;;;;;;;;;;;
 ;04:01:51;3.301;0.022;470.4;29.5;;;;;;;;;;;;;;;;;;
 ;04:01:52;3.301;0.022;470.4;29.5;;;;;;;;;;;;;;;;;;
 ;04:01:53;3.300;0.023;470.4;29.5;;;;;;;;;;;;;;;;;;
 ;04:01:54;3.300;0.023;470.4;29.5;;;;;;;;;;;;;;;;;;
 ;04:01:55;3.301;0.022;470.4;29.5;;;;;;;;;;;;;;;;;;
 ;04:01:56;3.301;0.022;470.4;29.5;;;;;;;;;;;;;;;;;;
 ;04:01:57;3.301;0.022;470.4;29.5;;;;;;;;;;;;;;;;;;
 ;04:01:58;3.301;0.022;470.4;29.5;;;;;;;;;;;;;;;;;;
 ;04:01:59;3.301;0.022;470.4;29.5;;;;;;;;;;;;;;;;;;
 ;04:02:00;3.301;0.022;470.4;29.5;;;;;;;;;;;;;;;;;;
 ;04:02:01;3.301;0.022;470.4;29.5;;;;;;;;;;;;;;;;;;
 ;04:02:02;3.301;0.022;470.5;29.5;;;;;;;;;;;;;;;;;;
 ;04:02:03;3.301;0.022;470.5;29.5;;;;;;;;;;;;;;;;;;
 ;04:02:04;3.301;0.022;470.5;29.5;;;;;;;;;;;;;;;;;;
 ;04:02:05;3.300;0.022;470.5;29.5;;;;;;;;;;;;;;;;;;
 ;04:02:06;3.300;0.022;470.5;29.5;;;;;;;;;;;;;;;;;;
 ;04:02:07;3.300;0.022;470.5;29.5;;;;;;;;;;;;;;;;;;
 ;04:02:08;3.300;0.023;470.5;29.5;;;;;;;;;;;;;;;;;;
 ;04:02:09;3.300;0.022;470.5;29.5;;;;;;;;;;;;;;;;;;
 ;04:02:10;3.300;0.022;470.5;29.5;;;;;;;;;;;;;;;;;;
 ;04:02:11;3.300;0.022;470.5;29.5;;;;;;;;;;;;;;;;;;
 ;04:02:12;3.300;0.022;470.5;29.5;;;;;;;;;;;;;;;;;;
 ;04:02:13;3.300;0.022;470.5;29.5;;;;;;;;;;;;;;;;;;
 ;04:02:14;3.300;0.022;470.5;29.5;;;;;;;;;;;;;;;;;;
 ;04:02:15;3.300;0.022;470.5;29.5;;;;;;;;;;;;;;;;;;
 ;04:02:16;3.301;0.022;470.5;29.5;;;;;;;;;;;;;;;;;;
 ;04:02:17;3.301;0.022;470.5;29.5;;;;;;;;;;;;;;;;;;
 ;04:02:18;3.301;0.022;470.6;29.5;;;;;;;;;;;;;;;;;;
 ;04:02:19;3.301;0.022;470.6;29.5;;;;;;;;;;;;;;;;;;
 ;04:02:20;3.301;0.022;470.6;29.5;;;;;;;;;;;;;;;;;;
 ;04:02:21;3.301;0.022;470.6;29.5;;;;;;;;;;;;;;;;;;
 ;04:02:22;3.301;0.022;470.6;29.5;;;;;;;;;;;;;;;;;;
 ;04:02:23;3.301;0.022;470.6;29.5;;;;;;;;;;;;;;;;;;
 ;04:02:24;3.301;0.022;470.6;29.5;;;;;;;;;;;;;;;;;;
 ;04:02:25;3.301;0.022;470.6;29.5;;;;;;;;;;;;;;;;;;
 ;04:02:26;3.301;0.022;470.6;29.5;;;;;;;;;;;;;;;;;;
 ;04:02:27;3.301;0.022;470.6;29.5;;;;;;;;;;;;;;;;;;
 ;04:02:28;3.301;0.022;470.6;29.5;;;;;;;;;;;;;;;;;;
 ;04:02:29;3.301;0.022;470.6;29.5;;;;;;;;;;;;;;;;;;
 ;04:02:30;3.301;0.022;470.6;29.5;;;;;;;;;;;;;;;;;;
 ;04:02:31;3.301;0.022;470.6;29.5;;;;;;;;;;;;;;;;;;
 ;04:02:32;3.301;0.022;470.6;29.5;;;;;;;;;;;;;;;;;;
 ;04:02:33;3.301;0.022;470.7;29.5;;;;;;;;;;;;;;;;;;
 ;04:02:34;3.301;0.022;470.7;29.5;;;;;;;;;;;;;;;;;;
 ;04:02:35;3.301;0.022;470.7;29.5;;;;;;;;;;;;;;;;;;
 ;04:02:36;3.301;0.022;470.7;29.5;;;;;;;;;;;;;;;;;;
 ;04:02:37;3.301;0.022;470.7;29.5;;;;;;;;;;;;;;;;;;
 ;04:02:38;3.301;0.022;470.7;29.5;;;;;;;;;;;;;;;;;;
 ;04:02:39;3.301;0.022;470.7;29.5;;;;;;;;;;;;;;;;;;
 ;04:02:40;3.301;0.022;470.7;29.5;;;;;;;;;;;;;;;;;;
 ;04:02:41;3.301;0.021;470.7;29.5;;;;;;;;;;;;;;;;;;
 ;04:02:42;3.301;0.022;470.7;29.5;;;;;;;;;;;;;;;;;;
 ;04:02:43;3.301;0.022;470.7;29.5;;;;;;;;;;;;;;;;;;
 ;04:02:44;3.301;0.022;470.7;29.5;;;;;;;;;;;;;;;;;;
 ;04:02:45;3.300;0.022;470.7;29.5;;;;;;;;;;;;;;;;;;
 ;04:02:46;3.301;0.022;470.7;29.5;;;;;;;;;;;;;;;;;;
 ;04:02:47;3.301;0.021;470.7;29.5;;;;;;;;;;;;;;;;;;
 ;04:02:48;3.301;0.022;470.7;29.5;;;;;;;;;;;;;;;;;;
 ;04:02:49;3.301;0.021;470.8;29.5;;;;;;;;;;;;;;;;;;
 ;04:02:50;3.301;0.022;470.8;29.5;;;;;;;;;;;;;;;;;;
 ;04:02:51;3.300;0.022;470.8;29.5;;;;;;;;;;;;;;;;;;
 ;04:02:52;3.301;0.022;470.8;29.5;;;;;;;;;;;;;;;;;;
 ;04:02:53;3.301;0.022;470.8;29.5;;;;;;;;;;;;;;;;;;
 ;04:02:54;3.301;0.021;470.8;29.5;;;;;;;;;;;;;;;;;;
 ;04:02:55;3.301;0.022;470.8;29.5;;;;;;;;;;;;;;;;;;
 ;04:02:56;3.301;0.022;470.8;29.5;;;;;;;;;;;;;;;;;;
 ;04:02:57;3.301;0.022;470.8;29.5;;;;;;;;;;;;;;;;;;
 ;04:02:58;3.301;0.021;470.8;29.5;;;;;;;;;;;;;;;;;;
 ;04:02:59;3.301;0.022;470.8;29.5;;;;;;;;;;;;;;;;;;
 ;04:03:00;3.301;0.021;470.8;29.5;;;;;;;;;;;;;;;;;;
 ;04:03:01;3.301;0.022;470.8;29.5;;;;;;;;;;;;;;;;;;
 ;04:03:02;3.301;0.022;470.8;29.5;;;;;;;;;;;;;;;;;;
 ;04:03:03;3.301;0.022;470.8;29.5;;;;;;;;;;;;;;;;;;
 ;04:03:04;3.301;0.021;470.8;29.5;;;;;;;;;;;;;;;;;;
 ;04:03:05;3.301;0.022;470.8;29.5;;;;;;;;;;;;;;;;;;
 ;04:03:06;3.301;0.022;470.9;29.5;;;;;;;;;;;;;;;;;;
 ;04:03:07;3.301;0.022;470.9;29.5;;;;;;;;;;;;;;;;;;
 ;04:03:08;3.301;0.021;470.9;29.5;;;;;;;;;;;;;;;;;;
 ;04:03:09;3.301;0.021;470.9;29.5;;;;;;;;;;;;;;;;;;
 ;04:03:10;3.301;0.022;470.9;29.5;;;;;;;;;;;;;;;;;;
 ;04:03:11;3.300;0.022;470.9;29.5;;;;;;;;;;;;;;;;;;
 ;04:03:12;3.301;0.022;470.9;29.5;;;;;;;;;;;;;;;;;;
 ;04:03:13;3.301;0.021;470.9;29.5;;;;;;;;;;;;;;;;;;
 ;04:03:14;3.301;0.022;470.9;29.5;;;;;;;;;;;;;;;;;;
 ;04:03:15;3.300;0.022;470.9;29.5;;;;;;;;;;;;;;;;;;
 ;04:03:16;3.300;0.022;470.9;29.5;;;;;;;;;;;;;;;;;;
 ;04:03:17;3.301;0.021;470.9;29.5;;;;;;;;;;;;;;;;;;
 ;04:03:18;3.301;0.021;470.9;29.5;;;;;;;;;;;;;;;;;;
 ;04:03:19;3.300;0.022;470.9;29.5;;;;;;;;;;;;;;;;;;
 ;04:03:20;3.300;0.022;470.9;29.5;;;;;;;;;;;;;;;;;;
 ;04:03:21;3.301;0.022;470.9;29.5;;;;;;;;;;;;;;;;;;
 ;04:03:22;3.301;0.021;471.0;29.5;;;;;;;;;;;;;;;;;;
 ;04:03:23;3.301;0.022;471.0;29.5;;;;;;;;;;;;;;;;;;
 ;04:03:24;3.300;0.022;471.0;29.5;;;;;;;;;;;;;;;;;;
 ;04:03:25;3.301;0.021;471.0;29.5;;;;;;;;;;;;;;;;;;
 ;04:03:26;3.301;0.021;471.0;29.5;;;;;;;;;;;;;;;;;;
 ;04:03:27;3.301;0.022;471.0;29.5;;;;;;;;;;;;;;;;;;
 ;04:03:28;3.300;0.022;471.0;29.5;;;;;;;;;;;;;;;;;;
 ;04:03:29;3.301;0.021;471.0;29.5;;;;;;;;;;;;;;;;;;
 ;04:03:30;3.301;0.021;471.0;29.5;;;;;;;;;;;;;;;;;;
 ;04:03:31;3.301;0.022;471.0;29.5;;;;;;;;;;;;;;;;;;
 ;04:03:32;3.300;0.022;471.0;29.5;;;;;;;;;;;;;;;;;;
 ;04:03:33;3.300;0.021;471.0;29.5;;;;;;;;;;;;;;;;;;
 ;04:03:34;3.301;0.021;471.0;29.5;;;;;;;;;;;;;;;;;;
 ;04:03:35;3.301;0.021;471.0;29.5;;;;;;;;;;;;;;;;;;
 ;04:03:36;3.301;0.021;471.0;29.5;;;;;;;;;;;;;;;;;;
 ;04:03:37;3.301;0.021;471.0;29.5;;;;;;;;;;;;;;;;;;
 ;04:03:38;3.301;0.021;471.1;29.5;;;;;;;;;;;;;;;;;;
 ;04:03:39;3.301;0.021;471.1;29.5;;;;;;;;;;;;;;;;;;
 ;04:03:40;3.301;0.021;471.1;29.5;;;;;;;;;;;;;;;;;;
 ;04:03:41;3.301;0.021;471.1;29.5;;;;;;;;;;;;;;;;;;
 ;04:03:42;3.301;0.021;471.1;29.5;;;;;;;;;;;;;;;;;;
 ;04:03:43;3.300;0.021;471.1;29.5;;;;;;;;;;;;;;;;;;
 ;04:03:44;3.300;0.021;471.1;29.5;;;;;;;;;;;;;;;;;;
 ;04:03:45;3.300;0.021;471.1;29.5;;;;;;;;;;;;;;;;;;
 ;04:03:46;3.301;0.021;471.1;29.5;;;;;;;;;;;;;;;;;;
 ;04:03:47;3.301;0.021;471.1;29.5;;;;;;;;;;;;;;;;;;
 ;04:03:48;3.300;0.021;471.1;29.5;;;;;;;;;;;;;;;;;;
 ;04:03:49;3.300;0.022;471.1;29.5;;;;;;;;;;;;;;;;;;
 ;04:03:50;3.300;0.021;471.1;29.5;;;;;;;;;;;;;;;;;;
 ;04:03:51;3.300;0.021;471.1;29.5;;;;;;;;;;;;;;;;;;
 ;04:03:52;3.300;0.021;471.1;29.5;;;;;;;;;;;;;;;;;;
 ;04:03:53;3.301;0.021;471.1;29.5;;;;;;;;;;;;;;;;;;
 ;04:03:54;3.300;0.021;471.1;29.5;;;;;;;;;;;;;;;;;;
 ;04:03:55;3.300;0.021;471.2;29.5;;;;;;;;;;;;;;;;;;
 ;04:03:56;3.300;0.021;471.2;29.5;;;;;;;;;;;;;;;;;;
 ;04:03:57;3.300;0.021;471.2;29.5;;;;;;;;;;;;;;;;;;
 ;04:03:58;3.300;0.021;471.2;29.5;;;;;;;;;;;;;;;;;;
 ;04:03:59;3.300;0.021;471.2;29.5;;;;;;;;;;;;;;;;;;
 ;04:04:00;3.300;0.021;471.2;29.5;;;;;;;;;;;;;;;;;;
 ;04:04:01;3.300;0.021;471.2;29.5;;;;;;;;;;;;;;;;;;
 ;04:04:02;3.300;0.021;471.2;29.5;;;;;;;;;;;;;;;;;;
 ;04:04:03;3.300;0.021;471.2;29.5;;;;;;;;;;;;;;;;;;
 ;04:04:04;3.300;0.021;471.2;29.5;;;;;;;;;;;;;;;;;;
 ;04:04:05;3.300;0.021;471.2;29.5;;;;;;;;;;;;;;;;;;
 ;04:04:06;3.300;0.021;471.2;29.5;;;;;;;;;;;;;;;;;;
 ;04:04:07;3.300;0.021;471.2;29.5;;;;;;;;;;;;;;;;;;
 ;04:04:08;3.300;0.021;471.2;29.5;;;;;;;;;;;;;;;;;;
 ;04:04:09;3.300;0.021;471.2;29.5;;;;;;;;;;;;;;;;;;
 ;04:04:10;3.300;0.021;471.2;29.5;;;;;;;;;;;;;;;;;;
 ;04:04:11;3.300;0.021;471.2;29.5;;;;;;;;;;;;;;;;;;
 ;04:04:12;3.300;0.021;471.3;29.5;;;;;;;;;;;;;;;;;;
 ;04:04:13;3.300;0.021;471.3;29.5;;;;;;;;;;;;;;;;;;
 ;04:04:14;3.300;0.021;471.3;29.5;;;;;;;;;;;;;;;;;;
 ;04:04:15;3.300;0.021;471.3;29.4;;;;;;;;;;;;;;;;;;
 ;04:04:16;3.300;0.021;471.3;29.4;;;;;;;;;;;;;;;;;;
 ;04:04:17;3.300;0.021;471.3;29.5;;;;;;;;;;;;;;;;;;
 ;04:04:18;3.300;0.021;471.3;29.4;;;;;;;;;;;;;;;;;;
 ;04:04:19;3.300;0.021;471.3;29.4;;;;;;;;;;;;;;;;;;
 ;04:04:20;3.300;0.021;471.3;29.4;;;;;;;;;;;;;;;;;;
 ;04:04:21;3.300;0.021;471.3;29.5;;;;;;;;;;;;;;;;;;
 ;04:04:22;3.300;0.021;471.3;29.4;;;;;;;;;;;;;;;;;;
 ;04:04:23;3.300;0.021;471.3;29.4;;;;;;;;;;;;;;;;;;
 ;04:04:24;3.301;0.020;471.3;29.4;;;;;;;;;;;;;;;;;;
 ;04:04:25;3.301;0.020;471.3;29.4;;;;;;;;;;;;;;;;;;
 ;04:04:26;3.301;0.020;471.3;29.4;;;;;;;;;;;;;;;;;;
 ;04:04:27;3.301;0.020;471.3;29.4;;;;;;;;;;;;;;;;;;
 ;04:04:28;3.301;0.020;471.3;29.4;;;;;;;;;;;;;;;;;;
 ;04:04:29;3.301;0.020;471.4;29.4;;;;;;;;;;;;;;;;;;
 ;04:04:30;3.301;0.020;471.4;29.4;;;;;;;;;;;;;;;;;;
 ;04:04:31;3.301;0.020;471.4;29.4;;;;;;;;;;;;;;;;;;
 ;04:04:32;3.300;0.021;471.4;29.4;;;;;;;;;;;;;;;;;;
 ;04:04:33;3.301;0.021;471.4;29.4;;;;;;;;;;;;;;;;;;
 ;04:04:34;3.301;0.021;471.4;29.4;;;;;;;;;;;;;;;;;;
 ;04:04:35;3.301;0.020;471.4;29.4;;;;;;;;;;;;;;;;;;
 ;04:04:36;3.301;0.020;471.4;29.4;;;;;;;;;;;;;;;;;;
 ;04:04:37;3.301;0.021;471.4;29.4;;;;;;;;;;;;;;;;;;
 ;04:04:38;3.301;0.021;471.4;29.4;;;;;;;;;;;;;;;;;;
 ;04:04:39;3.301;0.021;471.4;29.4;;;;;;;;;;;;;;;;;;
 ;04:04:40;3.301;0.020;471.4;29.4;;;;;;;;;;;;;;;;;;
 ;04:04:41;3.301;0.020;471.4;29.4;;;;;;;;;;;;;;;;;;
 ;04:04:42;3.301;0.020;471.4;29.4;;;;;;;;;;;;;;;;;;
 ;04:04:43;3.301;0.021;471.4;29.4;;;;;;;;;;;;;;;;;;
 ;04:04:44;3.301;0.021;471.4;29.4;;;;;;;;;;;;;;;;;;
 ;04:04:45;3.301;0.020;471.4;29.4;;;;;;;;;;;;;;;;;;
 ;04:04:46;3.301;0.020;471.5;29.4;;;;;;;;;;;;;;;;;;
 ;04:04:47;3.301;0.021;471.5;29.4;;;;;;;;;;;;;;;;;;
 ;04:04:48;3.301;0.021;471.5;29.4;;;;;;;;;;;;;;;;;;
 ;04:04:49;3.301;0.020;471.5;29.4;;;;;;;;;;;;;;;;;;
 ;04:04:50;3.301;0.020;471.5;29.4;;;;;;;;;;;;;;;;;;
 ;04:04:51;3.301;0.020;471.5;29.4;;;;;;;;;;;;;;;;;;
 ;04:04:52;3.301;0.021;471.5;29.4;;;;;;;;;;;;;;;;;;
 ;04:04:53;3.301;0.021;471.5;29.4;;;;;;;;;;;;;;;;;;
 ;04:04:54;3.301;0.020;471.5;29.4;;;;;;;;;;;;;;;;;;
 ;04:04:55;3.301;0.020;471.5;29.4;;;;;;;;;;;;;;;;;;
 ;04:04:56;3.301;0.021;471.5;29.4;;;;;;;;;;;;;;;;;;
 ;04:04:57;3.301;0.021;471.5;29.4;;;;;;;;;;;;;;;;;;
 ;04:04:58;3.301;0.020;471.5;29.4;;;;;;;;;;;;;;;;;;
 ;04:04:59;3.301;0.020;471.5;29.4;;;;;;;;;;;;;;;;;;
 ;04:05:00;3.301;0.020;471.5;29.4;;;;;;;;;;;;;;;;;;
 ;04:05:01;3.300;0.021;471.5;29.4;;;;;;;;;;;;;;;;;;
 ;04:05:02;3.300;0.021;471.5;29.4;;;;;;;;;;;;;;;;;;
 ;04:05:03;3.301;0.020;471.6;29.4;;;;;;;;;;;;;;;;;;
 ;04:05:04;3.301;0.020;471.6;29.4;;;;;;;;;;;;;;;;;;
 ;04:05:05;3.300;0.021;471.6;29.4;;;;;;;;;;;;;;;;;;
 ;04:05:06;3.300;0.021;471.6;29.4;;;;;;;;;;;;;;;;;;
 ;04:05:07;3.301;0.020;471.6;29.4;;;;;;;;;;;;;;;;;;
 ;04:05:08;3.301;0.020;471.6;29.4;;;;;;;;;;;;;;;;;;
 ;04:05:09;3.301;0.020;471.6;29.4;;;;;;;;;;;;;;;;;;
 ;04:05:10;3.300;0.021;471.6;29.4;;;;;;;;;;;;;;;;;;
 ;04:05:11;3.300;0.021;471.6;29.4;;;;;;;;;;;;;;;;;;
 ;04:05:12;3.301;0.020;471.6;29.4;;;;;;;;;;;;;;;;;;
 ;04:05:13;3.301;0.020;471.6;29.4;;;;;;;;;;;;;;;;;;
 ;04:05:14;3.300;0.021;471.6;29.4;;;;;;;;;;;;;;;;;;
 ;04:05:15;3.300;0.021;471.6;29.4;;;;;;;;;;;;;;;;;;
 ;04:05:16;3.301;0.020;471.6;29.4;;;;;;;;;;;;;;;;;;
 ;04:05:17;3.301;0.020;471.6;29.4;;;;;;;;;;;;;;;;;;
 ;04:05:18;3.300;0.020;471.6;29.4;;;;;;;;;;;;;;;;;;
 ;04:05:19;3.300;0.020;471.6;29.4;;;;;;;;;;;;;;;;;;
 ;04:05:20;3.301;0.020;471.7;29.4;;;;;;;;;;;;;;;;;;
 ;04:05:21;3.301;0.020;471.7;29.4;;;;;;;;;;;;;;;;;;
 ;04:05:22;3.300;0.020;471.7;29.4;;;;;;;;;;;;;;;;;;
 ;04:05:23;3.301;0.020;471.7;29.4;;;;;;;;;;;;;;;;;;
 ;04:05:24;3.301;0.020;471.7;29.4;;;;;;;;;;;;;;;;;;
 ;04:05:25;3.301;0.020;471.7;29.4;;;;;;;;;;;;;;;;;;
 ;04:05:26;3.301;0.020;471.7;29.4;;;;;;;;;;;;;;;;;;
 ;04:05:27;3.301;0.020;471.7;29.4;;;;;;;;;;;;;;;;;;
 ;04:05:28;3.301;0.020;471.7;29.4;;;;;;;;;;;;;;;;;;
 ;04:05:29;3.301;0.020;471.7;29.4;;;;;;;;;;;;;;;;;;
 ;04:05:30;3.300;0.020;471.7;29.4;;;;;;;;;;;;;;;;;;
 ;04:05:31;3.300;0.020;471.7;29.4;;;;;;;;;;;;;;;;;;
 ;04:05:32;3.300;0.021;471.7;29.4;;;;;;;;;;;;;;;;;;
 ;04:05:33;3.300;0.020;471.7;29.4;;;;;;;;;;;;;;;;;;
 ;04:05:34;3.300;0.020;471.7;29.4;;;;;;;;;;;;;;;;;;
 ;04:05:35;3.301;0.020;471.7;29.4;;;;;;;;;;;;;;;;;;
 ;04:05:36;3.301;0.020;471.7;29.4;;;;;;;;;;;;;;;;;;
 ;04:05:37;3.301;0.020;471.7;29.4;;;;;;;;;;;;;;;;;;
 ;04:05:38;3.301;0.020;471.8;29.4;;;;;;;;;;;;;;;;;;
 ;04:05:39;3.300;0.020;471.8;29.4;;;;;;;;;;;;;;;;;;
 ;04:05:40;3.300;0.020;471.8;29.4;;;;;;;;;;;;;;;;;;
 ;04:05:41;3.300;0.020;471.8;29.4;;;;;;;;;;;;;;;;;;
 ;04:05:42;3.300;0.020;471.8;29.4;;;;;;;;;;;;;;;;;;
 ;04:05:43;3.300;0.020;471.8;29.4;;;;;;;;;;;;;;;;;;
 ;04:05:44;3.300;0.020;471.8;29.4;;;;;;;;;;;;;;;;;;
 ;04:05:45;3.300;0.020;471.8;29.4;;;;;;;;;;;;;;;;;;
 ;04:05:46;3.301;0.020;471.8;29.4;;;;;;;;;;;;;;;;;;
 ;04:05:47;3.301;0.020;471.8;29.4;;;;;;;;;;;;;;;;;;
 ;04:05:48;3.301;0.019;471.8;29.4;;;;;;;;;;;;;;;;;;
 ;04:05:49;3.301;0.019;471.8;29.4;;;;;;;;;;;;;;;;;;
 ;04:05:50;3.301;0.019;471.8;29.4;;;;;;;;;;;;;;;;;;
 ;04:05:51;3.301;0.019;471.8;29.4;;;;;;;;;;;;;;;;;;
 ;04:05:52;3.301;0.019;471.8;29.4;;;;;;;;;;;;;;;;;;
 ;04:05:53;3.301;0.019;471.8;29.4;;;;;;;;;;;;;;;;;;
 ;04:05:54;3.301;0.019;471.8;29.4;;;;;;;;;;;;;;;;;;
 ;04:05:55;3.301;0.019;471.8;29.4;;;;;;;;;;;;;;;;;;
 ;04:05:56;3.301;0.019;471.9;29.4;;;;;;;;;;;;;;;;;;
 ;04:05:57;3.301;0.019;471.9;29.4;;;;;;;;;;;;;;;;;;
 ;04:05:58;3.301;0.019;471.9;29.4;;;;;;;;;;;;;;;;;;
 ;04:05:59;3.301;0.019;471.9;29.4;;;;;;;;;;;;;;;;;;
 ;04:06:00;3.301;0.019;471.9;29.4;;;;;;;;;;;;;;;;;;
 ;04:06:01;3.301;0.019;471.9;29.4;;;;;;;;;;;;;;;;;;
 ;04:06:02;3.301;0.019;471.9;29.4;;;;;;;;;;;;;;;;;;
 ;04:06:03;3.301;0.019;471.9;29.4;;;;;;;;;;;;;;;;;;
 ;04:06:04;3.301;0.019;471.9;29.4;;;;;;;;;;;;;;;;;;
 ;04:06:05;3.301;0.019;471.9;29.4;;;;;;;;;;;;;;;;;;
 ;04:06:06;3.301;0.019;471.9;29.4;;;;;;;;;;;;;;;;;;
 ;04:06:07;3.301;0.019;471.9;29.4;;;;;;;;;;;;;;;;;;
 ;04:06:08;3.301;0.019;471.9;29.4;;;;;;;;;;;;;;;;;;
 ;04:06:09;3.301;0.019;471.9;29.4;;;;;;;;;;;;;;;;;;
 ;04:06:10;3.301;0.019;471.9;29.4;;;;;;;;;;;;;;;;;;
 ;04:06:11;3.301;0.019;471.9;29.4;;;;;;;;;;;;;;;;;;
 ;04:06:12;3.301;0.019;471.9;29.4;;;;;;;;;;;;;;;;;;
 ;04:06:13;3.301;0.019;472.0;29.4;;;;;;;;;;;;;;;;;;
 ;04:06:14;3.301;0.019;472.0;29.4;;;;;;;;;;;;;;;;;;
 ;04:06:15;3.301;0.020;472.0;29.4;;;;;;;;;;;;;;;;;;
 ;04:06:16;3.301;0.020;472.0;29.4;;;;;;;;;;;;;;;;;;
 ;04:06:17;3.301;0.020;472.0;29.4;;;;;;;;;;;;;;;;;;
 ;04:06:18;3.301;0.020;472.0;29.4;;;;;;;;;;;;;;;;;;
 ;04:06:19;3.301;0.020;472.0;29.4;;;;;;;;;;;;;;;;;;
 ;04:06:20;3.301;0.020;472.0;29.4;;;;;;;;;;;;;;;;;;
 ;04:06:21;3.300;0.020;472.0;29.4;;;;;;;;;;;;;;;;;;
 ;04:06:22;3.300;0.020;472.0;29.4;;;;;;;;;;;;;;;;;;
 ;04:06:23;3.300;0.020;472.0;29.4;;;;;;;;;;;;;;;;;;
 ;04:06:24;3.300;0.020;472.0;29.4;;;;;;;;;;;;;;;;;;
 ;04:06:25;3.300;0.020;472.0;29.4;;;;;;;;;;;;;;;;;;
 ;04:06:26;3.300;0.020;472.0;29.4;;;;;;;;;;;;;;;;;;
 ;04:06:27;3.301;0.020;472.0;29.4;;;;;;;;;;;;;;;;;;
 ;04:06:28;3.301;0.019;472.0;29.4;;;;;;;;;;;;;;;;;;
 ;04:06:29;3.301;0.020;472.0;29.4;;;;;;;;;;;;;;;;;;
 ;04:06:30;3.301;0.020;472.0;29.4;;;;;;;;;;;;;;;;;;
 ;04:06:31;3.301;0.020;472.1;29.4;;;;;;;;;;;;;;;;;;
 ;04:06:32;3.301;0.019;472.1;29.4;;;;;;;;;;;;;;;;;;
 ;04:06:33;3.301;0.019;472.1;29.4;;;;;;;;;;;;;;;;;;
 ;04:06:34;3.301;0.020;472.1;29.4;;;;;;;;;;;;;;;;;;
 ;04:06:35;3.300;0.020;472.1;29.4;;;;;;;;;;;;;;;;;;
 ;04:06:36;3.301;0.020;472.1;29.4;;;;;;;;;;;;;;;;;;
 ;04:06:37;3.301;0.020;472.1;29.4;;;;;;;;;;;;;;;;;;
 ;04:06:38;3.301;0.019;472.1;29.4;;;;;;;;;;;;;;;;;;
 ;04:06:39;3.301;0.020;472.1;29.4;;;;;;;;;;;;;;;;;;
 ;04:06:40;3.301;0.020;472.1;29.4;;;;;;;;;;;;;;;;;;
 ;04:06:41;3.301;0.020;472.1;29.4;;;;;;;;;;;;;;;;;;
 ;04:06:42;3.301;0.019;472.1;29.4;;;;;;;;;;;;;;;;;;
 ;04:06:43;3.301;0.019;472.1;29.4;;;;;;;;;;;;;;;;;;
 ;04:06:44;3.301;0.020;472.1;29.4;;;;;;;;;;;;;;;;;;
 ;04:06:45;3.301;0.020;472.1;29.4;;;;;;;;;;;;;;;;;;
 ;04:06:46;3.301;0.020;472.1;29.4;;;;;;;;;;;;;;;;;;
 ;04:06:47;3.301;0.019;472.1;29.4;;;;;;;;;;;;;;;;;;
 ;04:06:48;3.301;0.020;472.1;29.4;;;;;;;;;;;;;;;;;;
 ;04:06:49;3.300;0.020;472.2;29.4;;;;;;;;;;;;;;;;;;
 ;04:06:50;3.300;0.020;472.2;29.4;;;;;;;;;;;;;;;;;;
 ;04:06:51;3.301;0.019;472.2;29.4;;;;;;;;;;;;;;;;;;
 ;04:06:52;3.301;0.019;472.2;29.4;;;;;;;;;;;;;;;;;;
 ;04:06:53;3.300;0.020;472.2;29.4;;;;;;;;;;;;;;;;;;
 ;04:06:54;3.300;0.020;472.2;29.4;;;;;;;;;;;;;;;;;;
 ;04:06:55;3.301;0.020;472.2;29.4;;;;;;;;;;;;;;;;;;
 ;04:06:56;3.301;0.019;472.2;29.4;;;;;;;;;;;;;;;;;;
 ;04:06:57;3.301;0.020;472.2;29.4;;;;;;;;;;;;;;;;;;
 ;04:06:58;3.300;0.020;472.2;29.4;;;;;;;;;;;;;;;;;;
 ;04:06:59;3.300;0.020;472.2;29.4;;;;;;;;;;;;;;;;;;
 ;04:07:00;3.301;0.019;472.2;29.4;;;;;;;;;;;;;;;;;;
 ;04:07:01;3.301;0.020;472.2;29.4;;;;;;;;;;;;;;;;;;
 ;04:07:02;3.300;0.020;472.2;29.4;;;;;;;;;;;;;;;;;;
 ;04:07:03;3.300;0.020;472.2;29.4;;;;;;;;;;;;;;;;;;
 ;04:07:04;3.301;0.020;472.2;29.4;;;;;;;;;;;;;;;;;;
 ;04:07:05;3.301;0.019;472.2;29.4;;;;;;;;;;;;;;;;;;
 ;04:07:06;3.301;0.020;472.2;29.4;;;;;;;;;;;;;;;;;;
 ;04:07:07;3.300;0.019;472.3;29.4;;;;;;;;;;;;;;;;;;
 ;04:07:08;3.301;0.019;472.3;29.4;;;;;;;;;;;;;;;;;;
 ;04:07:09;3.301;0.019;472.3;29.4;;;;;;;;;;;;;;;;;;
 ;04:07:10;3.301;0.019;472.3;29.4;;;;;;;;;;;;;;;;;;
 ;04:07:11;3.300;0.020;472.3;29.4;;;;;;;;;;;;;;;;;;
 ;04:07:12;3.301;0.019;472.3;29.4;;;;;;;;;;;;;;;;;;
 ;04:07:13;3.301;0.020;472.3;29.4;;;;;;;;;;;;;;;;;;
 ;04:07:14;3.300;0.020;472.3;29.4;;;;;;;;;;;;;;;;;;
 ;04:07:15;3.300;0.019;472.3;29.4;;;;;;;;;;;;;;;;;;
 ;04:07:16;3.301;0.019;472.3;29.4;;;;;;;;;;;;;;;;;;
 ;04:07:17;3.301;0.019;472.3;29.4;;;;;;;;;;;;;;;;;;
 ;04:07:18;3.301;0.019;472.3;29.4;;;;;;;;;;;;;;;;;;
 ;04:07:19;3.300;0.019;472.3;29.4;;;;;;;;;;;;;;;;;;
 ;04:07:20;3.301;0.019;472.3;29.4;;;;;;;;;;;;;;;;;;
 ;04:07:21;3.301;0.019;472.3;29.4;;;;;;;;;;;;;;;;;;
 ;04:07:22;3.301;0.019;472.3;29.4;;;;;;;;;;;;;;;;;;
 ;04:07:23;3.301;0.019;472.3;29.4;;;;;;;;;;;;;;;;;;
 ;04:07:24;3.301;0.019;472.3;29.4;;;;;;;;;;;;;;;;;;
 ;04:07:25;3.301;0.019;472.4;29.4;;;;;;;;;;;;;;;;;;
 ;04:07:26;3.301;0.019;472.4;29.4;;;;;;;;;;;;;;;;;;
 ;04:07:27;3.301;0.019;472.4;29.4;;;;;;;;;;;;;;;;;;
 ;04:07:28;3.300;0.019;472.4;29.4;;;;;;;;;;;;;;;;;;
 ;04:07:29;3.300;0.020;472.4;29.4;;;;;;;;;;;;;;;;;;
 ;04:07:30;3.301;0.019;472.4;29.4;;;;;;;;;;;;;;;;;;
 ;04:07:31;3.301;0.019;472.4;29.4;;;;;;;;;;;;;;;;;;
 ;04:07:32;3.301;0.019;472.4;29.4;;;;;;;;;;;;;;;;;;
 ;04:07:33;3.301;0.019;472.4;29.4;;;;;;;;;;;;;;;;;;
 ;04:07:34;3.301;0.019;472.4;29.4;;;;;;;;;;;;;;;;;;
 ;04:07:35;3.301;0.019;472.4;29.4;;;;;;;;;;;;;;;;;;
 ;04:07:36;3.300;0.019;472.4;29.4;;;;;;;;;;;;;;;;;;
 ;04:07:37;3.300;0.019;472.4;29.4;;;;;;;;;;;;;;;;;;
 ;04:07:38;3.300;0.019;472.4;29.4;;;;;;;;;;;;;;;;;;
 ;04:07:39;3.300;0.019;472.4;29.4;;;;;;;;;;;;;;;;;;
 ;04:07:40;3.301;0.019;472.4;29.4;;;;;;;;;;;;;;;;;;
 ;04:07:41;3.301;0.019;472.4;29.4;;;;;;;;;;;;;;;;;;
 ;04:07:42;3.301;0.019;472.4;29.4;;;;;;;;;;;;;;;;;;
 ;04:07:43;3.301;0.019;472.4;29.4;;;;;;;;;;;;;;;;;;
 ;04:07:44;3.301;0.019;472.5;29.4;;;;;;;;;;;;;;;;;;
 ;04:07:45;3.301;0.019;472.5;29.4;;;;;;;;;;;;;;;;;;
 ;04:07:46;3.301;0.019;472.5;29.4;;;;;;;;;;;;;;;;;;
 ;04:07:47;3.301;0.019;472.5;29.4;;;;;;;;;;;;;;;;;;
 ;04:07:48;3.301;0.019;472.5;29.4;;;;;;;;;;;;;;;;;;
 ;04:07:49;3.301;0.019;472.5;29.4;;;;;;;;;;;;;;;;;;
 ;04:07:50;3.301;0.019;472.5;29.4;;;;;;;;;;;;;;;;;;
 ;04:07:51;3.301;0.019;472.5;29.4;;;;;;;;;;;;;;;;;;
 ;04:07:52;3.301;0.019;472.5;29.4;;;;;;;;;;;;;;;;;;
 ;04:07:53;3.301;0.019;472.5;29.4;;;;;;;;;;;;;;;;;;
 ;04:07:54;3.301;0.019;472.5;29.4;;;;;;;;;;;;;;;;;;
 ;04:07:55;3.301;0.019;472.5;29.4;;;;;;;;;;;;;;;;;;
 ;04:07:56;3.301;0.019;472.5;29.4;;;;;;;;;;;;;;;;;;
 ;04:07:57;3.301;0.019;472.5;29.4;;;;;;;;;;;;;;;;;;
 ;04:07:58;3.301;0.019;472.5;29.4;;;;;;;;;;;;;;;;;;
 ;04:07:59;3.301;0.019;472.5;29.4;;;;;;;;;;;;;;;;;;
 ;04:08:00;3.301;0.019;472.5;29.4;;;;;;;;;;;;;;;;;;
 ;04:08:01;3.301;0.019;472.5;29.4;;;;;;;;;;;;;;;;;;
 ;04:08:02;3.301;0.019;472.6;29.4;;;;;;;;;;;;;;;;;;
 ;04:08:03;3.301;0.019;472.6;29.4;;;;;;;;;;;;;;;;;;
 ;04:08:04;3.301;0.019;472.6;29.4;;;;;;;;;;;;;;;;;;
 ;04:08:05;3.301;0.019;472.6;29.4;;;;;;;;;;;;;;;;;;
 ;04:08:06;3.301;0.019;472.6;29.4;;;;;;;;;;;;;;;;;;
 ;04:08:07;3.301;0.019;472.6;29.4;;;;;;;;;;;;;;;;;;
 ;04:08:08;3.301;0.019;472.6;29.4;;;;;;;;;;;;;;;;;;
 ;04:08:09;3.301;0.019;472.6;29.4;;;;;;;;;;;;;;;;;;
 ;04:08:10;3.301;0.019;472.6;29.4;;;;;;;;;;;;;;;;;;
 ;04:08:11;3.301;0.019;472.6;29.4;;;;;;;;;;;;;;;;;;
 ;04:08:12;3.301;0.019;472.6;29.4;;;;;;;;;;;;;;;;;;
 ;04:08:13;3.301;0.019;472.6;29.4;;;;;;;;;;;;;;;;;;
 ;04:08:14;3.301;0.019;472.6;29.4;;;;;;;;;;;;;;;;;;
 ;04:08:15;3.301;0.019;472.6;29.4;;;;;;;;;;;;;;;;;;
 ;04:08:16;3.301;0.019;472.6;29.4;;;;;;;;;;;;;;;;;;
 ;04:08:17;3.301;0.019;472.6;29.4;;;;;;;;;;;;;;;;;;
 ;04:08:18;3.301;0.019;472.6;29.4;;;;;;;;;;;;;;;;;;
 ;04:08:19;3.301;0.019;472.6;29.4;;;;;;;;;;;;;;;;;;
 ;04:08:20;3.300;0.019;472.7;29.4;;;;;;;;;;;;;;;;;;
 ;04:08:21;3.300;0.019;472.7;29.4;;;;;;;;;;;;;;;;;;
 ;04:08:22;3.300;0.019;472.7;29.4;;;;;;;;;;;;;;;;;;
 ;04:08:23;3.300;0.019;472.7;29.4;;;;;;;;;;;;;;;;;;
 ;04:08:24;3.301;0.019;472.7;29.3;;;;;;;;;;;;;;;;;;
 ;04:08:25;3.301;0.019;472.7;29.3;;;;;;;;;;;;;;;;;;
 ;04:08:26;3.301;0.018;472.7;29.3;;;;;;;;;;;;;;;;;;
 ;04:08:27;3.301;0.019;472.7;29.3;;;;;;;;;;;;;;;;;;
 ;04:08:28;3.301;0.019;472.7;29.3;;;;;;;;;;;;;;;;;;
 ;04:08:29;3.301;0.019;472.7;29.3;;;;;;;;;;;;;;;;;;
 ;04:08:30;3.301;0.019;472.7;29.3;;;;;;;;;;;;;;;;;;
 ;04:08:31;3.301;0.019;472.7;29.3;;;;;;;;;;;;;;;;;;
 ;04:08:32;3.301;0.019;472.7;29.3;;;;;;;;;;;;;;;;;;
 ;04:08:33;3.301;0.018;472.7;29.3;;;;;;;;;;;;;;;;;;
 ;04:08:34;3.301;0.018;472.7;29.3;;;;;;;;;;;;;;;;;;
 ;04:08:35;3.301;0.019;472.7;29.3;;;;;;;;;;;;;;;;;;
 ;04:08:36;3.301;0.019;472.7;29.3;;;;;;;;;;;;;;;;;;
 ;04:08:37;3.300;0.019;472.7;29.3;;;;;;;;;;;;;;;;;;
 ;04:08:38;3.301;0.019;472.7;29.3;;;;;;;;;;;;;;;;;;
 ;04:08:39;3.301;0.018;472.8;29.3;;;;;;;;;;;;;;;;;;
 ;04:08:40;3.301;0.019;472.8;29.3;;;;;;;;;;;;;;;;;;
 ;04:08:41;3.301;0.019;472.8;29.3;;;;;;;;;;;;;;;;;;
 ;04:08:42;3.301;0.019;472.8;29.3;;;;;;;;;;;;;;;;;;
 ;04:08:43;3.301;0.018;472.8;29.3;;;;;;;;;;;;;;;;;;
 ;04:08:44;3.301;0.018;472.8;29.3;;;;;;;;;;;;;;;;;;
 ;04:08:45;3.301;0.019;472.8;29.3;;;;;;;;;;;;;;;;;;
 ;04:08:46;3.301;0.019;472.8;29.3;;;;;;;;;;;;;;;;;;
 ;04:08:47;3.301;0.019;472.8;29.3;;;;;;;;;;;;;;;;;;
 ;04:08:48;3.301;0.018;472.8;29.3;;;;;;;;;;;;;;;;;;
 ;04:08:49;3.301;0.019;472.8;29.3;;;;;;;;;;;;;;;;;;
 ;04:08:50;3.301;0.019;472.8;29.3;;;;;;;;;;;;;;;;;;
 ;04:08:51;3.301;0.019;472.8;29.3;;;;;;;;;;;;;;;;;;
 ;04:08:52;3.301;0.018;472.8;29.3;;;;;;;;;;;;;;;;;;
 ;04:08:53;3.301;0.018;472.8;29.3;;;;;;;;;;;;;;;;;;
 ;04:08:54;3.301;0.019;472.8;29.3;;;;;;;;;;;;;;;;;;
 ;04:08:55;3.300;0.019;472.8;29.3;;;;;;;;;;;;;;;;;;
 ;04:08:56;3.301;0.019;472.8;29.3;;;;;;;;;;;;;;;;;;
 ;04:08:57;3.301;0.018;472.8;29.3;;;;;;;;;;;;;;;;;;
 ;04:08:58;3.301;0.019;472.9;29.3;;;;;;;;;;;;;;;;;;
 ;04:08:59;3.301;0.019;472.9;29.3;;;;;;;;;;;;;;;;;;
 ;04:09:00;3.300;0.019;472.9;29.3;;;;;;;;;;;;;;;;;;
 ;04:09:01;3.301;0.018;472.9;29.3;;;;;;;;;;;;;;;;;;
 ;04:09:02;3.301;0.018;472.9;29.3;;;;;;;;;;;;;;;;;;
 ;04:09:03;3.301;0.019;472.9;29.3;;;;;;;;;;;;;;;;;;
 ;04:09:04;3.300;0.019;472.9;29.3;;;;;;;;;;;;;;;;;;
 ;04:09:05;3.301;0.019;472.9;29.3;;;;;;;;;;;;;;;;;;
 ;04:09:06;3.301;0.018;472.9;29.3;;;;;;;;;;;;;;;;;;
 ;04:09:07;3.301;0.019;472.9;29.3;;;;;;;;;;;;;;;;;;
 ;04:09:08;3.300;0.019;472.9;29.3;;;;;;;;;;;;;;;;;;
 ;04:09:09;3.300;0.019;472.9;29.3;;;;;;;;;;;;;;;;;;
 ;04:09:10;3.301;0.018;472.9;29.3;;;;;;;;;;;;;;;;;;
 ;04:09:11;3.301;0.018;472.9;29.3;;;;;;;;;;;;;;;;;;
 ;04:09:12;3.301;0.019;472.9;29.3;;;;;;;;;;;;;;;;;;
 ;04:09:13;3.300;0.019;472.9;29.3;;;;;;;;;;;;;;;;;;
 ;04:09:14;3.300;0.019;472.9;29.3;;;;;;;;;;;;;;;;;;
 ;04:09:15;3.301;0.018;472.9;29.3;;;;;;;;;;;;;;;;;;
 ;04:09:16;3.301;0.019;472.9;29.3;;;;;;;;;;;;;;;;;;
 ;04:09:17;3.300;0.019;473.0;29.3;;;;;;;;;;;;;;;;;;
 ;04:09:18;3.300;0.019;473.0;29.3;;;;;;;;;;;;;;;;;;
 ;04:09:19;3.300;0.018;473.0;29.3;;;;;;;;;;;;;;;;;;
 ;04:09:20;3.300;0.019;473.0;29.3;;;;;;;;;;;;;;;;;;
 ;04:09:21;3.301;0.018;473.0;29.3;;;;;;;;;;;;;;;;;;
 ;04:09:22;3.301;0.018;473.0;29.3;;;;;;;;;;;;;;;;;;
 ;04:09:23;3.300;0.018;473.0;29.3;;;;;;;;;;;;;;;;;;
 ;04:09:24;3.301;0.018;473.0;29.3;;;;;;;;;;;;;;;;;;
 ;04:09:25;3.301;0.018;473.0;29.3;;;;;;;;;;;;;;;;;;
 ;04:09:26;3.301;0.019;473.0;29.3;;;;;;;;;;;;;;;;;;
 ;04:09:27;3.300;0.019;473.0;29.3;;;;;;;;;;;;;;;;;;
 ;04:09:28;3.300;0.019;473.0;29.3;;;;;;;;;;;;;;;;;;
 ;04:09:29;3.300;0.018;473.0;29.3;;;;;;;;;;;;;;;;;;
 ;04:09:30;3.300;0.018;473.0;29.3;;;;;;;;;;;;;;;;;;
 ;04:09:31;3.301;0.018;473.0;29.3;;;;;;;;;;;;;;;;;;
 ;04:09:32;3.301;0.018;473.0;29.3;;;;;;;;;;;;;;;;;;
 ;04:09:33;3.300;0.018;473.0;29.3;;;;;;;;;;;;;;;;;;
 ;04:09:34;3.301;0.018;473.0;29.3;;;;;;;;;;;;;;;;;;
 ;04:09:35;3.301;0.018;473.0;29.3;;;;;;;;;;;;;;;;;;
 ;04:09:36;3.301;0.018;473.1;29.3;;;;;;;;;;;;;;;;;;
 ;04:09:37;3.301;0.018;473.1;29.3;;;;;;;;;;;;;;;;;;
 ;04:09:38;3.301;0.018;473.1;29.3;;;;;;;;;;;;;;;;;;
 ;04:09:39;3.300;0.018;473.1;29.3;;;;;;;;;;;;;;;;;;
 ;04:09:40;3.300;0.018;473.1;29.3;;;;;;;;;;;;;;;;;;
 ;04:09:41;3.301;0.018;473.1;29.3;;;;;;;;;;;;;;;;;;
 ;04:09:42;3.300;0.018;473.1;29.3;;;;;;;;;;;;;;;;;;
 ;04:09:43;3.300;0.018;473.1;29.3;;;;;;;;;;;;;;;;;;
 ;04:09:44;3.300;0.018;473.1;29.3;;;;;;;;;;;;;;;;;;
 ;04:09:45;3.301;0.018;473.1;29.3;;;;;;;;;;;;;;;;;;
 ;04:09:46;3.301;0.018;473.1;29.3;;;;;;;;;;;;;;;;;;
 ;04:09:47;3.300;0.018;473.1;29.3;;;;;;;;;;;;;;;;;;
 ;04:09:48;3.300;0.018;473.1;29.3;;;;;;;;;;;;;;;;;;
 ;04:09:49;3.301;0.018;473.1;29.3;;;;;;;;;;;;;;;;;;
 ;04:09:50;3.301;0.018;473.1;29.3;;;;;;;;;;;;;;;;;;
 ;04:09:51;3.301;0.018;473.1;29.3;;;;;;;;;;;;;;;;;;
 ;04:09:52;3.301;0.018;473.1;29.3;;;;;;;;;;;;;;;;;;
 ;04:09:53;3.301;0.018;473.1;29.3;;;;;;;;;;;;;;;;;;
 ;04:09:54;3.301;0.018;473.1;29.3;;;;;;;;;;;;;;;;;;
 ;04:09:55;3.301;0.018;473.1;29.3;;;;;;;;;;;;;;;;;;
 ;04:09:56;3.301;0.018;473.2;29.3;;;;;;;;;;;;;;;;;;
 ;04:09:57;3.301;0.018;473.2;29.3;;;;;;;;;;;;;;;;;;
 ;04:09:58;3.301;0.018;473.2;29.3;;;;;;;;;;;;;;;;;;
 ;04:09:59;3.301;0.018;473.2;29.3;;;;;;;;;;;;;;;;;;
 ;04:10:00;3.301;0.018;473.2;29.3;;;;;;;;;;;;;;;;;;
 ;04:10:01;3.300;0.018;473.2;29.3;;;;;;;;;;;;;;;;;;
 ;04:10:02;3.300;0.018;473.2;29.3;;;;;;;;;;;;;;;;;;
 ;04:10:03;3.300;0.018;473.2;29.3;;;;;;;;;;;;;;;;;;
 ;04:10:04;3.300;0.018;473.2;29.3;;;;;;;;;;;;;;;;;;
 ;04:10:05;3.300;0.018;473.2;29.3;;;;;;;;;;;;;;;;;;
 ;04:10:06;3.300;0.018;473.2;29.3;;;;;;;;;;;;;;;;;;
 ;04:10:07;3.300;0.018;473.2;29.3;;;;;;;;;;;;;;;;;;
 ;04:10:08;3.300;0.018;473.2;29.3;;;;;;;;;;;;;;;;;;
 ;04:10:09;3.300;0.018;473.2;29.3;;;;;;;;;;;;;;;;;;
 ;04:10:10;3.300;0.018;473.2;29.3;;;;;;;;;;;;;;;;;;
 ;04:10:11;3.300;0.018;473.2;29.3;;;;;;;;;;;;;;;;;;
 ;04:10:12;3.300;0.018;473.2;29.3;;;;;;;;;;;;;;;;;;
 ;04:10:13;3.300;0.018;473.2;29.3;;;;;;;;;;;;;;;;;;
 ;04:10:14;3.300;0.018;473.2;29.3;;;;;;;;;;;;;;;;;;
 ;04:10:15;3.300;0.018;473.2;29.3;;;;;;;;;;;;;;;;;;
 ;04:10:16;3.300;0.018;473.3;29.3;;;;;;;;;;;;;;;;;;
 ;04:10:17;3.300;0.018;473.3;29.3;;;;;;;;;;;;;;;;;;
 ;04:10:18;3.300;0.018;473.3;29.3;;;;;;;;;;;;;;;;;;
 ;04:10:19;3.300;0.018;473.3;29.3;;;;;;;;;;;;;;;;;;
 ;04:10:20;3.300;0.018;473.3;29.3;;;;;;;;;;;;;;;;;;
 ;04:10:21;3.300;0.018;473.3;29.3;;;;;;;;;;;;;;;;;;
 ;04:10:22;3.300;0.018;473.3;29.3;;;;;;;;;;;;;;;;;;
 ;04:10:23;3.300;0.018;473.3;29.3;;;;;;;;;;;;;;;;;;
 ;04:10:24;3.300;0.018;473.3;29.3;;;;;;;;;;;;;;;;;;
 ;04:10:25;3.300;0.018;473.3;29.3;;;;;;;;;;;;;;;;;;
 ;04:10:26;3.300;0.018;473.3;29.3;;;;;;;;;;;;;;;;;;
 ;04:10:27;3.300;0.018;473.3;29.3;;;;;;;;;;;;;;;;;;
 ;04:10:28;3.300;0.018;473.3;29.3;;;;;;;;;;;;;;;;;;
 ;04:10:29;3.300;0.018;473.3;29.3;;;;;;;;;;;;;;;;;;
 ;04:10:30;3.300;0.018;473.3;29.3;;;;;;;;;;;;;;;;;;
 ;04:10:31;3.300;0.018;473.3;29.3;;;;;;;;;;;;;;;;;;
 ;04:10:32;3.300;0.018;473.3;29.3;;;;;;;;;;;;;;;;;;
 ;04:10:33;3.300;0.018;473.3;29.3;;;;;;;;;;;;;;;;;;
 ;04:10:34;3.300;0.018;473.3;29.3;;;;;;;;;;;;;;;;;;
 ;04:10:35;3.300;0.018;473.4;29.3;;;;;;;;;;;;;;;;;;
 ;04:10:36;3.300;0.018;473.4;29.3;;;;;;;;;;;;;;;;;;
 ;04:10:37;3.301;0.017;473.4;29.3;;;;;;;;;;;;;;;;;;
 ;04:10:38;3.301;0.018;473.4;29.3;;;;;;;;;;;;;;;;;;
 ;04:10:39;3.301;0.017;473.4;29.3;;;;;;;;;;;;;;;;;;
 ;04:10:40;3.301;0.017;473.4;29.3;;;;;;;;;;;;;;;;;;
 ;04:10:41;3.301;0.018;473.4;29.3;;;;;;;;;;;;;;;;;;
 ;04:10:42;3.300;0.018;473.4;29.3;;;;;;;;;;;;;;;;;;
 ;04:10:43;3.301;0.018;473.4;29.3;;;;;;;;;;;;;;;;;;
 ;04:10:44;3.301;0.017;473.4;29.3;;;;;;;;;;;;;;;;;;
 ;04:10:45;3.301;0.017;473.4;29.3;;;;;;;;;;;;;;;;;;
 ;04:10:46;3.301;0.018;473.4;29.3;;;;;;;;;;;;;;;;;;
 ;04:10:47;3.301;0.018;473.4;29.3;;;;;;;;;;;;;;;;;;
 ;04:10:48;3.301;0.017;473.4;29.3;;;;;;;;;;;;;;;;;;
 ;04:10:49;3.301;0.017;473.4;29.3;;;;;;;;;;;;;;;;;;
 ;04:10:50;3.301;0.017;473.4;29.3;;;;;;;;;;;;;;;;;;
 ;04:10:51;3.301;0.017;473.4;29.3;;;;;;;;;;;;;;;;;;
 ;04:10:52;3.300;0.018;473.4;29.3;;;;;;;;;;;;;;;;;;
 ;04:10:53;3.300;0.018;473.4;29.3;;;;;;;;;;;;;;;;;;
 ;04:10:54;3.301;0.018;473.4;29.3;;;;;;;;;;;;;;;;;;
 ;04:10:55;3.301;0.018;473.5;29.3;;;;;;;;;;;;;;;;;;
 ;04:10:56;3.301;0.017;473.5;29.3;;;;;;;;;;;;;;;;;;
 ;04:10:57;3.301;0.018;473.5;29.3;;;;;;;;;;;;;;;;;;
 ;04:10:58;3.301;0.018;473.5;29.3;;;;;;;;;;;;;;;;;;
 ;04:10:59;3.301;0.017;473.5;29.3;;;;;;;;;;;;;;;;;;
 ;04:11:00;3.301;0.017;473.5;29.3;;;;;;;;;;;;;;;;;;
 ;04:11:01;3.301;0.017;473.5;29.3;;;;;;;;;;;;;;;;;;
 ;04:11:02;3.301;0.018;473.5;29.3;;;;;;;;;;;;;;;;;;
 ;04:11:03;3.301;0.018;473.5;29.3;;;;;;;;;;;;;;;;;;
 ;04:11:04;3.301;0.018;473.5;29.3;;;;;;;;;;;;;;;;;;
 ;04:11:05;3.301;0.017;473.5;29.3;;;;;;;;;;;;;;;;;;
 ;04:11:06;3.301;0.018;473.5;29.3;;;;;;;;;;;;;;;;;;
 ;04:11:07;3.301;0.018;473.5;29.3;;;;;;;;;;;;;;;;;;
 ;04:11:08;3.301;0.018;473.5;29.3;;;;;;;;;;;;;;;;;;
 ;04:11:09;3.301;0.017;473.5;29.3;;;;;;;;;;;;;;;;;;
 ;04:11:10;3.301;0.017;473.5;29.3;;;;;;;;;;;;;;;;;;
 ;04:11:11;3.301;0.018;473.5;29.3;;;;;;;;;;;;;;;;;;
 ;04:11:12;3.301;0.018;473.5;29.3;;;;;;;;;;;;;;;;;;
 ;04:11:13;3.301;0.017;473.5;29.3;;;;;;;;;;;;;;;;;;
 ;04:11:14;3.301;0.017;473.5;29.3;;;;;;;;;;;;;;;;;;
 ;04:11:15;3.301;0.018;473.6;29.3;;;;;;;;;;;;;;;;;;
 ;04:11:16;3.300;0.018;473.6;29.3;;;;;;;;;;;;;;;;;;
 ;04:11:17;3.301;0.017;473.6;29.3;;;;;;;;;;;;;;;;;;
 ;04:11:18;3.301;0.017;473.6;29.3;;;;;;;;;;;;;;;;;;
 ;04:11:19;3.301;0.017;473.6;29.3;;;;;;;;;;;;;;;;;;
 ;04:11:20;3.300;0.018;473.6;29.3;;;;;;;;;;;;;;;;;;
 ;04:11:21;3.301;0.018;473.6;29.3;;;;;;;;;;;;;;;;;;
 ;04:11:22;3.301;0.018;473.6;29.3;;;;;;;;;;;;;;;;;;
 ;04:11:23;3.301;0.017;473.6;29.3;;;;;;;;;;;;;;;;;;
 ;04:11:24;3.300;0.018;473.6;29.3;;;;;;;;;;;;;;;;;;
 ;04:11:25;3.300;0.018;473.6;29.3;;;;;;;;;;;;;;;;;;
 ;04:11:26;3.301;0.018;473.6;29.3;;;;;;;;;;;;;;;;;;
 ;04:11:27;3.301;0.017;473.6;29.3;;;;;;;;;;;;;;;;;;
 ;04:11:28;3.301;0.017;473.6;29.3;;;;;;;;;;;;;;;;;;
 ;04:11:29;3.300;0.018;473.6;29.3;;;;;;;;;;;;;;;;;;
 ;04:11:30;3.300;0.018;473.6;29.3;;;;;;;;;;;;;;;;;;
 ;04:11:31;3.301;0.017;473.6;29.3;;;;;;;;;;;;;;;;;;
 ;04:11:32;3.301;0.017;473.6;29.3;;;;;;;;;;;;;;;;;;
 ;04:11:33;3.300;0.018;473.6;29.3;;;;;;;;;;;;;;;;;;
 ;04:11:34;3.301;0.017;473.6;29.3;;;;;;;;;;;;;;;;;;
 ;04:11:35;3.301;0.018;473.7;29.3;;;;;;;;;;;;;;;;;;
 ;04:11:36;3.301;0.017;473.7;29.3;;;;;;;;;;;;;;;;;;
 ;04:11:37;3.300;0.018;473.7;29.3;;;;;;;;;;;;;;;;;;
 ;04:11:38;3.301;0.017;473.7;29.3;;;;;;;;;;;;;;;;;;
 ;04:11:39;3.301;0.017;473.7;29.3;;;;;;;;;;;;;;;;;;
 ;04:11:40;3.301;0.017;473.7;29.3;;;;;;;;;;;;;;;;;;
 ;04:11:41;3.301;0.017;473.7;29.3;;;;;;;;;;;;;;;;;;
 ;04:11:42;3.301;0.017;473.7;29.3;;;;;;;;;;;;;;;;;;
 ;04:11:43;3.301;0.017;473.7;29.3;;;;;;;;;;;;;;;;;;
 ;04:11:44;3.301;0.017;473.7;29.3;;;;;;;;;;;;;;;;;;
 ;04:11:45;3.301;0.017;473.7;29.3;;;;;;;;;;;;;;;;;;
 ;04:11:46;3.301;0.017;473.7;29.3;;;;;;;;;;;;;;;;;;
 ;04:11:47;3.301;0.017;473.7;29.3;;;;;;;;;;;;;;;;;;
 ;04:11:48;3.301;0.017;473.7;29.3;;;;;;;;;;;;;;;;;;
 ;04:11:49;3.300;0.018;473.7;29.3;;;;;;;;;;;;;;;;;;
 ;04:11:50;3.301;0.017;473.7;29.3;;;;;;;;;;;;;;;;;;
 ;04:11:51;3.301;0.017;473.7;29.3;;;;;;;;;;;;;;;;;;
 ;04:11:52;3.301;0.017;473.7;29.3;;;;;;;;;;;;;;;;;;
 ;04:11:53;3.301;0.017;473.7;29.3;;;;;;;;;;;;;;;;;;
 ;04:11:54;3.301;0.017;473.7;29.3;;;;;;;;;;;;;;;;;;
 ;04:11:55;3.301;0.017;473.8;29.3;;;;;;;;;;;;;;;;;;
 ;04:11:56;3.301;0.017;473.8;29.3;;;;;;;;;;;;;;;;;;
 ;04:11:57;3.301;0.017;473.8;29.3;;;;;;;;;;;;;;;;;;
 ;04:11:58;3.301;0.017;473.8;29.3;;;;;;;;;;;;;;;;;;
 ;04:11:59;3.301;0.017;473.8;29.3;;;;;;;;;;;;;;;;;;
 ;04:12:00;3.301;0.017;473.8;29.3;;;;;;;;;;;;;;;;;;
 ;04:12:01;3.301;0.017;473.8;29.3;;;;;;;;;;;;;;;;;;
 ;04:12:02;3.301;0.017;473.8;29.3;;;;;;;;;;;;;;;;;;
 ;04:12:03;3.300;0.017;473.8;29.3;;;;;;;;;;;;;;;;;;
 ;04:12:04;3.300;0.018;473.8;29.3;;;;;;;;;;;;;;;;;;
 ;04:12:05;3.300;0.017;473.8;29.3;;;;;;;;;;;;;;;;;;
 ;04:12:06;3.300;0.017;473.8;29.3;;;;;;;;;;;;;;;;;;
 ;04:12:07;3.301;0.017;473.8;29.3;;;;;;;;;;;;;;;;;;
 ;04:12:08;3.300;0.017;473.8;29.3;;;;;;;;;;;;;;;;;;
 ;04:12:09;3.300;0.017;473.8;29.3;;;;;;;;;;;;;;;;;;
 ;04:12:10;3.300;0.017;473.8;29.3;;;;;;;;;;;;;;;;;;
 ;04:12:11;3.301;0.017;473.8;29.3;;;;;;;;;;;;;;;;;;
 ;04:12:12;3.301;0.017;473.8;29.3;;;;;;;;;;;;;;;;;;
 ;04:12:13;3.301;0.017;473.8;29.3;;;;;;;;;;;;;;;;;;
 ;04:12:14;3.301;0.017;473.8;29.3;;;;;;;;;;;;;;;;;;
 ;04:12:15;3.301;0.017;473.8;29.3;;;;;;;;;;;;;;;;;;
 ;04:12:16;3.301;0.017;473.9;29.3;;;;;;;;;;;;;;;;;;
 ;04:12:17;3.301;0.017;473.9;29.3;;;;;;;;;;;;;;;;;;
 ;04:12:18;3.301;0.017;473.9;29.3;;;;;;;;;;;;;;;;;;
 ;04:12:19;3.301;0.017;473.9;29.3;;;;;;;;;;;;;;;;;;
 ;04:12:20;3.301;0.017;473.9;29.3;;;;;;;;;;;;;;;;;;
 ;04:12:21;3.301;0.017;473.9;29.3;;;;;;;;;;;;;;;;;;
 ;04:12:22;3.300;0.017;473.9;29.3;;;;;;;;;;;;;;;;;;
 ;04:12:23;3.300;0.018;473.9;29.3;;;;;;;;;;;;;;;;;;
 ;04:12:24;3.301;0.017;473.9;29.3;;;;;;;;;;;;;;;;;;
 ;04:12:25;3.301;0.017;473.9;29.3;;;;;;;;;;;;;;;;;;
 ;04:12:26;3.301;0.017;473.9;29.3;;;;;;;;;;;;;;;;;;
 ;04:12:27;3.301;0.017;473.9;29.3;;;;;;;;;;;;;;;;;;
 ;04:12:28;3.301;0.017;473.9;29.3;;;;;;;;;;;;;;;;;;
 ;04:12:29;3.301;0.017;473.9;29.3;;;;;;;;;;;;;;;;;;
 ;04:12:30;3.301;0.017;473.9;29.3;;;;;;;;;;;;;;;;;;
 ;04:12:31;3.301;0.017;473.9;29.3;;;;;;;;;;;;;;;;;;
 ;04:12:32;3.301;0.017;473.9;29.3;;;;;;;;;;;;;;;;;;
 ;04:12:33;3.301;0.017;473.9;29.3;;;;;;;;;;;;;;;;;;
 ;04:12:34;3.301;0.017;473.9;29.3;;;;;;;;;;;;;;;;;;
 ;04:12:35;3.301;0.017;473.9;29.3;;;;;;;;;;;;;;;;;;
 ;04:12:36;3.301;0.017;474.0;29.3;;;;;;;;;;;;;;;;;;
 ;04:12:37;3.301;0.017;474.0;29.3;;;;;;;;;;;;;;;;;;
 ;04:12:38;3.301;0.017;474.0;29.3;;;;;;;;;;;;;;;;;;
 ;04:12:39;3.301;0.017;474.0;29.3;;;;;;;;;;;;;;;;;;
 ;04:12:40;3.301;0.017;474.0;29.3;;;;;;;;;;;;;;;;;;
 ;04:12:41;3.301;0.017;474.0;29.3;;;;;;;;;;;;;;;;;;
 ;04:12:42;3.301;0.017;474.0;29.3;;;;;;;;;;;;;;;;;;
 ;04:12:43;3.301;0.017;474.0;29.3;;;;;;;;;;;;;;;;;;
 ;04:12:44;3.301;0.017;474.0;29.3;;;;;;;;;;;;;;;;;;
 ;04:12:45;3.301;0.017;474.0;29.3;;;;;;;;;;;;;;;;;;
 ;04:12:46;3.301;0.017;474.0;29.3;;;;;;;;;;;;;;;;;;
 ;04:12:47;3.301;0.017;474.0;29.3;;;;;;;;;;;;;;;;;;
 ;04:12:48;3.301;0.017;474.0;29.3;;;;;;;;;;;;;;;;;;
 ;04:12:49;3.301;0.017;474.0;29.3;;;;;;;;;;;;;;;;;;
 ;04:12:50;3.301;0.017;474.0;29.3;;;;;;;;;;;;;;;;;;
 ;04:12:51;3.301;0.017;474.0;29.3;;;;;;;;;;;;;;;;;;
 ;04:12:52;3.301;0.017;474.0;29.3;;;;;;;;;;;;;;;;;;
 ;04:12:53;3.301;0.017;474.0;29.3;;;;;;;;;;;;;;;;;;
 ;04:12:54;3.301;0.017;474.0;29.3;;;;;;;;;;;;;;;;;;
 ;04:12:55;3.301;0.017;474.0;29.3;;;;;;;;;;;;;;;;;;
 ;04:12:56;3.301;0.017;474.0;29.3;;;;;;;;;;;;;;;;;;
 ;04:12:57;3.301;0.017;474.1;29.3;;;;;;;;;;;;;;;;;;
 ;04:12:58;3.301;0.017;474.1;29.3;;;;;;;;;;;;;;;;;;
 ;04:12:59;3.301;0.017;474.1;29.3;;;;;;;;;;;;;;;;;;
 ;04:13:00;3.301;0.016;474.1;29.3;;;;;;;;;;;;;;;;;;
 ;04:13:01;3.301;0.017;474.1;29.3;;;;;;;;;;;;;;;;;;
 ;04:13:02;3.301;0.017;474.1;29.3;;;;;;;;;;;;;;;;;;
 ;04:13:03;3.300;0.017;474.1;29.3;;;;;;;;;;;;;;;;;;
 ;04:13:04;3.300;0.017;474.1;29.3;;;;;;;;;;;;;;;;;;
 ;04:13:05;3.300;0.017;474.1;29.3;;;;;;;;;;;;;;;;;;
 ;04:13:06;3.300;0.017;474.1;29.3;;;;;;;;;;;;;;;;;;
 ;04:13:07;3.300;0.017;474.1;29.3;;;;;;;;;;;;;;;;;;
 ;04:13:08;3.300;0.017;474.1;29.3;;;;;;;;;;;;;;;;;;
 ;04:13:09;3.301;0.017;474.1;29.3;;;;;;;;;;;;;;;;;;
 ;04:13:10;3.301;0.016;474.1;29.3;;;;;;;;;;;;;;;;;;
 ;04:13:11;3.301;0.017;474.1;29.3;;;;;;;;;;;;;;;;;;
 ;04:13:12;3.301;0.016;474.1;29.3;;;;;;;;;;;;;;;;;;
 ;04:13:13;3.301;0.017;474.1;29.3;;;;;;;;;;;;;;;;;;
 ;04:13:14;3.301;0.017;474.1;29.3;;;;;;;;;;;;;;;;;;
 ;04:13:15;3.301;0.017;474.1;29.3;;;;;;;;;;;;;;;;;;
 ;04:13:16;3.301;0.016;474.1;29.3;;;;;;;;;;;;;;;;;;
 ;04:13:17;3.301;0.017;474.1;29.3;;;;;;;;;;;;;;;;;;
 ;04:13:18;3.301;0.017;474.2;29.3;;;;;;;;;;;;;;;;;;
 ;04:13:19;3.300;0.017;474.2;29.3;;;;;;;;;;;;;;;;;;
 ;04:13:20;3.300;0.017;474.2;29.3;;;;;;;;;;;;;;;;;;
 ;04:13:21;3.301;0.017;474.2;29.3;;;;;;;;;;;;;;;;;;
 ;04:13:22;3.301;0.016;474.2;29.3;;;;;;;;;;;;;;;;;;
 ;04:13:23;3.301;0.016;474.2;29.3;;;;;;;;;;;;;;;;;;
 ;04:13:24;3.301;0.017;474.2;29.3;;;;;;;;;;;;;;;;;;
 ;04:13:25;3.301;0.017;474.2;29.3;;;;;;;;;;;;;;;;;;
 ;04:13:26;3.301;0.017;474.2;29.3;;;;;;;;;;;;;;;;;;
 ;04:13:27;3.301;0.017;474.2;29.3;;;;;;;;;;;;;;;;;;
 ;04:13:28;3.301;0.016;474.2;29.3;;;;;;;;;;;;;;;;;;
 ;04:13:29;3.301;0.017;474.2;29.3;;;;;;;;;;;;;;;;;;
 ;04:13:30;3.301;0.017;474.2;29.3;;;;;;;;;;;;;;;;;;
 ;04:13:31;3.301;0.017;474.2;29.3;;;;;;;;;;;;;;;;;;
 ;04:13:32;3.301;0.016;474.2;29.3;;;;;;;;;;;;;;;;;;
 ;04:13:33;3.301;0.016;474.2;29.3;;;;;;;;;;;;;;;;;;
 ;04:13:34;3.301;0.017;474.2;29.3;;;;;;;;;;;;;;;;;;
 ;04:13:35;3.301;0.017;474.2;29.3;;;;;;;;;;;;;;;;;;
 ;04:13:36;3.301;0.017;474.2;29.3;;;;;;;;;;;;;;;;;;
 ;04:13:37;3.301;0.016;474.2;29.3;;;;;;;;;;;;;;;;;;
 ;04:13:38;3.301;0.017;474.2;29.3;;;;;;;;;;;;;;;;;;
 ;04:13:39;3.300;0.017;474.3;29.3;;;;;;;;;;;;;;;;;;
 ;04:13:40;3.301;0.017;474.3;29.3;;;;;;;;;;;;;;;;;;
 ;04:13:41;3.301;0.016;474.3;29.3;;;;;;;;;;;;;;;;;;
 ;04:13:42;3.301;0.016;474.3;29.3;;;;;;;;;;;;;;;;;;
 ;04:13:43;3.300;0.017;474.3;29.3;;;;;;;;;;;;;;;;;;
 ;04:13:44;3.300;0.017;474.3;29.3;;;;;;;;;;;;;;;;;;
 ;04:13:45;3.301;0.017;474.3;29.3;;;;;;;;;;;;;;;;;;
 ;04:13:46;3.301;0.016;474.3;29.3;;;;;;;;;;;;;;;;;;
 ;04:13:47;3.301;0.017;474.3;29.3;;;;;;;;;;;;;;;;;;
 ;04:13:48;3.300;0.017;474.3;29.3;;;;;;;;;;;;;;;;;;
 ;04:13:49;3.300;0.017;474.3;29.2;;;;;;;;;;;;;;;;;;
 ;04:13:50;3.301;0.016;474.3;29.3;;;;;;;;;;;;;;;;;;
 ;04:13:51;3.301;0.016;474.3;29.2;;;;;;;;;;;;;;;;;;
 ;04:13:52;3.300;0.017;474.3;29.2;;;;;;;;;;;;;;;;;;
 ;04:13:53;3.300;0.017;474.3;29.2;;;;;;;;;;;;;;;;;;
 ;04:13:54;3.301;0.017;474.3;29.2;;;;;;;;;;;;;;;;;;
 ;04:13:55;3.301;0.016;474.3;29.2;;;;;;;;;;;;;;;;;;
 ;04:13:56;3.301;0.017;474.3;29.2;;;;;;;;;;;;;;;;;;
 ;04:13:57;3.300;0.017;474.3;29.2;;;;;;;;;;;;;;;;;;
 ;04:13:58;3.300;0.017;474.3;29.2;;;;;;;;;;;;;;;;;;
 ;04:13:59;3.301;0.016;474.3;29.2;;;;;;;;;;;;;;;;;;
 ;04:14:00;3.301;0.016;474.4;29.2;;;;;;;;;;;;;;;;;;
 ;04:14:01;3.300;0.017;474.4;29.2;;;;;;;;;;;;;;;;;;
 ;04:14:02;3.300;0.017;474.4;29.2;;;;;;;;;;;;;;;;;;
 ;04:14:03;3.301;0.017;474.4;29.2;;;;;;;;;;;;;;;;;;
 ;04:14:04;3.301;0.016;474.4;29.2;;;;;;;;;;;;;;;;;;
 ;04:14:05;3.301;0.017;474.4;29.2;;;;;;;;;;;;;;;;;;
 ;04:14:06;3.300;0.017;474.4;29.2;;;;;;;;;;;;;;;;;;
 ;04:14:07;3.300;0.017;474.4;29.2;;;;;;;;;;;;;;;;;;
 ;04:14:08;3.301;0.016;474.4;29.2;;;;;;;;;;;;;;;;;;
 ;04:14:09;3.301;0.016;474.4;29.2;;;;;;;;;;;;;;;;;;
 ;04:14:10;3.300;0.017;474.4;29.2;;;;;;;;;;;;;;;;;;
 ;04:14:11;3.301;0.017;474.4;29.2;;;;;;;;;;;;;;;;;;
 ;04:14:12;3.301;0.016;474.4;29.2;;;;;;;;;;;;;;;;;;
 ;04:14:13;3.300;0.017;474.4;29.2;;;;;;;;;;;;;;;;;;
 ;04:14:14;3.300;0.017;474.4;29.2;;;;;;;;;;;;;;;;;;
 ;04:14:15;3.301;0.016;474.4;29.2;;;;;;;;;;;;;;;;;;
 ;04:14:16;3.301;0.017;474.4;29.2;;;;;;;;;;;;;;;;;;
 ;04:14:17;3.300;0.017;474.4;29.2;;;;;;;;;;;;;;;;;;
 ;04:14:18;3.301;0.016;474.4;29.2;;;;;;;;;;;;;;;;;;
 ;04:14:19;3.301;0.016;474.4;29.2;;;;;;;;;;;;;;;;;;
 ;04:14:20;3.301;0.016;474.4;29.2;;;;;;;;;;;;;;;;;;
 ;04:14:21;3.300;0.017;474.5;29.2;;;;;;;;;;;;;;;;;;
 ;04:14:22;3.301;0.016;474.5;29.2;;;;;;;;;;;;;;;;;;
 ;04:14:23;3.301;0.016;474.5;29.2;;;;;;;;;;;;;;;;;;
 ;04:14:24;3.301;0.016;474.5;29.2;;;;;;;;;;;;;;;;;;
 ;04:14:25;3.301;0.016;474.5;29.2;;;;;;;;;;;;;;;;;;
 ;04:14:26;3.301;0.016;474.5;29.2;;;;;;;;;;;;;;;;;;
 ;04:14:27;3.301;0.016;474.5;29.2;;;;;;;;;;;;;;;;;;
 ;04:14:28;3.301;0.016;474.5;29.2;;;;;;;;;;;;;;;;;;
 ;04:14:29;3.300;0.016;474.5;29.2;;;;;;;;;;;;;;;;;;
 ;04:14:30;3.300;0.017;474.5;29.2;;;;;;;;;;;;;;;;;;
 ;04:14:31;3.301;0.016;474.5;29.2;;;;;;;;;;;;;;;;;;
 ;04:14:32;3.301;0.016;474.5;29.2;;;;;;;;;;;;;;;;;;
 ;04:14:33;3.300;0.017;474.5;29.2;;;;;;;;;;;;;;;;;;
 ;04:14:34;3.300;0.017;474.5;29.2;;;;;;;;;;;;;;;;;;
 ;04:14:35;3.300;0.017;474.5;29.2;;;;;;;;;;;;;;;;;;
 ;04:14:36;3.300;0.017;474.5;29.2;;;;;;;;;;;;;;;;;;
 ;04:14:37;3.300;0.016;474.5;29.2;;;;;;;;;;;;;;;;;;
 ;04:14:38;3.301;0.016;474.5;29.2;;;;;;;;;;;;;;;;;;
 ;04:14:39;3.301;0.016;474.5;29.2;;;;;;;;;;;;;;;;;;
 ;04:14:40;3.301;0.016;474.5;29.2;;;;;;;;;;;;;;;;;;
 ;04:14:41;3.301;0.016;474.5;29.2;;;;;;;;;;;;;;;;;;
 ;04:14:42;3.301;0.016;474.5;29.2;;;;;;;;;;;;;;;;;;
 ;04:14:43;3.301;0.016;474.6;29.2;;;;;;;;;;;;;;;;;;
 ;04:14:44;3.300;0.017;474.6;29.2;;;;;;;;;;;;;;;;;;
 ;04:14:45;3.300;0.017;474.6;29.2;;;;;;;;;;;;;;;;;;
 ;04:14:46;3.301;0.016;474.6;29.2;;;;;;;;;;;;;;;;;;
 ;04:14:47;3.301;0.016;474.6;29.2;;;;;;;;;;;;;;;;;;
 ;04:14:48;3.301;0.016;474.6;29.2;;;;;;;;;;;;;;;;;;
 ;04:14:49;3.300;0.016;474.6;29.2;;;;;;;;;;;;;;;;;;
 ;04:14:50;3.300;0.016;474.6;29.2;;;;;;;;;;;;;;;;;;
 ;04:14:51;3.300;0.016;474.6;29.2;;;;;;;;;;;;;;;;;;
 ;04:14:52;3.300;0.016;474.6;29.2;;;;;;;;;;;;;;;;;;
 ;04:14:53;3.300;0.016;474.6;29.2;;;;;;;;;;;;;;;;;;
 ;04:14:54;3.301;0.016;474.6;29.2;;;;;;;;;;;;;;;;;;
 ;04:14:55;3.301;0.016;474.6;29.2;;;;;;;;;;;;;;;;;;
 ;04:14:56;3.301;0.016;474.6;29.2;;;;;;;;;;;;;;;;;;
 ;04:14:57;3.300;0.017;474.6;29.2;;;;;;;;;;;;;;;;;;
 ;04:14:58;3.301;0.016;474.6;29.2;;;;;;;;;;;;;;;;;;
 ;04:14:59;3.301;0.016;474.6;29.2;;;;;;;;;;;;;;;;;;
 ;04:15:00;3.301;0.016;474.6;29.2;;;;;;;;;;;;;;;;;;
 ;04:15:01;3.301;0.015;474.6;29.2;;;;;;;;;;;;;;;;;;
 ;04:15:02;3.301;0.015;474.6;29.2;;;;;;;;;;;;;;;;;;
 ;04:15:03;3.301;0.015;474.6;29.2;;;;;;;;;;;;;;;;;;
 ;04:15:04;3.301;0.015;474.6;29.2;;;;;;;;;;;;;;;;;;
 ;04:15:05;3.301;0.015;474.7;29.2;;;;;;;;;;;;;;;;;;
 ;04:15:06;3.301;0.015;474.7;29.2;;;;;;;;;;;;;;;;;;
 ;04:15:07;3.301;0.015;474.7;29.2;;;;;;;;;;;;;;;;;;
 ;04:15:08;3.301;0.015;474.7;29.2;;;;;;;;;;;;;;;;;;
 ;04:15:09;3.301;0.015;474.7;29.2;;;;;;;;;;;;;;;;;;
 ;04:15:10;3.301;0.016;474.7;29.2;;;;;;;;;;;;;;;;;;
 ;04:15:11;3.301;0.016;474.7;29.2;;;;;;;;;;;;;;;;;;
 ;04:15:12;3.301;0.016;474.7;29.2;;;;;;;;;;;;;;;;;;
 ;04:15:13;3.301;0.016;474.7;29.2;;;;;;;;;;;;;;;;;;
 ;04:15:14;3.301;0.016;474.7;29.2;;;;;;;;;;;;;;;;;;
 ;04:15:15;3.301;0.016;474.7;29.2;;;;;;;;;;;;;;;;;;
 ;04:15:16;3.301;0.016;474.7;29.2;;;;;;;;;;;;;;;;;;
 ;04:15:17;3.301;0.016;474.7;29.2;;;;;;;;;;;;;;;;;;
 ;04:15:18;3.301;0.016;474.7;29.2;;;;;;;;;;;;;;;;;;
 ;04:15:19;3.301;0.016;474.7;29.2;;;;;;;;;;;;;;;;;;
 ;04:15:20;3.301;0.016;474.7;29.2;;;;;;;;;;;;;;;;;;
 ;04:15:21;3.301;0.016;474.7;29.2;;;;;;;;;;;;;;;;;;
 ;04:15:22;3.301;0.016;474.7;29.2;;;;;;;;;;;;;;;;;;
 ;04:15:23;3.301;0.016;474.7;29.2;;;;;;;;;;;;;;;;;;
 ;04:15:24;3.301;0.016;474.7;29.2;;;;;;;;;;;;;;;;;;
 ;04:15:25;3.301;0.016;474.7;29.2;;;;;;;;;;;;;;;;;;
 ;04:15:26;3.301;0.016;474.7;29.2;;;;;;;;;;;;;;;;;;
 ;04:15:27;3.301;0.016;474.8;29.2;;;;;;;;;;;;;;;;;;
 ;04:15:28;3.301;0.016;474.8;29.2;;;;;;;;;;;;;;;;;;
 ;04:15:29;3.301;0.016;474.8;29.2;;;;;;;;;;;;;;;;;;
 ;04:15:30;3.301;0.016;474.8;29.2;;;;;;;;;;;;;;;;;;
 ;04:15:31;3.301;0.016;474.8;29.2;;;;;;;;;;;;;;;;;;
 ;04:15:32;3.301;0.016;474.8;29.2;;;;;;;;;;;;;;;;;;
 ;04:15:33;3.301;0.016;474.8;29.2;;;;;;;;;;;;;;;;;;
 ;04:15:34;3.301;0.016;474.8;29.2;;;;;;;;;;;;;;;;;;
 ;04:15:35;3.301;0.016;474.8;29.2;;;;;;;;;;;;;;;;;;
 ;04:15:36;3.301;0.016;474.8;29.2;;;;;;;;;;;;;;;;;;
 ;04:15:37;3.301;0.016;474.8;29.2;;;;;;;;;;;;;;;;;;
 ;04:15:38;3.301;0.016;474.8;29.2;;;;;;;;;;;;;;;;;;
 ;04:15:39;3.301;0.016;474.8;29.2;;;;;;;;;;;;;;;;;;
 ;04:15:40;3.301;0.016;474.8;29.2;;;;;;;;;;;;;;;;;;
 ;04:15:41;3.300;0.016;474.8;29.2;;;;;;;;;;;;;;;;;;
 ;04:15:42;3.300;0.016;474.8;29.2;;;;;;;;;;;;;;;;;;
 ;04:15:43;3.300;0.016;474.8;29.2;;;;;;;;;;;;;;;;;;
 ;04:15:44;3.300;0.016;474.8;29.2;;;;;;;;;;;;;;;;;;
 ;04:15:45;3.300;0.016;474.8;29.2;;;;;;;;;;;;;;;;;;
 ;04:15:46;3.300;0.016;474.8;29.2;;;;;;;;;;;;;;;;;;
 ;04:15:47;3.300;0.016;474.8;29.2;;;;;;;;;;;;;;;;;;
 ;04:15:48;3.300;0.016;474.8;29.2;;;;;;;;;;;;;;;;;;
 ;04:15:49;3.300;0.016;474.9;29.2;;;;;;;;;;;;;;;;;;
 ;04:15:50;3.301;0.015;474.9;29.2;;;;;;;;;;;;;;;;;;
 ;04:15:51;3.301;0.015;474.9;29.2;;;;;;;;;;;;;;;;;;
 ;04:15:52;3.301;0.015;474.9;29.2;;;;;;;;;;;;;;;;;;
 ;04:15:53;3.301;0.016;474.9;29.2;;;;;;;;;;;;;;;;;;
 ;04:15:54;3.301;0.015;474.9;29.2;;;;;;;;;;;;;;;;;;
 ;04:15:55;3.301;0.016;474.9;29.2;;;;;;;;;;;;;;;;;;
 ;04:15:56;3.300;0.016;474.9;29.2;;;;;;;;;;;;;;;;;;
 ;04:15:57;3.301;0.015;474.9;29.2;;;;;;;;;;;;;;;;;;
 ;04:15:58;3.301;0.016;474.9;29.2;;;;;;;;;;;;;;;;;;
 ;04:15:59;3.301;0.015;474.9;29.2;;;;;;;;;;;;;;;;;;
 ;04:16:00;3.301;0.015;474.9;29.2;;;;;;;;;;;;;;;;;;
 ;04:16:01;3.301;0.016;474.9;29.2;;;;;;;;;;;;;;;;;;
 ;04:16:02;3.300;0.016;474.9;29.2;;;;;;;;;;;;;;;;;;
 ;04:16:03;3.300;0.016;474.9;29.2;;;;;;;;;;;;;;;;;;
 ;04:16:04;3.301;0.015;474.9;29.2;;;;;;;;;;;;;;;;;;
 ;04:16:05;3.301;0.015;474.9;29.2;;;;;;;;;;;;;;;;;;
 ;04:16:06;3.301;0.015;474.9;29.2;;;;;;;;;;;;;;;;;;
 ;04:16:07;3.301;0.016;474.9;29.2;;;;;;;;;;;;;;;;;;
 ;04:16:08;3.301;0.016;474.9;29.2;;;;;;;;;;;;;;;;;;
 ;04:16:09;3.301;0.016;474.9;29.2;;;;;;;;;;;;;;;;;;
 ;04:16:10;3.301;0.015;474.9;29.2;;;;;;;;;;;;;;;;;;
 ;04:16:11;3.301;0.015;475.0;29.2;;;;;;;;;;;;;;;;;;
 ;04:16:12;3.301;0.015;475.0;29.2;;;;;;;;;;;;;;;;;;
 ;04:16:13;3.301;0.016;475.0;29.2;;;;;;;;;;;;;;;;;;
 ;04:16:14;3.301;0.016;475.0;29.2;;;;;;;;;;;;;;;;;;
 ;04:16:15;3.301;0.015;475.0;29.2;;;;;;;;;;;;;;;;;;
 ;04:16:16;3.301;0.015;475.0;29.2;;;;;;;;;;;;;;;;;;
 ;04:16:17;3.301;0.016;475.0;29.2;;;;;;;;;;;;;;;;;;
 ;04:16:18;3.300;0.016;475.0;29.2;;;;;;;;;;;;;;;;;;
 ;04:16:19;3.300;0.016;475.0;29.2;;;;;;;;;;;;;;;;;;
 ;04:16:20;3.301;0.015;475.0;29.2;;;;;;;;;;;;;;;;;;
 ;04:16:21;3.301;0.015;475.0;29.2;;;;;;;;;;;;;;;;;;
 ;04:16:22;3.301;0.015;475.0;29.2;;;;;;;;;;;;;;;;;;
 ;04:16:23;3.301;0.016;475.0;29.2;;;;;;;;;;;;;;;;;;
 ;04:16:24;3.301;0.016;475.0;29.2;;;;;;;;;;;;;;;;;;
 ;04:16:25;3.301;0.015;475.0;29.2;;;;;;;;;;;;;;;;;;
 ;04:16:26;3.301;0.015;475.0;29.2;;;;;;;;;;;;;;;;;;
 ;04:16:27;3.301;0.016;475.0;29.2;;;;;;;;;;;;;;;;;;
 ;04:16:28;3.300;0.016;475.0;29.2;;;;;;;;;;;;;;;;;;
 ;04:16:29;3.301;0.015;475.0;29.2;;;;;;;;;;;;;;;;;;
 ;04:16:30;3.301;0.015;475.0;29.2;;;;;;;;;;;;;;;;;;
 ;04:16:31;3.301;0.015;475.0;29.2;;;;;;;;;;;;;;;;;;
 ;04:16:32;3.300;0.016;475.0;29.2;;;;;;;;;;;;;;;;;;
 ;04:16:33;3.300;0.016;475.0;29.2;;;;;;;;;;;;;;;;;;
 ;04:16:34;3.301;0.015;475.1;29.2;;;;;;;;;;;;;;;;;;
 ;04:16:35;3.301;0.015;475.1;29.2;;;;;;;;;;;;;;;;;;
 ;04:16:36;3.301;0.016;475.1;29.2;;;;;;;;;;;;;;;;;;
 ;04:16:37;3.300;0.016;475.1;29.2;;;;;;;;;;;;;;;;;;
 ;04:16:38;3.300;0.015;475.1;29.2;;;;;;;;;;;;;;;;;;
 ;04:16:39;3.301;0.015;475.1;29.2;;;;;;;;;;;;;;;;;;
 ;04:16:40;3.301;0.015;475.1;29.2;;;;;;;;;;;;;;;;;;
 ;04:16:41;3.300;0.016;475.1;29.2;;;;;;;;;;;;;;;;;;
 ;04:16:42;3.300;0.016;475.1;29.2;;;;;;;;;;;;;;;;;;
 ;04:16:43;3.301;0.015;475.1;29.2;;;;;;;;;;;;;;;;;;
 ;04:16:44;3.301;0.015;475.1;29.2;;;;;;;;;;;;;;;;;;
 ;04:16:45;3.301;0.016;475.1;29.2;;;;;;;;;;;;;;;;;;
 ;04:16:46;3.300;0.016;475.1;29.2;;;;;;;;;;;;;;;;;;
 ;04:16:47;3.300;0.015;475.1;29.2;;;;;;;;;;;;;;;;;;
 ;04:16:48;3.301;0.015;475.1;29.2;;;;;;;;;;;;;;;;;;
 ;04:16:49;3.301;0.015;475.1;29.2;;;;;;;;;;;;;;;;;;
 ;04:16:50;3.300;0.016;475.1;29.2;;;;;;;;;;;;;;;;;;
 ;04:16:51;3.300;0.016;475.1;29.2;;;;;;;;;;;;;;;;;;
 ;04:16:52;3.301;0.015;475.1;29.2;;;;;;;;;;;;;;;;;;
 ;04:16:53;3.301;0.015;475.1;29.2;;;;;;;;;;;;;;;;;;
 ;04:16:54;3.301;0.016;475.1;29.2;;;;;;;;;;;;;;;;;;
 ;04:16:55;3.300;0.016;475.1;29.2;;;;;;;;;;;;;;;;;;
 ;04:16:56;3.300;0.015;475.2;29.2;;;;;;;;;;;;;;;;;;
 ;04:16:57;3.301;0.015;475.2;29.2;;;;;;;;;;;;;;;;;;
 ;04:16:58;3.301;0.015;475.2;29.2;;;;;;;;;;;;;;;;;;
 ;04:16:59;3.300;0.016;475.2;29.2;;;;;;;;;;;;;;;;;;
 ;04:17:00;3.300;0.015;475.2;29.2;;;;;;;;;;;;;;;;;;
 ;04:17:01;3.300;0.015;475.2;29.2;;;;;;;;;;;;;;;;;;
 ;04:17:02;3.301;0.015;475.2;29.2;;;;;;;;;;;;;;;;;;
 ;04:17:03;3.301;0.015;475.2;29.2;;;;;;;;;;;;;;;;;;
 ;04:17:04;3.300;0.015;475.2;29.2;;;;;;;;;;;;;;;;;;
 ;04:17:05;3.300;0.015;475.2;29.2;;;;;;;;;;;;;;;;;;
 ;04:17:06;3.300;0.015;475.2;29.2;;;;;;;;;;;;;;;;;;
 ;04:17:07;3.301;0.015;475.2;29.2;;;;;;;;;;;;;;;;;;
 ;04:17:08;3.301;0.015;475.2;29.2;;;;;;;;;;;;;;;;;;
 ;04:17:09;3.301;0.015;475.2;29.2;;;;;;;;;;;;;;;;;;
 ;04:17:10;3.300;0.015;475.2;29.2;;;;;;;;;;;;;;;;;;
 ;04:17:11;3.301;0.015;475.2;29.2;;;;;;;;;;;;;;;;;;
 ;04:17:12;3.301;0.015;475.2;29.2;;;;;;;;;;;;;;;;;;
 ;04:17:13;3.301;0.015;475.2;29.2;;;;;;;;;;;;;;;;;;
 ;04:17:14;3.300;0.015;475.2;29.2;;;;;;;;;;;;;;;;;;
 ;04:17:15;3.301;0.015;475.2;29.2;;;;;;;;;;;;;;;;;;
 ;04:17:16;3.301;0.015;475.2;29.2;;;;;;;;;;;;;;;;;;
 ;04:17:17;3.301;0.016;475.2;29.2;;;;;;;;;;;;;;;;;;
 ;04:17:18;3.301;0.015;475.2;29.2;;;;;;;;;;;;;;;;;;
 ;04:17:19;3.300;0.016;475.3;29.2;;;;;;;;;;;;;;;;;;
 ;04:17:20;3.301;0.015;475.3;29.2;;;;;;;;;;;;;;;;;;
 ;04:17:21;3.301;0.015;475.3;29.2;;;;;;;;;;;;;;;;;;
 ;04:17:22;3.301;0.015;475.3;29.2;;;;;;;;;;;;;;;;;;
 ;04:17:23;3.301;0.015;475.3;29.2;;;;;;;;;;;;;;;;;;
 ;04:17:24;3.301;0.015;475.3;29.2;;;;;;;;;;;;;;;;;;
 ;04:17:25;3.300;0.015;475.3;29.2;;;;;;;;;;;;;;;;;;
 ;04:17:26;3.300;0.015;475.3;29.2;;;;;;;;;;;;;;;;;;
 ;04:17:27;3.301;0.015;475.3;29.2;;;;;;;;;;;;;;;;;;
 ;04:17:28;3.301;0.015;475.3;29.2;;;;;;;;;;;;;;;;;;
 ;04:17:29;3.301;0.015;475.3;29.2;;;;;;;;;;;;;;;;;;
 ;04:17:30;3.301;0.015;475.3;29.2;;;;;;;;;;;;;;;;;;
 ;04:17:31;3.301;0.015;475.3;29.2;;;;;;;;;;;;;;;;;;
 ;04:17:32;3.300;0.015;475.3;29.2;;;;;;;;;;;;;;;;;;
 ;04:17:33;3.301;0.015;475.3;29.2;;;;;;;;;;;;;;;;;;
 ;04:17:34;3.301;0.015;475.3;29.2;;;;;;;;;;;;;;;;;;
 ;04:17:35;3.301;0.015;475.3;29.2;;;;;;;;;;;;;;;;;;
 ;04:17:36;3.301;0.015;475.3;29.2;;;;;;;;;;;;;;;;;;
 ;04:17:37;3.300;0.015;475.3;29.2;;;;;;;;;;;;;;;;;;
 ;04:17:38;3.300;0.015;475.3;29.2;;;;;;;;;;;;;;;;;;
 ;04:17:39;3.301;0.015;475.3;29.2;;;;;;;;;;;;;;;;;;
 ;04:17:40;3.301;0.015;475.3;29.2;;;;;;;;;;;;;;;;;;
 ;04:17:41;3.301;0.015;475.3;29.2;;;;;;;;;;;;;;;;;;
 ;04:17:42;3.301;0.015;475.4;29.2;;;;;;;;;;;;;;;;;;
 ;04:17:43;3.301;0.015;475.4;29.2;;;;;;;;;;;;;;;;;;
 ;04:17:44;3.301;0.015;475.4;29.2;;;;;;;;;;;;;;;;;;
 ;04:17:45;3.301;0.015;475.4;29.2;;;;;;;;;;;;;;;;;;
 ;04:17:46;3.301;0.015;475.4;29.2;;;;;;;;;;;;;;;;;;
 ;04:17:47;3.300;0.015;475.4;29.2;;;;;;;;;;;;;;;;;;
 ;04:17:48;3.300;0.016;475.4;29.2;;;;;;;;;;;;;;;;;;
 ;04:17:49;3.300;0.016;475.4;29.2;;;;;;;;;;;;;;;;;;
 ;04:17:50;3.301;0.015;475.4;29.2;;;;;;;;;;;;;;;;;;
 ;04:17:51;3.300;0.015;475.4;29.2;;;;;;;;;;;;;;;;;;
 ;04:17:52;3.300;0.015;475.4;29.2;;;;;;;;;;;;;;;;;;
 ;04:17:53;3.300;0.015;475.4;29.2;;;;;;;;;;;;;;;;;;
 ;04:17:54;3.300;0.015;475.4;29.2;;;;;;;;;;;;;;;;;;
 ;04:17:55;3.300;0.015;475.4;29.2;;;;;;;;;;;;;;;;;;
 ;04:17:56;3.300;0.015;475.4;29.2;;;;;;;;;;;;;;;;;;
 ;04:17:57;3.301;0.015;475.4;29.2;;;;;;;;;;;;;;;;;;
 ;04:17:58;3.301;0.015;475.4;29.2;;;;;;;;;;;;;;;;;;
 ;04:17:59;3.301;0.015;475.4;29.2;;;;;;;;;;;;;;;;;;
 ;04:18:00;3.301;0.015;475.4;29.2;;;;;;;;;;;;;;;;;;
 ;04:18:01;3.301;0.015;475.4;29.2;;;;;;;;;;;;;;;;;;
 ;04:18:02;3.301;0.015;475.4;29.2;;;;;;;;;;;;;;;;;;
 ;04:18:03;3.301;0.015;475.4;29.2;;;;;;;;;;;;;;;;;;
 ;04:18:04;3.301;0.015;475.4;29.2;;;;;;;;;;;;;;;;;;
 ;04:18:05;3.300;0.015;475.5;29.2;;;;;;;;;;;;;;;;;;
 ;04:18:06;3.300;0.015;475.5;29.2;;;;;;;;;;;;;;;;;;
 ;04:18:07;3.300;0.015;475.5;29.2;;;;;;;;;;;;;;;;;;
 ;04:18:08;3.300;0.015;475.5;29.2;;;;;;;;;;;;;;;;;;
 ;04:18:09;3.300;0.015;475.5;29.2;;;;;;;;;;;;;;;;;;
 ;04:18:10;3.300;0.015;475.5;29.2;;;;;;;;;;;;;;;;;;
 ;04:18:11;3.300;0.015;475.5;29.2;;;;;;;;;;;;;;;;;;
 ;04:18:12;3.300;0.015;475.5;29.2;;;;;;;;;;;;;;;;;;
 ;04:18:13;3.300;0.015;475.5;29.2;;;;;;;;;;;;;;;;;;
 ;04:18:14;3.300;0.015;475.5;29.2;;;;;;;;;;;;;;;;;;
 ;04:18:15;3.300;0.015;475.5;29.2;;;;;;;;;;;;;;;;;;
 ;04:18:16;3.300;0.015;475.5;29.2;;;;;;;;;;;;;;;;;;
 ;04:18:17;3.300;0.015;475.5;29.2;;;;;;;;;;;;;;;;;;
 ;04:18:18;3.300;0.015;475.5;29.2;;;;;;;;;;;;;;;;;;
 ;04:18:19;3.300;0.015;475.5;29.2;;;;;;;;;;;;;;;;;;
 ;04:18:20;3.300;0.015;475.5;29.2;;;;;;;;;;;;;;;;;;
 ;04:18:21;3.300;0.015;475.5;29.2;;;;;;;;;;;;;;;;;;
 ;04:18:22;3.300;0.015;475.5;29.2;;;;;;;;;;;;;;;;;;
 ;04:18:23;3.300;0.015;475.5;29.2;;;;;;;;;;;;;;;;;;
 ;04:18:24;3.300;0.015;475.5;29.2;;;;;;;;;;;;;;;;;;
 ;04:18:25;3.300;0.015;475.5;29.2;;;;;;;;;;;;;;;;;;
 ;04:18:26;3.300;0.015;475.5;29.2;;;;;;;;;;;;;;;;;;
 ;04:18:27;3.300;0.015;475.5;29.2;;;;;;;;;;;;;;;;;;
 ;04:18:28;3.300;0.015;475.5;29.2;;;;;;;;;;;;;;;;;;
 ;04:18:29;3.300;0.015;475.6;29.2;;;;;;;;;;;;;;;;;;
 ;04:18:30;3.300;0.015;475.6;29.2;;;;;;;;;;;;;;;;;;
 ;04:18:31;3.300;0.015;475.6;29.2;;;;;;;;;;;;;;;;;;
 ;04:18:32;3.300;0.015;475.6;29.2;;;;;;;;;;;;;;;;;;
 ;04:18:33;3.300;0.015;475.6;29.2;;;;;;;;;;;;;;;;;;
 ;04:18:34;3.300;0.015;475.6;29.2;;;;;;;;;;;;;;;;;;
 ;04:18:35;3.300;0.015;475.6;29.2;;;;;;;;;;;;;;;;;;
 ;04:18:36;3.300;0.015;475.6;29.2;;;;;;;;;;;;;;;;;;
 ;04:18:37;3.300;0.015;475.6;29.2;;;;;;;;;;;;;;;;;;
 ;04:18:38;3.300;0.015;475.6;29.2;;;;;;;;;;;;;;;;;;
 ;04:18:39;3.300;0.015;475.6;29.2;;;;;;;;;;;;;;;;;;
 ;04:18:40;3.300;0.015;475.6;29.2;;;;;;;;;;;;;;;;;;
 ;04:18:41;3.300;0.015;475.6;29.2;;;;;;;;;;;;;;;;;;
 ;04:18:42;3.300;0.015;475.6;29.2;;;;;;;;;;;;;;;;;;
 ;04:18:43;3.301;0.015;475.6;29.2;;;;;;;;;;;;;;;;;;
 ;04:18:44;3.301;0.014;475.6;29.2;;;;;;;;;;;;;;;;;;
 ;04:18:45;3.301;0.015;475.6;29.2;;;;;;;;;;;;;;;;;;
 ;04:18:46;3.301;0.015;475.6;29.2;;;;;;;;;;;;;;;;;;
 ;04:18:47;3.300;0.015;475.6;29.2;;;;;;;;;;;;;;;;;;
 ;04:18:48;3.300;0.015;475.6;29.2;;;;;;;;;;;;;;;;;;
 ;04:18:49;3.300;0.015;475.6;29.2;;;;;;;;;;;;;;;;;;
 ;04:18:50;3.300;0.015;475.6;29.2;;;;;;;;;;;;;;;;;;
 ;04:18:51;3.301;0.015;475.6;29.2;;;;;;;;;;;;;;;;;;
 ;04:18:52;3.301;0.015;475.7;29.2;;;;;;;;;;;;;;;;;;
 ;04:18:53;3.301;0.015;475.7;29.2;;;;;;;;;;;;;;;;;;
 ;04:18:54;3.301;0.014;475.7;29.2;;;;;;;;;;;;;;;;;;
 ;04:18:55;3.301;0.014;475.7;29.2;;;;;;;;;;;;;;;;;;
 ;04:18:56;3.301;0.014;475.7;29.2;;;;;;;;;;;;;;;;;;
 ;04:18:57;3.301;0.015;475.7;29.2;;;;;;;;;;;;;;;;;;
 ;04:18:58;3.301;0.015;475.7;29.2;;;;;;;;;;;;;;;;;;
 ;04:18:59;3.300;0.015;475.7;29.2;;;;;;;;;;;;;;;;;;
 ;04:19:00;3.301;0.015;475.7;29.2;;;;;;;;;;;;;;;;;;
 ;04:19:01;3.301;0.014;475.7;29.2;;;;;;;;;;;;;;;;;;
 ;04:19:02;3.301;0.015;475.7;29.2;;;;;;;;;;;;;;;;;;
 ;04:19:03;3.300;0.015;475.7;29.2;;;;;;;;;;;;;;;;;;
 ;04:19:04;3.300;0.015;475.7;29.2;;;;;;;;;;;;;;;;;;
 ;04:19:05;3.301;0.015;475.7;29.2;;;;;;;;;;;;;;;;;;
 ;04:19:06;3.301;0.015;475.7;29.2;;;;;;;;;;;;;;;;;;
 ;04:19:07;3.301;0.014;475.7;29.2;;;;;;;;;;;;;;;;;;
 ;04:19:08;3.301;0.014;475.7;29.2;;;;;;;;;;;;;;;;;;
 ;04:19:09;3.301;0.015;475.7;29.2;;;;;;;;;;;;;;;;;;
 ;04:19:10;3.301;0.015;475.7;29.2;;;;;;;;;;;;;;;;;;
 ;04:19:11;3.301;0.015;475.7;29.2;;;;;;;;;;;;;;;;;;
 ;04:19:12;3.301;0.014;475.7;29.2;;;;;;;;;;;;;;;;;;
 ;04:19:13;3.301;0.015;475.7;29.2;;;;;;;;;;;;;;;;;;
 ;04:19:14;3.301;0.015;475.7;29.2;;;;;;;;;;;;;;;;;;
 ;04:19:15;3.301;0.015;475.7;29.2;;;;;;;;;;;;;;;;;;
 ;04:19:16;3.301;0.014;475.8;29.2;;;;;;;;;;;;;;;;;;
 ;04:19:17;3.301;0.014;475.8;29.2;;;;;;;;;;;;;;;;;;
 ;04:19:18;3.301;0.015;475.8;29.2;;;;;;;;;;;;;;;;;;
 ;04:19:19;3.301;0.015;475.8;29.2;;;;;;;;;;;;;;;;;;
 ;04:19:20;3.301;0.015;475.8;29.2;;;;;;;;;;;;;;;;;;
 ;04:19:21;3.301;0.014;475.8;29.2;;;;;;;;;;;;;;;;;;
 ;04:19:22;3.301;0.015;475.8;29.2;;;;;;;;;;;;;;;;;;
 ;04:19:23;3.301;0.015;475.8;29.2;;;;;;;;;;;;;;;;;;
 ;04:19:24;3.301;0.015;475.8;29.2;;;;;;;;;;;;;;;;;;
 ;04:19:25;3.301;0.014;475.8;29.2;;;;;;;;;;;;;;;;;;
 ;04:19:26;3.301;0.014;475.8;29.2;;;;;;;;;;;;;;;;;;
 ;04:19:27;3.301;0.015;475.8;29.2;;;;;;;;;;;;;;;;;;
 ;04:19:28;3.300;0.015;475.8;29.2;;;;;;;;;;;;;;;;;;
 ;04:19:29;3.301;0.015;475.8;29.2;;;;;;;;;;;;;;;;;;
 ;04:19:30;3.301;0.014;475.8;29.2;;;;;;;;;;;;;;;;;;
 ;04:19:31;3.301;0.015;475.8;29.2;;;;;;;;;;;;;;;;;;
 ;04:19:32;3.300;0.015;475.8;29.2;;;;;;;;;;;;;;;;;;
 ;04:19:33;3.301;0.015;475.8;29.2;;;;;;;;;;;;;;;;;;
 ;04:19:34;3.301;0.014;475.8;29.2;;;;;;;;;;;;;;;;;;
 ;04:19:35;3.301;0.014;475.8;29.2;;;;;;;;;;;;;;;;;;
 ;04:19:36;3.301;0.015;475.8;29.2;;;;;;;;;;;;;;;;;;
 ;04:19:37;3.300;0.015;475.8;29.2;;;;;;;;;;;;;;;;;;
 ;04:19:38;3.301;0.015;475.8;29.2;;;;;;;;;;;;;;;;;;
 ;04:19:39;3.301;0.014;475.8;29.2;;;;;;;;;;;;;;;;;;
 ;04:19:40;3.301;0.015;475.9;29.2;;;;;;;;;;;;;;;;;;
 ;04:19:41;3.300;0.015;475.9;29.2;;;;;;;;;;;;;;;;;;
 ;04:19:42;3.301;0.015;475.9;29.2;;;;;;;;;;;;;;;;;;
 ;04:19:43;3.301;0.014;475.9;29.2;;;;;;;;;;;;;;;;;;
 ;04:19:44;3.301;0.014;475.9;29.2;;;;;;;;;;;;;;;;;;
 ;04:19:45;3.300;0.015;475.9;29.2;;;;;;;;;;;;;;;;;;
 ;04:19:46;3.300;0.015;475.9;29.2;;;;;;;;;;;;;;;;;;
 ;04:19:47;3.301;0.015;475.9;29.2;;;;;;;;;;;;;;;;;;
 ;04:19:48;3.301;0.014;475.9;29.2;;;;;;;;;;;;;;;;;;
 ;04:19:49;3.301;0.015;475.9;29.2;;;;;;;;;;;;;;;;;;
 ;04:19:50;3.300;0.015;475.9;29.2;;;;;;;;;;;;;;;;;;
 ;04:19:51;3.300;0.015;475.9;29.2;;;;;;;;;;;;;;;;;;
 ;04:19:52;3.301;0.014;475.9;29.2;;;;;;;;;;;;;;;;;;
 ;04:19:53;3.301;0.014;475.9;29.2;;;;;;;;;;;;;;;;;;
 ;04:19:54;3.300;0.015;475.9;29.2;;;;;;;;;;;;;;;;;;
 ;04:19:55;3.300;0.015;475.9;29.2;;;;;;;;;;;;;;;;;;
 ;04:19:56;3.301;0.015;475.9;29.2;;;;;;;;;;;;;;;;;;
 ;04:19:57;3.301;0.014;475.9;29.2;;;;;;;;;;;;;;;;;;
 ;04:19:58;3.301;0.015;475.9;29.2;;;;;;;;;;;;;;;;;;
 ;04:19:59;3.300;0.015;475.9;29.2;;;;;;;;;;;;;;;;;;
 ;04:20:00;3.300;0.015;475.9;29.2;;;;;;;;;;;;;;;;;;
 ;04:20:01;3.301;0.014;475.9;29.2;;;;;;;;;;;;;;;;;;
 ;04:20:02;3.301;0.014;475.9;29.2;;;;;;;;;;;;;;;;;;
 ;04:20:03;3.300;0.014;475.9;29.2;;;;;;;;;;;;;;;;;;
 ;04:20:04;3.300;0.014;476.0;29.2;;;;;;;;;;;;;;;;;;
 ;04:20:05;3.301;0.014;476.0;29.2;;;;;;;;;;;;;;;;;;
 ;04:20:06;3.301;0.015;476.0;29.2;;;;;;;;;;;;;;;;;;
 ;04:20:07;3.300;0.015;476.0;29.1;;;;;;;;;;;;;;;;;;
 ;04:20:08;3.300;0.015;476.0;29.2;;;;;;;;;;;;;;;;;;
 ;04:20:09;3.301;0.014;476.0;29.2;;;;;;;;;;;;;;;;;;
 ;04:20:10;3.301;0.014;476.0;29.2;;;;;;;;;;;;;;;;;;
 ;04:20:11;3.300;0.014;476.0;29.1;;;;;;;;;;;;;;;;;;
 ;04:20:12;3.300;0.014;476.0;29.1;;;;;;;;;;;;;;;;;;
 ;04:20:13;3.301;0.014;476.0;29.1;;;;;;;;;;;;;;;;;;
 ;04:20:14;3.301;0.014;476.0;29.1;;;;;;;;;;;;;;;;;;
 ;04:20:15;3.300;0.014;476.0;29.1;;;;;;;;;;;;;;;;;;
 ;04:20:16;3.301;0.014;476.0;29.1;;;;;;;;;;;;;;;;;;
 ;04:20:17;3.301;0.014;476.0;29.1;;;;;;;;;;;;;;;;;;
 ;04:20:18;3.300;0.014;476.0;29.1;;;;;;;;;;;;;;;;;;
 ;04:20:19;3.300;0.015;476.0;29.1;;;;;;;;;;;;;;;;;;
 ;04:20:20;3.300;0.014;476.0;29.1;;;;;;;;;;;;;;;;;;
 ;04:20:21;3.301;0.014;476.0;29.1;;;;;;;;;;;;;;;;;;
 ;04:20:22;3.300;0.014;476.0;29.1;;;;;;;;;;;;;;;;;;
 ;04:20:23;3.300;0.014;476.0;29.1;;;;;;;;;;;;;;;;;;
 ;04:20:24;3.300;0.014;476.0;29.1;;;;;;;;;;;;;;;;;;
 ;04:20:25;3.301;0.014;476.0;29.1;;;;;;;;;;;;;;;;;;
 ;04:20:26;3.301;0.014;476.0;29.1;;;;;;;;;;;;;;;;;;
 ;04:20:27;3.301;0.014;476.0;29.1;;;;;;;;;;;;;;;;;;
 ;04:20:28;3.301;0.014;476.1;29.1;;;;;;;;;;;;;;;;;;
 ;04:20:29;3.301;0.014;476.1;29.1;;;;;;;;;;;;;;;;;;
 ;04:20:30;3.301;0.014;476.1;29.1;;;;;;;;;;;;;;;;;;
 ;04:20:31;3.301;0.014;476.1;29.1;;;;;;;;;;;;;;;;;;
 ;04:20:32;3.300;0.014;476.1;29.1;;;;;;;;;;;;;;;;;;
 ;04:20:33;3.301;0.014;476.1;29.1;;;;;;;;;;;;;;;;;;
 ;04:20:34;3.301;0.014;476.1;29.1;;;;;;;;;;;;;;;;;;
 ;04:20:35;3.300;0.014;476.1;29.1;;;;;;;;;;;;;;;;;;
 ;04:20:36;3.300;0.015;476.1;29.1;;;;;;;;;;;;;;;;;;
 ;04:20:37;3.301;0.014;476.1;29.1;;;;;;;;;;;;;;;;;;
 ;04:20:38;3.301;0.014;476.1;29.1;;;;;;;;;;;;;;;;;;
 ;04:20:39;3.301;0.014;476.1;29.1;;;;;;;;;;;;;;;;;;
 ;04:20:40;3.301;0.014;476.1;29.1;;;;;;;;;;;;;;;;;;
 ;04:20:41;3.300;0.014;476.1;29.1;;;;;;;;;;;;;;;;;;
 ;04:20:42;3.300;0.014;476.1;29.1;;;;;;;;;;;;;;;;;;
 ;04:20:43;3.301;0.014;476.1;29.1;;;;;;;;;;;;;;;;;;
 ;04:20:44;3.301;0.014;476.1;29.1;;;;;;;;;;;;;;;;;;
 ;04:20:45;3.301;0.014;476.1;29.1;;;;;;;;;;;;;;;;;;
 ;04:20:46;3.301;0.014;476.1;29.1;;;;;;;;;;;;;;;;;;
 ;04:20:47;3.301;0.014;476.1;29.1;;;;;;;;;;;;;;;;;;
 ;04:20:48;3.301;0.014;476.1;29.1;;;;;;;;;;;;;;;;;;
 ;04:20:49;3.301;0.014;476.1;29.1;;;;;;;;;;;;;;;;;;
 ;04:20:50;3.301;0.014;476.1;29.1;;;;;;;;;;;;;;;;;;
 ;04:20:51;3.300;0.014;476.1;29.1;;;;;;;;;;;;;;;;;;
 ;04:20:52;3.300;0.014;476.1;29.1;;;;;;;;;;;;;;;;;;
 ;04:20:53;3.300;0.014;476.2;29.1;;;;;;;;;;;;;;;;;;
 ;04:20:54;3.301;0.014;476.2;29.1;;;;;;;;;;;;;;;;;;
 ;04:20:55;3.301;0.014;476.2;29.1;;;;;;;;;;;;;;;;;;
 ;04:20:56;3.301;0.014;476.2;29.1;;;;;;;;;;;;;;;;;;
 ;04:20:57;3.301;0.014;476.2;29.1;;;;;;;;;;;;;;;;;;
 ;04:20:58;3.301;0.014;476.2;29.1;;;;;;;;;;;;;;;;;;
 ;04:20:59;3.300;0.014;476.2;29.1;;;;;;;;;;;;;;;;;;
 ;04:21:00;3.300;0.014;476.2;29.1;;;;;;;;;;;;;;;;;;
 ;04:21:01;3.301;0.014;476.2;29.1;;;;;;;;;;;;;;;;;;
 ;04:21:02;3.301;0.014;476.2;29.1;;;;;;;;;;;;;;;;;;
 ;04:21:03;3.301;0.014;476.2;29.1;;;;;;;;;;;;;;;;;;
 ;04:21:04;3.300;0.014;476.2;29.1;;;;;;;;;;;;;;;;;;
 ;04:21:05;3.300;0.014;476.2;29.1;;;;;;;;;;;;;;;;;;
 ;04:21:06;3.300;0.014;476.2;29.1;;;;;;;;;;;;;;;;;;
 ;04:21:07;3.300;0.014;476.2;29.1;;;;;;;;;;;;;;;;;;
 ;04:21:08;3.300;0.014;476.2;29.1;;;;;;;;;;;;;;;;;;
 ;04:21:09;3.300;0.014;476.2;29.1;;;;;;;;;;;;;;;;;;
 ;04:21:10;3.300;0.014;476.2;29.1;;;;;;;;;;;;;;;;;;
 ;04:21:11;3.300;0.014;476.2;29.1;;;;;;;;;;;;;;;;;;
 ;04:21:12;3.300;0.014;476.2;29.1;;;;;;;;;;;;;;;;;;
 ;04:21:13;3.300;0.014;476.2;29.1;;;;;;;;;;;;;;;;;;
 ;04:21:14;3.300;0.014;476.2;29.1;;;;;;;;;;;;;;;;;;
 ;04:21:15;3.300;0.014;476.2;29.1;;;;;;;;;;;;;;;;;;
 ;04:21:16;3.300;0.014;476.2;29.1;;;;;;;;;;;;;;;;;;
 ;04:21:17;3.300;0.014;476.2;29.1;;;;;;;;;;;;;;;;;;
 ;04:21:18;3.300;0.014;476.3;29.1;;;;;;;;;;;;;;;;;;
 ;04:21:19;3.300;0.014;476.3;29.1;;;;;;;;;;;;;;;;;;
 ;04:21:20;3.300;0.014;476.3;29.1;;;;;;;;;;;;;;;;;;
 ;04:21:21;3.300;0.014;476.3;29.1;;;;;;;;;;;;;;;;;;
 ;04:21:22;3.300;0.014;476.3;29.1;;;;;;;;;;;;;;;;;;
 ;04:21:23;3.300;0.014;476.3;29.1;;;;;;;;;;;;;;;;;;
 ;04:21:24;3.300;0.014;476.3;29.1;;;;;;;;;;;;;;;;;;
 ;04:21:25;3.300;0.014;476.3;29.1;;;;;;;;;;;;;;;;;;
 ;04:21:26;3.300;0.014;476.3;29.1;;;;;;;;;;;;;;;;;;
 ;04:21:27;3.300;0.014;476.3;29.1;;;;;;;;;;;;;;;;;;
 ;04:21:28;3.300;0.014;476.3;29.1;;;;;;;;;;;;;;;;;;
 ;04:21:29;3.300;0.014;476.3;29.1;;;;;;;;;;;;;;;;;;
 ;04:21:30;3.300;0.014;476.3;29.1;;;;;;;;;;;;;;;;;;
 ;04:21:31;3.300;0.014;476.3;29.1;;;;;;;;;;;;;;;;;;
 ;04:21:32;3.300;0.014;476.3;29.1;;;;;;;;;;;;;;;;;;
 ;04:21:33;3.300;0.014;476.3;29.1;;;;;;;;;;;;;;;;;;
 ;04:21:34;3.300;0.014;476.3;29.1;;;;;;;;;;;;;;;;;;
 ;04:21:35;3.300;0.014;476.3;29.1;;;;;;;;;;;;;;;;;;
 ;04:21:36;3.300;0.014;476.3;29.1;;;;;;;;;;;;;;;;;;
 ;04:21:37;3.300;0.014;476.3;29.1;;;;;;;;;;;;;;;;;;
 ;04:21:38;3.300;0.014;476.3;29.1;;;;;;;;;;;;;;;;;;
 ;04:21:39;3.300;0.014;476.3;29.1;;;;;;;;;;;;;;;;;;
 ;04:21:40;3.300;0.014;476.3;29.1;;;;;;;;;;;;;;;;;;
 ;04:21:41;3.300;0.014;476.3;29.1;;;;;;;;;;;;;;;;;;
 ;04:21:42;3.300;0.014;476.3;29.1;;;;;;;;;;;;;;;;;;
 ;04:21:43;3.300;0.014;476.4;29.1;;;;;;;;;;;;;;;;;;
 ;04:21:44;3.300;0.014;476.4;29.1;;;;;;;;;;;;;;;;;;
 ;04:21:45;3.300;0.014;476.4;29.1;;;;;;;;;;;;;;;;;;
 ;04:21:46;3.300;0.014;476.4;29.1;;;;;;;;;;;;;;;;;;
 ;04:21:47;3.300;0.014;476.4;29.1;;;;;;;;;;;;;;;;;;
 ;04:21:48;3.300;0.014;476.4;29.1;;;;;;;;;;;;;;;;;;
 ;04:21:49;3.300;0.014;476.4;29.1;;;;;;;;;;;;;;;;;;
 ;04:21:50;3.300;0.014;476.4;29.1;;;;;;;;;;;;;;;;;;
 ;04:21:51;3.300;0.014;476.4;29.1;;;;;;;;;;;;;;;;;;
 ;04:21:52;3.300;0.014;476.4;29.1;;;;;;;;;;;;;;;;;;
 ;04:21:53;3.301;0.014;476.4;29.1;;;;;;;;;;;;;;;;;;
 ;04:21:54;3.301;0.014;476.4;29.1;;;;;;;;;;;;;;;;;;
 ;04:21:55;3.301;0.013;476.4;29.1;;;;;;;;;;;;;;;;;;
 ;04:21:56;3.301;0.014;476.4;29.1;;;;;;;;;;;;;;;;;;
 ;04:21:57;3.301;0.014;476.4;29.1;;;;;;;;;;;;;;;;;;
 ;04:21:58;3.301;0.014;476.4;29.1;;;;;;;;;;;;;;;;;;
 ;04:21:59;3.301;0.014;476.4;29.1;;;;;;;;;;;;;;;;;;
 ;04:22:00;3.300;0.014;476.4;29.1;;;;;;;;;;;;;;;;;;
 ;04:22:01;3.301;0.014;476.4;29.1;;;;;;;;;;;;;;;;;;
 ;04:22:02;3.301;0.014;476.4;29.1;;;;;;;;;;;;;;;;;;
 ;04:22:03;3.301;0.013;476.4;29.1;;;;;;;;;;;;;;;;;;
 ;04:22:04;3.301;0.013;476.4;29.1;;;;;;;;;;;;;;;;;;
 ;04:22:05;3.301;0.014;476.4;29.1;;;;;;;;;;;;;;;;;;
 ;04:22:06;3.300;0.014;476.4;29.1;;;;;;;;;;;;;;;;;;
 ;04:22:07;3.300;0.014;476.4;29.1;;;;;;;;;;;;;;;;;;
 ;04:22:08;3.300;0.014;476.5;29.1;;;;;;;;;;;;;;;;;;
 ;04:22:09;3.300;0.014;476.5;29.1;;;;;;;;;;;;;;;;;;
 ;04:22:10;3.301;0.014;476.5;29.1;;;;;;;;;;;;;;;;;;
 ;04:22:11;3.301;0.013;476.5;29.1;;;;;;;;;;;;;;;;;;
 ;04:22:12;3.301;0.014;476.5;29.1;;;;;;;;;;;;;;;;;;
 ;04:22:13;3.300;0.014;476.5;29.1;;;;;;;;;;;;;;;;;;
 ;04:22:14;3.300;0.014;476.5;29.1;;;;;;;;;;;;;;;;;;
 ;04:22:15;3.300;0.014;476.5;29.1;;;;;;;;;;;;;;;;;;
 ;04:22:16;3.301;0.014;476.5;29.1;;;;;;;;;;;;;;;;;;
 ;04:22:17;3.301;0.013;476.5;29.1;;;;;;;;;;;;;;;;;;
 ;04:22:18;3.301;0.013;476.5;29.1;;;;;;;;;;;;;;;;;;
 ;04:22:19;3.301;0.014;476.5;29.1;;;;;;;;;;;;;;;;;;
 ;04:22:20;3.301;0.014;476.5;29.1;;;;;;;;;;;;;;;;;;
 ;04:22:21;3.301;0.014;476.5;29.1;;;;;;;;;;;;;;;;;;
 ;04:22:22;3.301;0.013;476.5;29.1;;;;;;;;;;;;;;;;;;
 ;04:22:23;3.301;0.014;476.5;29.1;;;;;;;;;;;;;;;;;;
 ;04:22:24;3.301;0.014;476.5;29.1;;;;;;;;;;;;;;;;;;
 ;04:22:25;3.301;0.014;476.5;29.1;;;;;;;;;;;;;;;;;;
 ;04:22:26;3.301;0.014;476.5;29.1;;;;;;;;;;;;;;;;;;
 ;04:22:27;3.301;0.013;476.5;29.1;;;;;;;;;;;;;;;;;;
 ;04:22:28;3.301;0.014;476.5;29.1;;;;;;;;;;;;;;;;;;
 ;04:22:29;3.300;0.014;476.5;29.1;;;;;;;;;;;;;;;;;;
 ;04:22:30;3.300;0.014;476.5;29.1;;;;;;;;;;;;;;;;;;
 ;04:22:31;3.301;0.014;476.5;29.1;;;;;;;;;;;;;;;;;;
 ;04:22:32;3.301;0.013;476.5;29.1;;;;;;;;;;;;;;;;;;
 ;04:22:33;3.301;0.014;476.5;29.1;;;;;;;;;;;;;;;;;;
 ;04:22:34;3.301;0.014;476.6;29.1;;;;;;;;;;;;;;;;;;
 ;04:22:35;3.301;0.014;476.6;29.1;;;;;;;;;;;;;;;;;;
 ;04:22:36;3.301;0.013;476.6;29.1;;;;;;;;;;;;;;;;;;
 ;04:22:37;3.301;0.013;476.6;29.1;;;;;;;;;;;;;;;;;;
 ;04:22:38;3.301;0.014;476.6;29.1;;;;;;;;;;;;;;;;;;
 ;04:22:39;3.301;0.014;476.6;29.1;;;;;;;;;;;;;;;;;;
 ;04:22:40;3.301;0.014;476.6;29.1;;;;;;;;;;;;;;;;;;
 ;04:22:41;3.301;0.013;476.6;29.1;;;;;;;;;;;;;;;;;;
 ;04:22:42;3.301;0.014;476.6;29.1;;;;;;;;;;;;;;;;;;
 ;04:22:43;3.300;0.014;476.6;29.1;;;;;;;;;;;;;;;;;;
 ;04:22:44;3.301;0.014;476.6;29.1;;;;;;;;;;;;;;;;;;
 ;04:22:45;3.301;0.013;476.6;29.1;;;;;;;;;;;;;;;;;;
 ;04:22:46;3.301;0.013;476.6;29.1;;;;;;;;;;;;;;;;;;
 ;04:22:47;3.301;0.014;476.6;29.1;;;;;;;;;;;;;;;;;;
 ;04:22:48;3.300;0.014;476.6;29.1;;;;;;;;;;;;;;;;;;
 ;04:22:49;3.301;0.014;476.6;29.1;;;;;;;;;;;;;;;;;;
 ;04:22:50;3.301;0.013;476.6;29.1;;;;;;;;;;;;;;;;;;
 ;04:22:51;3.301;0.014;476.6;29.1;;;;;;;;;;;;;;;;;;
 ;04:22:52;3.300;0.014;476.6;29.1;;;;;;;;;;;;;;;;;;
 ;04:22:53;3.300;0.014;476.6;29.1;;;;;;;;;;;;;;;;;;
 ;04:22:54;3.301;0.013;476.6;29.1;;;;;;;;;;;;;;;;;;
 ;04:22:55;3.301;0.013;476.6;29.1;;;;;;;;;;;;;;;;;;
 ;04:22:56;3.300;0.014;476.6;29.1;;;;;;;;;;;;;;;;;;
 ;04:22:57;3.300;0.014;476.6;29.1;;;;;;;;;;;;;;;;;;
 ;04:22:58;3.301;0.014;476.6;29.1;;;;;;;;;;;;;;;;;;
 ;04:22:59;3.301;0.013;476.6;29.1;;;;;;;;;;;;;;;;;;
 ;04:23:00;3.301;0.014;476.7;29.1;;;;;;;;;;;;;;;;;;
 ;04:23:01;3.300;0.014;476.7;29.1;;;;;;;;;;;;;;;;;;
 ;04:23:02;3.300;0.014;476.7;29.1;;;;;;;;;;;;;;;;;;
 ;04:23:03;3.301;0.013;476.7;29.1;;;;;;;;;;;;;;;;;;
 ;04:23:04;3.301;0.013;476.7;29.1;;;;;;;;;;;;;;;;;;
 ;04:23:05;3.300;0.014;476.7;29.1;;;;;;;;;;;;;;;;;;
 ;04:23:06;3.300;0.014;476.7;29.1;;;;;;;;;;;;;;;;;;
 ;04:23:07;3.301;0.014;476.7;29.1;;;;;;;;;;;;;;;;;;
 ;04:23:08;3.301;0.013;476.7;29.1;;;;;;;;;;;;;;;;;;
 ;04:23:09;3.301;0.014;476.7;29.1;;;;;;;;;;;;;;;;;;
 ;04:23:10;3.300;0.014;476.7;29.1;;;;;;;;;;;;;;;;;;
 ;04:23:11;3.300;0.014;476.7;29.1;;;;;;;;;;;;;;;;;;
 ;04:23:12;3.301;0.013;476.7;29.1;;;;;;;;;;;;;;;;;;
 ;04:23:13;3.301;0.013;476.7;29.1;;;;;;;;;;;;;;;;;;
 ;04:23:14;3.300;0.014;476.7;29.1;;;;;;;;;;;;;;;;;;
 ;04:23:15;3.300;0.014;476.7;29.1;;;;;;;;;;;;;;;;;;
 ;04:23:16;3.301;0.014;476.7;29.1;;;;;;;;;;;;;;;;;;
 ;04:23:17;3.301;0.013;476.7;29.1;;;;;;;;;;;;;;;;;;
 ;04:23:18;3.300;0.013;476.7;29.1;;;;;;;;;;;;;;;;;;
 ;04:23:19;3.300;0.014;476.7;29.1;;;;;;;;;;;;;;;;;;
 ;04:23:20;3.301;0.013;476.7;29.1;;;;;;;;;;;;;;;;;;
 ;04:23:21;3.301;0.013;476.7;29.1;;;;;;;;;;;;;;;;;;
 ;04:23:22;3.300;0.014;476.7;29.1;;;;;;;;;;;;;;;;;;
 ;04:23:23;3.300;0.014;476.7;29.1;;;;;;;;;;;;;;;;;;
 ;04:23:24;3.301;0.013;476.7;29.1;;;;;;;;;;;;;;;;;;
 ;04:23:25;3.301;0.013;476.8;29.1;;;;;;;;;;;;;;;;;;
 ;04:23:26;3.300;0.013;476.8;29.1;;;;;;;;;;;;;;;;;;
 ;04:23:27;3.301;0.013;476.8;29.1;;;;;;;;;;;;;;;;;;
 ;04:23:28;3.301;0.013;476.8;29.1;;;;;;;;;;;;;;;;;;
 ;04:23:29;3.300;0.013;476.8;29.1;;;;;;;;;;;;;;;;;;
 ;04:23:30;3.300;0.013;476.8;29.1;;;;;;;;;;;;;;;;;;
 ;04:23:31;3.301;0.013;476.8;29.1;;;;;;;;;;;;;;;;;;
 ;04:23:32;3.301;0.013;476.8;29.1;;;;;;;;;;;;;;;;;;
 ;04:23:33;3.300;0.013;476.8;29.1;;;;;;;;;;;;;;;;;;
 ;04:23:34;3.300;0.013;476.8;29.1;;;;;;;;;;;;;;;;;;
 ;04:23:35;3.301;0.013;476.8;29.1;;;;;;;;;;;;;;;;;;
 ;04:23:36;3.301;0.013;476.8;29.1;;;;;;;;;;;;;;;;;;
 ;04:23:37;3.301;0.013;476.8;29.1;;;;;;;;;;;;;;;;;;
 ;04:23:38;3.301;0.013;476.8;29.1;;;;;;;;;;;;;;;;;;
 ;04:23:39;3.301;0.013;476.8;29.1;;;;;;;;;;;;;;;;;;
 ;04:23:40;3.301;0.013;476.8;29.1;;;;;;;;;;;;;;;;;;
 ;04:23:41;3.301;0.013;476.8;29.1;;;;;;;;;;;;;;;;;;
 ;04:23:42;3.300;0.013;476.8;29.1;;;;;;;;;;;;;;;;;;
 ;04:23:43;3.301;0.013;476.8;29.1;;;;;;;;;;;;;;;;;;
 ;04:23:44;3.301;0.013;476.8;29.1;;;;;;;;;;;;;;;;;;
 ;04:23:45;3.301;0.013;476.8;29.1;;;;;;;;;;;;;;;;;;
 ;04:23:46;3.301;0.013;476.8;29.1;;;;;;;;;;;;;;;;;;
 ;04:23:47;3.300;0.013;476.8;29.1;;;;;;;;;;;;;;;;;;
 ;04:23:48;3.300;0.013;476.8;29.1;;;;;;;;;;;;;;;;;;
 ;04:23:49;3.301;0.013;476.8;29.1;;;;;;;;;;;;;;;;;;
 ;04:23:50;3.301;0.013;476.8;29.1;;;;;;;;;;;;;;;;;;
 ;04:23:51;3.300;0.013;476.8;29.1;;;;;;;;;;;;;;;;;;
 ;04:23:52;3.301;0.013;476.9;29.1;;;;;;;;;;;;;;;;;;
 ;04:23:53;3.301;0.013;476.9;29.1;;;;;;;;;;;;;;;;;;
 ;04:23:54;3.301;0.013;476.9;29.1;;;;;;;;;;;;;;;;;;
 ;04:23:55;3.301;0.012;476.9;29.1;;;;;;;;;;;;;;;;;;
 ;04:23:56;3.301;0.013;476.9;29.1;;;;;;;;;;;;;;;;;;
 ;04:23:57;3.301;0.013;476.9;29.1;;;;;;;;;;;;;;;;;;
 ;04:23:58;3.301;0.013;476.9;29.1;;;;;;;;;;;;;;;;;;
 ;04:23:59;3.301;0.013;476.9;29.1;;;;;;;;;;;;;;;;;;
 ;04:24:00;3.301;0.013;476.9;29.1;;;;;;;;;;;;;;;;;;
 ;04:24:01;3.301;0.013;476.9;29.1;;;;;;;;;;;;;;;;;;
 ;04:24:02;3.301;0.013;476.9;29.1;;;;;;;;;;;;;;;;;;
 ;04:24:03;3.300;0.013;476.9;29.1;;;;;;;;;;;;;;;;;;
 ;04:24:04;3.301;0.013;476.9;29.1;;;;;;;;;;;;;;;;;;
 ;04:24:05;3.301;0.013;476.9;29.1;;;;;;;;;;;;;;;;;;
 ;04:24:06;3.301;0.013;476.9;29.1;;;;;;;;;;;;;;;;;;
 ;04:24:07;3.301;0.013;476.9;29.1;;;;;;;;;;;;;;;;;;
 ;04:24:08;3.300;0.013;476.9;29.1;;;;;;;;;;;;;;;;;;
 ;04:24:09;3.301;0.013;476.9;29.1;;;;;;;;;;;;;;;;;;
 ;04:24:10;3.301;0.013;476.9;29.1;;;;;;;;;;;;;;;;;;
 ;04:24:11;3.301;0.013;476.9;29.1;;;;;;;;;;;;;;;;;;
 ;04:24:12;3.301;0.012;476.9;29.1;;;;;;;;;;;;;;;;;;
 ;04:24:13;3.301;0.013;476.9;29.1;;;;;;;;;;;;;;;;;;
 ;04:24:14;3.301;0.012;476.9;29.1;;;;;;;;;;;;;;;;;;
 ;04:24:15;3.301;0.013;476.9;29.1;;;;;;;;;;;;;;;;;;
 ;04:24:16;3.301;0.013;476.9;29.1;;;;;;;;;;;;;;;;;;
 ;04:24:17;3.301;0.013;476.9;29.1;;;;;;;;;;;;;;;;;;
 ;04:24:18;3.301;0.012;476.9;29.1;;;;;;;;;;;;;;;;;;
 ;04:24:19;3.301;0.013;477.0;29.1;;;;;;;;;;;;;;;;;;
 ;04:24:20;3.301;0.012;477.0;29.1;;;;;;;;;;;;;;;;;;
 ;04:24:21;3.301;0.013;477.0;29.1;;;;;;;;;;;;;;;;;;
 ;04:24:22;3.301;0.013;477.0;29.1;;;;;;;;;;;;;;;;;;
 ;04:24:23;3.301;0.013;477.0;29.1;;;;;;;;;;;;;;;;;;
 ;04:24:24;3.301;0.013;477.0;29.1;;;;;;;;;;;;;;;;;;
 ;04:24:25;3.301;0.013;477.0;29.1;;;;;;;;;;;;;;;;;;
 ;04:24:26;3.301;0.013;477.0;29.1;;;;;;;;;;;;;;;;;;
 ;04:24:27;3.301;0.012;477.0;29.1;;;;;;;;;;;;;;;;;;
 ;04:24:28;3.301;0.012;477.0;29.1;;;;;;;;;;;;;;;;;;
 ;04:24:29;3.301;0.012;477.0;29.1;;;;;;;;;;;;;;;;;;
 ;04:24:30;3.301;0.012;477.0;29.1;;;;;;;;;;;;;;;;;;
 ;04:24:31;3.301;0.012;477.0;29.1;;;;;;;;;;;;;;;;;;
 ;04:24:32;3.301;0.012;477.0;29.1;;;;;;;;;;;;;;;;;;
 ;04:24:33;3.301;0.012;477.0;29.1;;;;;;;;;;;;;;;;;;
 ;04:24:34;3.301;0.012;477.0;29.1;;;;;;;;;;;;;;;;;;
 ;04:24:35;3.301;0.013;477.0;29.1;;;;;;;;;;;;;;;;;;
 ;04:24:36;3.301;0.012;477.0;29.1;;;;;;;;;;;;;;;;;;
 ;04:24:37;3.301;0.012;477.0;29.1;;;;;;;;;;;;;;;;;;
 ;04:24:38;3.301;0.012;477.0;29.1;;;;;;;;;;;;;;;;;;
 ;04:24:39;3.301;0.012;477.0;29.1;;;;;;;;;;;;;;;;;;
 ;04:24:40;3.301;0.012;477.0;29.1;;;;;;;;;;;;;;;;;;
 ;04:24:41;3.301;0.012;477.0;29.1;;;;;;;;;;;;;;;;;;
 ;04:24:42;3.301;0.012;477.0;29.1;;;;;;;;;;;;;;;;;;
 ;04:24:43;3.301;0.013;477.0;29.1;;;;;;;;;;;;;;;;;;
 ;04:24:44;3.301;0.012;477.0;29.1;;;;;;;;;;;;;;;;;;
 ;04:24:45;3.301;0.013;477.0;29.1;;;;;;;;;;;;;;;;;;
 ;04:24:46;3.301;0.013;477.1;29.1;;;;;;;;;;;;;;;;;;
 ;04:24:47;3.301;0.012;477.1;29.1;;;;;;;;;;;;;;;;;;
 ;04:24:48;3.301;0.012;477.1;29.1;;;;;;;;;;;;;;;;;;
 ;04:24:49;3.301;0.012;477.1;29.1;;;;;;;;;;;;;;;;;;
 ;04:24:50;3.301;0.012;477.1;29.1;;;;;;;;;;;;;;;;;;
 ;04:24:51;3.301;0.012;477.1;29.1;;;;;;;;;;;;;;;;;;
 ;04:24:52;3.301;0.012;477.1;29.1;;;;;;;;;;;;;;;;;;
 ;04:24:53;3.301;0.013;477.1;29.1;;;;;;;;;;;;;;;;;;
 ;04:24:54;3.301;0.012;477.1;29.1;;;;;;;;;;;;;;;;;;
 ;04:24:55;3.301;0.013;477.1;29.1;;;;;;;;;;;;;;;;;;
 ;04:24:56;3.301;0.012;477.1;29.1;;;;;;;;;;;;;;;;;;
 ;04:24:57;3.301;0.012;477.1;29.1;;;;;;;;;;;;;;;;;;
 ;04:24:58;3.301;0.012;477.1;29.1;;;;;;;;;;;;;;;;;;
 ;04:24:59;3.301;0.012;477.1;29.1;;;;;;;;;;;;;;;;;;
 ;04:25:00;3.301;0.012;477.1;29.1;;;;;;;;;;;;;;;;;;
 ;04:25:01;3.301;0.012;477.1;29.1;;;;;;;;;;;;;;;;;;
 ;04:25:02;3.301;0.013;477.1;29.1;;;;;;;;;;;;;;;;;;
 ;04:25:03;3.301;0.012;477.1;29.1;;;;;;;;;;;;;;;;;;
 ;04:25:04;3.301;0.013;477.1;29.1;;;;;;;;;;;;;;;;;;
 ;04:25:05;3.301;0.013;477.1;29.1;;;;;;;;;;;;;;;;;;
 ;04:25:06;3.301;0.013;477.1;29.1;;;;;;;;;;;;;;;;;;
 ;04:25:07;3.301;0.012;477.1;29.1;;;;;;;;;;;;;;;;;;
 ;04:25:08;3.301;0.012;477.1;29.1;;;;;;;;;;;;;;;;;;
 ;04:25:09;3.301;0.012;477.1;29.1;;;;;;;;;;;;;;;;;;
 ;04:25:10;3.301;0.012;477.1;29.1;;;;;;;;;;;;;;;;;;
 ;04:25:11;3.301;0.012;477.1;29.1;;;;;;;;;;;;;;;;;;
 ;04:25:12;3.301;0.012;477.1;29.1;;;;;;;;;;;;;;;;;;
 ;04:25:13;3.301;0.013;477.2;29.1;;;;;;;;;;;;;;;;;;
 ;04:25:14;3.301;0.012;477.2;29.1;;;;;;;;;;;;;;;;;;
 ;04:25:15;3.301;0.012;477.2;29.1;;;;;;;;;;;;;;;;;;
 ;04:25:16;3.301;0.013;477.2;29.1;;;;;;;;;;;;;;;;;;
 ;04:25:17;3.301;0.012;477.2;29.1;;;;;;;;;;;;;;;;;;
 ;04:25:18;3.301;0.013;477.2;29.1;;;;;;;;;;;;;;;;;;
 ;04:25:19;3.301;0.013;477.2;29.1;;;;;;;;;;;;;;;;;;
 ;04:25:20;3.301;0.013;477.2;29.1;;;;;;;;;;;;;;;;;;
 ;04:25:21;3.301;0.013;477.2;29.1;;;;;;;;;;;;;;;;;;
 ;04:25:22;3.300;0.013;477.2;29.1;;;;;;;;;;;;;;;;;;
 ;04:25:23;3.300;0.013;477.2;29.1;;;;;;;;;;;;;;;;;;
 ;04:25:24;3.300;0.013;477.2;29.1;;;;;;;;;;;;;;;;;;
 ;04:25:25;3.300;0.013;477.2;29.1;;;;;;;;;;;;;;;;;;
 ;04:25:26;3.300;0.013;477.2;29.1;;;;;;;;;;;;;;;;;;
 ;04:25:27;3.300;0.013;477.2;29.1;;;;;;;;;;;;;;;;;;
 ;04:25:28;3.300;0.013;477.2;29.1;;;;;;;;;;;;;;;;;;
 ;04:25:29;3.300;0.013;477.2;29.1;;;;;;;;;;;;;;;;;;
 ;04:25:30;3.300;0.013;477.2;29.1;;;;;;;;;;;;;;;;;;
 ;04:25:31;3.300;0.013;477.2;29.1;;;;;;;;;;;;;;;;;;
 ;04:25:32;3.301;0.013;477.2;29.1;;;;;;;;;;;;;;;;;;
 ;04:25:33;3.301;0.012;477.2;29.1;;;;;;;;;;;;;;;;;;
 ;04:25:34;3.301;0.012;477.2;29.1;;;;;;;;;;;;;;;;;;
 ;04:25:35;3.301;0.013;477.2;29.1;;;;;;;;;;;;;;;;;;
 ;04:25:36;3.301;0.013;477.2;29.1;;;;;;;;;;;;;;;;;;
 ;04:25:37;3.300;0.013;477.2;29.1;;;;;;;;;;;;;;;;;;
 ;04:25:38;3.300;0.013;477.2;29.1;;;;;;;;;;;;;;;;;;
 ;04:25:39;3.300;0.013;477.2;29.1;;;;;;;;;;;;;;;;;;
 ;04:25:40;3.300;0.013;477.3;29.1;;;;;;;;;;;;;;;;;;
 ;04:25:41;3.300;0.013;477.3;29.1;;;;;;;;;;;;;;;;;;
 ;04:25:42;3.301;0.013;477.3;29.1;;;;;;;;;;;;;;;;;;
 ;04:25:43;3.301;0.013;477.3;29.1;;;;;;;;;;;;;;;;;;
 ;04:25:44;3.301;0.013;477.3;29.1;;;;;;;;;;;;;;;;;;
 ;04:25:45;3.301;0.012;477.3;29.1;;;;;;;;;;;;;;;;;;
 ;04:25:46;3.301;0.013;477.3;29.1;;;;;;;;;;;;;;;;;;
 ;04:25:47;3.301;0.013;477.3;29.1;;;;;;;;;;;;;;;;;;
 ;04:25:48;3.301;0.013;477.3;29.1;;;;;;;;;;;;;;;;;;
 ;04:25:49;3.301;0.012;477.3;29.1;;;;;;;;;;;;;;;;;;
 ;04:25:50;3.301;0.012;477.3;29.1;;;;;;;;;;;;;;;;;;
 ;04:25:51;3.301;0.013;477.3;29.1;;;;;;;;;;;;;;;;;;
 ;04:25:52;3.301;0.013;477.3;29.1;;;;;;;;;;;;;;;;;;
 ;04:25:53;3.301;0.013;477.3;29.1;;;;;;;;;;;;;;;;;;
 ;04:25:54;3.301;0.012;477.3;29.1;;;;;;;;;;;;;;;;;;
 ;04:25:55;3.301;0.013;477.3;29.1;;;;;;;;;;;;;;;;;;
 ;04:25:56;3.301;0.012;477.3;29.1;;;;;;;;;;;;;;;;;;
 ;04:25:57;3.301;0.013;477.3;29.1;;;;;;;;;;;;;;;;;;
 ;04:25:58;3.301;0.013;477.3;29.1;;;;;;;;;;;;;;;;;;
 ;04:25:59;3.301;0.013;477.3;29.1;;;;;;;;;;;;;;;;;;
 ;04:26:00;3.301;0.012;477.3;29.1;;;;;;;;;;;;;;;;;;
 ;04:26:01;3.301;0.013;477.3;29.1;;;;;;;;;;;;;;;;;;
 ;04:26:02;3.301;0.013;477.3;29.1;;;;;;;;;;;;;;;;;;
 ;04:26:03;3.301;0.012;477.3;29.1;;;;;;;;;;;;;;;;;;
 ;04:26:04;3.301;0.012;477.3;29.1;;;;;;;;;;;;;;;;;;
 ;04:26:05;3.301;0.012;477.3;29.1;;;;;;;;;;;;;;;;;;
 ;04:26:06;3.301;0.013;477.3;29.1;;;;;;;;;;;;;;;;;;
 ;04:26:07;3.301;0.013;477.3;29.1;;;;;;;;;;;;;;;;;;
 ;04:26:08;3.301;0.012;477.4;29.1;;;;;;;;;;;;;;;;;;
 ;04:26:09;3.301;0.012;477.4;29.1;;;;;;;;;;;;;;;;;;
 ;04:26:10;3.301;0.013;477.4;29.1;;;;;;;;;;;;;;;;;;
 ;04:26:11;3.301;0.013;477.4;29.1;;;;;;;;;;;;;;;;;;
 ;04:26:12;3.301;0.013;477.4;29.1;;;;;;;;;;;;;;;;;;
 ;04:26:13;3.301;0.012;477.4;29.1;;;;;;;;;;;;;;;;;;
 ;04:26:14;3.301;0.012;477.4;29.1;;;;;;;;;;;;;;;;;;
 ;04:26:15;3.301;0.013;477.4;29.1;;;;;;;;;;;;;;;;;;
 ;04:26:16;3.301;0.013;477.4;29.1;;;;;;;;;;;;;;;;;;
 ;04:26:17;3.301;0.013;477.4;29.1;;;;;;;;;;;;;;;;;;
 ;04:26:18;3.301;0.012;477.4;29.1;;;;;;;;;;;;;;;;;;
 ;04:26:19;3.301;0.013;477.4;29.1;;;;;;;;;;;;;;;;;;
 ;04:26:20;3.301;0.013;477.4;29.1;;;;;;;;;;;;;;;;;;
 ;04:26:21;3.301;0.013;477.4;29.1;;;;;;;;;;;;;;;;;;
 ;04:26:22;3.301;0.012;477.4;29.1;;;;;;;;;;;;;;;;;;
 ;04:26:23;3.301;0.012;477.4;29.1;;;;;;;;;;;;;;;;;;
 ;04:26:24;3.301;0.013;477.4;29.1;;;;;;;;;;;;;;;;;;
 ;04:26:25;3.301;0.013;477.4;29.1;;;;;;;;;;;;;;;;;;
 ;04:26:26;3.301;0.013;477.4;29.1;;;;;;;;;;;;;;;;;;
 ;04:26:27;3.301;0.012;477.4;29.1;;;;;;;;;;;;;;;;;;
 ;04:26:28;3.301;0.013;477.4;29.1;;;;;;;;;;;;;;;;;;
 ;04:26:29;3.300;0.013;477.4;29.1;;;;;;;;;;;;;;;;;;
 ;04:26:30;3.301;0.012;477.4;29.1;;;;;;;;;;;;;;;;;;
 ;04:26:31;3.301;0.013;477.4;29.1;;;;;;;;;;;;;;;;;;
 ;04:26:32;3.301;0.012;477.4;29.1;;;;;;;;;;;;;;;;;;
 ;04:26:33;3.300;0.013;477.4;29.1;;;;;;;;;;;;;;;;;;
 ;04:26:34;3.300;0.013;477.4;29.1;;;;;;;;;;;;;;;;;;
 ;04:26:35;3.301;0.012;477.4;29.1;;;;;;;;;;;;;;;;;;
 ;04:26:36;3.301;0.012;477.5;29.1;;;;;;;;;;;;;;;;;;
 ;04:26:37;3.300;0.013;477.5;29.1;;;;;;;;;;;;;;;;;;
 ;04:26:38;3.300;0.013;477.5;29.1;;;;;;;;;;;;;;;;;;
 ;04:26:39;3.301;0.012;477.5;29.1;;;;;;;;;;;;;;;;;;
 ;04:26:40;3.301;0.012;477.5;29.1;;;;;;;;;;;;;;;;;;
 ;04:26:41;3.301;0.013;477.5;29.1;;;;;;;;;;;;;;;;;;
 ;04:26:42;3.300;0.013;477.5;29.1;;;;;;;;;;;;;;;;;;
 ;04:26:43;3.300;0.013;477.5;29.1;;;;;;;;;;;;;;;;;;
 ;04:26:44;3.301;0.012;477.5;29.1;;;;;;;;;;;;;;;;;;
 ;04:26:45;3.301;0.012;477.5;29.1;;;;;;;;;;;;;;;;;;
 ;04:26:46;3.300;0.013;477.5;29.1;;;;;;;;;;;;;;;;;;
 ;04:26:47;3.300;0.013;477.5;29.1;;;;;;;;;;;;;;;;;;
 ;04:26:48;3.301;0.012;477.5;29.1;;;;;;;;;;;;;;;;;;
 ;04:26:49;3.301;0.012;477.5;29.1;;;;;;;;;;;;;;;;;;
 ;04:26:50;3.301;0.013;477.5;29.1;;;;;;;;;;;;;;;;;;
 ;04:26:51;3.300;0.013;477.5;29.1;;;;;;;;;;;;;;;;;;
 ;04:26:52;3.300;0.013;477.5;29.1;;;;;;;;;;;;;;;;;;
 ;04:26:53;3.301;0.012;477.5;29.1;;;;;;;;;;;;;;;;;;
 ;04:26:54;3.301;0.012;477.5;29.1;;;;;;;;;;;;;;;;;;
 ;04:26:55;3.300;0.013;477.5;29.1;;;;;;;;;;;;;;;;;;
 ;04:26:56;3.300;0.013;477.5;29.1;;;;;;;;;;;;;;;;;;
 ;04:26:57;3.301;0.012;477.5;29.1;;;;;;;;;;;;;;;;;;
 ;04:26:58;3.301;0.012;477.5;29.1;;;;;;;;;;;;;;;;;;
 ;04:26:59;3.301;0.012;477.5;29.1;;;;;;;;;;;;;;;;;;
 ;04:27:00;3.300;0.013;477.5;29.1;;;;;;;;;;;;;;;;;;
 ;04:27:01;3.300;0.013;477.5;29.1;;;;;;;;;;;;;;;;;;
 ;04:27:02;3.301;0.012;477.5;29.1;;;;;;;;;;;;;;;;;;
 ;04:27:03;3.301;0.012;477.6;29.1;;;;;;;;;;;;;;;;;;
 ;04:27:04;3.300;0.013;477.6;29.1;;;;;;;;;;;;;;;;;;
 ;04:27:05;3.301;0.013;477.6;29.1;;;;;;;;;;;;;;;;;;
 ;04:27:06;3.301;0.012;477.6;29.1;;;;;;;;;;;;;;;;;;
 ;04:27:07;3.300;0.013;477.6;29.1;;;;;;;;;;;;;;;;;;
 ;04:27:08;3.300;0.013;477.6;29.1;;;;;;;;;;;;;;;;;;
 ;04:27:09;3.301;0.012;477.6;29.0;;;;;;;;;;;;;;;;;;
 ;04:27:10;3.301;0.012;477.6;29.1;;;;;;;;;;;;;;;;;;
 ;04:27:11;3.301;0.012;477.6;29.1;;;;;;;;;;;;;;;;;;
 ;04:27:12;3.301;0.013;477.6;29.1;;;;;;;;;;;;;;;;;;
 ;04:27:13;3.301;0.012;477.6;29.1;;;;;;;;;;;;;;;;;;
 ;04:27:14;3.300;0.013;477.6;29.1;;;;;;;;;;;;;;;;;;
 ;04:27:15;3.300;0.013;477.6;29.1;;;;;;;;;;;;;;;;;;
 ;04:27:16;3.301;0.012;477.6;29.1;;;;;;;;;;;;;;;;;;
 ;04:27:17;3.301;0.012;477.6;29.1;;;;;;;;;;;;;;;;;;
 ;04:27:18;3.300;0.013;477.6;29.1;;;;;;;;;;;;;;;;;;
 ;04:27:19;3.301;0.012;477.6;29.0;;;;;;;;;;;;;;;;;;
 ;04:27:20;3.301;0.012;477.6;29.1;;;;;;;;;;;;;;;;;;
 ;04:27:21;3.301;0.012;477.6;29.1;;;;;;;;;;;;;;;;;;
 ;04:27:22;3.301;0.012;477.6;29.0;;;;;;;;;;;;;;;;;;
 ;04:27:23;3.301;0.012;477.6;29.0;;;;;;;;;;;;;;;;;;
 ;04:27:24;3.300;0.013;477.6;29.0;;;;;;;;;;;;;;;;;;
 ;04:27:25;3.300;0.012;477.6;29.0;;;;;;;;;;;;;;;;;;
 ;04:27:26;3.301;0.012;477.6;29.0;;;;;;;;;;;;;;;;;;
 ;04:27:27;3.301;0.012;477.6;29.1;;;;;;;;;;;;;;;;;;
 ;04:27:28;3.301;0.012;477.6;29.0;;;;;;;;;;;;;;;;;;
 ;04:27:29;3.301;0.012;477.6;29.0;;;;;;;;;;;;;;;;;;
 ;04:27:30;3.301;0.013;477.6;29.1;;;;;;;;;;;;;;;;;;
 ;04:27:31;3.300;0.013;477.7;29.0;;;;;;;;;;;;;;;;;;
 ;04:27:32;3.300;0.013;477.7;29.0;;;;;;;;;;;;;;;;;;
 ;04:27:33;3.300;0.013;477.7;29.0;;;;;;;;;;;;;;;;;;
 ;04:27:34;3.301;0.012;477.7;29.0;;;;;;;;;;;;;;;;;;
 ;04:27:35;3.301;0.012;477.7;29.0;;;;;;;;;;;;;;;;;;
 ;04:27:36;3.301;0.012;477.7;29.0;;;;;;;;;;;;;;;;;;
 ;04:27:37;3.301;0.012;477.7;29.0;;;;;;;;;;;;;;;;;;
 ;04:27:38;3.301;0.012;477.7;29.0;;;;;;;;;;;;;;;;;;
 ;04:27:39;3.301;0.012;477.7;29.0;;;;;;;;;;;;;;;;;;
 ;04:27:40;3.301;0.012;477.7;29.0;;;;;;;;;;;;;;;;;;
 ;04:27:41;3.301;0.012;477.7;29.0;;;;;;;;;;;;;;;;;;
 ;04:27:42;3.301;0.012;477.7;29.0;;;;;;;;;;;;;;;;;;
 ;04:27:43;3.301;0.012;477.7;29.0;;;;;;;;;;;;;;;;;;
 ;04:27:44;3.301;0.012;477.7;29.0;;;;;;;;;;;;;;;;;;
 ;04:27:45;3.301;0.012;477.7;29.0;;;;;;;;;;;;;;;;;;
 ;04:27:46;3.301;0.012;477.7;29.0;;;;;;;;;;;;;;;;;;
 ;04:27:47;3.300;0.012;477.7;29.0;;;;;;;;;;;;;;;;;;
 ;04:27:48;3.300;0.012;477.7;29.0;;;;;;;;;;;;;;;;;;
 ;04:27:49;3.301;0.012;477.7;29.0;;;;;;;;;;;;;;;;;;
 ;04:27:50;3.301;0.012;477.7;29.0;;;;;;;;;;;;;;;;;;
 ;04:27:51;3.301;0.012;477.7;29.0;;;;;;;;;;;;;;;;;;
 ;04:27:52;3.301;0.012;477.7;29.0;;;;;;;;;;;;;;;;;;
 ;04:27:53;3.300;0.013;477.7;29.0;;;;;;;;;;;;;;;;;;
 ;04:27:54;3.300;0.012;477.7;29.0;;;;;;;;;;;;;;;;;;
 ;04:27:55;3.300;0.013;477.7;29.0;;;;;;;;;;;;;;;;;;
 ;04:27:56;3.300;0.013;477.7;29.0;;;;;;;;;;;;;;;;;;
 ;04:27:57;3.300;0.013;477.7;29.0;;;;;;;;;;;;;;;;;;
 ;04:27:58;3.301;0.012;477.7;29.0;;;;;;;;;;;;;;;;;;
 ;04:27:59;3.301;0.012;477.8;29.0;;;;;;;;;;;;;;;;;;
 ;04:28:00;3.301;0.012;477.8;29.0;;;;;;;;;;;;;;;;;;
 ;04:28:01;3.301;0.012;477.8;29.0;;;;;;;;;;;;;;;;;;
 ;04:28:02;3.301;0.012;477.8;29.0;;;;;;;;;;;;;;;;;;
 ;04:28:03;3.300;0.012;477.8;29.0;;;;;;;;;;;;;;;;;;
 ;04:28:04;3.300;0.012;477.8;29.0;;;;;;;;;;;;;;;;;;
 ;04:28:05;3.300;0.013;477.8;29.0;;;;;;;;;;;;;;;;;;
 ;04:28:06;3.300;0.013;477.8;29.0;;;;;;;;;;;;;;;;;;
 ;04:28:07;3.300;0.012;477.8;29.0;;;;;;;;;;;;;;;;;;
 ;04:28:08;3.300;0.012;477.8;29.0;;;;;;;;;;;;;;;;;;
 ;04:28:09;3.300;0.013;477.8;29.0;;;;;;;;;;;;;;;;;;
 ;04:28:10;3.300;0.013;477.8;29.0;;;;;;;;;;;;;;;;;;
 ;04:28:11;3.300;0.013;477.8;29.0;;;;;;;;;;;;;;;;;;
 ;04:28:12;3.300;0.013;477.8;29.0;;;;;;;;;;;;;;;;;;
 ;04:28:13;3.300;0.013;477.8;29.0;;;;;;;;;;;;;;;;;;
 ;04:28:14;3.300;0.013;477.8;29.0;;;;;;;;;;;;;;;;;;
 ;04:28:15;3.300;0.013;477.8;29.0;;;;;;;;;;;;;;;;;;
 ;04:28:16;3.300;0.012;477.8;29.0;;;;;;;;;;;;;;;;;;
 ;04:28:17;3.300;0.013;477.8;29.0;;;;;;;;;;;;;;;;;;
 ;04:28:18;3.300;0.013;477.8;29.0;;;;;;;;;;;;;;;;;;
 ;04:28:19;3.300;0.012;477.8;29.0;;;;;;;;;;;;;;;;;;
 ;04:28:20;3.300;0.013;477.8;29.0;;;;;;;;;;;;;;;;;;
 ;04:28:21;3.300;0.013;477.8;29.0;;;;;;;;;;;;;;;;;;
 ;04:28:22;3.300;0.013;477.8;29.0;;;;;;;;;;;;;;;;;;
 ;04:28:23;3.300;0.013;477.8;29.0;;;;;;;;;;;;;;;;;;
 ;04:28:24;3.300;0.013;477.8;29.0;;;;;;;;;;;;;;;;;;
 ;04:28:25;3.300;0.013;477.8;29.0;;;;;;;;;;;;;;;;;;
 ;04:28:26;3.300;0.012;477.8;29.0;;;;;;;;;;;;;;;;;;
 ;04:28:27;3.300;0.013;477.9;29.0;;;;;;;;;;;;;;;;;;
 ;04:28:28;3.300;0.013;477.9;29.0;;;;;;;;;;;;;;;;;;
 ;04:28:29;3.300;0.013;477.9;29.0;;;;;;;;;;;;;;;;;;
 ;04:28:30;3.300;0.013;477.9;29.0;;;;;;;;;;;;;;;;;;
 ;04:28:31;3.300;0.013;477.9;29.0;;;;;;;;;;;;;;;;;;
 ;04:28:32;3.300;0.013;477.9;29.0;;;;;;;;;;;;;;;;;;
 ;04:28:33;3.300;0.012;477.9;29.0;;;;;;;;;;;;;;;;;;
 ;04:28:34;3.300;0.012;477.9;29.0;;;;;;;;;;;;;;;;;;
 ;04:28:35;3.300;0.012;477.9;29.0;;;;;;;;;;;;;;;;;;
 ;04:28:36;3.300;0.012;477.9;29.0;;;;;;;;;;;;;;;;;;
 ;04:28:37;3.300;0.012;477.9;29.0;;;;;;;;;;;;;;;;;;
 ;04:28:38;3.300;0.012;477.9;29.0;;;;;;;;;;;;;;;;;;
 ;04:28:39;3.300;0.012;477.9;29.0;;;;;;;;;;;;;;;;;;
 ;04:28:40;3.300;0.012;477.9;29.0;;;;;;;;;;;;;;;;;;
 ;04:28:41;3.300;0.012;477.9;29.0;;;;;;;;;;;;;;;;;;
 ;04:28:42;3.300;0.012;477.9;29.0;;;;;;;;;;;;;;;;;;
 ;04:28:43;3.300;0.012;477.9;29.0;;;;;;;;;;;;;;;;;;
 ;04:28:44;3.300;0.012;477.9;29.0;;;;;;;;;;;;;;;;;;
 ;04:28:45;3.300;0.012;477.9;29.0;;;;;;;;;;;;;;;;;;
 ;04:28:46;3.300;0.012;477.9;29.0;;;;;;;;;;;;;;;;;;
 ;04:28:47;3.300;0.012;477.9;29.0;;;;;;;;;;;;;;;;;;
 ;04:28:48;3.300;0.012;477.9;29.0;;;;;;;;;;;;;;;;;;
 ;04:28:49;3.300;0.012;477.9;29.0;;;;;;;;;;;;;;;;;;
 ;04:28:50;3.300;0.012;477.9;29.0;;;;;;;;;;;;;;;;;;
 ;04:28:51;3.300;0.012;477.9;29.0;;;;;;;;;;;;;;;;;;
 ;04:28:52;3.300;0.012;477.9;29.0;;;;;;;;;;;;;;;;;;
 ;04:28:53;3.300;0.012;477.9;29.0;;;;;;;;;;;;;;;;;;
 ;04:28:54;3.300;0.012;477.9;29.0;;;;;;;;;;;;;;;;;;
 ;04:28:55;3.300;0.012;477.9;29.0;;;;;;;;;;;;;;;;;;
 ;04:28:56;3.300;0.012;478.0;29.0;;;;;;;;;;;;;;;;;;
 ;04:28:57;3.300;0.012;478.0;29.0;;;;;;;;;;;;;;;;;;
 ;04:28:58;3.300;0.012;478.0;29.0;;;;;;;;;;;;;;;;;;
 ;04:28:59;3.300;0.012;478.0;29.0;;;;;;;;;;;;;;;;;;
 ;04:29:00;3.300;0.012;478.0;29.0;;;;;;;;;;;;;;;;;;
 ;04:29:01;3.300;0.012;478.0;29.0;;;;;;;;;;;;;;;;;;
 ;04:29:02;3.300;0.012;478.0;29.0;;;;;;;;;;;;;;;;;;
 ;04:29:03;3.300;0.012;478.0;29.0;;;;;;;;;;;;;;;;;;
 ;04:29:04;3.300;0.012;478.0;29.0;;;;;;;;;;;;;;;;;;
 ;04:29:05;3.300;0.012;478.0;29.0;;;;;;;;;;;;;;;;;;
 ;04:29:06;3.300;0.012;478.0;29.0;;;;;;;;;;;;;;;;;;
 ;04:29:07;3.300;0.012;478.0;29.0;;;;;;;;;;;;;;;;;;
 ;04:29:08;3.300;0.012;478.0;29.0;;;;;;;;;;;;;;;;;;
 ;04:29:09;3.300;0.012;478.0;29.0;;;;;;;;;;;;;;;;;;
 ;04:29:10;3.300;0.012;478.0;29.0;;;;;;;;;;;;;;;;;;
 ;04:29:11;3.300;0.012;478.0;29.0;;;;;;;;;;;;;;;;;;
 ;04:29:12;3.300;0.012;478.0;29.0;;;;;;;;;;;;;;;;;;
 ;04:29:13;3.300;0.012;478.0;29.0;;;;;;;;;;;;;;;;;;
 ;04:29:14;3.300;0.012;478.0;29.0;;;;;;;;;;;;;;;;;;
 ;04:29:15;3.300;0.012;478.0;29.0;;;;;;;;;;;;;;;;;;
 ;04:29:16;3.300;0.012;478.0;29.0;;;;;;;;;;;;;;;;;;
 ;04:29:17;3.300;0.012;478.0;29.0;;;;;;;;;;;;;;;;;;
 ;04:29:18;3.300;0.012;478.0;29.0;;;;;;;;;;;;;;;;;;
 ;04:29:19;3.300;0.012;478.0;29.0;;;;;;;;;;;;;;;;;;
 ;04:29:20;3.301;0.012;478.0;29.0;;;;;;;;;;;;;;;;;;
 ;04:29:21;3.301;0.012;478.0;29.0;;;;;;;;;;;;;;;;;;
 ;04:29:22;3.301;0.012;478.0;29.0;;;;;;;;;;;;;;;;;;
 ;04:29:23;3.301;0.012;478.0;29.0;;;;;;;;;;;;;;;;;;
 ;04:29:24;3.301;0.012;478.1;29.0;;;;;;;;;;;;;;;;;;
 ;04:29:25;3.300;0.012;478.1;29.0;;;;;;;;;;;;;;;;;;
 ;04:29:26;3.300;0.012;478.1;29.0;;;;;;;;;;;;;;;;;;
 ;04:29:27;3.300;0.012;478.1;29.0;;;;;;;;;;;;;;;;;;
 ;04:29:28;3.300;0.012;478.1;29.0;;;;;;;;;;;;;;;;;;
 ;04:29:29;3.301;0.012;478.1;29.0;;;;;;;;;;;;;;;;;;
 ;04:29:30;3.301;0.012;478.1;29.0;;;;;;;;;;;;;;;;;;
 ;04:29:31;3.301;0.012;478.1;29.0;;;;;;;;;;;;;;;;;;
 ;04:29:32;3.301;0.012;478.1;29.0;;;;;;;;;;;;;;;;;;
 ;04:29:33;3.301;0.012;478.1;29.0;;;;;;;;;;;;;;;;;;
 ;04:29:34;3.301;0.012;478.1;29.0;;;;;;;;;;;;;;;;;;
 ;04:29:35;3.301;0.012;478.1;29.0;;;;;;;;;;;;;;;;;;
 ;04:29:36;3.300;0.012;478.1;29.0;;;;;;;;;;;;;;;;;;
 ;04:29:37;3.301;0.012;478.1;29.0;;;;;;;;;;;;;;;;;;
 ;04:29:38;3.300;0.012;478.1;29.0;;;;;;;;;;;;;;;;;;
 ;04:29:39;3.301;0.012;478.1;29.0;;;;;;;;;;;;;;;;;;
 ;04:29:40;3.301;0.012;478.1;29.0;;;;;;;;;;;;;;;;;;
 ;04:29:41;3.301;0.012;478.1;29.0;;;;;;;;;;;;;;;;;;
 ;04:29:42;3.300;0.012;478.1;29.0;;;;;;;;;;;;;;;;;;
 ;04:29:43;3.300;0.012;478.1;29.0;;;;;;;;;;;;;;;;;;
 ;04:29:44;3.301;0.012;478.1;29.0;;;;;;;;;;;;;;;;;;
 ;04:29:45;3.301;0.012;478.1;29.0;;;;;;;;;;;;;;;;;;
 ;04:29:46;3.301;0.012;478.1;29.0;;;;;;;;;;;;;;;;;;
 ;04:29:47;3.301;0.011;478.1;29.0;;;;;;;;;;;;;;;;;;
 ;04:29:48;3.301;0.012;478.1;29.0;;;;;;;;;;;;;;;;;;
 ;04:29:49;3.300;0.012;478.1;29.0;;;;;;;;;;;;;;;;;;
 ;04:29:50;3.300;0.012;478.1;29.0;;;;;;;;;;;;;;;;;;
 ;04:29:51;3.301;0.012;478.1;29.0;;;;;;;;;;;;;;;;;;
 ;04:29:52;3.301;0.012;478.1;29.0;;;;;;;;;;;;;;;;;;
 ;04:29:53;3.301;0.012;478.2;29.0;;;;;;;;;;;;;;;;;;
 ;04:29:54;3.300;0.012;478.2;29.0;;;;;;;;;;;;;;;;;;
 ;04:29:55;3.301;0.012;478.2;29.0;;;;;;;;;;;;;;;;;;
 ;04:29:56;3.301;0.012;478.2;29.0;;;;;;;;;;;;;;;;;;
 ;04:29:57;3.301;0.012;478.2;29.0;;;;;;;;;;;;;;;;;;
 ;04:29:58;3.301;0.012;478.2;29.0;;;;;;;;;;;;;;;;;;
 ;04:29:59;3.301;0.012;478.2;29.0;;;;;;;;;;;;;;;;;;
 ;04:30:00;3.301;0.012;478.2;29.0;;;;;;;;;;;;;;;;;;
 ;04:30:01;3.301;0.012;478.2;29.0;;;;;;;;;;;;;;;;;;
 ;04:30:02;3.301;0.012;478.2;29.0;;;;;;;;;;;;;;;;;;
 ;04:30:03;3.301;0.012;478.2;29.0;;;;;;;;;;;;;;;;;;
 ;04:30:04;3.301;0.012;478.2;29.0;;;;;;;;;;;;;;;;;;
 ;04:30:05;3.301;0.012;478.2;29.0;;;;;;;;;;;;;;;;;;
 ;04:30:06;3.301;0.012;478.2;29.0;;;;;;;;;;;;;;;;;;
 ;04:30:07;3.301;0.012;478.2;29.0;;;;;;;;;;;;;;;;;;
 ;04:30:08;3.301;0.012;478.2;29.0;;;;;;;;;;;;;;;;;;
 ;04:30:09;3.301;0.012;478.2;29.0;;;;;;;;;;;;;;;;;;
 ;04:30:10;3.301;0.012;478.2;29.0;;;;;;;;;;;;;;;;;;
 ;04:30:11;3.301;0.012;478.2;29.0;;;;;;;;;;;;;;;;;;
 ;04:30:12;3.301;0.012;478.2;29.0;;;;;;;;;;;;;;;;;;
 ;04:30:13;3.301;0.012;478.2;29.0;;;;;;;;;;;;;;;;;;
 ;04:30:14;3.301;0.012;478.2;29.0;;;;;;;;;;;;;;;;;;
 ;04:30:15;3.301;0.012;478.2;29.0;;;;;;;;;;;;;;;;;;
 ;04:30:16;3.301;0.012;478.2;29.0;;;;;;;;;;;;;;;;;;
 ;04:30:17;3.301;0.012;478.2;29.0;;;;;;;;;;;;;;;;;;
 ;04:30:18;3.301;0.012;478.2;29.0;;;;;;;;;;;;;;;;;;
 ;04:30:19;3.301;0.012;478.2;29.0;;;;;;;;;;;;;;;;;;
 ;04:30:20;3.301;0.012;478.2;29.0;;;;;;;;;;;;;;;;;;
 ;04:30:21;3.301;0.012;478.2;29.0;;;;;;;;;;;;;;;;;;
 ;04:30:22;3.301;0.012;478.3;29.0;;;;;;;;;;;;;;;;;;
 ;04:30:23;3.301;0.012;478.3;29.0;;;;;;;;;;;;;;;;;;
 ;04:30:24;3.301;0.012;478.3;29.0;;;;;;;;;;;;;;;;;;
 ;04:30:25;3.301;0.012;478.3;29.0;;;;;;;;;;;;;;;;;;
 ;04:30:26;3.301;0.012;478.3;29.0;;;;;;;;;;;;;;;;;;
 ;04:30:27;3.300;0.012;478.3;29.0;;;;;;;;;;;;;;;;;;
 ;04:30:28;3.301;0.012;478.3;29.0;;;;;;;;;;;;;;;;;;
 ;04:30:29;3.301;0.012;478.3;29.0;;;;;;;;;;;;;;;;;;
 ;04:30:30;3.301;0.012;478.3;29.0;;;;;;;;;;;;;;;;;;
 ;04:30:31;3.300;0.012;478.3;29.0;;;;;;;;;;;;;;;;;;
 ;04:30:32;3.300;0.012;478.3;29.0;;;;;;;;;;;;;;;;;;
 ;04:30:33;3.301;0.012;478.3;29.0;;;;;;;;;;;;;;;;;;
 ;04:30:34;3.301;0.012;478.3;29.0;;;;;;;;;;;;;;;;;;
 ;04:30:35;3.301;0.012;478.3;29.0;;;;;;;;;;;;;;;;;;
 ;04:30:36;3.300;0.012;478.3;29.0;;;;;;;;;;;;;;;;;;
 ;04:30:37;3.301;0.012;478.3;29.0;;;;;;;;;;;;;;;;;;
 ;04:30:38;3.301;0.012;478.3;29.0;;;;;;;;;;;;;;;;;;
 ;04:30:39;3.301;0.012;478.3;29.0;;;;;;;;;;;;;;;;;;
 ;04:30:40;3.300;0.012;478.3;29.0;;;;;;;;;;;;;;;;;;
 ;04:30:41;3.300;0.012;478.3;29.0;;;;;;;;;;;;;;;;;;
 ;04:30:42;3.301;0.012;478.3;29.0;;;;;;;;;;;;;;;;;;
 ;04:30:43;3.301;0.012;478.3;29.0;;;;;;;;;;;;;;;;;;
 ;04:30:44;3.300;0.012;478.3;29.0;;;;;;;;;;;;;;;;;;
 ;04:30:45;3.300;0.012;478.3;29.0;;;;;;;;;;;;;;;;;;
 ;04:30:46;3.301;0.012;478.3;29.0;;;;;;;;;;;;;;;;;;
 ;04:30:47;3.301;0.012;478.3;29.0;;;;;;;;;;;;;;;;;;
 ;04:30:48;3.301;0.012;478.3;29.0;;;;;;;;;;;;;;;;;;
 ;04:30:49;3.300;0.012;478.3;29.0;;;;;;;;;;;;;;;;;;
 ;04:30:50;3.300;0.012;478.3;29.0;;;;;;;;;;;;;;;;;;
 ;04:30:51;3.301;0.012;478.4;29.0;;;;;;;;;;;;;;;;;;
 ;04:30:52;3.301;0.012;478.4;29.0;;;;;;;;;;;;;;;;;;
 ;04:30:53;3.300;0.012;478.4;29.0;;;;;;;;;;;;;;;;;;
 ;04:30:54;3.300;0.012;478.4;29.0;;;;;;;;;;;;;;;;;;
 ;04:30:55;3.301;0.012;478.4;29.0;;;;;;;;;;;;;;;;;;
 ;04:30:56;3.301;0.012;478.4;29.0;;;;;;;;;;;;;;;;;;
 ;04:30:57;3.301;0.012;478.4;29.0;;;;;;;;;;;;;;;;;;
 ;04:30:58;3.300;0.012;478.4;29.0;;;;;;;;;;;;;;;;;;
 ;04:30:59;3.301;0.012;478.4;29.0;;;;;;;;;;;;;;;;;;
 ;04:31:00;3.301;0.012;478.4;29.0;;;;;;;;;;;;;;;;;;
 ;04:31:01;3.301;0.012;478.4;29.0;;;;;;;;;;;;;;;;;;
 ;04:31:02;3.300;0.012;478.4;29.0;;;;;;;;;;;;;;;;;;
 ;04:31:03;3.300;0.012;478.4;29.0;;;;;;;;;;;;;;;;;;
 ;04:31:04;3.301;0.012;478.4;29.0;;;;;;;;;;;;;;;;;;
 ;04:31:05;3.301;0.012;478.4;29.0;;;;;;;;;;;;;;;;;;
 ;04:31:06;3.300;0.012;478.4;29.0;;;;;;;;;;;;;;;;;;
 ;04:31:07;3.300;0.012;478.4;29.0;;;;;;;;;;;;;;;;;;
 ;04:31:08;3.301;0.012;478.4;29.0;;;;;;;;;;;;;;;;;;
 ;04:31:09;3.301;0.012;478.4;29.0;;;;;;;;;;;;;;;;;;
 ;04:31:10;3.300;0.012;478.4;29.0;;;;;;;;;;;;;;;;;;
 ;04:31:11;3.301;0.012;478.4;29.0;;;;;;;;;;;;;;;;;;
 ;04:31:12;3.301;0.012;478.4;29.0;;;;;;;;;;;;;;;;;;
 ;04:31:13;3.301;0.012;478.4;29.0;;;;;;;;;;;;;;;;;;
 ;04:31:14;3.300;0.012;478.4;29.0;;;;;;;;;;;;;;;;;;
 ;04:31:15;3.301;0.012;478.4;29.0;;;;;;;;;;;;;;;;;;
 ;04:31:16;3.301;0.012;478.4;29.0;;;;;;;;;;;;;;;;;;
 ;04:31:17;3.300;0.012;478.4;29.0;;;;;;;;;;;;;;;;;;
 ;04:31:18;3.300;0.012;478.4;29.0;;;;;;;;;;;;;;;;;;
 ;04:31:19;3.301;0.011;478.4;29.0;;;;;;;;;;;;;;;;;;
 ;04:31:20;3.300;0.012;478.4;29.0;;;;;;;;;;;;;;;;;;
 ;04:31:21;3.301;0.012;478.5;29.0;;;;;;;;;;;;;;;;;;
 ;04:31:22;3.301;0.012;478.5;29.0;;;;;;;;;;;;;;;;;;
 ;04:31:23;3.301;0.012;478.5;29.0;;;;;;;;;;;;;;;;;;
 ;04:31:24;3.301;0.011;478.5;29.0;;;;;;;;;;;;;;;;;;
 ;04:31:25;3.301;0.012;478.5;29.0;;;;;;;;;;;;;;;;;;
 ;04:31:26;3.300;0.011;478.5;29.0;;;;;;;;;;;;;;;;;;
 ;04:31:27;3.300;0.012;478.5;29.0;;;;;;;;;;;;;;;;;;
 ;04:31:28;3.300;0.012;478.5;29.0;;;;;;;;;;;;;;;;;;
 ;04:31:29;3.300;0.012;478.5;29.0;;;;;;;;;;;;;;;;;;
 ;04:31:30;3.300;0.012;478.5;29.0;;;;;;;;;;;;;;;;;;
 ;04:31:31;3.301;0.012;478.5;29.0;;;;;;;;;;;;;;;;;;
 ;04:31:32;3.301;0.012;478.5;29.0;;;;;;;;;;;;;;;;;;
 ;04:31:33;3.301;0.012;478.5;29.0;;;;;;;;;;;;;;;;;;
 ;04:31:34;3.301;0.012;478.5;29.0;;;;;;;;;;;;;;;;;;
 ;04:31:35;3.301;0.012;478.5;29.0;;;;;;;;;;;;;;;;;;
 ;04:31:36;3.301;0.011;478.5;29.0;;;;;;;;;;;;;;;;;;
 ;04:31:37;3.301;0.011;478.5;29.0;;;;;;;;;;;;;;;;;;
 ;04:31:38;3.300;0.012;478.5;29.0;;;;;;;;;;;;;;;;;;
 ;04:31:39;3.300;0.012;478.5;29.0;;;;;;;;;;;;;;;;;;
 ;04:31:40;3.300;0.012;478.5;29.0;;;;;;;;;;;;;;;;;;
 ;04:31:41;3.300;0.012;478.5;29.0;;;;;;;;;;;;;;;;;;
 ;04:31:42;3.300;0.012;478.5;29.0;;;;;;;;;;;;;;;;;;
 ;04:31:43;3.300;0.012;478.5;29.0;;;;;;;;;;;;;;;;;;
 ;04:31:44;3.301;0.011;478.5;29.0;;;;;;;;;;;;;;;;;;
 ;04:31:45;3.301;0.011;478.5;29.0;;;;;;;;;;;;;;;;;;
 ;04:31:46;3.301;0.012;478.5;29.0;;;;;;;;;;;;;;;;;;
 ;04:31:47;3.301;0.012;478.5;29.0;;;;;;;;;;;;;;;;;;
 ;04:31:48;3.301;0.011;478.5;29.0;;;;;;;;;;;;;;;;;;
 ;04:31:49;3.300;0.012;478.5;29.0;;;;;;;;;;;;;;;;;;
 ;04:31:50;3.301;0.011;478.5;29.0;;;;;;;;;;;;;;;;;;
 ;04:31:51;3.301;0.011;478.6;29.0;;;;;;;;;;;;;;;;;;
 ;04:31:52;3.300;0.012;478.6;29.0;;;;;;;;;;;;;;;;;;
 ;04:31:53;3.301;0.011;478.6;29.0;;;;;;;;;;;;;;;;;;
 ;04:31:54;3.301;0.011;478.6;29.0;;;;;;;;;;;;;;;;;;
 ;04:31:55;3.301;0.011;478.6;29.0;;;;;;;;;;;;;;;;;;
 ;04:31:56;3.301;0.011;478.6;29.0;;;;;;;;;;;;;;;;;;
 ;04:31:57;3.301;0.011;478.6;29.0;;;;;;;;;;;;;;;;;;
 ;04:31:58;3.301;0.011;478.6;29.0;;;;;;;;;;;;;;;;;;
 ;04:31:59;3.301;0.011;478.6;29.0;;;;;;;;;;;;;;;;;;
 ;04:32:00;3.301;0.011;478.6;29.0;;;;;;;;;;;;;;;;;;
 ;04:32:01;3.301;0.011;478.6;29.0;;;;;;;;;;;;;;;;;;
 ;04:32:02;3.301;0.011;478.6;29.0;;;;;;;;;;;;;;;;;;
 ;04:32:03;3.301;0.011;478.6;29.0;;;;;;;;;;;;;;;;;;
 ;04:32:04;3.301;0.011;478.6;29.0;;;;;;;;;;;;;;;;;;
 ;04:32:05;3.301;0.012;478.6;29.0;;;;;;;;;;;;;;;;;;
 ;04:32:06;3.300;0.011;478.6;29.0;;;;;;;;;;;;;;;;;;
 ;04:32:07;3.301;0.011;478.6;29.0;;;;;;;;;;;;;;;;;;
 ;04:32:08;3.300;0.011;478.6;29.0;;;;;;;;;;;;;;;;;;
 ;04:32:09;3.300;0.011;478.6;29.0;;;;;;;;;;;;;;;;;;
 ;04:32:10;3.301;0.011;478.6;29.0;;;;;;;;;;;;;;;;;;
 ;04:32:11;3.301;0.012;478.6;29.0;;;;;;;;;;;;;;;;;;
 ;04:32:12;3.301;0.011;478.6;29.0;;;;;;;;;;;;;;;;;;
 ;04:32:13;3.300;0.012;478.6;29.0;;;;;;;;;;;;;;;;;;
 ;04:32:14;3.300;0.011;478.6;29.0;;;;;;;;;;;;;;;;;;
 ;04:32:15;3.300;0.011;478.6;29.0;;;;;;;;;;;;;;;;;;
 ;04:32:16;3.300;0.011;478.6;29.0;;;;;;;;;;;;;;;;;;
 ;04:32:17;3.301;0.011;478.6;29.0;;;;;;;;;;;;;;;;;;
 ;04:32:18;3.300;0.011;478.6;29.0;;;;;;;;;;;;;;;;;;
 ;04:32:19;3.300;0.011;478.6;29.0;;;;;;;;;;;;;;;;;;
 ;04:32:20;3.300;0.011;478.6;29.0;;;;;;;;;;;;;;;;;;
 ;04:32:21;3.300;0.011;478.7;29.0;;;;;;;;;;;;;;;;;;
 ;04:32:22;3.301;0.011;478.7;29.0;;;;;;;;;;;;;;;;;;
 ;04:32:23;3.301;0.011;478.7;29.0;;;;;;;;;;;;;;;;;;
 ;04:32:24;3.301;0.011;478.7;29.0;;;;;;;;;;;;;;;;;;
 ;04:32:25;3.301;0.011;478.7;29.0;;;;;;;;;;;;;;;;;;
 ;04:32:26;3.301;0.011;478.7;29.0;;;;;;;;;;;;;;;;;;
 ;04:32:27;3.301;0.011;478.7;29.0;;;;;;;;;;;;;;;;;;
 ;04:32:28;3.301;0.011;478.7;29.0;;;;;;;;;;;;;;;;;;
 ;04:32:29;3.301;0.011;478.7;29.0;;;;;;;;;;;;;;;;;;
 ;04:32:30;3.301;0.011;478.7;29.0;;;;;;;;;;;;;;;;;;
 ;04:32:31;3.301;0.011;478.7;29.0;;;;;;;;;;;;;;;;;;
 ;04:32:32;3.301;0.011;478.7;29.0;;;;;;;;;;;;;;;;;;
 ;04:32:33;3.301;0.011;478.7;29.0;;;;;;;;;;;;;;;;;;
 ;04:32:34;3.301;0.011;478.7;29.0;;;;;;;;;;;;;;;;;;
 ;04:32:35;3.301;0.011;478.7;29.0;;;;;;;;;;;;;;;;;;
 ;04:32:36;3.301;0.011;478.7;29.0;;;;;;;;;;;;;;;;;;
 ;04:32:37;3.301;0.011;478.7;29.0;;;;;;;;;;;;;;;;;;
 ;04:32:38;3.301;0.011;478.7;29.0;;;;;;;;;;;;;;;;;;
 ;04:32:39;3.301;0.011;478.7;29.0;;;;;;;;;;;;;;;;;;
 ;04:32:40;3.301;0.011;478.7;29.0;;;;;;;;;;;;;;;;;;
 ;04:32:41;3.301;0.011;478.7;29.0;;;;;;;;;;;;;;;;;;
 ;04:32:42;3.301;0.011;478.7;29.0;;;;;;;;;;;;;;;;;;
 ;04:32:43;3.301;0.011;478.7;29.0;;;;;;;;;;;;;;;;;;
 ;04:32:44;3.301;0.011;478.7;29.0;;;;;;;;;;;;;;;;;;
 ;04:32:45;3.301;0.011;478.7;29.0;;;;;;;;;;;;;;;;;;
 ;04:32:46;3.301;0.011;478.7;29.0;;;;;;;;;;;;;;;;;;
 ;04:32:47;3.301;0.011;478.7;29.0;;;;;;;;;;;;;;;;;;
 ;04:32:48;3.301;0.011;478.7;29.0;;;;;;;;;;;;;;;;;;
 ;04:32:49;3.301;0.011;478.7;29.0;;;;;;;;;;;;;;;;;;
 ;04:32:50;3.301;0.011;478.7;29.0;;;;;;;;;;;;;;;;;;
 ;04:32:51;3.301;0.011;478.7;29.0;;;;;;;;;;;;;;;;;;
 ;04:32:52;3.301;0.011;478.7;29.0;;;;;;;;;;;;;;;;;;
 ;04:32:53;3.301;0.011;478.8;29.0;;;;;;;;;;;;;;;;;;
 ;04:32:54;3.301;0.011;478.8;29.0;;;;;;;;;;;;;;;;;;
 ;04:32:55;3.301;0.011;478.8;29.0;;;;;;;;;;;;;;;;;;
 ;04:32:56;3.301;0.011;478.8;29.0;;;;;;;;;;;;;;;;;;
 ;04:32:57;3.301;0.011;478.8;29.0;;;;;;;;;;;;;;;;;;
 ;04:32:58;3.301;0.011;478.8;29.0;;;;;;;;;;;;;;;;;;
 ;04:32:59;3.301;0.011;478.8;29.0;;;;;;;;;;;;;;;;;;
 ;04:33:00;3.301;0.011;478.8;29.0;;;;;;;;;;;;;;;;;;
 ;04:33:01;3.301;0.011;478.8;29.0;;;;;;;;;;;;;;;;;;
 ;04:33:02;3.301;0.011;478.8;29.0;;;;;;;;;;;;;;;;;;
 ;04:33:03;3.301;0.011;478.8;29.0;;;;;;;;;;;;;;;;;;
 ;04:33:04;3.301;0.011;478.8;29.0;;;;;;;;;;;;;;;;;;
 ;04:33:05;3.301;0.011;478.8;29.0;;;;;;;;;;;;;;;;;;
 ;04:33:06;3.301;0.011;478.8;29.0;;;;;;;;;;;;;;;;;;
 ;04:33:07;3.301;0.011;478.8;29.0;;;;;;;;;;;;;;;;;;
 ;04:33:08;3.301;0.011;478.8;29.0;;;;;;;;;;;;;;;;;;
 ;04:33:09;3.301;0.011;478.8;29.0;;;;;;;;;;;;;;;;;;
 ;04:33:10;3.301;0.011;478.8;29.0;;;;;;;;;;;;;;;;;;
 ;04:33:11;3.301;0.011;478.8;29.0;;;;;;;;;;;;;;;;;;
 ;04:33:12;3.301;0.011;478.8;29.0;;;;;;;;;;;;;;;;;;
 ;04:33:13;3.301;0.011;478.8;29.0;;;;;;;;;;;;;;;;;;
 ;04:33:14;3.301;0.011;478.8;29.0;;;;;;;;;;;;;;;;;;
 ;04:33:15;3.301;0.011;478.8;29.0;;;;;;;;;;;;;;;;;;
 ;04:33:16;3.301;0.011;478.8;29.0;;;;;;;;;;;;;;;;;;
 ;04:33:17;3.301;0.011;478.8;29.0;;;;;;;;;;;;;;;;;;
 ;04:33:18;3.301;0.011;478.8;29.0;;;;;;;;;;;;;;;;;;
 ;04:33:19;3.301;0.011;478.8;29.0;;;;;;;;;;;;;;;;;;
 ;04:33:20;3.301;0.011;478.8;29.0;;;;;;;;;;;;;;;;;;
 ;04:33:21;3.301;0.011;478.8;29.0;;;;;;;;;;;;;;;;;;
 ;04:33:22;3.301;0.011;478.8;29.0;;;;;;;;;;;;;;;;;;
 ;04:33:23;3.301;0.011;478.8;29.0;;;;;;;;;;;;;;;;;;
 ;04:33:24;3.301;0.011;478.9;29.0;;;;;;;;;;;;;;;;;;
 ;04:33:25;3.301;0.011;478.9;29.0;;;;;;;;;;;;;;;;;;
 ;04:33:26;3.301;0.011;478.9;29.0;;;;;;;;;;;;;;;;;;
 ;04:33:27;3.301;0.011;478.9;29.0;;;;;;;;;;;;;;;;;;
 ;04:33:28;3.301;0.011;478.9;29.0;;;;;;;;;;;;;;;;;;
 ;04:33:29;3.301;0.011;478.9;29.0;;;;;;;;;;;;;;;;;;
 ;04:33:30;3.301;0.011;478.9;29.0;;;;;;;;;;;;;;;;;;
 ;04:33:31;3.301;0.011;478.9;29.0;;;;;;;;;;;;;;;;;;
 ;04:33:32;3.300;0.011;478.9;29.0;;;;;;;;;;;;;;;;;;
 ;04:33:33;3.301;0.011;478.9;29.0;;;;;;;;;;;;;;;;;;
 ;04:33:34;3.300;0.011;478.9;29.0;;;;;;;;;;;;;;;;;;
 ;04:33:35;3.300;0.011;478.9;29.0;;;;;;;;;;;;;;;;;;
 ;04:33:36;3.300;0.011;478.9;29.0;;;;;;;;;;;;;;;;;;
 ;04:33:37;3.300;0.011;478.9;29.0;;;;;;;;;;;;;;;;;;
 ;04:33:38;3.300;0.011;478.9;29.0;;;;;;;;;;;;;;;;;;
 ;04:33:39;3.300;0.011;478.9;29.0;;;;;;;;;;;;;;;;;;
 ;04:33:40;3.300;0.011;478.9;29.0;;;;;;;;;;;;;;;;;;
 ;04:33:41;3.300;0.011;478.9;29.0;;;;;;;;;;;;;;;;;;
 ;04:33:42;3.300;0.011;478.9;29.0;;;;;;;;;;;;;;;;;;
 ;04:33:43;3.300;0.011;478.9;29.0;;;;;;;;;;;;;;;;;;
 ;04:33:44;3.300;0.011;478.9;29.0;;;;;;;;;;;;;;;;;;
 ;04:33:45;3.300;0.011;478.9;29.0;;;;;;;;;;;;;;;;;;
 ;04:33:46;3.300;0.011;478.9;29.0;;;;;;;;;;;;;;;;;;
 ;04:33:47;3.301;0.011;478.9;29.0;;;;;;;;;;;;;;;;;;
 ;04:33:48;3.301;0.011;478.9;29.0;;;;;;;;;;;;;;;;;;
 ;04:33:49;3.301;0.011;478.9;29.0;;;;;;;;;;;;;;;;;;
 ;04:33:50;3.301;0.011;478.9;29.0;;;;;;;;;;;;;;;;;;
 ;04:33:51;3.301;0.011;478.9;29.0;;;;;;;;;;;;;;;;;;
 ;04:33:52;3.301;0.011;478.9;29.0;;;;;;;;;;;;;;;;;;
 ;04:33:53;3.301;0.011;478.9;29.0;;;;;;;;;;;;;;;;;;
 ;04:33:54;3.300;0.011;478.9;29.0;;;;;;;;;;;;;;;;;;
 ;04:33:55;3.300;0.011;478.9;29.0;;;;;;;;;;;;;;;;;;
 ;04:33:56;3.301;0.011;479.0;29.0;;;;;;;;;;;;;;;;;;
 ;04:33:57;3.301;0.011;479.0;29.0;;;;;;;;;;;;;;;;;;
 ;04:33:58;3.301;0.010;479.0;29.0;;;;;;;;;;;;;;;;;;
 ;04:33:59;3.301;0.011;479.0;29.0;;;;;;;;;;;;;;;;;;
 ;04:34:00;3.301;0.011;479.0;29.0;;;;;;;;;;;;;;;;;;
 ;04:34:01;3.301;0.011;479.0;29.0;;;;;;;;;;;;;;;;;;
 ;04:34:02;3.301;0.011;479.0;29.0;;;;;;;;;;;;;;;;;;
 ;04:34:03;3.301;0.011;479.0;29.0;;;;;;;;;;;;;;;;;;
 ;04:34:04;3.301;0.011;479.0;29.0;;;;;;;;;;;;;;;;;;
 ;04:34:05;3.300;0.011;479.0;29.0;;;;;;;;;;;;;;;;;;
 ;04:34:06;3.301;0.011;479.0;29.0;;;;;;;;;;;;;;;;;;
 ;04:34:07;3.301;0.010;479.0;29.0;;;;;;;;;;;;;;;;;;
 ;04:34:08;3.301;0.011;479.0;29.0;;;;;;;;;;;;;;;;;;
 ;04:34:09;3.301;0.011;479.0;29.0;;;;;;;;;;;;;;;;;;
 ;04:34:10;3.301;0.011;479.0;29.0;;;;;;;;;;;;;;;;;;
 ;04:34:11;3.301;0.011;479.0;29.0;;;;;;;;;;;;;;;;;;
 ;04:34:12;3.301;0.011;479.0;29.0;;;;;;;;;;;;;;;;;;
 ;04:34:13;3.301;0.011;479.0;28.9;;;;;;;;;;;;;;;;;;
 ;04:34:14;3.300;0.011;479.0;29.0;;;;;;;;;;;;;;;;;;
 ;04:34:15;3.301;0.011;479.0;28.9;;;;;;;;;;;;;;;;;;
 ;04:34:16;3.301;0.011;479.0;29.0;;;;;;;;;;;;;;;;;;
 ;04:34:17;3.301;0.011;479.0;29.0;;;;;;;;;;;;;;;;;;
 ;04:34:18;3.301;0.011;479.0;28.9;;;;;;;;;;;;;;;;;;
 ;04:34:19;3.301;0.011;479.0;29.0;;;;;;;;;;;;;;;;;;
 ;04:34:20;3.301;0.011;479.0;28.9;;;;;;;;;;;;;;;;;;
 ;04:34:21;3.301;0.011;479.0;29.0;;;;;;;;;;;;;;;;;;
 ;04:34:22;3.301;0.011;479.0;29.0;;;;;;;;;;;;;;;;;;
 ;04:34:23;3.301;0.011;479.0;29.0;;;;;;;;;;;;;;;;;;
 ;04:34:24;3.301;0.011;479.0;29.0;;;;;;;;;;;;;;;;;;
 ;04:34:25;3.301;0.011;479.0;29.0;;;;;;;;;;;;;;;;;;
 ;04:34:26;3.301;0.011;479.0;28.9;;;;;;;;;;;;;;;;;;
 ;04:34:27;3.301;0.011;479.0;28.9;;;;;;;;;;;;;;;;;;
 ;04:34:28;3.301;0.011;479.1;29.0;;;;;;;;;;;;;;;;;;
 ;04:34:29;3.301;0.011;479.1;28.9;;;;;;;;;;;;;;;;;;
 ;04:34:30;3.301;0.011;479.1;28.9;;;;;;;;;;;;;;;;;;
 ;04:34:31;3.301;0.011;479.1;28.9;;;;;;;;;;;;;;;;;;
 ;04:34:32;3.301;0.011;479.1;28.9;;;;;;;;;;;;;;;;;;
 ;04:34:33;3.301;0.011;479.1;28.9;;;;;;;;;;;;;;;;;;
 ;04:34:34;3.301;0.011;479.1;28.9;;;;;;;;;;;;;;;;;;
 ;04:34:35;3.301;0.011;479.1;28.9;;;;;;;;;;;;;;;;;;
 ;04:34:36;3.301;0.011;479.1;28.9;;;;;;;;;;;;;;;;;;
 ;04:34:37;3.300;0.011;479.1;28.9;;;;;;;;;;;;;;;;;;
 ;04:34:38;3.301;0.011;479.1;28.9;;;;;;;;;;;;;;;;;;
 ;04:34:39;3.301;0.011;479.1;28.9;;;;;;;;;;;;;;;;;;
 ;04:34:40;3.301;0.011;479.1;28.9;;;;;;;;;;;;;;;;;;
 ;04:34:41;3.300;0.011;479.1;28.9;;;;;;;;;;;;;;;;;;
 ;04:34:42;3.300;0.011;479.1;28.9;;;;;;;;;;;;;;;;;;
 ;04:34:43;3.301;0.011;479.1;28.9;;;;;;;;;;;;;;;;;;
 ;04:34:44;3.301;0.011;479.1;28.9;;;;;;;;;;;;;;;;;;
 ;04:34:45;3.300;0.011;479.1;28.9;;;;;;;;;;;;;;;;;;
 ;04:34:46;3.300;0.011;479.1;28.9;;;;;;;;;;;;;;;;;;
 ;04:34:47;3.301;0.011;479.1;28.9;;;;;;;;;;;;;;;;;;
 ;04:34:48;3.301;0.010;479.1;28.9;;;;;;;;;;;;;;;;;;
 ;04:34:49;3.301;0.011;479.1;28.9;;;;;;;;;;;;;;;;;;
 ;04:34:50;3.301;0.011;479.1;28.9;;;;;;;;;;;;;;;;;;
 ;04:34:51;3.301;0.011;479.1;28.9;;;;;;;;;;;;;;;;;;
 ;04:34:52;3.301;0.011;479.1;28.9;;;;;;;;;;;;;;;;;;
 ;04:34:53;3.301;0.010;479.1;28.9;;;;;;;;;;;;;;;;;;
 ;04:34:54;3.301;0.011;479.1;28.9;;;;;;;;;;;;;;;;;;
 ;04:34:55;3.300;0.011;479.1;28.9;;;;;;;;;;;;;;;;;;
 ;04:34:56;3.300;0.011;479.1;28.9;;;;;;;;;;;;;;;;;;
 ;04:34:57;3.301;0.011;479.1;28.9;;;;;;;;;;;;;;;;;;
 ;04:34:58;3.301;0.011;479.1;28.9;;;;;;;;;;;;;;;;;;
 ;04:34:59;3.300;0.011;479.1;28.9;;;;;;;;;;;;;;;;;;
 ;04:35:00;3.300;0.011;479.2;28.9;;;;;;;;;;;;;;;;;;
 ;04:35:01;3.301;0.011;479.2;28.9;;;;;;;;;;;;;;;;;;
 ;04:35:02;3.301;0.011;479.2;28.9;;;;;;;;;;;;;;;;;;
 ;04:35:03;3.300;0.011;479.2;28.9;;;;;;;;;;;;;;;;;;
 ;04:35:04;3.300;0.011;479.2;28.9;;;;;;;;;;;;;;;;;;
 ;04:35:05;3.301;0.011;479.2;28.9;;;;;;;;;;;;;;;;;;
 ;04:35:06;3.301;0.011;479.2;28.9;;;;;;;;;;;;;;;;;;
 ;04:35:07;3.301;0.011;479.2;28.9;;;;;;;;;;;;;;;;;;
 ;04:35:08;3.300;0.011;479.2;28.9;;;;;;;;;;;;;;;;;;
 ;04:35:09;3.300;0.011;479.2;28.9;;;;;;;;;;;;;;;;;;
 ;04:35:10;3.301;0.011;479.2;28.9;;;;;;;;;;;;;;;;;;
 ;04:35:11;3.301;0.011;479.2;28.9;;;;;;;;;;;;;;;;;;
 ;04:35:12;3.300;0.011;479.2;28.9;;;;;;;;;;;;;;;;;;
 ;04:35:13;3.300;0.011;479.2;28.9;;;;;;;;;;;;;;;;;;
 ;04:35:14;3.301;0.011;479.2;28.9;;;;;;;;;;;;;;;;;;
 ;04:35:15;3.301;0.011;479.2;28.9;;;;;;;;;;;;;;;;;;
 ;04:35:16;3.301;0.011;479.2;28.9;;;;;;;;;;;;;;;;;;
 ;04:35:17;3.300;0.011;479.2;28.9;;;;;;;;;;;;;;;;;;
 ;04:35:18;3.300;0.011;479.2;28.9;;;;;;;;;;;;;;;;;;
 ;04:35:19;3.301;0.011;479.2;28.9;;;;;;;;;;;;;;;;;;
 ;04:35:20;3.301;0.011;479.2;28.9;;;;;;;;;;;;;;;;;;
 ;04:35:21;3.300;0.011;479.2;28.9;;;;;;;;;;;;;;;;;;
 ;04:35:22;3.300;0.011;479.2;28.9;;;;;;;;;;;;;;;;;;
 ;04:35:23;3.301;0.011;479.2;28.9;;;;;;;;;;;;;;;;;;
 ;04:35:24;3.301;0.010;479.2;28.9;;;;;;;;;;;;;;;;;;
 ;04:35:25;3.301;0.011;479.2;28.9;;;;;;;;;;;;;;;;;;
 ;04:35:26;3.300;0.011;479.2;28.9;;;;;;;;;;;;;;;;;;
 ;04:35:27;3.300;0.011;479.2;28.9;;;;;;;;;;;;;;;;;;
 ;04:35:28;3.301;0.011;479.2;28.9;;;;;;;;;;;;;;;;;;
 ;04:35:29;3.301;0.011;479.2;28.9;;;;;;;;;;;;;;;;;;
 ;04:35:30;3.300;0.011;479.2;28.9;;;;;;;;;;;;;;;;;;
 ;04:35:31;3.300;0.011;479.2;28.9;;;;;;;;;;;;;;;;;;
 ;04:35:32;3.301;0.011;479.3;28.9;;;;;;;;;;;;;;;;;;
 ;04:35:33;3.301;0.010;479.3;28.9;;;;;;;;;;;;;;;;;;
 ;04:35:34;3.300;0.011;479.3;28.9;;;;;;;;;;;;;;;;;;
 ;04:35:35;3.301;0.010;479.3;28.9;;;;;;;;;;;;;;;;;;
 ;04:35:36;3.301;0.011;479.3;28.9;;;;;;;;;;;;;;;;;;
 ;04:35:37;3.301;0.011;479.3;28.9;;;;;;;;;;;;;;;;;;
 ;04:35:38;3.300;0.011;479.3;28.9;;;;;;;;;;;;;;;;;;
 ;04:35:39;3.301;0.010;479.3;28.9;;;;;;;;;;;;;;;;;;
 ;04:35:40;3.301;0.010;479.3;28.9;;;;;;;;;;;;;;;;;;
 ;04:35:41;3.300;0.011;479.3;28.9;;;;;;;;;;;;;;;;;;
 ;04:35:42;3.301;0.011;479.3;28.9;;;;;;;;;;;;;;;;;;
 ;04:35:43;3.301;0.011;479.3;28.9;;;;;;;;;;;;;;;;;;
 ;04:35:44;3.301;0.011;479.3;28.9;;;;;;;;;;;;;;;;;;
 ;04:35:45;3.300;0.011;479.3;28.9;;;;;;;;;;;;;;;;;;
 ;04:35:46;3.301;0.010;479.3;28.9;;;;;;;;;;;;;;;;;;
 ;04:35:47;3.301;0.011;479.3;28.9;;;;;;;;;;;;;;;;;;
 ;04:35:48;3.300;0.011;479.3;28.9;;;;;;;;;;;;;;;;;;
 ;04:35:49;3.301;0.011;479.3;28.9;;;;;;;;;;;;;;;;;;
 ;04:35:50;3.301;0.011;479.3;28.9;;;;;;;;;;;;;;;;;;
 ;04:35:51;3.301;0.010;479.3;28.9;;;;;;;;;;;;;;;;;;
 ;04:35:52;3.300;0.010;479.3;28.9;;;;;;;;;;;;;;;;;;
 ;04:35:53;3.301;0.010;479.3;28.9;;;;;;;;;;;;;;;;;;
 ;04:35:54;3.301;0.011;479.3;28.9;;;;;;;;;;;;;;;;;;
 ;04:35:55;3.301;0.011;479.3;28.9;;;;;;;;;;;;;;;;;;
 ;04:35:56;3.300;0.011;479.3;28.9;;;;;;;;;;;;;;;;;;
 ;04:35:57;3.301;0.010;479.3;28.9;;;;;;;;;;;;;;;;;;
 ;04:35:58;3.301;0.011;479.3;28.9;;;;;;;;;;;;;;;;;;
 ;04:35:59;3.300;0.011;479.3;28.9;;;;;;;;;;;;;;;;;;
 ;04:36:00;3.300;0.011;479.3;28.9;;;;;;;;;;;;;;;;;;
 ;04:36:01;3.301;0.011;479.3;28.9;;;;;;;;;;;;;;;;;;
 ;04:36:02;3.301;0.010;479.3;28.9;;;;;;;;;;;;;;;;;;
 ;04:36:03;3.300;0.010;479.3;28.9;;;;;;;;;;;;;;;;;;
 ;04:36:04;3.300;0.011;479.3;28.9;;;;;;;;;;;;;;;;;;
 ;04:36:05;3.300;0.011;479.4;28.9;;;;;;;;;;;;;;;;;;
 ;04:36:06;3.301;0.010;479.4;28.9;;;;;;;;;;;;;;;;;;
 ;04:36:07;3.300;0.010;479.4;28.9;;;;;;;;;;;;;;;;;;
 ;04:36:08;3.300;0.011;479.4;28.9;;;;;;;;;;;;;;;;;;
 ;04:36:09;3.300;0.011;479.4;28.9;;;;;;;;;;;;;;;;;;
 ;04:36:10;3.300;0.011;479.4;28.9;;;;;;;;;;;;;;;;;;
 ;04:36:11;3.300;0.011;479.4;28.9;;;;;;;;;;;;;;;;;;
 ;04:36:12;3.300;0.011;479.4;28.9;;;;;;;;;;;;;;;;;;
 ;04:36:13;3.300;0.010;479.4;28.9;;;;;;;;;;;;;;;;;;
 ;04:36:14;3.301;0.010;479.4;28.9;;;;;;;;;;;;;;;;;;
 ;04:36:15;3.301;0.010;479.4;28.9;;;;;;;;;;;;;;;;;;
 ;04:36:16;3.301;0.010;479.4;28.9;;;;;;;;;;;;;;;;;;
 ;04:36:17;3.301;0.010;479.4;28.9;;;;;;;;;;;;;;;;;;
 ;04:36:18;3.301;0.010;479.4;28.9;;;;;;;;;;;;;;;;;;
 ;04:36:19;3.301;0.010;479.4;28.9;;;;;;;;;;;;;;;;;;
 ;04:36:20;3.301;0.010;479.4;28.9;;;;;;;;;;;;;;;;;;
 ;04:36:21;3.300;0.011;479.4;28.9;;;;;;;;;;;;;;;;;;
 ;04:36:22;3.300;0.011;479.4;28.9;;;;;;;;;;;;;;;;;;
 ;04:36:23;3.300;0.010;479.4;28.9;;;;;;;;;;;;;;;;;;
 ;04:36:24;3.300;0.010;479.4;28.9;;;;;;;;;;;;;;;;;;
 ;04:36:25;3.300;0.010;479.4;28.9;;;;;;;;;;;;;;;;;;
 ;04:36:26;3.301;0.010;479.4;28.9;;;;;;;;;;;;;;;;;;
 ;04:36:27;3.301;0.010;479.4;28.9;;;;;;;;;;;;;;;;;;
 ;04:36:28;3.300;0.010;479.4;28.9;;;;;;;;;;;;;;;;;;
 ;04:36:29;3.300;0.010;479.4;28.9;;;;;;;;;;;;;;;;;;
 ;04:36:30;3.301;0.010;479.4;28.9;;;;;;;;;;;;;;;;;;
 ;04:36:31;3.301;0.010;479.4;28.9;;;;;;;;;;;;;;;;;;
 ;04:36:32;3.300;0.010;479.4;28.9;;;;;;;;;;;;;;;;;;
 ;04:36:33;3.301;0.010;479.4;28.9;;;;;;;;;;;;;;;;;;
 ;04:36:34;3.301;0.010;479.4;28.9;;;;;;;;;;;;;;;;;;
 ;04:36:35;3.301;0.010;479.4;28.9;;;;;;;;;;;;;;;;;;
 ;04:36:36;3.301;0.010;479.4;28.9;;;;;;;;;;;;;;;;;;
 ;04:36:37;3.301;0.010;479.4;28.9;;;;;;;;;;;;;;;;;;
 ;04:36:38;3.301;0.010;479.5;28.9;;;;;;;;;;;;;;;;;;
 ;04:36:39;3.300;0.010;479.5;28.9;;;;;;;;;;;;;;;;;;
 ;04:36:40;3.300;0.010;479.5;28.9;;;;;;;;;;;;;;;;;;
 ;04:36:41;3.301;0.010;479.5;28.9;;;;;;;;;;;;;;;;;;
 ;04:36:42;3.301;0.010;479.5;28.9;;;;;;;;;;;;;;;;;;
 ;04:36:43;3.301;0.010;479.5;28.9;;;;;;;;;;;;;;;;;;
 ;04:36:44;3.301;0.010;479.5;28.9;;;;;;;;;;;;;;;;;;
 ;04:36:45;3.301;0.010;479.5;28.9;;;;;;;;;;;;;;;;;;
 ;04:36:46;3.301;0.010;479.5;28.9;;;;;;;;;;;;;;;;;;
 ;04:36:47;3.301;0.010;479.5;28.9;;;;;;;;;;;;;;;;;;
 ;04:36:48;3.301;0.010;479.5;28.9;;;;;;;;;;;;;;;;;;
 ;04:36:49;3.301;0.010;479.5;28.9;;;;;;;;;;;;;;;;;;
 ;04:36:50;3.300;0.010;479.5;28.9;;;;;;;;;;;;;;;;;;
 ;04:36:51;3.300;0.010;479.5;28.9;;;;;;;;;;;;;;;;;;
 ;04:36:52;3.300;0.010;479.5;28.9;;;;;;;;;;;;;;;;;;
 ;04:36:53;3.301;0.010;479.5;28.9;;;;;;;;;;;;;;;;;;
 ;04:36:54;3.301;0.010;479.5;28.9;;;;;;;;;;;;;;;;;;
 ;04:36:55;3.301;0.010;479.5;28.9;;;;;;;;;;;;;;;;;;
 ;04:36:56;3.301;0.010;479.5;28.9;;;;;;;;;;;;;;;;;;
 ;04:36:57;3.301;0.010;479.5;28.9;;;;;;;;;;;;;;;;;;
 ;04:36:58;3.301;0.010;479.5;28.9;;;;;;;;;;;;;;;;;;
 ;04:36:59;3.301;0.010;479.5;28.9;;;;;;;;;;;;;;;;;;
 ;04:37:00;3.301;0.010;479.5;28.9;;;;;;;;;;;;;;;;;;
 ;04:37:01;3.301;0.010;479.5;28.9;;;;;;;;;;;;;;;;;;
 ;04:37:02;3.301;0.010;479.5;28.9;;;;;;;;;;;;;;;;;;
 ;04:37:03;3.301;0.010;479.5;28.9;;;;;;;;;;;;;;;;;;
 ;04:37:04;3.301;0.010;479.5;28.9;;;;;;;;;;;;;;;;;;
 ;04:37:05;3.301;0.010;479.5;28.9;;;;;;;;;;;;;;;;;;
 ;04:37:06;3.301;0.010;479.5;28.9;;;;;;;;;;;;;;;;;;
 ;04:37:07;3.301;0.010;479.5;28.9;;;;;;;;;;;;;;;;;;
 ;04:37:08;3.301;0.010;479.5;28.9;;;;;;;;;;;;;;;;;;
 ;04:37:09;3.301;0.010;479.5;28.9;;;;;;;;;;;;;;;;;;
 ;04:37:10;3.301;0.010;479.5;28.9;;;;;;;;;;;;;;;;;;
 ;04:37:11;3.301;0.010;479.5;28.9;;;;;;;;;;;;;;;;;;
 ;04:37:12;3.301;0.010;479.6;28.9;;;;;;;;;;;;;;;;;;
 ;04:37:13;3.300;0.010;479.6;28.9;;;;;;;;;;;;;;;;;;
 ;04:37:14;3.300;0.010;479.6;28.9;;;;;;;;;;;;;;;;;;
 ;04:37:15;3.300;0.010;479.6;28.9;;;;;;;;;;;;;;;;;;
 ;04:37:16;3.300;0.010;479.6;28.9;;;;;;;;;;;;;;;;;;
 ;04:37:17;3.300;0.010;479.6;28.9;;;;;;;;;;;;;;;;;;
 ;04:37:18;3.300;0.010;479.6;28.9;;;;;;;;;;;;;;;;;;
 ;04:37:19;3.300;0.010;479.6;28.9;;;;;;;;;;;;;;;;;;
 ;04:37:20;3.300;0.010;479.6;28.9;;;;;;;;;;;;;;;;;;
 ;04:37:21;3.300;0.010;479.6;28.9;;;;;;;;;;;;;;;;;;
 ;04:37:22;3.300;0.010;479.6;28.9;;;;;;;;;;;;;;;;;;
 ;04:37:23;3.300;0.010;479.6;28.9;;;;;;;;;;;;;;;;;;
 ;04:37:24;3.300;0.010;479.6;28.9;;;;;;;;;;;;;;;;;;
 ;04:37:25;3.300;0.010;479.6;28.9;;;;;;;;;;;;;;;;;;
 ;04:37:26;3.300;0.010;479.6;28.9;;;;;;;;;;;;;;;;;;
 ;04:37:27;3.300;0.011;479.6;28.9;;;;;;;;;;;;;;;;;;
 ;04:37:28;3.300;0.010;479.6;28.9;;;;;;;;;;;;;;;;;;
 ;04:37:29;3.300;0.010;479.6;28.9;;;;;;;;;;;;;;;;;;
 ;04:37:30;3.300;0.010;479.6;28.9;;;;;;;;;;;;;;;;;;
 ;04:37:31;3.300;0.010;479.6;28.9;;;;;;;;;;;;;;;;;;
 ;04:37:32;3.300;0.010;479.6;28.9;;;;;;;;;;;;;;;;;;
 ;04:37:33;3.300;0.010;479.6;28.9;;;;;;;;;;;;;;;;;;
 ;04:37:34;3.300;0.010;479.6;28.9;;;;;;;;;;;;;;;;;;
 ;04:37:35;3.300;0.010;479.6;28.9;;;;;;;;;;;;;;;;;;
 ;04:37:36;3.300;0.010;479.6;28.9;;;;;;;;;;;;;;;;;;
 ;04:37:37;3.300;0.010;479.6;28.9;;;;;;;;;;;;;;;;;;
 ;04:37:38;3.300;0.010;479.6;28.9;;;;;;;;;;;;;;;;;;
 ;04:37:39;3.300;0.010;479.6;28.9;;;;;;;;;;;;;;;;;;
 ;04:37:40;3.300;0.010;479.6;28.9;;;;;;;;;;;;;;;;;;
 ;04:37:41;3.300;0.010;479.6;28.9;;;;;;;;;;;;;;;;;;
 ;04:37:42;3.300;0.010;479.6;28.9;;;;;;;;;;;;;;;;;;
 ;04:37:43;3.300;0.010;479.6;28.9;;;;;;;;;;;;;;;;;;
 ;04:37:44;3.300;0.010;479.6;28.9;;;;;;;;;;;;;;;;;;
 ;04:37:45;3.300;0.010;479.6;28.9;;;;;;;;;;;;;;;;;;
 ;04:37:46;3.300;0.010;479.6;28.9;;;;;;;;;;;;;;;;;;
 ;04:37:47;3.300;0.010;479.7;28.9;;;;;;;;;;;;;;;;;;
 ;04:37:48;3.300;0.010;479.7;28.9;;;;;;;;;;;;;;;;;;
 ;04:37:49;3.300;0.010;479.7;28.9;;;;;;;;;;;;;;;;;;
 ;04:37:50;3.300;0.010;479.7;28.9;;;;;;;;;;;;;;;;;;
 ;04:37:51;3.300;0.010;479.7;28.9;;;;;;;;;;;;;;;;;;
 ;04:37:52;3.300;0.010;479.7;28.9;;;;;;;;;;;;;;;;;;
 ;04:37:53;3.300;0.010;479.7;28.9;;;;;;;;;;;;;;;;;;
 ;04:37:54;3.300;0.010;479.7;28.9;;;;;;;;;;;;;;;;;;
 ;04:37:55;3.300;0.010;479.7;28.9;;;;;;;;;;;;;;;;;;
 ;04:37:56;3.300;0.010;479.7;28.9;;;;;;;;;;;;;;;;;;
 ;04:37:57;3.300;0.010;479.7;28.9;;;;;;;;;;;;;;;;;;
 ;04:37:58;3.300;0.010;479.7;28.9;;;;;;;;;;;;;;;;;;
 ;04:37:59;3.300;0.010;479.7;28.9;;;;;;;;;;;;;;;;;;
 ;04:38:00;3.300;0.010;479.7;28.9;;;;;;;;;;;;;;;;;;
 ;04:38:01;3.300;0.010;479.7;28.9;;;;;;;;;;;;;;;;;;
 ;04:38:02;3.300;0.010;479.7;28.9;;;;;;;;;;;;;;;;;;
 ;04:38:03;3.300;0.010;479.7;28.9;;;;;;;;;;;;;;;;;;
 ;04:38:04;3.300;0.010;479.7;28.9;;;;;;;;;;;;;;;;;;
 ;04:38:05;3.300;0.010;479.7;28.9;;;;;;;;;;;;;;;;;;
 ;04:38:06;3.300;0.010;479.7;28.9;;;;;;;;;;;;;;;;;;
 ;04:38:07;3.300;0.010;479.7;28.9;;;;;;;;;;;;;;;;;;
 ;04:38:08;3.300;0.010;479.7;28.9;;;;;;;;;;;;;;;;;;
 ;04:38:09;3.300;0.010;479.7;28.9;;;;;;;;;;;;;;;;;;
 ;04:38:10;3.300;0.010;479.7;28.9;;;;;;;;;;;;;;;;;;
 ;04:38:11;3.300;0.010;479.7;28.9;;;;;;;;;;;;;;;;;;
 ;04:38:12;3.300;0.010;479.7;28.9;;;;;;;;;;;;;;;;;;
 ;04:38:13;3.300;0.010;479.7;28.9;;;;;;;;;;;;;;;;;;
 ;04:38:14;3.300;0.010;479.7;28.9;;;;;;;;;;;;;;;;;;
 ;04:38:15;3.300;0.010;479.7;28.9;;;;;;;;;;;;;;;;;;
 ;04:38:16;3.300;0.010;479.7;28.9;;;;;;;;;;;;;;;;;;
 ;04:38:17;3.300;0.010;479.7;28.9;;;;;;;;;;;;;;;;;;
 ;04:38:18;3.300;0.010;479.7;28.9;;;;;;;;;;;;;;;;;;
 ;04:38:19;3.300;0.010;479.7;28.9;;;;;;;;;;;;;;;;;;
 ;04:38:20;3.300;0.010;479.7;28.9;;;;;;;;;;;;;;;;;;
 ;04:38:21;3.301;0.010;479.8;28.9;;;;;;;;;;;;;;;;;;
 ;04:38:22;3.301;0.010;479.8;28.9;;;;;;;;;;;;;;;;;;
 ;04:38:23;3.301;0.010;479.8;28.9;;;;;;;;;;;;;;;;;;
 ;04:38:24;3.301;0.010;479.8;28.9;;;;;;;;;;;;;;;;;;
 ;04:38:25;3.301;0.010;479.8;28.9;;;;;;;;;;;;;;;;;;
 ;04:38:26;3.301;0.010;479.8;28.9;;;;;;;;;;;;;;;;;;
 ;04:38:27;3.301;0.010;479.8;28.9;;;;;;;;;;;;;;;;;;
 ;04:38:28;3.301;0.010;479.8;28.9;;;;;;;;;;;;;;;;;;
 ;04:38:29;3.301;0.010;479.8;28.9;;;;;;;;;;;;;;;;;;
 ;04:38:30;3.301;0.010;479.8;28.9;;;;;;;;;;;;;;;;;;
 ;04:38:31;3.301;0.010;479.8;28.9;;;;;;;;;;;;;;;;;;
 ;04:38:32;3.301;0.010;479.8;28.9;;;;;;;;;;;;;;;;;;
 ;04:38:33;3.301;0.010;479.8;28.9;;;;;;;;;;;;;;;;;;
 ;04:38:34;3.300;0.010;479.8;28.9;;;;;;;;;;;;;;;;;;
 ;04:38:35;3.300;0.010;479.8;28.9;;;;;;;;;;;;;;;;;;
 ;04:38:36;3.300;0.010;479.8;28.9;;;;;;;;;;;;;;;;;;
 ;04:38:37;3.300;0.010;479.8;28.9;;;;;;;;;;;;;;;;;;
 ;04:38:38;3.300;0.010;479.8;28.9;;;;;;;;;;;;;;;;;;
 ;04:38:39;3.300;0.010;479.8;28.9;;;;;;;;;;;;;;;;;;
 ;04:38:40;3.300;0.010;479.8;28.9;;;;;;;;;;;;;;;;;;
 ;04:38:41;3.301;0.010;479.8;28.9;;;;;;;;;;;;;;;;;;
 ;04:38:42;3.301;0.010;479.8;28.9;;;;;;;;;;;;;;;;;;
 ;04:38:43;3.301;0.010;479.8;28.9;;;;;;;;;;;;;;;;;;
 ;04:38:44;3.301;0.010;479.8;28.9;;;;;;;;;;;;;;;;;;
 ;04:38:45;3.301;0.010;479.8;28.9;;;;;;;;;;;;;;;;;;
 ;04:38:46;3.300;0.010;479.8;28.9;;;;;;;;;;;;;;;;;;
 ;04:38:47;3.300;0.010;479.8;28.9;;;;;;;;;;;;;;;;;;
 ;04:38:48;3.300;0.010;479.8;28.9;;;;;;;;;;;;;;;;;;
 ;04:38:49;3.300;0.010;479.8;28.9;;;;;;;;;;;;;;;;;;
 ;04:38:50;3.300;0.010;479.8;28.9;;;;;;;;;;;;;;;;;;
 ;04:38:51;3.301;0.010;479.8;28.9;;;;;;;;;;;;;;;;;;
 ;04:38:52;3.301;0.010;479.8;28.9;;;;;;;;;;;;;;;;;;
 ;04:38:53;3.301;0.010;479.8;28.9;;;;;;;;;;;;;;;;;;
 ;04:38:54;3.301;0.010;479.8;28.9;;;;;;;;;;;;;;;;;;
 ;04:38:55;3.300;0.010;479.8;28.9;;;;;;;;;;;;;;;;;;
 ;04:38:56;3.300;0.010;479.9;28.9;;;;;;;;;;;;;;;;;;
 ;04:38:57;3.300;0.010;479.9;28.9;;;;;;;;;;;;;;;;;;
 ;04:38:58;3.300;0.010;479.9;28.9;;;;;;;;;;;;;;;;;;
 ;04:38:59;3.301;0.010;479.9;28.9;;;;;;;;;;;;;;;;;;
 ;04:39:00;3.301;0.010;479.9;28.9;;;;;;;;;;;;;;;;;;
 ;04:39:01;3.301;0.010;479.9;28.9;;;;;;;;;;;;;;;;;;
 ;04:39:02;3.301;0.010;479.9;28.9;;;;;;;;;;;;;;;;;;
 ;04:39:03;3.301;0.010;479.9;28.9;;;;;;;;;;;;;;;;;;
 ;04:39:04;3.300;0.010;479.9;28.9;;;;;;;;;;;;;;;;;;
 ;04:39:05;3.300;0.010;479.9;28.9;;;;;;;;;;;;;;;;;;
 ;04:39:06;3.301;0.010;479.9;28.9;;;;;;;;;;;;;;;;;;
 ;04:39:07;3.301;0.010;479.9;28.9;;;;;;;;;;;;;;;;;;
 ;04:39:08;3.301;0.010;479.9;28.9;;;;;;;;;;;;;;;;;;
 ;04:39:09;3.301;0.010;479.9;28.9;;;;;;;;;;;;;;;;;;
 ;04:39:10;3.300;0.010;479.9;28.9;;;;;;;;;;;;;;;;;;
 ;04:39:11;3.300;0.010;479.9;28.9;;;;;;;;;;;;;;;;;;
 ;04:39:12;3.301;0.010;479.9;28.9;;;;;;;;;;;;;;;;;;
 ;04:39:13;3.301;0.010;479.9;28.9;;;;;;;;;;;;;;;;;;
 ;04:39:14;3.301;0.009;479.9;28.9;;;;;;;;;;;;;;;;;;
 ;04:39:15;3.301;0.010;479.9;28.9;;;;;;;;;;;;;;;;;;
 ;04:39:16;3.301;0.010;479.9;28.9;;;;;;;;;;;;;;;;;;
 ;04:39:17;3.301;0.010;479.9;28.9;;;;;;;;;;;;;;;;;;
 ;04:39:18;3.301;0.010;479.9;28.9;;;;;;;;;;;;;;;;;;
 ;04:39:19;3.301;0.010;479.9;28.9;;;;;;;;;;;;;;;;;;
 ;04:39:20;3.301;0.010;479.9;28.9;;;;;;;;;;;;;;;;;;
 ;04:39:21;3.301;0.010;479.9;28.9;;;;;;;;;;;;;;;;;;
 ;04:39:22;3.301;0.010;479.9;28.9;;;;;;;;;;;;;;;;;;
 ;04:39:23;3.301;0.010;479.9;28.9;;;;;;;;;;;;;;;;;;
 ;04:39:24;3.301;0.010;479.9;28.9;;;;;;;;;;;;;;;;;;
 ;04:39:25;3.301;0.010;479.9;28.9;;;;;;;;;;;;;;;;;;
 ;04:39:26;3.301;0.010;479.9;28.9;;;;;;;;;;;;;;;;;;
 ;04:39:27;3.301;0.010;479.9;28.9;;;;;;;;;;;;;;;;;;
 ;04:39:28;3.301;0.010;479.9;28.9;;;;;;;;;;;;;;;;;;
 ;04:39:29;3.301;0.010;479.9;28.9;;;;;;;;;;;;;;;;;;
 ;04:39:30;3.301;0.010;479.9;28.9;;;;;;;;;;;;;;;;;;
 ;04:39:31;3.301;0.009;480.0;28.9;;;;;;;;;;;;;;;;;;
 ;04:39:32;3.301;0.010;480.0;28.9;;;;;;;;;;;;;;;;;;
 ;04:39:33;3.301;0.010;480.0;28.9;;;;;;;;;;;;;;;;;;
 ;04:39:34;3.300;0.010;480.0;28.9;;;;;;;;;;;;;;;;;;
 ;04:39:35;3.301;0.010;480.0;28.9;;;;;;;;;;;;;;;;;;
 ;04:39:36;3.301;0.010;480.0;28.9;;;;;;;;;;;;;;;;;;
 ;04:39:37;3.301;0.010;480.0;28.9;;;;;;;;;;;;;;;;;;
 ;04:39:38;3.301;0.010;480.0;28.9;;;;;;;;;;;;;;;;;;
 ;04:39:39;3.301;0.010;480.0;28.9;;;;;;;;;;;;;;;;;;
 ;04:39:40;3.301;0.010;480.0;28.9;;;;;;;;;;;;;;;;;;
 ;04:39:41;3.301;0.010;480.0;28.9;;;;;;;;;;;;;;;;;;
 ;04:39:42;3.300;0.010;480.0;28.9;;;;;;;;;;;;;;;;;;
 ;04:39:43;3.300;0.010;480.0;28.9;;;;;;;;;;;;;;;;;;
 ;04:39:44;3.301;0.010;480.0;28.9;;;;;;;;;;;;;;;;;;
 ;04:39:45;3.301;0.010;480.0;28.9;;;;;;;;;;;;;;;;;;
 ;04:39:46;3.301;0.010;480.0;28.9;;;;;;;;;;;;;;;;;;
 ;04:39:47;3.300;0.010;480.0;28.9;;;;;;;;;;;;;;;;;;
 ;04:39:48;3.301;0.010;480.0;28.9;;;;;;;;;;;;;;;;;;
 ;04:39:49;3.301;0.010;480.0;28.9;;;;;;;;;;;;;;;;;;
 ;04:39:50;3.301;0.010;480.0;28.9;;;;;;;;;;;;;;;;;;
 ;04:39:51;3.300;0.010;480.0;28.9;;;;;;;;;;;;;;;;;;
 ;04:39:52;3.300;0.010;480.0;28.9;;;;;;;;;;;;;;;;;;
 ;04:39:53;3.301;0.010;480.0;28.9;;;;;;;;;;;;;;;;;;
 ;04:39:54;3.301;0.010;480.0;28.9;;;;;;;;;;;;;;;;;;
 ;04:39:55;3.301;0.010;480.0;28.9;;;;;;;;;;;;;;;;;;
 ;04:39:56;3.300;0.010;480.0;28.9;;;;;;;;;;;;;;;;;;
 ;04:39:57;3.301;0.010;480.0;28.9;;;;;;;;;;;;;;;;;;
 ;04:39:58;3.301;0.010;480.0;28.9;;;;;;;;;;;;;;;;;;
 ;04:39:59;3.301;0.010;480.0;28.9;;;;;;;;;;;;;;;;;;
 ;04:40:00;3.300;0.010;480.0;28.9;;;;;;;;;;;;;;;;;;
 ;04:40:01;3.300;0.010;480.0;28.9;;;;;;;;;;;;;;;;;;
 ;04:40:02;3.301;0.010;480.0;28.9;;;;;;;;;;;;;;;;;;
 ;04:40:03;3.301;0.010;480.0;28.9;;;;;;;;;;;;;;;;;;
 ;04:40:04;3.301;0.010;480.0;28.9;;;;;;;;;;;;;;;;;;
 ;04:40:05;3.300;0.010;480.0;28.9;;;;;;;;;;;;;;;;;;
 ;04:40:06;3.300;0.010;480.1;28.9;;;;;;;;;;;;;;;;;;
 ;04:40:07;3.301;0.010;480.1;28.9;;;;;;;;;;;;;;;;;;
 ;04:40:08;3.301;0.010;480.1;28.9;;;;;;;;;;;;;;;;;;
 ;04:40:09;3.300;0.010;480.1;28.9;;;;;;;;;;;;;;;;;;
 ;04:40:10;3.300;0.010;480.1;28.9;;;;;;;;;;;;;;;;;;
 ;04:40:11;3.301;0.010;480.1;28.9;;;;;;;;;;;;;;;;;;
 ;04:40:12;3.301;0.010;480.1;28.9;;;;;;;;;;;;;;;;;;
 ;04:40:13;3.301;0.010;480.1;28.9;;;;;;;;;;;;;;;;;;
 ;04:40:14;3.300;0.010;480.1;28.9;;;;;;;;;;;;;;;;;;
 ;04:40:15;3.300;0.010;480.1;28.9;;;;;;;;;;;;;;;;;;
 ;04:40:16;3.301;0.010;480.1;28.9;;;;;;;;;;;;;;;;;;
 ;04:40:17;3.301;0.010;480.1;28.9;;;;;;;;;;;;;;;;;;
 ;04:40:18;3.300;0.010;480.1;28.9;;;;;;;;;;;;;;;;;;
 ;04:40:19;3.300;0.010;480.1;28.9;;;;;;;;;;;;;;;;;;
 ;04:40:20;3.301;0.010;480.1;28.9;;;;;;;;;;;;;;;;;;
 ;04:40:21;3.301;0.010;480.1;28.9;;;;;;;;;;;;;;;;;;
 ;04:40:22;3.301;0.010;480.1;28.9;;;;;;;;;;;;;;;;;;
 ;04:40:23;3.300;0.010;480.1;28.9;;;;;;;;;;;;;;;;;;
 ;04:40:24;3.300;0.010;480.1;28.9;;;;;;;;;;;;;;;;;;
 ;04:40:25;3.301;0.010;480.1;28.9;;;;;;;;;;;;;;;;;;
 ;04:40:26;3.301;0.010;480.1;28.9;;;;;;;;;;;;;;;;;;
 ;04:40:27;3.300;0.010;480.1;28.9;;;;;;;;;;;;;;;;;;
 ;04:40:28;3.300;0.010;480.1;28.9;;;;;;;;;;;;;;;;;;
 ;04:40:29;3.301;0.010;480.1;28.9;;;;;;;;;;;;;;;;;;
 ;04:40:30;3.301;0.010;480.1;28.9;;;;;;;;;;;;;;;;;;
 ;04:40:31;3.301;0.010;480.1;28.9;;;;;;;;;;;;;;;;;;
 ;04:40:32;3.300;0.010;480.1;28.9;;;;;;;;;;;;;;;;;;
 ;04:40:33;3.300;0.010;480.1;28.9;;;;;;;;;;;;;;;;;;
 ;04:40:34;3.301;0.010;480.1;28.9;;;;;;;;;;;;;;;;;;
 ;04:40:35;3.301;0.010;480.1;28.9;;;;;;;;;;;;;;;;;;
 ;04:40:36;3.300;0.010;480.1;28.9;;;;;;;;;;;;;;;;;;
 ;04:40:37;3.300;0.010;480.1;28.9;;;;;;;;;;;;;;;;;;
 ;04:40:38;3.301;0.009;480.1;28.9;;;;;;;;;;;;;;;;;;
 ;04:40:39;3.301;0.010;480.1;28.9;;;;;;;;;;;;;;;;;;
 ;04:40:40;3.300;0.010;480.1;28.9;;;;;;;;;;;;;;;;;;
 ;04:40:41;3.300;0.010;480.1;28.9;;;;;;;;;;;;;;;;;;
 ;04:40:42;3.301;0.010;480.2;28.9;;;;;;;;;;;;;;;;;;
 ;04:40:43;3.301;0.010;480.2;28.9;;;;;;;;;;;;;;;;;;
 ;04:40:44;3.300;0.010;480.2;28.9;;;;;;;;;;;;;;;;;;
 ;04:40:45;3.300;0.010;480.2;28.9;;;;;;;;;;;;;;;;;;
 ;04:40:46;3.300;0.010;480.2;28.9;;;;;;;;;;;;;;;;;;
 ;04:40:47;3.301;0.009;480.2;28.9;;;;;;;;;;;;;;;;;;
 ;04:40:48;3.301;0.010;480.2;28.9;;;;;;;;;;;;;;;;;;
 ;04:40:49;3.300;0.010;480.2;28.9;;;;;;;;;;;;;;;;;;
 ;04:40:50;3.301;0.010;480.2;28.9;;;;;;;;;;;;;;;;;;
 ;04:40:51;3.301;0.009;480.2;28.9;;;;;;;;;;;;;;;;;;
 ;04:40:52;3.301;0.009;480.2;28.9;;;;;;;;;;;;;;;;;;
 ;04:40:53;3.301;0.009;480.2;28.9;;;;;;;;;;;;;;;;;;
 ;04:40:54;3.301;0.009;480.2;28.9;;;;;;;;;;;;;;;;;;
 ;04:40:55;3.301;0.009;480.2;28.9;;;;;;;;;;;;;;;;;;
 ;04:40:56;3.301;0.010;480.2;28.9;;;;;;;;;;;;;;;;;;
 ;04:40:57;3.301;0.010;480.2;28.9;;;;;;;;;;;;;;;;;;
 ;04:40:58;3.301;0.010;480.2;28.9;;;;;;;;;;;;;;;;;;
 ;04:40:59;3.301;0.009;480.2;28.9;;;;;;;;;;;;;;;;;;
 ;04:41:00;3.301;0.009;480.2;28.9;;;;;;;;;;;;;;;;;;
 ;04:41:01;3.301;0.009;480.2;28.9;;;;;;;;;;;;;;;;;;
 ;04:41:02;3.301;0.010;480.2;28.9;;;;;;;;;;;;;;;;;;
 ;04:41:03;3.300;0.010;480.2;28.9;;;;;;;;;;;;;;;;;;
 ;04:41:04;3.300;0.010;480.2;28.9;;;;;;;;;;;;;;;;;;
 ;04:41:05;3.300;0.009;480.2;28.9;;;;;;;;;;;;;;;;;;
 ;04:41:06;3.301;0.009;480.2;28.9;;;;;;;;;;;;;;;;;;
 ;04:41:07;3.301;0.010;480.2;28.9;;;;;;;;;;;;;;;;;;
 ;04:41:08;3.300;0.010;480.2;28.9;;;;;;;;;;;;;;;;;;
 ;04:41:09;3.301;0.009;480.2;28.9;;;;;;;;;;;;;;;;;;
 ;04:41:10;3.301;0.010;480.2;28.9;;;;;;;;;;;;;;;;;;
 ;04:41:11;3.300;0.010;480.2;28.9;;;;;;;;;;;;;;;;;;
 ;04:41:12;3.300;0.010;480.2;28.9;;;;;;;;;;;;;;;;;;
 ;04:41:13;3.300;0.010;480.2;28.9;;;;;;;;;;;;;;;;;;
 ;04:41:14;3.300;0.010;480.2;28.9;;;;;;;;;;;;;;;;;;
 ;04:41:15;3.300;0.010;480.2;28.9;;;;;;;;;;;;;;;;;;
 ;04:41:16;3.300;0.010;480.2;28.9;;;;;;;;;;;;;;;;;;
 ;04:41:17;3.301;0.009;480.2;28.9;;;;;;;;;;;;;;;;;;
 ;04:41:18;3.301;0.010;480.3;28.9;;;;;;;;;;;;;;;;;;
 ;04:41:19;3.300;0.010;480.3;28.9;;;;;;;;;;;;;;;;;;
 ;04:41:20;3.301;0.009;480.3;28.9;;;;;;;;;;;;;;;;;;
 ;04:41:21;3.301;0.010;480.3;28.9;;;;;;;;;;;;;;;;;;
 ;04:41:22;3.300;0.010;480.3;28.9;;;;;;;;;;;;;;;;;;
 ;04:41:23;3.300;0.010;480.3;28.9;;;;;;;;;;;;;;;;;;
 ;04:41:24;3.301;0.009;480.3;28.9;;;;;;;;;;;;;;;;;;
 ;04:41:25;3.301;0.009;480.3;28.9;;;;;;;;;;;;;;;;;;
 ;04:41:26;3.301;0.009;480.3;28.9;;;;;;;;;;;;;;;;;;
 ;04:41:27;3.300;0.010;480.3;28.9;;;;;;;;;;;;;;;;;;
 ;04:41:28;3.300;0.010;480.3;28.9;;;;;;;;;;;;;;;;;;
 ;04:41:29;3.301;0.010;480.3;28.9;;;;;;;;;;;;;;;;;;
 ;04:41:30;3.301;0.010;480.3;28.9;;;;;;;;;;;;;;;;;;
 ;04:41:31;3.300;0.010;480.3;28.9;;;;;;;;;;;;;;;;;;
 ;04:41:32;3.301;0.009;480.3;28.9;;;;;;;;;;;;;;;;;;
 ;04:41:33;3.301;0.009;480.3;28.9;;;;;;;;;;;;;;;;;;
 ;04:41:34;3.301;0.009;480.3;28.9;;;;;;;;;;;;;;;;;;
 ;04:41:35;3.301;0.009;480.3;28.9;;;;;;;;;;;;;;;;;;
 ;04:41:36;3.300;0.010;480.3;28.9;;;;;;;;;;;;;;;;;;
 ;04:41:37;3.300;0.010;480.3;28.9;;;;;;;;;;;;;;;;;;
 ;04:41:38;3.300;0.010;480.3;28.9;;;;;;;;;;;;;;;;;;
 ;04:41:39;3.301;0.009;480.3;28.9;;;;;;;;;;;;;;;;;;
 ;04:41:40;3.301;0.009;480.3;28.9;;;;;;;;;;;;;;;;;;
 ;04:41:41;3.301;0.009;480.3;28.9;;;;;;;;;;;;;;;;;;
 ;04:41:42;3.300;0.010;480.3;28.9;;;;;;;;;;;;;;;;;;
 ;04:41:43;3.300;0.009;480.3;28.9;;;;;;;;;;;;;;;;;;
 ;04:41:44;3.300;0.010;480.3;28.9;;;;;;;;;;;;;;;;;;
 ;04:41:45;3.301;0.009;480.3;28.9;;;;;;;;;;;;;;;;;;
 ;04:41:46;3.301;0.009;480.3;28.9;;;;;;;;;;;;;;;;;;
 ;04:41:47;3.301;0.009;480.3;28.9;;;;;;;;;;;;;;;;;;
 ;04:41:48;3.301;0.009;480.3;28.9;;;;;;;;;;;;;;;;;;
 ;04:41:49;3.300;0.009;480.3;28.9;;;;;;;;;;;;;;;;;;
 ;04:41:50;3.300;0.009;480.3;28.9;;;;;;;;;;;;;;;;;;
 ;04:41:51;3.301;0.009;480.3;28.9;;;;;;;;;;;;;;;;;;
 ;04:41:52;3.301;0.009;480.3;28.9;;;;;;;;;;;;;;;;;;
 ;04:41:53;3.301;0.009;480.3;28.9;;;;;;;;;;;;;;;;;;
 ;04:41:54;3.301;0.009;480.4;28.9;;;;;;;;;;;;;;;;;;
 ;04:41:55;3.301;0.009;480.4;28.9;;;;;;;;;;;;;;;;;;
 ;04:41:56;3.301;0.009;480.4;28.9;;;;;;;;;;;;;;;;;;
 ;04:41:57;3.301;0.009;480.4;28.9;;;;;;;;;;;;;;;;;;
 ;04:41:58;3.301;0.009;480.4;28.9;;;;;;;;;;;;;;;;;;
 ;04:41:59;3.301;0.009;480.4;28.9;;;;;;;;;;;;;;;;;;
 ;04:42:00;3.301;0.009;480.4;28.9;;;;;;;;;;;;;;;;;;
 ;04:42:01;3.301;0.009;480.4;28.9;;;;;;;;;;;;;;;;;;
 ;04:42:02;3.301;0.009;480.4;28.9;;;;;;;;;;;;;;;;;;
 ;04:42:03;3.301;0.009;480.4;28.9;;;;;;;;;;;;;;;;;;
 ;04:42:04;3.301;0.009;480.4;28.9;;;;;;;;;;;;;;;;;;
 ;04:42:05;3.301;0.009;480.4;28.9;;;;;;;;;;;;;;;;;;
 ;04:42:06;3.301;0.009;480.4;28.9;;;;;;;;;;;;;;;;;;
 ;04:42:07;3.301;0.009;480.4;28.9;;;;;;;;;;;;;;;;;;
 ;04:42:08;3.300;0.010;480.4;28.9;;;;;;;;;;;;;;;;;;
 ;04:42:09;3.300;0.009;480.4;28.9;;;;;;;;;;;;;;;;;;
 ;04:42:10;3.300;0.009;480.4;28.9;;;;;;;;;;;;;;;;;;
 ;04:42:11;3.300;0.009;480.4;28.9;;;;;;;;;;;;;;;;;;
 ;04:42:12;3.301;0.009;480.4;28.9;;;;;;;;;;;;;;;;;;
 ;04:42:13;3.301;0.009;480.4;28.9;;;;;;;;;;;;;;;;;;
 ;04:42:14;3.301;0.009;480.4;28.9;;;;;;;;;;;;;;;;;;
 ;04:42:15;3.301;0.009;480.4;28.9;;;;;;;;;;;;;;;;;;
 ;04:42:16;3.301;0.009;480.4;28.9;;;;;;;;;;;;;;;;;;
 ;04:42:17;3.301;0.009;480.4;28.9;;;;;;;;;;;;;;;;;;
 ;04:42:18;3.301;0.009;480.4;28.9;;;;;;;;;;;;;;;;;;
 ;04:42:19;3.301;0.009;480.4;28.9;;;;;;;;;;;;;;;;;;
 ;04:42:20;3.301;0.009;480.4;28.9;;;;;;;;;;;;;;;;;;
 ;04:42:21;3.301;0.009;480.4;28.9;;;;;;;;;;;;;;;;;;
 ;04:42:22;3.300;0.009;480.4;28.9;;;;;;;;;;;;;;;;;;
 ;04:42:23;3.301;0.009;480.4;28.9;;;;;;;;;;;;;;;;;;
 ;04:42:24;3.300;0.009;480.4;28.9;;;;;;;;;;;;;;;;;;
 ;04:42:25;3.300;0.010;480.4;28.9;;;;;;;;;;;;;;;;;;
 ;04:42:26;3.300;0.009;480.4;28.9;;;;;;;;;;;;;;;;;;
 ;04:42:27;3.300;0.009;480.4;28.9;;;;;;;;;;;;;;;;;;
 ;04:42:28;3.300;0.009;480.4;28.9;;;;;;;;;;;;;;;;;;
 ;04:42:29;3.300;0.010;480.4;28.9;;;;;;;;;;;;;;;;;;
 ;04:42:30;3.301;0.009;480.4;28.9;;;;;;;;;;;;;;;;;;
 ;04:42:31;3.301;0.009;480.5;28.9;;;;;;;;;;;;;;;;;;
 ;04:42:32;3.301;0.009;480.5;28.9;;;;;;;;;;;;;;;;;;
 ;04:42:33;3.301;0.009;480.5;28.9;;;;;;;;;;;;;;;;;;
 ;04:42:34;3.301;0.009;480.5;28.9;;;;;;;;;;;;;;;;;;
 ;04:42:35;3.301;0.009;480.5;28.9;;;;;;;;;;;;;;;;;;
 ;04:42:36;3.301;0.009;480.5;28.9;;;;;;;;;;;;;;;;;;
 ;04:42:37;3.300;0.009;480.5;28.9;;;;;;;;;;;;;;;;;;
 ;04:42:38;3.301;0.009;480.5;28.9;;;;;;;;;;;;;;;;;;
 ;04:42:39;3.300;0.009;480.5;28.9;;;;;;;;;;;;;;;;;;
 ;04:42:40;3.300;0.009;480.5;28.9;;;;;;;;;;;;;;;;;;
 ;04:42:41;3.300;0.009;480.5;28.9;;;;;;;;;;;;;;;;;;
 ;04:42:42;3.300;0.009;480.5;28.9;;;;;;;;;;;;;;;;;;
 ;04:42:43;3.300;0.009;480.5;28.9;;;;;;;;;;;;;;;;;;
 ;04:42:44;3.300;0.009;480.5;28.9;;;;;;;;;;;;;;;;;;
 ;04:42:45;3.300;0.009;480.5;28.9;;;;;;;;;;;;;;;;;;
 ;04:42:46;3.300;0.009;480.5;28.9;;;;;;;;;;;;;;;;;;
 ;04:42:47;3.300;0.009;480.5;28.9;;;;;;;;;;;;;;;;;;
 ;04:42:48;3.300;0.009;480.5;28.9;;;;;;;;;;;;;;;;;;
 ;04:42:49;3.300;0.010;480.5;28.9;;;;;;;;;;;;;;;;;;
 ;04:42:50;3.300;0.010;480.5;28.9;;;;;;;;;;;;;;;;;;
 ;04:42:51;3.300;0.009;480.5;28.9;;;;;;;;;;;;;;;;;;
 ;04:42:52;3.300;0.009;480.5;28.9;;;;;;;;;;;;;;;;;;
 ;04:42:53;3.300;0.009;480.5;28.9;;;;;;;;;;;;;;;;;;
 ;04:42:54;3.300;0.009;480.5;28.9;;;;;;;;;;;;;;;;;;
 ;04:42:55;3.301;0.009;480.5;28.9;;;;;;;;;;;;;;;;;;
 ;04:42:56;3.301;0.009;480.5;28.9;;;;;;;;;;;;;;;;;;
 ;04:42:57;3.301;0.009;480.5;28.9;;;;;;;;;;;;;;;;;;
 ;04:42:58;3.301;0.009;480.5;28.9;;;;;;;;;;;;;;;;;;
 ;04:42:59;3.301;0.009;480.5;28.9;;;;;;;;;;;;;;;;;;
 ;04:43:00;3.301;0.009;480.5;28.9;;;;;;;;;;;;;;;;;;
 ;04:43:01;3.301;0.009;480.5;28.9;;;;;;;;;;;;;;;;;;
 ;04:43:02;3.301;0.009;480.5;28.9;;;;;;;;;;;;;;;;;;
 ;04:43:03;3.301;0.009;480.5;28.9;;;;;;;;;;;;;;;;;;
 ;04:43:04;3.301;0.009;480.5;28.9;;;;;;;;;;;;;;;;;;
 ;04:43:05;3.301;0.009;480.5;28.9;;;;;;;;;;;;;;;;;;
 ;04:43:06;3.301;0.009;480.5;28.9;;;;;;;;;;;;;;;;;;
 ;04:43:07;3.301;0.009;480.5;28.9;;;;;;;;;;;;;;;;;;
 ;04:43:08;3.301;0.009;480.5;28.9;;;;;;;;;;;;;;;;;;
 ;04:43:09;3.301;0.009;480.6;28.9;;;;;;;;;;;;;;;;;;
 ;04:43:10;3.301;0.009;480.6;28.9;;;;;;;;;;;;;;;;;;
 ;04:43:11;3.301;0.009;480.6;28.9;;;;;;;;;;;;;;;;;;
 ;04:43:12;3.301;0.009;480.6;28.9;;;;;;;;;;;;;;;;;;
 ;04:43:13;3.301;0.009;480.6;28.9;;;;;;;;;;;;;;;;;;
 ;04:43:14;3.301;0.009;480.6;28.9;;;;;;;;;;;;;;;;;;
 ;04:43:15;3.301;0.009;480.6;28.9;;;;;;;;;;;;;;;;;;
 ;04:43:16;3.300;0.009;480.6;28.9;;;;;;;;;;;;;;;;;;
 ;04:43:17;3.301;0.009;480.6;28.9;;;;;;;;;;;;;;;;;;
 ;04:43:18;3.301;0.009;480.6;28.9;;;;;;;;;;;;;;;;;;
 ;04:43:19;3.301;0.009;480.6;28.9;;;;;;;;;;;;;;;;;;
 ;04:43:20;3.301;0.009;480.6;28.9;;;;;;;;;;;;;;;;;;
 ;04:43:21;3.301;0.009;480.6;28.9;;;;;;;;;;;;;;;;;;
 ;04:43:22;3.301;0.009;480.6;28.9;;;;;;;;;;;;;;;;;;
 ;04:43:23;3.301;0.009;480.6;28.9;;;;;;;;;;;;;;;;;;
 ;04:43:24;3.301;0.009;480.6;28.9;;;;;;;;;;;;;;;;;;
 ;04:43:25;3.301;0.009;480.6;28.9;;;;;;;;;;;;;;;;;;
 ;04:43:26;3.301;0.009;480.6;28.9;;;;;;;;;;;;;;;;;;
 ;04:43:27;3.301;0.009;480.6;28.9;;;;;;;;;;;;;;;;;;
 ;04:43:28;3.301;0.009;480.6;28.9;;;;;;;;;;;;;;;;;;
 ;04:43:29;3.301;0.009;480.6;28.9;;;;;;;;;;;;;;;;;;
 ;04:43:30;3.301;0.009;480.6;28.9;;;;;;;;;;;;;;;;;;
 ;04:43:31;3.301;0.009;480.6;28.9;;;;;;;;;;;;;;;;;;
 ;04:43:32;3.301;0.009;480.6;28.9;;;;;;;;;;;;;;;;;;
 ;04:43:33;3.301;0.009;480.6;28.9;;;;;;;;;;;;;;;;;;
 ;04:43:34;3.301;0.009;480.6;28.9;;;;;;;;;;;;;;;;;;
 ;04:43:35;3.301;0.009;480.6;28.9;;;;;;;;;;;;;;;;;;
 ;04:43:36;3.301;0.009;480.6;28.9;;;;;;;;;;;;;;;;;;
 ;04:43:37;3.301;0.009;480.6;28.9;;;;;;;;;;;;;;;;;;
 ;04:43:38;3.301;0.009;480.6;28.9;;;;;;;;;;;;;;;;;;
 ;04:43:39;3.301;0.009;480.6;28.9;;;;;;;;;;;;;;;;;;
 ;04:43:40;3.301;0.009;480.6;28.9;;;;;;;;;;;;;;;;;;
 ;04:43:41;3.301;0.009;480.6;28.9;;;;;;;;;;;;;;;;;;
 ;04:43:42;3.301;0.009;480.6;28.9;;;;;;;;;;;;;;;;;;
 ;04:43:43;3.301;0.009;480.6;28.9;;;;;;;;;;;;;;;;;;
 ;04:43:44;3.301;0.009;480.6;28.9;;;;;;;;;;;;;;;;;;
 ;04:43:45;3.301;0.009;480.6;28.9;;;;;;;;;;;;;;;;;;
 ;04:43:46;3.301;0.009;480.6;28.9;;;;;;;;;;;;;;;;;;
 ;04:43:47;3.301;0.009;480.7;28.9;;;;;;;;;;;;;;;;;;
 ;04:43:48;3.301;0.009;480.7;28.9;;;;;;;;;;;;;;;;;;
 ;04:43:49;3.301;0.009;480.7;28.9;;;;;;;;;;;;;;;;;;
 ;04:43:50;3.301;0.009;480.7;28.9;;;;;;;;;;;;;;;;;;
 ;04:43:51;3.301;0.009;480.7;28.9;;;;;;;;;;;;;;;;;;
 ;04:43:52;3.301;0.009;480.7;28.9;;;;;;;;;;;;;;;;;;
 ;04:43:53;3.301;0.009;480.7;28.9;;;;;;;;;;;;;;;;;;
 ;04:43:54;3.301;0.009;480.7;28.9;;;;;;;;;;;;;;;;;;
 ;04:43:55;3.301;0.009;480.7;28.9;;;;;;;;;;;;;;;;;;
 ;04:43:56;3.301;0.009;480.7;28.9;;;;;;;;;;;;;;;;;;
 ;04:43:57;3.301;0.009;480.7;28.9;;;;;;;;;;;;;;;;;;
 ;04:43:58;3.301;0.009;480.7;28.9;;;;;;;;;;;;;;;;;;
 ;04:43:59;3.301;0.009;480.7;28.9;;;;;;;;;;;;;;;;;;
 ;04:44:00;3.301;0.009;480.7;28.9;;;;;;;;;;;;;;;;;;
 ;04:44:01;3.301;0.009;480.7;28.9;;;;;;;;;;;;;;;;;;
 ;04:44:02;3.301;0.009;480.7;28.9;;;;;;;;;;;;;;;;;;
 ;04:44:03;3.301;0.009;480.7;28.9;;;;;;;;;;;;;;;;;;
 ;04:44:04;3.301;0.009;480.7;28.9;;;;;;;;;;;;;;;;;;
 ;04:44:05;3.301;0.009;480.7;28.9;;;;;;;;;;;;;;;;;;
 ;04:44:06;3.301;0.009;480.7;28.9;;;;;;;;;;;;;;;;;;
 ;04:44:07;3.301;0.009;480.7;28.9;;;;;;;;;;;;;;;;;;
 ;04:44:08;3.301;0.009;480.7;28.9;;;;;;;;;;;;;;;;;;
 ;04:44:09;3.301;0.009;480.7;28.9;;;;;;;;;;;;;;;;;;
 ;04:44:10;3.301;0.009;480.7;28.9;;;;;;;;;;;;;;;;;;
 ;04:44:11;3.301;0.009;480.7;28.9;;;;;;;;;;;;;;;;;;
 ;04:44:12;3.301;0.009;480.7;28.9;;;;;;;;;;;;;;;;;;
 ;04:44:13;3.301;0.009;480.7;28.9;;;;;;;;;;;;;;;;;;
 ;04:44:14;3.301;0.009;480.7;28.9;;;;;;;;;;;;;;;;;;
 ;04:44:15;3.301;0.009;480.7;28.9;;;;;;;;;;;;;;;;;;
 ;04:44:16;3.301;0.009;480.7;28.9;;;;;;;;;;;;;;;;;;
 ;04:44:17;3.300;0.009;480.7;28.9;;;;;;;;;;;;;;;;;;
 ;04:44:18;3.300;0.010;480.7;28.9;;;;;;;;;;;;;;;;;;
 ;04:44:19;3.300;0.010;480.7;28.9;;;;;;;;;;;;;;;;;;
 ;04:44:20;3.300;0.010;480.7;28.9;;;;;;;;;;;;;;;;;;
 ;04:44:21;3.300;0.009;480.7;28.9;;;;;;;;;;;;;;;;;;
 ;04:44:22;3.300;0.009;480.7;28.9;;;;;;;;;;;;;;;;;;
 ;04:44:23;3.300;0.009;480.7;28.9;;;;;;;;;;;;;;;;;;
 ;04:44:24;3.300;0.009;480.7;28.9;;;;;;;;;;;;;;;;;;
 ;04:44:25;3.301;0.009;480.8;28.9;;;;;;;;;;;;;;;;;;
 ;04:44:26;3.301;0.009;480.8;28.9;;;;;;;;;;;;;;;;;;
 ;04:44:27;3.301;0.009;480.8;28.9;;;;;;;;;;;;;;;;;;
 ;04:44:28;3.301;0.009;480.8;28.9;;;;;;;;;;;;;;;;;;
 ;04:44:29;3.301;0.009;480.8;28.9;;;;;;;;;;;;;;;;;;
 ;04:44:30;3.301;0.009;480.8;28.9;;;;;;;;;;;;;;;;;;
 ;04:44:31;3.301;0.009;480.8;28.9;;;;;;;;;;;;;;;;;;
 ;04:44:32;3.301;0.009;480.8;28.9;;;;;;;;;;;;;;;;;;
 ;04:44:33;3.301;0.009;480.8;28.9;;;;;;;;;;;;;;;;;;
 ;04:44:34;3.301;0.009;480.8;28.9;;;;;;;;;;;;;;;;;;
 ;04:44:35;3.301;0.009;480.8;28.9;;;;;;;;;;;;;;;;;;
 ;04:44:36;3.301;0.009;480.8;28.9;;;;;;;;;;;;;;;;;;
 ;04:44:37;3.301;0.009;480.8;28.9;;;;;;;;;;;;;;;;;;
 ;04:44:38;3.301;0.009;480.8;28.9;;;;;;;;;;;;;;;;;;
 ;04:44:39;3.301;0.009;480.8;28.9;;;;;;;;;;;;;;;;;;
 ;04:44:40;3.301;0.009;480.8;28.9;;;;;;;;;;;;;;;;;;
 ;04:44:41;3.301;0.009;480.8;28.9;;;;;;;;;;;;;;;;;;
 ;04:44:42;3.301;0.009;480.8;28.9;;;;;;;;;;;;;;;;;;
 ;04:44:43;3.301;0.009;480.8;28.9;;;;;;;;;;;;;;;;;;
 ;04:44:44;3.300;0.009;480.8;28.9;;;;;;;;;;;;;;;;;;
 ;04:44:45;3.301;0.009;480.8;28.9;;;;;;;;;;;;;;;;;;
 ;04:44:46;3.301;0.009;480.8;28.9;;;;;;;;;;;;;;;;;;
 ;04:44:47;3.301;0.009;480.8;28.9;;;;;;;;;;;;;;;;;;
 ;04:44:48;3.301;0.009;480.8;28.9;;;;;;;;;;;;;;;;;;
 ;04:44:49;3.301;0.009;480.8;28.9;;;;;;;;;;;;;;;;;;
 ;04:44:50;3.301;0.009;480.8;28.9;;;;;;;;;;;;;;;;;;
 ;04:44:51;3.300;0.009;480.8;28.9;;;;;;;;;;;;;;;;;;
 ;04:44:52;3.301;0.009;480.8;28.9;;;;;;;;;;;;;;;;;;
 ;04:44:53;3.301;0.009;480.8;28.9;;;;;;;;;;;;;;;;;;
 ;04:44:54;3.301;0.009;480.8;28.9;;;;;;;;;;;;;;;;;;
 ;04:44:55;3.301;0.009;480.8;28.9;;;;;;;;;;;;;;;;;;
 ;04:44:56;3.301;0.009;480.8;28.9;;;;;;;;;;;;;;;;;;
 ;04:44:57;3.301;0.009;480.8;28.9;;;;;;;;;;;;;;;;;;
 ;04:44:58;3.301;0.009;480.8;28.9;;;;;;;;;;;;;;;;;;
 ;04:44:59;3.301;0.009;480.8;28.9;;;;;;;;;;;;;;;;;;
 ;04:45:00;3.301;0.009;480.8;28.9;;;;;;;;;;;;;;;;;;
 ;04:45:01;3.301;0.009;480.8;28.9;;;;;;;;;;;;;;;;;;
 ;04:45:02;3.301;0.009;480.8;28.9;;;;;;;;;;;;;;;;;;
 ;04:45:03;3.300;0.009;480.8;28.9;;;;;;;;;;;;;;;;;;
 ;04:45:04;3.301;0.009;480.9;28.9;;;;;;;;;;;;;;;;;;
 ;04:45:05;3.301;0.009;480.9;28.9;;;;;;;;;;;;;;;;;;
 ;04:45:06;3.301;0.009;480.9;28.9;;;;;;;;;;;;;;;;;;
 ;04:45:07;3.300;0.009;480.9;28.9;;;;;;;;;;;;;;;;;;
 ;04:45:08;3.300;0.009;480.9;28.9;;;;;;;;;;;;;;;;;;
 ;04:45:09;3.301;0.009;480.9;28.9;;;;;;;;;;;;;;;;;;
 ;04:45:10;3.301;0.009;480.9;28.9;;;;;;;;;;;;;;;;;;
 ;04:45:11;3.301;0.009;480.9;28.9;;;;;;;;;;;;;;;;;;
 ;04:45:12;3.301;0.009;480.9;28.9;;;;;;;;;;;;;;;;;;
 ;04:45:13;3.300;0.009;480.9;28.9;;;;;;;;;;;;;;;;;;
 ;04:45:14;3.301;0.009;480.9;28.9;;;;;;;;;;;;;;;;;;
 ;04:45:15;3.301;0.009;480.9;28.9;;;;;;;;;;;;;;;;;;
 ;04:45:16;3.301;0.009;480.9;28.9;;;;;;;;;;;;;;;;;;
 ;04:45:17;3.301;0.009;480.9;28.9;;;;;;;;;;;;;;;;;;
 ;04:45:18;3.301;0.009;480.9;28.9;;;;;;;;;;;;;;;;;;
 ;04:45:19;3.301;0.009;480.9;28.9;;;;;;;;;;;;;;;;;;
 ;04:45:20;3.301;0.009;480.9;28.9;;;;;;;;;;;;;;;;;;
 ;04:45:21;3.301;0.009;480.9;28.9;;;;;;;;;;;;;;;;;;
 ;04:45:22;3.301;0.009;480.9;28.9;;;;;;;;;;;;;;;;;;
 ;04:45:23;3.301;0.009;480.9;28.9;;;;;;;;;;;;;;;;;;
 ;04:45:24;3.301;0.009;480.9;28.9;;;;;;;;;;;;;;;;;;
 ;04:45:25;3.301;0.009;480.9;28.9;;;;;;;;;;;;;;;;;;
 ;04:45:26;3.301;0.009;480.9;28.9;;;;;;;;;;;;;;;;;;
 ;04:45:27;3.301;0.009;480.9;28.9;;;;;;;;;;;;;;;;;;
 ;04:45:28;3.301;0.009;480.9;28.9;;;;;;;;;;;;;;;;;;
 ;04:45:29;3.301;0.009;480.9;28.9;;;;;;;;;;;;;;;;;;
 ;04:45:30;3.301;0.009;480.9;28.9;;;;;;;;;;;;;;;;;;
 ;04:45:31;3.301;0.009;480.9;28.9;;;;;;;;;;;;;;;;;;
 ;04:45:32;3.300;0.009;480.9;28.9;;;;;;;;;;;;;;;;;;
 ;04:45:33;3.301;0.009;480.9;28.9;;;;;;;;;;;;;;;;;;
 ;04:45:34;3.301;0.009;480.9;28.9;;;;;;;;;;;;;;;;;;
 ;04:45:35;3.301;0.009;480.9;28.9;;;;;;;;;;;;;;;;;;
 ;04:45:36;3.301;0.009;480.9;28.9;;;;;;;;;;;;;;;;;;
 ;04:45:37;3.301;0.009;480.9;28.9;;;;;;;;;;;;;;;;;;
 ;04:45:38;3.301;0.009;480.9;28.9;;;;;;;;;;;;;;;;;;
 ;04:45:39;3.301;0.009;480.9;28.9;;;;;;;;;;;;;;;;;;
 ;04:45:40;3.301;0.009;480.9;28.9;;;;;;;;;;;;;;;;;;
 ;04:45:41;3.300;0.009;480.9;28.9;;;;;;;;;;;;;;;;;;
 ;04:45:42;3.301;0.009;480.9;28.9;;;;;;;;;;;;;;;;;;
 ;04:45:43;3.301;0.009;481.0;28.9;;;;;;;;;;;;;;;;;;
 ;04:45:44;3.301;0.009;481.0;28.9;;;;;;;;;;;;;;;;;;
 ;04:45:45;3.300;0.009;481.0;28.9;;;;;;;;;;;;;;;;;;
 ;04:45:46;3.301;0.009;481.0;28.9;;;;;;;;;;;;;;;;;;
 ;04:45:47;3.301;0.009;481.0;28.9;;;;;;;;;;;;;;;;;;
 ;04:45:48;3.301;0.009;481.0;28.9;;;;;;;;;;;;;;;;;;
 ;04:45:49;3.301;0.009;481.0;28.9;;;;;;;;;;;;;;;;;;
 ;04:45:50;3.300;0.009;481.0;28.9;;;;;;;;;;;;;;;;;;
 ;04:45:51;3.301;0.009;481.0;28.9;;;;;;;;;;;;;;;;;;
 ;04:45:52;3.301;0.009;481.0;28.9;;;;;;;;;;;;;;;;;;
 ;04:45:53;3.301;0.009;481.0;28.9;;;;;;;;;;;;;;;;;;
 ;04:45:54;3.300;0.009;481.0;28.9;;;;;;;;;;;;;;;;;;
 ;04:45:55;3.300;0.009;481.0;28.9;;;;;;;;;;;;;;;;;;
 ;04:45:56;3.301;0.009;481.0;28.9;;;;;;;;;;;;;;;;;;
 ;04:45:57;3.301;0.009;481.0;28.9;;;;;;;;;;;;;;;;;;
 ;04:45:58;3.300;0.009;481.0;28.9;;;;;;;;;;;;;;;;;;
 ;04:45:59;3.300;0.009;481.0;28.9;;;;;;;;;;;;;;;;;;
 ;04:46:00;3.301;0.009;481.0;28.9;;;;;;;;;;;;;;;;;;
 ;04:46:01;3.301;0.009;481.0;28.9;;;;;;;;;;;;;;;;;;
 ;04:46:02;3.301;0.009;481.0;28.9;;;;;;;;;;;;;;;;;;
 ;04:46:03;3.300;0.009;481.0;28.9;;;;;;;;;;;;;;;;;;
 ;04:46:04;3.300;0.009;481.0;28.9;;;;;;;;;;;;;;;;;;
 ;04:46:05;3.301;0.009;481.0;28.9;;;;;;;;;;;;;;;;;;
 ;04:46:06;3.301;0.009;481.0;28.9;;;;;;;;;;;;;;;;;;
 ;04:46:07;3.300;0.009;481.0;28.9;;;;;;;;;;;;;;;;;;
 ;04:46:08;3.300;0.009;481.0;28.9;;;;;;;;;;;;;;;;;;
 ;04:46:09;3.301;0.009;481.0;28.9;;;;;;;;;;;;;;;;;;
 ;04:46:10;3.301;0.009;481.0;28.9;;;;;;;;;;;;;;;;;;
 ;04:46:11;3.301;0.009;481.0;28.9;;;;;;;;;;;;;;;;;;
 ;04:46:12;3.300;0.009;481.0;28.9;;;;;;;;;;;;;;;;;;
 ;04:46:13;3.300;0.009;481.0;28.9;;;;;;;;;;;;;;;;;;
 ;04:46:14;3.301;0.009;481.0;28.9;;;;;;;;;;;;;;;;;;
 ;04:46:15;3.301;0.009;481.0;28.9;;;;;;;;;;;;;;;;;;
 ;04:46:16;3.300;0.009;481.0;28.9;;;;;;;;;;;;;;;;;;
 ;04:46:17;3.300;0.009;481.0;28.9;;;;;;;;;;;;;;;;;;
 ;04:46:18;3.301;0.009;481.0;28.9;;;;;;;;;;;;;;;;;;
 ;04:46:19;3.301;0.009;481.0;28.9;;;;;;;;;;;;;;;;;;
 ;04:46:20;3.301;0.009;481.0;28.9;;;;;;;;;;;;;;;;;;
 ;04:46:21;3.300;0.009;481.1;28.9;;;;;;;;;;;;;;;;;;
 ;04:46:22;3.300;0.009;481.1;28.9;;;;;;;;;;;;;;;;;;
 ;04:46:23;3.301;0.009;481.1;28.9;;;;;;;;;;;;;;;;;;
 ;04:46:24;3.301;0.009;481.1;28.9;;;;;;;;;;;;;;;;;;
 ;04:46:25;3.300;0.009;481.1;28.9;;;;;;;;;;;;;;;;;;
 ;04:46:26;3.300;0.009;481.1;28.9;;;;;;;;;;;;;;;;;;
 ;04:46:27;3.301;0.009;481.1;28.9;;;;;;;;;;;;;;;;;;
 ;04:46:28;3.301;0.009;481.1;28.9;;;;;;;;;;;;;;;;;;
 ;04:46:29;3.301;0.009;481.1;28.9;;;;;;;;;;;;;;;;;;
 ;04:46:30;3.300;0.009;481.1;28.9;;;;;;;;;;;;;;;;;;
 ;04:46:31;3.300;0.009;481.1;28.9;;;;;;;;;;;;;;;;;;
 ;04:46:32;3.301;0.009;481.1;28.9;;;;;;;;;;;;;;;;;;
 ;04:46:33;3.301;0.009;481.1;28.9;;;;;;;;;;;;;;;;;;
 ;04:46:34;3.300;0.009;481.1;28.9;;;;;;;;;;;;;;;;;;
 ;04:46:35;3.300;0.009;481.1;28.9;;;;;;;;;;;;;;;;;;
 ;04:46:36;3.301;0.009;481.1;28.9;;;;;;;;;;;;;;;;;;
 ;04:46:37;3.301;0.009;481.1;28.9;;;;;;;;;;;;;;;;;;
 ;04:46:38;3.300;0.009;481.1;28.9;;;;;;;;;;;;;;;;;;
 ;04:46:39;3.300;0.009;481.1;28.9;;;;;;;;;;;;;;;;;;
 ;04:46:40;3.301;0.009;481.1;28.9;;;;;;;;;;;;;;;;;;
 ;04:46:41;3.301;0.009;481.1;28.9;;;;;;;;;;;;;;;;;;
 ;04:46:42;3.300;0.009;481.1;28.9;;;;;;;;;;;;;;;;;;
 ;04:46:43;3.300;0.009;481.1;28.9;;;;;;;;;;;;;;;;;;
 ;04:46:44;3.301;0.008;481.1;28.9;;;;;;;;;;;;;;;;;;
 ;04:46:45;3.301;0.009;481.1;28.9;;;;;;;;;;;;;;;;;;
 ;04:46:46;3.301;0.009;481.1;28.9;;;;;;;;;;;;;;;;;;
 ;04:46:47;3.300;0.009;481.1;28.9;;;;;;;;;;;;;;;;;;
 ;04:46:48;3.300;0.009;481.1;28.9;;;;;;;;;;;;;;;;;;
 ;04:46:49;3.301;0.009;481.1;28.9;;;;;;;;;;;;;;;;;;
 ;04:46:50;3.301;0.009;481.1;28.9;;;;;;;;;;;;;;;;;;
 ;04:46:51;3.301;0.009;481.1;28.9;;;;;;;;;;;;;;;;;;
 ;04:46:52;3.301;0.009;481.1;28.9;;;;;;;;;;;;;;;;;;
 ;04:46:53;3.301;0.009;481.1;28.9;;;;;;;;;;;;;;;;;;
 ;04:46:54;3.300;0.009;481.1;28.9;;;;;;;;;;;;;;;;;;
 ;04:46:55;3.300;0.009;481.1;28.9;;;;;;;;;;;;;;;;;;
 ;04:46:56;3.301;0.009;481.1;28.9;;;;;;;;;;;;;;;;;;

